mode,environment,dogs,gen,dog-avg,dog-max,dog-min,dog-std,fit-avg,fit-max,fit-min,fit-std,pen-avg,pen-max,pen-min,pen-std,shp-avg,shp-max,shp-min,shp-std,cap-avg,cap-max,cap-min,cap-std,mrph-avg,mrph-max,mrph-min,mrph-std
fixed,field,15dogs,1,0.6478972333757628,0.8530601726598416,0.22944649412148505,0.12154282603450717,0.028188888888888847,0.1333333333333333,0.0,0.029037471320540624,0.49906103870065194,0.8646413591711773,0.07750057298518817,0.1723739905509229,0.34527096957701836,0.4540070791214109,0.2570028329733782,0.03994665159527522,,,,,,,,
fixed,field,15dogs,2,0.6376221138494796,0.8464281619475894,0.21123538514581516,0.1303040902079121,0.03171111111111105,0.15666666666666662,0.0,0.031948972605742545,0.4652631567835643,0.8654222811345423,0.0631328994308171,0.17058307765108488,0.34589609737254234,0.45476758327567623,0.26610021319610366,0.038696260221353265,,,,,,,,
fixed,field,15dogs,3,0.6207976003241016,0.8395443221911748,0.2033132598014023,0.13953079663629436,0.033555555555555505,0.14444444444444443,0.0,0.032385957488156945,0.43516851673607376,0.8315741745577204,0.06123162301391496,0.17289977699132045,0.3469707488304162,0.4598272888824947,0.2610405863332598,0.04080352494484353,,,,,,,,
fixed,field,15dogs,4,0.6118051741197699,0.836502060054463,0.19638419223450135,0.1390766329509417,0.036588888888888844,0.1555555555555555,0.0,0.034338201839769614,0.42308438925999586,0.8257238429007545,0.0642453287728957,0.1754051407166583,0.34641759000606853,0.4513282778942319,0.2548005615201766,0.04012646921893287,,,,,,,,
fixed,field,15dogs,5,0.6099645123112291,0.8408141893497714,0.20890233907606187,0.1396881009713082,0.0372555555555555,0.16333333333333327,0.0,0.03441164137094179,0.4159808342991379,0.8193227695928886,0.06128641385724039,0.1766929046351315,0.3482197013946343,0.4491031882703225,0.2528861876975455,0.04013010749236563,,,,,,,,
fixed,field,15dogs,6,0.5973278945957616,0.8384973673563589,0.20829030097483173,0.1460365040520912,0.040499999999999946,0.17111111111111107,0.0,0.03645291288503217,0.4016963364549431,0.8330439846019193,0.06000459670468061,0.17909300272888623,0.34887320880713424,0.4559099679777267,0.24983027629898755,0.04268914641115594,,,,,,,,
fixed,field,15dogs,7,0.6017575686238323,0.8422161098463727,0.2072206201802343,0.14556068483260504,0.0407444444444444,0.18555555555555553,0.0,0.03856301346764409,0.3993284835089291,0.8153643451701142,0.06218307928355423,0.17405520198117252,0.34698449912417706,0.4537987830364342,0.24735413463542458,0.04074691795698492,,,,,,,,
fixed,field,15dogs,8,0.6046718859998773,0.8357160176351786,0.20713326403381654,0.14132994430369075,0.043311111111111064,0.17555555555555552,0.0,0.0385380735914954,0.3990315269816567,0.8221689047758224,0.05862187848520136,0.17332901490986238,0.3456516406698031,0.4429008039734141,0.24767212457040677,0.040063513804680824,,,,,,,,
fixed,field,15dogs,9,0.5994641073711462,0.8344223413639235,0.20748264032209301,0.14149987991912802,0.04597777777777773,0.18555555555555553,0.0,0.04088124544822297,0.39091784455990586,0.8194258559708729,0.06734305905102247,0.17424593764874166,0.34635125262750616,0.45072534559956673,0.2448375977241787,0.04124311734318646,,,,,,,,
fixed,field,15dogs,10,0.6045491463340374,0.8351970462016467,0.22639252867184192,0.1356952177226045,0.04911111111111106,0.20777777777777776,0.0,0.04320619236853716,0.3898523751748345,0.8052500728477966,0.07110576954719247,0.17153135356384847,0.3436907904267794,0.4469200439320954,0.24108181678164833,0.04174855786313045,,,,,,,,
fixed,field,15dogs,11,0.6034898499059006,0.8365631078456415,0.2346766797504,0.1356192333662984,0.05157777777777772,0.21444444444444444,0.0,0.045767777067826254,0.38542743569580984,0.8285840706993227,0.06389639598220671,0.170954331540678,0.3421976706559815,0.44723781981047156,0.23499189435309614,0.042721087125696715,,,,,,,,
fixed,field,15dogs,12,0.6035678729672536,0.8389367223278313,0.24843788108233494,0.1295270143843275,0.05692222222222217,0.24888888888888885,0.0,0.05121409480006128,0.3859611373198084,0.8110568129181448,0.07525736304859657,0.16745795032065716,0.3390870953564593,0.44696269556865753,0.2309629901223073,0.04302566302265819,,,,,,,,
fixed,field,15dogs,13,0.5998860854815277,0.824447411094621,0.23836723224342346,0.1292803258603212,0.06338888888888884,0.27888888888888885,0.0,0.056289031843536376,0.3783127938606948,0.7989345635930214,0.07168676239526513,0.16743446064337447,0.3372925893906509,0.44156351104376146,0.224502252751486,0.044338483852663764,,,,,,,,
fixed,field,15dogs,14,0.584332775816067,0.8139265042577332,0.22997334066190564,0.13009279073169683,0.07304444444444438,0.2866666666666666,0.0,0.05987485455585967,0.35736447777658603,0.7916695371232211,0.06312433374880388,0.16302670709657818,0.3365570914437487,0.44605256123992243,0.23514633895572504,0.044578324148781795,,,,,,,,
fixed,field,15dogs,15,0.5933945402469314,0.8225573874087825,0.25704603304807944,0.12608041625723526,0.08274444444444441,0.30333333333333334,0.0,0.06579970825068727,0.3613037311085542,0.7907694173052275,0.07407974354811404,0.16053512224887495,0.3321598254454724,0.4408397669265172,0.23607165066695282,0.042884192186030026,,,,,,,,
fixed,field,15dogs,16,0.5929265576841891,0.8096568032086683,0.2701507234846731,0.11751556329045357,0.09302222222222217,0.31111111111111106,0.0,0.07063176291370439,0.3632621155647923,0.799985623702288,0.08700232222227623,0.15925956731703983,0.3275974644362839,0.4430560912179066,0.2279095900558698,0.04335221336843767,,,,,,,,
fixed,field,15dogs,17,0.5933557313156836,0.8117170952663585,0.28187162642790153,0.11222873318281759,0.10621111111111103,0.3433333333333333,0.0,0.07467481730669802,0.35580608218410126,0.7888079449669554,0.0912812963959724,0.150727595791689,0.32590177295347617,0.4464866398202978,0.22618964595849805,0.04386273605929143,,,,,,,,
fixed,field,15dogs,18,0.5930531195590227,0.8077070193070901,0.285795388848646,0.10980764386479061,0.12062222222222216,0.3355555555555555,0.00111111111111111,0.07657153010526972,0.3501330497058232,0.7808484900867322,0.08797905329743046,0.14584029259599968,0.32014260946338563,0.43494873046593874,0.22184859504534266,0.0427100770161104,,,,,,,,
fixed,field,15dogs,19,0.5977617250254846,0.8060939038320626,0.271404619813164,0.10610459741055538,0.1338555555555555,0.36777777777777776,0.00222222222222222,0.08104074679314413,0.3491306085384642,0.7518890382277159,0.10042782665095351,0.13697040353230255,0.3164144527195427,0.4269051527361375,0.2210819871836601,0.04156427424740566,,,,,,,,
fixed,field,15dogs,20,0.6084458722714707,0.8036474405227374,0.2925468250106301,0.10185111841939035,0.1493333333333333,0.3877777777777777,0.00222222222222222,0.0849878591235303,0.35014405231762047,0.7364572259367876,0.09819884453497571,0.1291893685880653,0.3100516305529709,0.4281694907283452,0.22242332476669416,0.040819527929142355,,,,,,,,
fixed,field,15dogs,21,0.6145472624417003,0.7974982698169796,0.3323837982010446,0.0932198291291598,0.1583777777777777,0.3988888888888889,0.00111111111111111,0.08973281845218209,0.3570408982807932,0.7612284360579578,0.11016299956375641,0.12497179517495235,0.3055437375664651,0.42198247904429503,0.2169511257687792,0.03914428252135403,,,,,,,,
fixed,field,15dogs,22,0.6188483354349407,0.7960875795701992,0.35286588637280814,0.0895789382154396,0.1719555555555555,0.4144444444444444,0.00222222222222222,0.08961378813360987,0.359398431540758,0.717253831826459,0.11518616410701943,0.12295804778681205,0.302346596560095,0.41206399191425397,0.22198108033478675,0.038284080632753396,,,,,,,,
fixed,field,15dogs,23,0.6212141790058708,0.7911294869680294,0.34993478364947433,0.08527766391973711,0.18394444444444438,0.4322222222222222,0.00111111111111111,0.09288292925452614,0.35444140594005946,0.7392937044667337,0.11522713371825608,0.11649960495340564,0.2991962940133202,0.4198219823823271,0.21812044235551215,0.0378620896497146,,,,,,,,
fixed,field,15dogs,24,0.6248240962411048,0.7893844509977186,0.3374087914045769,0.08279889192781201,0.19602222222222218,0.4322222222222222,0.00222222222222222,0.09406502841480807,0.35403050146456644,0.7239522917194929,0.12231623445271542,0.1090211737214057,0.29726238648186903,0.409375236902313,0.21836509799093579,0.03656777488446022,,,,,,,,
fixed,field,15dogs,25,0.6284041643975635,0.8000397936267231,0.35049225039622717,0.07823334792687098,0.2037222222222222,0.4622222222222222,0.00111111111111111,0.09764242971226164,0.35332895301146416,0.6919130837864751,0.1116902123581491,0.10528778653552136,0.29559579030819966,0.4109028430056621,0.2178420723106675,0.03593158525749908,,,,,,,,
fixed,field,15dogs,26,0.6245120595496656,0.7933419930773176,0.32926302711988364,0.07900073128526774,0.2124777777777777,0.45444444444444443,0.00111111111111111,0.096497683153646,0.34909168714482486,0.70185400292283,0.11175050006489062,0.10097276196453268,0.29447404716137354,0.41495820589594234,0.21802822765273883,0.03515812253864635,,,,,,,,
fixed,field,15dogs,27,0.6244189930213095,0.7785551559213387,0.3519963343383254,0.07375145181626913,0.2251666666666666,0.47111111111111115,0.0033333333333333296,0.10006759408153938,0.3423958662806935,0.6976345447400362,0.12027063838505785,0.09374482628008055,0.2933280217832664,0.4077355094944214,0.2238508294142784,0.03451974828539364,,,,,,,,
fixed,field,15dogs,28,0.625394646124918,0.7846933615610234,0.37859727675919136,0.07239017965336664,0.23411111111111108,0.4955555555555556,0.00555555555555555,0.10527222576409341,0.34327777369013185,0.7054807950495172,0.1288901684816101,0.09600747457142106,0.29277959567929235,0.4019303033725696,0.22649149659130713,0.03267892948816615,,,,,,,,
fixed,field,15dogs,29,0.6249964230786778,0.7840811537224674,0.38626507982713,0.06972788400168431,0.24466666666666664,0.5155555555555555,0.0033333333333333296,0.10685717083497907,0.3397175234925112,0.6565372513889931,0.1439158322715603,0.08759471045670851,0.2916911323389918,0.3957040310523868,0.21820405171156287,0.0323574833066708,,,,,,,,
fixed,field,15dogs,30,0.6261925669227162,0.779537698171614,0.3957004550338163,0.06776763568952263,0.25668888888888886,0.5088888888888888,0.00444444444444444,0.10700596750524512,0.3416186036510793,0.708329508292459,0.14632630150684667,0.08883293989285579,0.29015621322083296,0.39676714419282005,0.22426821570243222,0.03177551638658342,,,,,,,,
fixed,field,15dogs,31,0.6230528621463457,0.7736013329609088,0.37970646992984325,0.06894170977291893,0.2623,0.5244444444444445,0.0033333333333333296,0.11000520779012271,0.3359712109168006,0.6732748541731145,0.14335212488037768,0.084280628513162,0.2906276807703715,0.4085488492532515,0.22352693200341323,0.03379614380345845,,,,,,,,
fixed,field,15dogs,32,0.6240386333274822,0.771642030418626,0.34238116328864315,0.06713409183857895,0.26659999999999995,0.5255555555555556,0.0033333333333333296,0.10873679865780157,0.339146460341681,0.6925159474249659,0.1357500366286295,0.08380918025327519,0.2904853509139332,0.41128577052752135,0.22403819993174,0.033936116249611605,,,,,,,,
fixed,field,15dogs,33,0.6257667691879627,0.7949293825680261,0.387498989680693,0.06880003498128043,0.26547777777777776,0.5122222222222221,0.00444444444444444,0.11146331841075027,0.3409184606444814,0.7334100866508539,0.11687507962994896,0.09468167330582553,0.29136609286887233,0.40020676504790503,0.2234094445323605,0.03364219867542094,,,,,,,,
fixed,field,15dogs,34,0.6245495197478086,0.7812068861283407,0.3883965674689899,0.06763948471076792,0.27651111111111104,0.5399999999999999,0.00555555555555555,0.11617487643436171,0.3416515250613274,0.6821487892041385,0.1401645205315413,0.08501134555641536,0.2902407699191017,0.3927082195203456,0.22489699445266703,0.031866175031303075,,,,,,,,
fixed,field,15dogs,35,0.6271401657840111,0.7908594887390734,0.3885606705807686,0.0672231772050956,0.28097777777777777,0.5311111111111111,0.0033333333333333296,0.1148673294676286,0.34201675249829644,0.7037949841068092,0.13638752824980907,0.08715405927251166,0.2899918481444196,0.4059294800321448,0.2236185716643873,0.03281925552962177,,,,,,,,
fixed,field,15dogs,36,0.6278291847409848,0.7887200016118138,0.385101392928713,0.06412868926930027,0.28968888888888883,0.5544444444444444,0.00555555555555555,0.11765334613609643,0.34503580540734324,0.69312805323806,0.14154249458963733,0.08671980245772629,0.28746465157537465,0.3974318836448636,0.2230806957863581,0.031242751961971772,,,,,,,,
fixed,field,15dogs,37,0.628477519156043,0.7730035449792778,0.3832263343956863,0.06452258379070178,0.29164444444444443,0.5844444444444444,0.00555555555555555,0.11705173519812444,0.34582738681905767,0.6932820559771027,0.14483270986744834,0.0876953239617868,0.2889787709551431,0.39605161955063645,0.21836616212143273,0.03315563633673821,,,,,,,,
fixed,field,15dogs,38,0.6251472502233673,0.776635562088839,0.37527525482818447,0.0664164943098509,0.3005333333333333,0.5788888888888889,0.006666666666666659,0.12084992609286357,0.3383329914059633,0.6850494997149643,0.1378465292844619,0.08615069285799065,0.28760756409684746,0.4045863750722817,0.21924695989868628,0.033013524595622915,,,,,,,,
fixed,field,15dogs,39,0.6243131408628926,0.7860670062903719,0.3527679356222792,0.06800944815845847,0.3105444444444444,0.5633333333333332,0.00555555555555555,0.1176224769213233,0.3359762710378558,0.6975965457752159,0.13875631988896409,0.08583255759505032,0.2879006702008158,0.4017851663768145,0.21946603728029074,0.03250405936563897,,,,,,,,
fixed,field,15dogs,40,0.6255412976383409,0.7772490153708584,0.3750413346767664,0.06854532352307587,0.3131555555555555,0.5722222222222222,0.00555555555555555,0.12065317359182523,0.33665392253786397,0.6745733750187952,0.12506166939382393,0.08702752165988682,0.28833119641709365,0.3996920292986362,0.21695108078589104,0.03399307377183901,,,,,,,,
fixed,field,15dogs,41,0.6253209792117793,0.7791542833117593,0.3888268191154501,0.06797071447173887,0.31645555555555555,0.5666666666666667,0.00555555555555555,0.1217745184474546,0.3341275730483892,0.6755326937845648,0.1435504470285508,0.08668080141004812,0.287604611890688,0.4010399092344147,0.2192679311391578,0.03341551017107782,,,,,,,,
fixed,field,15dogs,42,0.6215823639369371,0.7834649231765398,0.4067189437482545,0.06595812622077656,0.32304444444444436,0.5911111111111111,0.006666666666666659,0.12688481613377972,0.3287680882331296,0.6879756212450457,0.12790784042784342,0.085780036857353,0.2878594620429455,0.3925243799981442,0.220940196256545,0.032068646009994414,,,,,,,,
fixed,field,15dogs,43,0.6204163926857208,0.7782749449475365,0.38397181915057,0.06683522900779468,0.3311777777777777,0.5888888888888888,0.00222222222222222,0.12634684463024523,0.32943578564883197,0.6848184363907879,0.1509849787916586,0.08484171975850462,0.28912369300169133,0.40018195339099377,0.21982838611527522,0.03246507903833411,,,,,,,,
fixed,field,15dogs,44,0.6209760330806124,0.766709964786968,0.3861849786325871,0.065628176344546,0.33433333333333326,0.5922222222222222,0.01555555555555554,0.12153437354951868,0.32595193660724,0.6824213600068169,0.13632243417425455,0.08189313390209912,0.28697033788489734,0.39824967889311674,0.21547746870289455,0.03326091632772673,,,,,,,,
fixed,field,15dogs,45,0.6203935398178659,0.7643511940676564,0.36901762239596575,0.06429011647399986,0.3381555555555555,0.6066666666666667,0.00555555555555555,0.1245682226773479,0.3241106977386351,0.6621042985378196,0.1312537698394946,0.0784974842750354,0.28664465795184685,0.39524089020151365,0.22076687938440584,0.03294439618289427,,,,,,,,
fixed,field,15dogs,46,0.621706833716024,0.779156258578887,0.38529262038285994,0.06395383258156914,0.34296666666666664,0.5855555555555555,0.00999999999999999,0.12187882354522957,0.3253836138225937,0.6664602650914871,0.14004076219582268,0.07793727152428985,0.2866689238166715,0.4006276814125222,0.21543048682901872,0.033031643250316364,,,,,,,,
fixed,field,15dogs,47,0.6248261116875429,0.778549823921743,0.39181498575236096,0.06546619250130332,0.34509999999999996,0.6,0.006666666666666659,0.12499033864178863,0.3266438231972167,0.6555448430264053,0.14148576470061175,0.0784997926005582,0.2869897049033626,0.3988255637360246,0.21907913120080721,0.03259203763524699,,,,,,,,
fixed,field,15dogs,48,0.6254276232013397,0.7734069910728705,0.40914784222585643,0.06246817338258613,0.3523777777777778,0.6233333333333333,0.00555555555555555,0.1241413374733826,0.3250054650291683,0.6660682271403697,0.15782007560412742,0.07799072474799669,0.2864353216040259,0.3912966584615504,0.22372564825838775,0.031302541384466726,,,,,,,,
fixed,field,15dogs,49,0.6247440577482244,0.7730466887281269,0.37301643895037784,0.065467723305484,0.34962222222222217,0.6088888888888888,0.00222222222222222,0.12364577492823059,0.32728551286568736,0.709797487941708,0.1431705196087855,0.08576929780827616,0.28494524990752995,0.393333476092121,0.21812139764539923,0.032547280687158814,,,,,,,,
fixed,field,15dogs,50,0.6282224353472895,0.7858867883689605,0.4233084668819809,0.06241520557961856,0.35505555555555557,0.6033333333333333,0.006666666666666659,0.12259692985880163,0.33145868646262766,0.6914954719975598,0.16833400458497277,0.08169100703874854,0.2834297366952024,0.3941264190729702,0.21156540516950556,0.03218917712798861,,,,,,,,
fixed,field,15dogs,51,0.628191930558722,0.7821728654372639,0.3824361845738573,0.0658530952491159,0.35184444444444446,0.6055555555555555,0.00444444444444444,0.1277914791573465,0.3303572289610198,0.6776473711436637,0.13447728627336766,0.09014986202598355,0.2854631324505543,0.3984860309241057,0.2136225395075065,0.03405410829565996,,,,,,,,
fixed,field,15dogs,52,0.6255335403070098,0.7750595333843416,0.36574345505479544,0.06662306410541653,0.35787777777777774,0.6344444444444444,0.009999999999999995,0.12950239182303877,0.32525797675922996,0.6644063122804595,0.12189211683992687,0.08331582013998576,0.28510893112768176,0.3991332884701436,0.21645151284479475,0.033570524067451334,,,,,,,,
fixed,field,15dogs,53,0.6233674347622892,0.7740893735199584,0.37249166322642246,0.06537355933295408,0.3636777777777777,0.6122222222222222,0.0111111111111111,0.1277265521262215,0.3215111822899094,0.6538687244958308,0.13655427942300652,0.08222823826225814,0.2854340518848808,0.3913583531400296,0.2139122117562809,0.031529227403833994,,,,,,,,
fixed,field,15dogs,54,0.6254602293944569,0.7752641050087207,0.3827068411984512,0.06734661144087126,0.3633222222222222,0.63,0.00777777777777777,0.1288423732634159,0.32038771169180685,0.6722560317788732,0.1442541325443295,0.083512959362836,0.2843662541641442,0.40618181072487536,0.2157711848840206,0.033054940357128595,,,,,,,,
fixed,field,15dogs,55,0.6259316483353581,0.7678417091235392,0.3576628180439385,0.06523741965823207,0.36841111111111113,0.6188888888888888,0.00444444444444444,0.13348130907311878,0.31424780943954767,0.6449058921178853,0.11439572903523629,0.0808683345392985,0.28505648203935785,0.393424786914886,0.2197217047382313,0.03234006916519582,,,,,,,,
fixed,field,15dogs,56,0.6254070769607469,0.7784492517918703,0.3683940324924161,0.06628568833290002,0.36974444444444443,0.6177777777777778,0.00444444444444444,0.13060439530802345,0.3178878143851193,0.7027589829931522,0.1291103076596213,0.08627521690491222,0.2851956399871905,0.3983713711986481,0.21936253177157844,0.0333197955997946,,,,,,,,
fixed,field,15dogs,57,0.6287879460097039,0.7860425139735916,0.3953264667441502,0.06502318657285294,0.3739444444444444,0.63,0.00888888888888888,0.12923288449624032,0.31727238231214205,0.6943603893461393,0.12774890945883632,0.08522518312051684,0.2847774092430012,0.39489883081113253,0.21798087431209417,0.0324602871149768,,,,,,,,
fixed,field,15dogs,58,0.6281526848138503,0.7704096646018952,0.3912912221635655,0.0642101757056076,0.3706777777777778,0.6266666666666667,0.014444444444444435,0.12617561613961606,0.3159578307746027,0.6459987147686217,0.13175770781266125,0.08080192638637454,0.2846709831957147,0.39686738407842775,0.21537064084362995,0.03250932806029409,,,,,,,,
fixed,field,15dogs,59,0.6295492282898874,0.7686548325293886,0.35085812168848984,0.06608274905286989,0.3717111111111111,0.62,0.00555555555555555,0.1304740059782133,0.31672849767783634,0.6617222790039087,0.1119239513239719,0.08188898118365119,0.28431876318644256,0.4077736893745444,0.21007336655467487,0.03321391626778061,,,,,,,,
fixed,field,15dogs,60,0.6296488927784742,0.7826866438200718,0.38625241981808817,0.06657300632298126,0.37737777777777776,0.6444444444444445,0.00444444444444444,0.13453598968065053,0.317346057739228,0.6856196201687567,0.12541458589528892,0.08491331995653997,0.2840994298873267,0.3923142290737094,0.21775607265546051,0.033511739705864255,,,,,,,,
fixed,field,15dogs,61,0.6330473635593921,0.7774225823748206,0.40105304826830634,0.06054402805272409,0.3775222222222222,0.6444444444444445,0.012222222222222209,0.1312402924346857,0.3167636875835648,0.6904055061522052,0.13483496522407315,0.08066493028401114,0.2827711687900733,0.3874502580618597,0.21354459862398506,0.03232831728161651,,,,,,,,
fixed,field,15dogs,62,0.6331950298403942,0.7837404744021345,0.39763120433506544,0.06478001745299414,0.3823333333333333,0.64,0.015555555555555545,0.13271895236068126,0.3183570475304807,0.671816223031034,0.1375640335242529,0.07993354818749406,0.28352788853542477,0.39256743965071783,0.2148116748390223,0.03240263668350374,,,,,,,,
fixed,field,15dogs,63,0.6327743869953313,0.7730525814861787,0.41738534743246236,0.061035625810997765,0.38355555555555554,0.6488888888888888,0.00888888888888888,0.1368928849354419,0.3193349801316866,0.6947544474665208,0.1408043884187504,0.0813137061056169,0.2834796267344869,0.39913439090417757,0.21297554913043126,0.033106414184122905,,,,,,,,
fixed,field,15dogs,64,0.6352917616096148,0.7729578608227621,0.4043168483795781,0.06123409453206894,0.3879666666666666,0.6244444444444445,0.006666666666666659,0.12849261194041714,0.31928354484593313,0.6841713236934082,0.1477309120999959,0.08018723472840592,0.28156751651495177,0.3884980094606068,0.2033404660828131,0.032579012394735304,,,,,,,,
fixed,field,15dogs,65,0.6363471246232333,0.77834824864207,0.3805956949096569,0.06305362609057784,0.3915111111111111,0.6622222222222222,0.00888888888888888,0.1358795090897167,0.3194413432726526,0.6813435433968023,0.12652281237494165,0.08290219508807235,0.28235776630916504,0.38966539880298273,0.21470949471052397,0.032065978981962236,,,,,,,,
fixed,field,15dogs,66,0.6368494448654615,0.7790393898733239,0.3608900151276089,0.06397536188878172,0.39418888888888887,0.6488888888888888,0.013333333333333326,0.13071768386719124,0.31714873159961665,0.6829884317619181,0.12793252952065085,0.07766812262612553,0.28155687198396445,0.39041701059295,0.21437655006605055,0.03206810170837214,,,,,,,,
fixed,field,15dogs,67,0.6389981427400986,0.7839547309236654,0.40753491414052234,0.06008637120446991,0.39198888888888883,0.658888888888889,0.00888888888888888,0.13529498243980118,0.32253954065229745,0.664948080873095,0.1336629806628975,0.07898037747874771,0.2811227871661926,0.3977306484549383,0.21477924826301048,0.03229770961404686,,,,,,,,
fixed,field,15dogs,68,0.6387105682740919,0.7669443306352504,0.41701213034981566,0.05754371087138157,0.3980555555555555,0.65,0.01555555555555554,0.13182397129158757,0.31929287421257496,0.6636008582602269,0.1358377325951758,0.07781342431971443,0.28076877202480083,0.39160218355430587,0.21501743804788429,0.03168188924379056,,,,,,,,
fixed,field,15dogs,69,0.6400932577373443,0.7785115577576995,0.3932402503770521,0.06034938939227985,0.40794444444444444,0.6711111111111111,0.006666666666666659,0.12943017167179355,0.31824271170369006,0.6427116256761668,0.13751007513272406,0.07272649141135411,0.28040350114259427,0.38709787869429346,0.2153870419741995,0.030791706627166727,,,,,,,,
fixed,field,15dogs,70,0.6386985853141351,0.7759829640573103,0.4046088828353794,0.06153233053578586,0.4012444444444444,0.6777777777777778,0.012222222222222214,0.13754909469541715,0.3152286018112225,0.6768579470540507,0.1304587434773068,0.07774626024918183,0.28416006183418874,0.39710398767017197,0.21650472941628168,0.032809464379481665,,,,,,,,
fixed,field,15dogs,71,0.6392070135395536,0.7761870429046127,0.381569552175394,0.06387913234755944,0.40411111111111103,0.6555555555555556,0.00888888888888888,0.13634875398109506,0.3180475453326529,0.6776913461238723,0.13246705024443337,0.08213604268155791,0.2818294654980421,0.3976074319710118,0.21028767797767514,0.03406266384156853,,,,,,,,
fixed,field,15dogs,72,0.6464615010709465,0.7719756444784907,0.4158616376933768,0.05690726127982097,0.4126444444444444,0.6633333333333333,0.017777777777777764,0.1297309572255688,0.3211999469389194,0.6829437762344781,0.14650538796725252,0.07841358463499704,0.28005045633891157,0.38392302816600304,0.21367974338262355,0.03108186466129419,,,,,,,,
fixed,field,15dogs,73,0.6471456650472389,0.7743961287909059,0.368282444061674,0.06173712030642729,0.4009666666666666,0.6655555555555556,0.00444444444444444,0.13846222226119598,0.32203087219672255,0.6926604019409223,0.12548387136365005,0.08146502495233329,0.28195880584480015,0.39601326733638387,0.21245699029967455,0.03245733144885045,,,,,,,,
fixed,field,15dogs,74,0.6502967012286347,0.7768833835553977,0.42142728418693326,0.05614477534263471,0.4117,0.6766666666666666,0.00555555555555555,0.13746509317860778,0.32102620945061866,0.6746320958006696,0.14248003601428866,0.07575672544874991,0.2793961541431588,0.394137909784925,0.2156018551203037,0.03191678914182152,,,,,,,,
fixed,field,15dogs,75,0.6520775124498288,0.7750462248318316,0.38700803847981013,0.06091598490014334,0.41231111111111113,0.6733333333333333,0.012222222222222214,0.13766471985484924,0.3235755142278152,0.6868754265828872,0.1169411265446498,0.07996846092542217,0.28004501020313666,0.39072262067853375,0.21340121286247477,0.032831725085958836,,,,,,,,
fixed,field,15dogs,76,0.6522309551020395,0.778094035064681,0.38816944092629124,0.06335095721705744,0.41213333333333335,0.6766666666666666,0.01666666666666666,0.14075590172019928,0.32513173583888727,0.7181066138520519,0.12408613923804043,0.08655782026925161,0.27986780567481484,0.390872885759887,0.21281853745299167,0.03291669957693262,,,,,,,,
fixed,field,15dogs,77,0.6510115306767373,0.7726881013304101,0.4323819071057254,0.0583097296418935,0.4167666666666666,0.6733333333333333,0.00888888888888888,0.13749912235532852,0.32372426360655937,0.6724428307792292,0.14183222727770786,0.08069988370948729,0.27940420918705977,0.3880457702796657,0.21108893313314742,0.032236097495266895,,,,,,,,
fixed,field,15dogs,78,0.6529452670457163,0.781350299412112,0.41512026243122646,0.05890139565286136,0.4155555555555555,0.6788888888888889,0.01666666666666666,0.13237808920506805,0.32240664842784245,0.6711918318511875,0.127996354551676,0.08087358929035829,0.27951345379118087,0.39934650703386565,0.21053085238991595,0.03212527222352951,,,,,,,,
fixed,field,15dogs,79,0.6484489784259224,0.7635005682893249,0.4134625342897104,0.05732584270455686,0.41839999999999994,0.6755555555555556,0.00888888888888888,0.13770338905708424,0.3204855582838468,0.6769315141445358,0.12936938528419528,0.0775293201889812,0.27980362330008784,0.38125051247702396,0.21226550234886168,0.031735327724841104,,,,,,,,
fixed,field,15dogs,80,0.6500108029271017,0.7747525189929727,0.43557241248484263,0.0573956500636361,0.42105555555555557,0.6822222222222222,0.006666666666666659,0.13701300450934933,0.32000510015798317,0.6924983120827946,0.14836491736370785,0.07805899589993147,0.28150738751789445,0.39013512074313444,0.21457359708930018,0.03108494616807352,,,,,,,,
fixed,field,15dogs,81,0.6483037422346776,0.7668434294670414,0.39191431299684687,0.05891747947296806,0.42479999999999996,0.6955555555555556,0.017777777777777764,0.13424279899134547,0.31908483962105877,0.6634028131289056,0.13561144631331562,0.07529269422427913,0.28108753192628155,0.3912122316618748,0.21248474774895937,0.03222395763655582,,,,,,,,
fixed,field,15dogs,82,0.6505979499196666,0.7805699642156194,0.42648897419970816,0.05604511936757854,0.42382222222222216,0.6766666666666666,0.00999999999999999,0.13644310861991138,0.32180965857073224,0.6747879032235012,0.13459956024191963,0.07639474861262162,0.27964559151105284,0.39041286994318897,0.2129758811656563,0.03143335255338425,,,,,,,,
fixed,field,15dogs,83,0.6471805310061923,0.7733032718009866,0.3966377834904215,0.05809169340374702,0.4249111111111111,0.6766666666666666,0.0111111111111111,0.13552862045237468,0.31890115787460516,0.6612519516338909,0.13812222384666092,0.07516990898160933,0.28106766812077694,0.39739400910748124,0.21205345002500292,0.03247983928213614,,,,,,,,
fixed,field,15dogs,84,0.6498050163580077,0.7786255794433564,0.42325203382864657,0.05687086812104273,0.4264555555555555,0.6966666666666667,0.01666666666666666,0.1363760949247291,0.32042422041928276,0.6677053550699111,0.13170858218201978,0.07712208749027613,0.27975986200059466,0.3894392292858163,0.21526494144534963,0.03190406639555843,,,,,,,,
fixed,field,15dogs,85,0.6487080255344,0.7710394628429242,0.41509042071850927,0.05916308286225887,0.4286888888888889,0.6944444444444444,0.01888888888888888,0.13760357944868046,0.31838293495071174,0.6822836463090358,0.12321242496794542,0.08128194341049504,0.2814444955209294,0.39956946148054284,0.21397837631270997,0.0336324794099017,,,,,,,,
fixed,field,15dogs,86,0.6532733687727446,0.7787234832036466,0.41563818444112793,0.05712609673969806,0.42749999999999994,0.691111111111111,0.016666666666666656,0.14094092016007093,0.32487838324487683,0.701640847894434,0.11857319100751247,0.08387716281240756,0.2798902183026426,0.39501420519182906,0.20717645690372258,0.0335019306933445,,,,,,,,
fixed,field,15dogs,87,0.6523215378754249,0.7656864054504283,0.39030412053874886,0.05886388700623989,0.4304555555555555,0.6944444444444444,0.00999999999999999,0.1408431188090869,0.32579148481798453,0.6972237123245155,0.129265401919568,0.08516829142384019,0.27843126720196326,0.4019339019296293,0.21204458044687852,0.0328596701556077,,,,,,,,
fixed,field,15dogs,88,0.6538314017203188,0.7778098090020357,0.4214649838049448,0.056395000847281815,0.42987777777777775,0.7033333333333334,0.006666666666666659,0.14596867810720177,0.3251995009572575,0.6568769752015312,0.13870189656102067,0.08070187771186779,0.2791987122055588,0.3970999617725422,0.21047933443446037,0.03322774426523836,,,,,,,,
fixed,field,15dogs,89,0.6530388501188125,0.7724147153815311,0.4211529524672698,0.05660358841205154,0.43138888888888893,0.6944444444444444,0.012222222222222214,0.14151716367579223,0.3240940172360588,0.7104934121669999,0.14067364507610308,0.08537309563070186,0.28005445032688353,0.3930347125745634,0.21253755523759116,0.033565220106121854,,,,,,,,
fixed,field,15dogs,90,0.653394333487512,0.7828493581079765,0.3982334289581583,0.05833967929090933,0.4274333333333333,0.6955555555555556,0.00555555555555555,0.14531166404810808,0.3253691017038601,0.7030517165663597,0.1332825106420194,0.08499282425996729,0.2790896484897578,0.3834508828420973,0.21210234278766155,0.032182793336009104,,,,,,,,
fixed,field,15dogs,91,0.6512006840396205,0.7771445485318653,0.3961615630991703,0.059435694843697394,0.4301555555555555,0.6766666666666666,0.013333333333333326,0.13732744678748537,0.32179935694897926,0.6697722125714967,0.13244094142332277,0.07970118342956635,0.2795066068224324,0.39931650791339623,0.20685061749614472,0.03373814898559537,,,,,,,,
fixed,field,15dogs,92,0.651242173102465,0.7703043355818077,0.41316343031577957,0.056784650233412434,0.43795555555555554,0.7044444444444444,0.00444444444444444,0.14166925863784527,0.3202053352618155,0.689718075673837,0.12777437619867923,0.08130113105936292,0.2803240058239428,0.39420561897902756,0.2154917642930397,0.032386180640795646,,,,,,,,
fixed,field,15dogs,93,0.6533333947960276,0.7671560308637723,0.44498071144935986,0.054439324372573296,0.4394333333333333,0.7133333333333333,0.006666666666666659,0.1433513187975532,0.3214996633299994,0.6830865030662159,0.1489392940571413,0.08209963016348362,0.27873080356392566,0.38743858761449745,0.21189953299729844,0.03167329385774799,,,,,,,,
fixed,field,15dogs,94,0.6529568628966508,0.7757344001455485,0.39925235053849406,0.05856828580406918,0.44173333333333326,0.6911111111111111,0.006666666666666659,0.1369491788321356,0.3194626420571002,0.7048984563427715,0.11923389920563102,0.08309848876229861,0.2805958241744293,0.3953550289643083,0.21390444931761315,0.03274332754094481,,,,,,,,
fixed,field,15dogs,95,0.654391409444894,0.7713728708462638,0.42741031317549877,0.0538195853961943,0.44302222222222215,0.6900000000000001,0.00777777777777777,0.13826353555500948,0.32241862062343496,0.6842288864849566,0.1422083234224481,0.08108073622641294,0.2799604455536655,0.3879456199252479,0.2115916618377971,0.03227637671484106,,,,,,,,
fixed,field,15dogs,96,0.6536538053322388,0.7832810671291085,0.3998208319966259,0.05566626298660715,0.4420111111111111,0.7055555555555555,0.00444444444444444,0.14350742977008904,0.3188996220035667,0.6850023866821473,0.1220403148737405,0.08285358203942517,0.28021278073247724,0.3910407926398158,0.2152501313545488,0.03267875506272124,,,,,,,,
fixed,field,15dogs,97,0.6513078495376432,0.7711393236195383,0.4079680321986962,0.05531070257001204,0.44638888888888884,0.7077777777777777,0.0111111111111111,0.14133164241839166,0.3170815928340517,0.6707563177989753,0.14561358497959348,0.07671930588556095,0.28039956975840885,0.3933995521574761,0.21343421377736188,0.031663177098307696,,,,,,,,
fixed,field,15dogs,98,0.6534151585241478,0.776001382201916,0.4254564795421131,0.05463951577654648,0.44526666666666664,0.7044444444444444,0.015555555555555545,0.1446037487164079,0.32035396922133763,0.7036553089729909,0.14395209877097606,0.08346059673824392,0.2794804636870586,0.39158779580357744,0.21009804465817178,0.03200860969739212,,,,,,,,
fixed,field,15dogs,99,0.6540836995649617,0.7761661673161216,0.421634765092715,0.05549969818179634,0.44924444444444445,0.7044444444444444,0.01666666666666666,0.14362324376781146,0.3182089445166767,0.6858753876759665,0.13136141937002405,0.07754818956006279,0.2789430579691026,0.3840369177253289,0.21232339253799296,0.031028042907507648,,,,,,,,
fixed,field,15dogs,100,0.6532194498538618,0.7662262449139198,0.4178139741401369,0.05365421624829061,0.45009999999999994,0.7211111111111111,0.00777777777777777,0.14714045211605464,0.3167793160645657,0.6750698275051924,0.12973440909611672,0.07450907421457473,0.2793073392590925,0.3874230486542026,0.21107408878710704,0.032398916194534645,,,,,,,,
fixed,field,20dogs,1,0.6501176376998719,0.8269722889641266,0.30302460058002934,0.09769761735178197,0.03002777777777772,0.14922222222222217,0.0,0.031851202354627635,0.49590642758378467,0.8135907360004271,0.11444870813263966,0.14209405412126347,0.35910406066239475,0.46653016699166683,0.2784729589717003,0.036815716659432465,0.02855555555555551,0.13111111111111107,0.0,0.03055077052101504,0.48652769298956305,0.8664354289094888,0.16257582673655838,0.15373612688885466
fixed,field,20dogs,2,0.6418483865613214,0.8296070943663445,0.30951493713293143,0.10660092905968137,0.032584444444444374,0.14877777777777773,0.0,0.03280908938112542,0.4661485162704019,0.7846850866549704,0.11404511819060678,0.14204907166886627,0.360287069383036,0.46290672741689026,0.28892711747848565,0.03579252989275981,0.03162222222222218,0.14888888888888885,0.0,0.03206799509284235,0.49361759534576893,0.8443633718124686,0.15684677303507696,0.15512360281800777
fixed,field,20dogs,3,0.6266941852449428,0.8220171540931981,0.27769064356558865,0.11446926438588675,0.037292222222222164,0.16333333333333327,0.0,0.03605174467500862,0.4365773803143013,0.7518466034333323,0.09949922308891253,0.14235200045442298,0.3604720249584439,0.4634733428193701,0.2818730765526104,0.03618000215840167,0.03731111111111107,0.16666666666666666,0.0,0.035896304276896066,0.5104977555769358,0.8479848059055826,0.15432622187174544,0.1533270807490095
fixed,field,20dogs,4,0.6170325737134043,0.8155830164896691,0.2797947078243282,0.11836341050714416,0.03916777777777771,0.1804444444444444,0.0,0.03775834192944601,0.4169013220221182,0.7500558566738196,0.09801317921906913,0.14332609613912087,0.3600131784997636,0.455194466404083,0.2845045774257491,0.03574223147872807,0.04195555555555551,0.1822222222222222,0.0,0.03902900535508985,0.5053622819591763,0.8361954538366587,0.14992538280521697,0.15028576951045164
fixed,field,20dogs,5,0.5986915453958288,0.8141060022033608,0.27775616816324683,0.1248486191688929,0.04127222222222217,0.16999999999999996,0.0,0.0369074040513334,0.39621394231710483,0.7317036335866383,0.10114739566461761,0.1493150438465963,0.36475856126969713,0.4574081293124584,0.2852617958649884,0.036266873161967327,0.043777777777777735,0.16666666666666663,0.0,0.0364452436168559,0.5084972859009128,0.8358589127944139,0.17900126349079054,0.14429681900244992
fixed,field,20dogs,6,0.5883629386896974,0.807311537767764,0.28795825044089196,0.1257302614820149,0.0456233333333333,0.1944444444444444,0.0,0.04124505178412033,0.381760066666228,0.7126586425355841,0.10157635003854418,0.1501790414579639,0.365867465437747,0.45904853649170685,0.2830794811509967,0.03575576376976595,0.05273333333333328,0.18888888888888883,0.0,0.04079790675369121,0.5172860576933983,0.848505047501759,0.17314778187407134,0.14632740605149958
fixed,field,20dogs,7,0.5809701827030918,0.8147561412505461,0.279902768861819,0.12620913553034274,0.048051111111111065,0.19199999999999995,0.0,0.040648800934034335,0.3704633187358484,0.7094769226961452,0.09612164710624678,0.1488954377873956,0.3684384008217694,0.46125269810169156,0.28990598105221704,0.03553734655568819,0.057288888888888834,0.18666666666666662,0.0,0.039680554619423755,0.5237008810557866,0.8286901831545643,0.1822540168092641,0.13913519983194286
fixed,field,20dogs,8,0.5718086647597493,0.8027929077622085,0.2763313678806156,0.12091058430541286,0.05288999999999996,0.20288888888888884,0.0,0.044798207874248895,0.3591431245581969,0.7028763221855521,0.09840762436315083,0.14375083218356713,0.36906695661365646,0.4599411941209638,0.2830782478350551,0.036512065628880506,0.0620666666666666,0.18444444444444438,0.0,0.04148253825550444,0.5387193733221198,0.8468178590735926,0.2203167195080949,0.1326770836563698
fixed,field,20dogs,9,0.5677784304927473,0.8048060990778001,0.278286254970303,0.11739152439259255,0.055626666666666616,0.21855555555555553,0.0,0.04636227894372286,0.3509665132940027,0.6908340199744564,0.10123580084866021,0.1381010191682302,0.36826384435086945,0.4587496034401801,0.28452914278764213,0.03589129785649611,0.06359999999999995,0.19111111111111106,0.0,0.04064902052359257,0.549170686779754,0.8494335944782456,0.22109990853321304,0.1284032127180468
fixed,field,20dogs,10,0.5669964814225403,0.7854627224301061,0.27684875198333786,0.11401562544142681,0.06295999999999995,0.22922222222222216,0.0,0.050066013774434995,0.34596596186105294,0.6645842963025236,0.10260112801047924,0.13057686780833103,0.3669631706525195,0.45368504842798074,0.28897937563720066,0.03561089091006991,0.06426666666666662,0.19777777777777775,0.0,0.04192013891712685,0.5647859437556473,0.8582710212319933,0.22442810571139696,0.13466777968898117
fixed,field,20dogs,11,0.5674152843607285,0.7937382288789119,0.2813546179006302,0.11256079738649141,0.06699111111111107,0.2443333333333333,0.000777777777777775,0.05380842059075571,0.3380145909783744,0.6864950836896135,0.10092314490105896,0.12468947823539019,0.36650300544853426,0.4541668473034495,0.2819714500449033,0.03475575178220521,0.0673555555555555,0.1933333333333333,0.00222222222222222,0.04298358400747902,0.5625453783893566,0.8526061434417121,0.23312629606776855,0.1267542232084079
fixed,field,20dogs,12,0.5648723017686059,0.7828651373388424,0.3045350641163522,0.10481913124178699,0.0749733333333333,0.27255555555555555,0.000777777777777775,0.0596235709189397,0.3321210471436868,0.6521610289425618,0.10935516745492165,0.11571966578447905,0.36708785644616326,0.45825949925605924,0.28119154394531126,0.03551452129945968,0.07106666666666661,0.19777777777777775,0.00222222222222222,0.04309913252520041,0.5620812091708837,0.8448942942347454,0.24459009229374878,0.1248693673055783
fixed,field,20dogs,13,0.5713483177367181,0.7828586555465797,0.30171617276322577,0.10018761236779705,0.08393666666666662,0.2806666666666666,0.0,0.06345581801336742,0.34010724135740766,0.6582380961544005,0.114166206572923,0.11432444348997403,0.3626051083542298,0.45875192510037943,0.2780152988703656,0.03549067345467275,0.07119999999999996,0.2066666666666666,0.0,0.043307996216948294,0.5630139369555969,0.8420668355287381,0.2475502874094277,0.12033462474655705
fixed,field,20dogs,14,0.5694317308897145,0.784822820227772,0.31714574857909816,0.09643095198867835,0.0944433333333333,0.30399999999999994,0.0,0.06630797719783713,0.33138908338040063,0.663689925204929,0.12246355363904535,0.1082169463288533,0.35990429142738695,0.45119075809638937,0.2799344435549041,0.0344526825453191,0.07126666666666662,0.2066666666666666,0.0,0.042785582526842614,0.5647612710804303,0.8286845379565451,0.24956202171247227,0.11927400317032069
fixed,field,20dogs,15,0.5720604783999043,0.7786871150965627,0.34132211986737826,0.09149660722876853,0.10845888888888884,0.2881111111111111,0.00155555555555555,0.06669063646735315,0.32834082677331416,0.6225319636506721,0.1467093934999963,0.10084309587703806,0.3583560550275672,0.4538167026423645,0.27128236086380175,0.03413024182592285,0.07497777777777773,0.20888888888888885,0.00444444444444444,0.04468442987212231,0.5743261307927197,0.8518900162456227,0.26122088838076196,0.11978190359164512
fixed,field,20dogs,16,0.5725643541513342,0.7678217995097109,0.3428890301299078,0.08648420015247978,0.12200777777777774,0.31199999999999994,0.0016666666666666648,0.07019247445244528,0.32441397784295234,0.6303108643538045,0.13686817309963703,0.09529646214837639,0.35719332131457693,0.44363008331102066,0.2810061824651498,0.031959721475673955,0.06868888888888883,0.18666666666666662,0.0,0.04100864112953695,0.5766425634217022,0.8463070564823365,0.23657175168972505,0.11710980676898268
fixed,field,20dogs,17,0.5741284177879821,0.7734180356659566,0.3599005287389423,0.08316524835059318,0.13228666666666664,0.31788888888888883,0.0033333333333333296,0.07075677663207663,0.32508585133474904,0.6201228743614406,0.13598615000489064,0.09167501184055415,0.3543147788326654,0.4402763420018042,0.2797758246267168,0.032284255996778956,0.0705333333333333,0.1844444444444444,0.0,0.041406252908996743,0.5714242473166509,0.8271292349427934,0.2530013600003701,0.11966540404976847
fixed,field,20dogs,18,0.5801437235530669,0.7758237691322439,0.32174187211475486,0.0830341628137388,0.14296999999999996,0.3575555555555555,0.000777777777777775,0.07809093284978127,0.32698638957474635,0.6294044603677974,0.13282467160311648,0.09451362395788157,0.3527748916813701,0.443011152701169,0.27774233900398876,0.03133908685059494,0.07219999999999994,0.2311111111111111,0.00222222222222222,0.045041337418862085,0.5788744469992905,0.8306182617810313,0.24658424316071698,0.11992757013977215
fixed,field,20dogs,19,0.5879278142787919,0.7719311535201018,0.3585822758237157,0.08009821770344146,0.15051999999999996,0.36311111111111105,0.0,0.07897649251531541,0.32878023497019354,0.6194232416131079,0.13486148615536286,0.09026996098484316,0.35257367442174165,0.43741212552826686,0.2737236361463723,0.03197622311398714,0.07119999999999996,0.20888888888888882,0.0,0.04300769759269435,0.5820296837536817,0.8550252146331376,0.26782726288321773,0.11925547509541841
fixed,field,20dogs,20,0.5880754014956147,0.7763705011624242,0.37449179222690965,0.07626303558511255,0.15965111111111108,0.35977777777777775,0.0,0.07895426786243068,0.3326278774612475,0.6378368919721602,0.13630562631630466,0.09096212350378916,0.3516900876269988,0.44083871460520624,0.2755548527624462,0.03192208120806174,0.07328888888888882,0.20888888888888885,0.0,0.04478039250917279,0.5822458007768716,0.855334571968571,0.28080520876871484,0.11731688828899585
fixed,field,20dogs,21,0.5883474000431954,0.7672420216268903,0.36068535642377036,0.07247609519329835,0.16426666666666662,0.35588888888888887,0.000777777777777775,0.08046743673753652,0.3298091446451169,0.5977800557710621,0.14800125137490897,0.08443604057655318,0.34989399246464237,0.43506963032305823,0.2760967681204441,0.03127743933642256,0.07099999999999994,0.19777777777777772,0.00222222222222222,0.04250631412878604,0.5800406057179313,0.871145657304967,0.26287734122283785,0.11794216324464876
fixed,field,20dogs,22,0.5881149575039377,0.7723774141547217,0.3796647055982382,0.06878489387838022,0.17190777777777777,0.3673333333333333,0.0,0.08298895257310267,0.3258382415574924,0.6195269640951006,0.14853477213450067,0.07733938842424275,0.3495507034137501,0.4448528686619235,0.2770231862482314,0.030786225640610215,0.07235555555555549,0.2066666666666666,0.0,0.04373679284412016,0.5777800082152219,0.839807693117305,0.2673481910089205,0.11761393555582304
fixed,field,20dogs,23,0.5890457620019542,0.7604965056898724,0.3818064221868548,0.06357830492410887,0.1743555555555555,0.3893333333333333,0.0,0.08532188817592927,0.3295141236459581,0.6330550942955473,0.1549878218338156,0.0804109749735838,0.34977626941051726,0.4415012315803774,0.28003669727884806,0.02972071190435972,0.07377777777777772,0.22666666666666663,0.0,0.04776810474889792,0.5761070747986652,0.855172199015629,0.28345633126010517,0.11588938792944856
fixed,field,20dogs,24,0.5893595133701472,0.7600215035823774,0.40095065969360394,0.06280953461208828,0.1829322222222222,0.3863333333333333,0.004111111111111105,0.08231431693764377,0.32591014975151655,0.6072811022180051,0.16517968685980183,0.07249879503442111,0.3479206678534443,0.42837319385473416,0.2744083302391856,0.02935644370877672,0.07404444444444439,0.2133333333333333,0.00222222222222222,0.045256280950068326,0.5765108689421691,0.8528976629285998,0.2594962121014672,0.1156240266793139
fixed,field,20dogs,25,0.5920045987267853,0.7512039889210808,0.4083080900405432,0.060631603330751606,0.19102111111111106,0.4003333333333333,0.004111111111111105,0.08892959289985429,0.32665927972982534,0.5922268543748404,0.1698908963009957,0.07315270508055435,0.3481937636820618,0.43630549909121574,0.27174958635301444,0.029907997624237532,0.07582222222222217,0.21999999999999992,0.00222222222222222,0.04437433371659833,0.5726895324412654,0.8439118795920064,0.281177472309428,0.11565935426384277
fixed,field,20dogs,26,0.5899227680745176,0.7394459984311339,0.3852917960179103,0.062268072109366926,0.19424888888888886,0.40877777777777774,0.0033333333333333296,0.08848218380755353,0.32384900067052846,0.614493128921804,0.16882276029633222,0.07343693114555414,0.34943098180728616,0.43985751647965354,0.275643077829906,0.030580859278218943,0.07437777777777771,0.2155555555555555,0.0,0.04445638777406811,0.572227623480826,0.832565562715031,0.2701597162164981,0.11867042706641232
fixed,field,20dogs,27,0.5912126090275357,0.7720512341863417,0.39067440203254783,0.06484899276059004,0.1996966666666666,0.41899999999999993,0.0,0.09103952946597654,0.3214648321359662,0.6230683848133268,0.16258107057010812,0.07503441316577748,0.3490216145924833,0.4352098350114747,0.2820481852592699,0.02947946716434736,0.07279999999999995,0.20666666666666664,0.0,0.04430651778395785,0.5705631161965006,0.827840630184906,0.2540484729187295,0.1212635240720296
fixed,field,20dogs,28,0.5885033034115026,0.7673508039108153,0.4002290027682938,0.06191740791890169,0.20362,0.4024444444444445,0.0,0.09166466729074581,0.32081700569376337,0.631836743436377,0.16445628395977946,0.0771424280440523,0.34872012124658325,0.4328724386646291,0.2671775803299704,0.02993169004047676,0.07453333333333327,0.20222222222222216,0.0,0.04356370800589372,0.5642538382577021,0.8373658839229285,0.25362385686198874,0.11887973388745576
fixed,field,20dogs,29,0.5891084414036628,0.7562903672348649,0.3958192722521745,0.06220933609707337,0.21205777777777773,0.42044444444444445,0.00244444444444444,0.09225640084386899,0.316385541611387,0.5941078032574365,0.16332314547114424,0.07166091892621855,0.3487231821493554,0.43871326735720473,0.2768814301138101,0.030733476413152282,0.07402222222222217,0.21555555555555556,0.00222222222222222,0.04553692982007318,0.5614969471613865,0.8532754972595529,0.2712477672951538,0.12332478217514795
fixed,field,20dogs,30,0.5888664209046192,0.7655896110294257,0.4003848309022559,0.06179164936775912,0.2210922222222222,0.4305555555555555,0.0,0.0921174546623573,0.3166718788744062,0.6290031817693211,0.16463276456448211,0.07410180792549813,0.3487456839375763,0.4372302989158833,0.277708456705249,0.030227429980436323,0.07397777777777771,0.21111111111111108,0.0,0.043248378158344356,0.5628287435416734,0.857275046836256,0.23230696096688655,0.11929615948106047
fixed,field,20dogs,31,0.5886391894286536,0.7546824924246478,0.39597197623525815,0.06102576933687466,0.2315344444444444,0.43866666666666665,0.0033333333333333296,0.0917195694683717,0.3147555975675689,0.5949056092128042,0.16215877877325205,0.06759614094493777,0.350287665579268,0.4391471492027795,0.2768542719417178,0.030410310822863707,0.07828888888888882,0.21999999999999997,0.0,0.04575985638695188,0.5705216749606945,0.8192634931358155,0.2729578982301247,0.11024938683912341
fixed,field,20dogs,32,0.5892570893205982,0.763640673786886,0.3971639180152254,0.06400082520237792,0.22821999999999995,0.42866666666666664,0.000777777777777775,0.09519908032969102,0.31777442315628723,0.6290894784654808,0.15626006368084197,0.0720762123848944,0.3501178554102231,0.43794269937820074,0.2742469733295003,0.029746261490817928,0.07386666666666661,0.21999999999999997,0.00222222222222222,0.04349980093312783,0.5629863913885002,0.833197506306129,0.25337079580563204,0.11968717908403533
fixed,field,20dogs,33,0.5908006440907249,0.7591913899407952,0.3755603177945323,0.06479951267059493,0.2374011111111111,0.4412222222222222,0.004999999999999995,0.09365334285419442,0.31546664687216464,0.5857075107513536,0.15496787756297659,0.06877006134641943,0.35235852578938426,0.4470358671746353,0.27818862757775104,0.0313813511902795,0.07562222222222217,0.2177777777777777,0.0,0.04498426800118746,0.5600502003970116,0.834817277959545,0.2645946861416745,0.1193946540543889
fixed,field,20dogs,34,0.58852471055581,0.7559003708702974,0.41207757224734465,0.060881982105644626,0.23968555555555554,0.4371111111111111,0.0,0.09656400197629263,0.3158629089583789,0.600981285030203,0.16243676596751117,0.07142911079525953,0.35144754967435166,0.43591402049562245,0.27464063184884474,0.030450125471811407,0.07524444444444439,0.2155555555555555,0.0,0.04471834973004122,0.5634386292104197,0.8181811630483761,0.22371907618521786,0.11745129736852218
fixed,field,20dogs,35,0.5891411777854368,0.753496752086898,0.39372324037169043,0.059729004607899705,0.24263999999999997,0.4362222222222222,0.00322222222222222,0.09303454406351515,0.31325010834386047,0.5849034399529394,0.16033671637823965,0.068097386048369,0.3514648075482073,0.44251697511973626,0.2765243797718,0.030172489101635114,0.07606666666666662,0.2177777777777777,0.00444444444444444,0.04460704781981807,0.5602338224836259,0.7969197792559237,0.2492612968611286,0.10852534055103868
fixed,field,20dogs,36,0.5894221973927636,0.7591451990184416,0.3827580814187554,0.059476359131041934,0.2436144444444444,0.4463333333333333,0.004111111111111105,0.09288090880806324,0.31310978134584355,0.5931221760515288,0.16063322040831995,0.0670033893279859,0.3500179974634649,0.4449958189395059,0.27935563428314214,0.029826684575512928,0.07442222222222217,0.2133333333333333,0.00222222222222222,0.04275133634658146,0.5597581598492798,0.8165869689513157,0.24938972980874635,0.11057047145591437
fixed,field,20dogs,37,0.5894457014493371,0.7560567729225708,0.3959059908222914,0.058830965852564185,0.2528311111111111,0.44322222222222224,0.006666666666666659,0.08802113407471142,0.3130517490661149,0.60691906788447,0.15897849032640227,0.06650163473232303,0.3514288189434833,0.43830691042583814,0.28097889685459154,0.02979482452337876,0.07575555555555549,0.20444444444444437,0.0,0.043528470034630826,0.5599707745230621,0.8613092794001048,0.20003190687806566,0.12084312414991183
fixed,field,20dogs,38,0.5901344094563996,0.7599004251255114,0.40056983469183205,0.061593291516247026,0.2453688888888889,0.4343333333333333,0.014999999999999996,0.09435277129437417,0.3179724802401114,0.6083694516658282,0.16800562488317042,0.07063185206112653,0.35077219279108823,0.43872342869047837,0.2732498735238997,0.030676980141127564,0.07357777777777773,0.1933333333333333,0.0,0.044724844666526806,0.5641426993911434,0.8313863783632554,0.23419116574756033,0.11522992100354564
fixed,field,20dogs,39,0.5908064762932944,0.7517069629052207,0.37230824567709,0.06145577352969718,0.25361555555555554,0.4522222222222222,0.004111111111111105,0.09517435824646599,0.3161507231905842,0.587168229172234,0.16121071296063502,0.06691639873884649,0.35024554348707737,0.44303977470057265,0.2764232115776356,0.030518147025862873,0.07771111111111106,0.21111111111111108,0.00222222222222222,0.04344289935004271,0.561516766575772,0.8174906200542409,0.2670129133517679,0.11718600218008532
fixed,field,20dogs,40,0.5918318147075736,0.7528109104642766,0.412135480995628,0.05815024767377665,0.25325777777777775,0.44811111111111107,0.000777777777777775,0.09407120890956562,0.31351864139731034,0.5878935806019094,0.1669719817392664,0.06578749943256454,0.3508814518999048,0.42903278912685555,0.27739778269589677,0.029286770836897336,0.0763555555555555,0.20888888888888885,0.00222222222222222,0.04496617555507808,0.5586774054031943,0.8218532071861653,0.22366929487522724,0.11961129208819057
fixed,field,20dogs,41,0.5915883374236433,0.7573599286432496,0.42327361812091613,0.05819289056383849,0.26126777777777777,0.44666666666666666,0.00322222222222222,0.08999682582837248,0.3141251697617534,0.5842676453022588,0.17052957139807315,0.06872097346572885,0.3506548442482066,0.4323948404967154,0.2754014037933997,0.030867999190639726,0.07595555555555548,0.19999999999999996,0.00444444444444444,0.042641035453065315,0.5603750946603018,0.8265441277746598,0.19098790607862987,0.1239404082516159
fixed,field,20dogs,42,0.5926636505275488,0.7631410605955671,0.4059576021951072,0.06304326542153463,0.2591588888888888,0.4607777777777778,0.0016666666666666648,0.09607824876205104,0.31617543432645995,0.6136710748812104,0.1602492355879194,0.0756658196198692,0.35128018281625273,0.4396997109003732,0.27288355969980505,0.03161315535003496,0.07564444444444439,0.20222222222222216,0.0,0.043588741784588006,0.5578737311127241,0.8415600836035084,0.24472442867594696,0.12617761881910583
fixed,field,20dogs,43,0.5922910749441683,0.77040664431332,0.3939378460901586,0.06152789665260302,0.2602622222222222,0.4474444444444444,0.0033333333333333296,0.09587541264535115,0.3143107465380842,0.6231292058939438,0.15602011848627814,0.07482616532504313,0.35251877085658684,0.4382104367832464,0.2768487476001887,0.030532285519171386,0.07384444444444438,0.20222222222222216,0.0,0.044502468991461694,0.5569329488335435,0.8320847582492414,0.20388589483122338,0.1298212968297972
fixed,field,20dogs,44,0.5912403056019435,0.761169535426936,0.4114547132107272,0.05951400659001573,0.26599666666666666,0.4694444444444444,0.006666666666666659,0.09579906464622755,0.3155832190667681,0.6136826945478417,0.1755782117002343,0.07051986813061849,0.349974760368979,0.4313574501876401,0.27521754669254506,0.02993207307179548,0.0751333333333333,0.22222222222222218,0.0,0.04602569195118012,0.561342401106165,0.8494070249385258,0.21582047517410446,0.1255245760191051
fixed,field,20dogs,45,0.589743178942969,0.7457256200919217,0.41103514914078143,0.05576256590470584,0.25957888888888886,0.45877777777777773,0.00244444444444444,0.09954191443201844,0.31377657119865476,0.5936945874311058,0.15629147372148672,0.06682294921550486,0.35054930523738914,0.4364881001428279,0.27527917934647433,0.030174528231767327,0.07584444444444441,0.2155555555555555,0.00222222222222222,0.04494315555762301,0.5656570661400364,0.8347471460558783,0.27601453963842276,0.11371584752673773
fixed,field,20dogs,46,0.5909529946635039,0.7591222613710393,0.4187044138362174,0.056580798603690585,0.2634333333333333,0.45822222222222225,0.01333333333333333,0.094517020532101,0.3122832796775583,0.6000711509041988,0.17267170772503718,0.06823462115021697,0.35010254366839716,0.43487671110964055,0.2745785767956843,0.030774268598615116,0.07433333333333328,0.20444444444444443,0.0,0.04450230798595235,0.5594392392612353,0.8170985488500333,0.2737156772070526,0.11325455896558831
fixed,field,20dogs,47,0.5889879880714128,0.737644397983561,0.4142486207366762,0.0536060903609835,0.26741,0.45155555555555554,0.010777777777777765,0.09714599105319492,0.30941072656853763,0.5618655979369019,0.15959791891696035,0.06544461192006654,0.3513739747827745,0.4424851342906789,0.27971427608261296,0.030595833885594337,0.07526666666666662,0.20444444444444443,0.00222222222222222,0.044243139811336075,0.5586227710188937,0.822902600879253,0.2503362744860897,0.11384873600987426
fixed,field,20dogs,48,0.5884791368418022,0.7625256930452979,0.4264644404342087,0.056390746158747194,0.26880999999999994,0.4605555555555555,0.000777777777777775,0.09896156794706476,0.3104397488946555,0.5994896381727758,0.17421915787094716,0.06691746461289627,0.35151697063334375,0.4399015804743781,0.2753721544006083,0.03002641342430596,0.07793333333333327,0.21111111111111108,0.00222222222222222,0.04563043364487921,0.5569313560000863,0.8120318729584307,0.2607980680798375,0.11288756357933907
fixed,field,20dogs,49,0.5891105427273455,0.7479051238075289,0.4314908729976844,0.056446754729394664,0.2735933333333333,0.47511111111111104,0.007444444444444434,0.09796890159557599,0.3111918902200416,0.5996308589052489,0.16820605007227413,0.0698150106645709,0.3491394561960908,0.4337952252853753,0.2750111767161797,0.030233723362766324,0.07593333333333326,0.22888888888888886,0.00222222222222222,0.046587602176714336,0.5544158785562586,0.8167241921003733,0.26378973866399036,0.1112467547083023
fixed,field,20dogs,50,0.5877159955503889,0.7624600640300876,0.4069790643692356,0.0590108528504711,0.27646,0.4597777777777778,0.00577777777777777,0.09655867015865013,0.30963619584377555,0.6361314504276288,0.15757435453404828,0.07335490275361015,0.3508530221290448,0.43329531342348526,0.27187584521190733,0.02954584345036295,0.07359999999999996,0.20888888888888885,0.00222222222222222,0.04548825058516435,0.5637306850456454,0.82811066147015,0.24375873825199518,0.1142664024359353
fixed,field,20dogs,51,0.587496403251868,0.7613179223168676,0.3969173851658376,0.0610291379034265,0.2737044444444444,0.4691111111111111,0.0016666666666666648,0.10008097544272236,0.30818162978944763,0.5933035039189127,0.15184105827259856,0.0683894916113859,0.35128993530407,0.44196416896311863,0.27149150575276226,0.03172436216417117,0.07482222222222215,0.20222222222222216,0.0,0.04406733722749279,0.5575773008249716,0.8224980087365005,0.26976779920924643,0.1149083385120144
fixed,field,20dogs,52,0.5873202827350605,0.7588744720998507,0.40890589142854034,0.061439433514935415,0.28530555555555553,0.47544444444444445,0.00244444444444444,0.09389499572990481,0.3098467295580013,0.5966091404947385,0.18321818200815787,0.06996193615771885,0.35220849462505377,0.4397509740939215,0.2731240087828611,0.03182533332174458,0.0734444444444444,0.2155555555555555,0.00222222222222222,0.046028943367074436,0.561304936320302,0.836041820916325,0.26361217035748913,0.11042182939117798
fixed,field,20dogs,53,0.5887496060543169,0.7667629184134921,0.3958716882688179,0.06251015190693848,0.27946666666666664,0.46744444444444444,0.000777777777777775,0.10285192871006507,0.31058367727612374,0.6189540549892265,0.15077372654150523,0.07649600566240175,0.3522077944074104,0.43705410047836696,0.27053644495780305,0.031057878379697708,0.07633333333333328,0.20222222222222216,0.00222222222222222,0.04478607297017073,0.5670248172301658,0.8544460005094798,0.24446955475156637,0.1159560561321648
fixed,field,20dogs,54,0.5878015689683083,0.7628753060594492,0.4023945263611647,0.05989074779290773,0.2817111111111111,0.4782222222222222,0.001555555555555555,0.10244914488492798,0.30849528382563995,0.6244213235735845,0.16952493820262865,0.07262987557379688,0.35281057787310793,0.4394667477326933,0.27476305033250725,0.031056103045622868,0.07488888888888885,0.20444444444444443,0.00444444444444444,0.04523028215452034,0.5736678134209205,0.8412341389102774,0.24715415418056078,0.11466131524918566
fixed,field,20dogs,55,0.5844777555225733,0.7452812912672993,0.3934189930169459,0.05449213489720552,0.2846511111111111,0.4692222222222222,0.004999999999999995,0.09831742587852722,0.30308757708426526,0.5808910352134165,0.16606804753016807,0.06296466562183436,0.35191732968092915,0.44098442108200153,0.2797919995807039,0.030362851966235376,0.07428888888888883,0.19777777777777772,0.0,0.04458482020654031,0.5869832394653518,0.8569900478943147,0.28010953298149344,0.1145457896278597
fixed,field,20dogs,56,0.586205905878639,0.7460625776369849,0.4230414226348981,0.053930294835485094,0.28512666666666664,0.47000000000000003,0.00577777777777777,0.09888478956330499,0.30605430468385636,0.5930378448092612,0.16535262884056348,0.06578701067705992,0.35260756680296357,0.4363479767160892,0.2733779676221901,0.030811480489484677,0.07626666666666661,0.19999999999999996,0.00222222222222222,0.04518661986478467,0.5932209313193189,0.8382800208892167,0.25799879774123646,0.11592698857276962
fixed,field,20dogs,57,0.588320318359002,0.7579044769827814,0.41784408848025656,0.05550195408273151,0.2836111111111111,0.4773333333333333,0.0016666666666666648,0.10264423028861631,0.3058346531103039,0.5970242495352395,0.15358145395883302,0.06897887108044701,0.3526806610342296,0.439861550966908,0.2743402378906049,0.030921509105531896,0.07322222222222216,0.20666666666666664,0.0,0.04467611403032096,0.5907818296558619,0.8474132604526641,0.2864817573003492,0.11517668456439807
fixed,field,20dogs,58,0.588539000844625,0.7641500663952934,0.42186788330766245,0.055355846284843156,0.28741999999999995,0.4682222222222222,0.0033333333333333296,0.10181166772881448,0.30601765271459286,0.6041923755110931,0.15297842927062377,0.06902731417743209,0.35207796847364786,0.43317549761931345,0.2753283234571339,0.029684530285654365,0.07353333333333328,0.20444444444444437,0.0,0.04316300533841664,0.6019713912110685,0.8515796151470928,0.3151478192183496,0.11383271949814533
fixed,field,20dogs,59,0.586479121691514,0.7712066077259345,0.3985478913076843,0.059010185919571134,0.2917333333333333,0.47411111111111104,0.004111111111111105,0.09738613718742226,0.30533287999376435,0.5935667060103496,0.15878719887850606,0.06720125331632479,0.35354588500557294,0.44493353989446416,0.271074068231003,0.031329702641292916,0.0746666666666666,0.20222222222222222,0.00222222222222222,0.044529825490195865,0.5952894906222462,0.8561647311370171,0.2829085247883672,0.11974802754189248
fixed,field,20dogs,60,0.5896901636380301,0.7429913475769756,0.4218963028606647,0.05326827461480279,0.29589777777777776,0.4774444444444444,0.004999999999999995,0.09595199814570494,0.30546417627111005,0.5861792891358064,0.1681861513015771,0.06291284359892835,0.35367879017120457,0.4424354822870707,0.2771831596765687,0.030174810239888477,0.07142222222222216,0.20222222222222216,0.0,0.041794442181457406,0.5885518129117829,0.8444605360833937,0.3106474225774161,0.1108643376310354
fixed,field,20dogs,61,0.5863741830176508,0.7643283045766687,0.4129990378390237,0.056632952023673834,0.2852555555555555,0.4836666666666667,0.00244444444444444,0.10670140898691396,0.30722389710630676,0.6155732187988794,0.15765422919241823,0.0704133214282339,0.35348955669447013,0.4395805223559967,0.27290668416638175,0.03113770039373473,0.07511111111111106,0.21999999999999997,0.00222222222222222,0.04542943326577597,0.5910890019823476,0.8368155538909908,0.29940304080470126,0.10945056027271019
fixed,field,20dogs,62,0.5876896721385003,0.7559834912817925,0.41000421283145283,0.05539904660422451,0.2904144444444444,0.4774444444444444,0.00577777777777777,0.10582429545472538,0.3061731622066649,0.5831408479591575,0.15043285788779948,0.06651760410738139,0.3531915619018864,0.43673018603986175,0.28167066649533146,0.03049726721977622,0.07742222222222216,0.20222222222222216,0.00222222222222222,0.0451460675625069,0.5973109465728854,0.8663666147321907,0.2725523595087015,0.11831901082616221
fixed,field,20dogs,63,0.5905501982913636,0.7536056236986634,0.42947000686932923,0.0545381082575828,0.2958511111111111,0.48166666666666663,0.006666666666666659,0.10241716614735732,0.3089708730080649,0.6023140926576305,0.16896620535888265,0.06708856581577889,0.3541268557277821,0.44687853157873736,0.27412958290280864,0.03136098972108625,0.07195555555555551,0.19999999999999996,0.0,0.04202226067855695,0.5922814039025184,0.8550769057004576,0.29779428276889697,0.119795483210581
fixed,field,20dogs,64,0.5895628103839952,0.7653620597533649,0.40391593930171943,0.05762124845339962,0.2962855555555556,0.4731111111111111,0.006666666666666659,0.09788814624668622,0.3083179918240067,0.5802382551033267,0.1716013098182893,0.06379500760816734,0.35223880332400037,0.44238732726810015,0.27160551895721896,0.030978400008185043,0.07057777777777771,0.20888888888888885,0.0,0.04351072790213551,0.5933685834951514,0.8508884033410731,0.3005424834575876,0.11409766719220524
fixed,field,20dogs,65,0.5891150130445896,0.7507187602050294,0.4140478061165697,0.05766630132969462,0.29425888888888885,0.48166666666666663,0.0016666666666666648,0.10355985807617289,0.3069875624625028,0.6052142069754002,0.1660311859984274,0.06934035921536806,0.3531756385282875,0.4401709392846576,0.2741650825568185,0.030669068352556117,0.07331111111111104,0.19999999999999996,0.0,0.04407291220263008,0.5899613906783243,0.8600605908939061,0.2551310287069819,0.11603630572279375
fixed,field,20dogs,66,0.5879010440266417,0.7507020804578871,0.40557278219265375,0.05814465944346605,0.3029666666666666,0.49433333333333335,0.007444444444444439,0.09761019598057634,0.3031977225538386,0.5759871683083866,0.1464062068241561,0.06291427649925313,0.35636859241609536,0.4467367614487888,0.27198430734173884,0.03279362861881259,0.07499999999999996,0.22666666666666663,0.00222222222222222,0.04393532993678737,0.5875002061876108,0.8500384552345664,0.30691638999757503,0.11289761901185562
fixed,field,20dogs,67,0.5895836810321846,0.7439650557267474,0.4116069731627444,0.053787671389768574,0.3053511111111111,0.4858888888888888,0.006666666666666659,0.09308849423886266,0.30533936546873963,0.57006107120012,0.15677965209086447,0.06012739183100997,0.3532371771900799,0.4413198819620626,0.27317753518708476,0.031167752367121975,0.0739555555555555,0.19777777777777775,0.0,0.04430176887636373,0.5829172998747564,0.83871526535543,0.3023246477562676,0.11009994754414318
fixed,field,20dogs,68,0.5894323044066596,0.748055143164933,0.40272649419161316,0.05335939560684568,0.30406999999999995,0.4916666666666666,0.004999999999999995,0.10085471027628028,0.3047092469161668,0.5788713328211376,0.146025208705303,0.0625498370727875,0.35444356348630174,0.44196947183019464,0.2745614398758137,0.03088817744122644,0.07619999999999996,0.19999999999999996,0.0,0.04338971868369483,0.5766334177159347,0.8396013336159163,0.272961896498748,0.11172494959303547
fixed,field,20dogs,69,0.5869463122425748,0.760026751094787,0.4086004052479134,0.05635836161921519,0.3029777777777777,0.4945555555555555,0.004111111111111105,0.10058115498203583,0.3038901630659505,0.594615544338086,0.15601055130025265,0.06517538802507251,0.3551897191774829,0.4418237336202299,0.2758034617352174,0.03184479351925222,0.07522222222222218,0.21777777777777776,0.00222222222222222,0.04394946160326519,0.582246030566907,0.8263560441124197,0.27895293253725095,0.10752560201982557
fixed,field,20dogs,70,0.5900463717067777,0.7600176006385921,0.42388752141864555,0.05481701067302055,0.3051088888888889,0.47588888888888886,0.01166666666666666,0.09580253584229721,0.30440760456681626,0.5933058445057917,0.15405421777163203,0.06595159789801044,0.3535883390953551,0.43066074362212536,0.28001304415534056,0.029767795945845287,0.0746444444444444,0.19777777777777775,0.0,0.04452433758836695,0.5735742545059895,0.8210747693645575,0.30037099744216017,0.10629940358310681
fixed,field,20dogs,71,0.5881624073824879,0.7490517591150934,0.4153566949419186,0.05420582504830661,0.3039977777777777,0.489,0.0016666666666666648,0.10280651225008583,0.30402587931184816,0.5827191183997534,0.15380929063688345,0.06640801289689026,0.35396452859493766,0.4362746510335579,0.27490915235570695,0.030366664889550782,0.07508888888888883,0.20666666666666664,0.0,0.04359870378353859,0.5771104491606917,0.8212907802415697,0.25014168145794435,0.1078649140160975
fixed,field,20dogs,72,0.5878811942357549,0.7455553916974982,0.4194773555260638,0.0537675002871144,0.30803888888888886,0.501,0.009999999999999995,0.0994992470721934,0.30478837286332694,0.581684698502461,0.17721769231952117,0.0622827516412859,0.3548051844277458,0.44191783594677014,0.2761413401079322,0.030583118544618537,0.0734444444444444,0.1933333333333333,0.0,0.04388756682058121,0.5713921874020784,0.825727733558373,0.2784148805055474,0.10869713692040235
fixed,field,20dogs,73,0.5863262339095329,0.7429302770760071,0.43289011084070816,0.048976637756770344,0.3085233333333333,0.4902222222222222,0.004999999999999995,0.10217258574766079,0.3040539182152075,0.5876236148115747,0.17247259939355916,0.061549288383734836,0.3564143373948241,0.44261971444616366,0.2814523627163462,0.031066635008274633,0.07873333333333327,0.2244444444444444,0.0,0.04591387111887913,0.5757994722645303,0.8257363486178118,0.2780279100125954,0.10414866220088899
fixed,field,20dogs,74,0.588213426621705,0.7576457987521702,0.4195850148103961,0.05429176905056974,0.30825777777777774,0.4814444444444444,0.0033333333333333296,0.10054868527833931,0.30605785882061226,0.5794998515657561,0.16614173752059463,0.061902458400546014,0.3547721898550667,0.43718408156002997,0.27634301529677313,0.030200012442758422,0.07502222222222217,0.20888888888888885,0.0,0.044045486845552706,0.5699243419409309,0.8377604440127403,0.24806097717869574,0.11472929609437518
fixed,field,20dogs,75,0.5856341380945125,0.7622220653236406,0.41352634187985104,0.05433319028074224,0.31238333333333335,0.4886666666666667,0.014999999999999996,0.0954809301125645,0.3003502584722327,0.5855022062004964,0.16134355887752438,0.06101118804950774,0.3561441988536193,0.4457298095261832,0.27101630498705265,0.03172161993591391,0.07333333333333328,0.21999999999999997,0.0,0.04600178637650933,0.5702252406223147,0.8358165484147712,0.24061428892145073,0.11682755195604236
fixed,field,20dogs,76,0.5859552041245699,0.751800148891969,0.4138434622498554,0.05256275827002658,0.3157322222222222,0.4895555555555555,0.018333333333333333,0.09844579712138754,0.301053653865118,0.5772500199846122,0.16494746031602364,0.059215925139214844,0.3562922726528804,0.44792344781105153,0.27822651176437047,0.03137827816097806,0.07471111111111108,0.21777777777777776,0.0,0.04414242972376645,0.568464255032152,0.8039798722070512,0.22550322385271548,0.11537139397175707
fixed,field,20dogs,77,0.5867723991240024,0.7341098415225586,0.41882868675737883,0.051720612425888615,0.3106811111111111,0.4913333333333333,0.0033333333333333296,0.10244579311864861,0.29980198709702677,0.5538672775235507,0.16326511305710628,0.058725087152096525,0.3549559622930142,0.4433392609638648,0.28344992502834254,0.030390476409737466,0.07208888888888883,0.2133333333333333,0.0,0.04363600083559854,0.575472663936001,0.8176424483340131,0.2651225338125262,0.10763058888378145
fixed,field,20dogs,78,0.5866528460843576,0.7485261352247288,0.3953011398377219,0.05602838373686868,0.3090166666666666,0.49155555555555547,0.007444444444444439,0.1035098634592784,0.3033944455309007,0.6205381090973455,0.1703020314412486,0.06762812614843984,0.35549393775074034,0.4433398700807897,0.276299776659319,0.031265078099182615,0.07633333333333328,0.20444444444444437,0.00222222222222222,0.04382955422087404,0.5772233227227184,0.8295980586065029,0.2674965179032375,0.11205707034296619
fixed,field,20dogs,79,0.5855086754680492,0.7557426859186555,0.39385701460450545,0.05720091243961552,0.3084755555555555,0.5018888888888888,0.006555555555555545,0.10375845994186683,0.30503174088710616,0.602180578328839,0.14763604791888751,0.06642944656990747,0.3555142434120421,0.4492493303825049,0.2775869229991387,0.03084245109349637,0.07597777777777773,0.2244444444444444,0.00444444444444444,0.04560228853379069,0.5860380698847798,0.8217173697184983,0.3179080103489043,0.10645777082675831
fixed,field,20dogs,80,0.5888992344896262,0.747174967120298,0.4162770173936393,0.053901256607667855,0.3155155555555555,0.5038888888888888,0.009111111111111101,0.09978282738008579,0.3059928245042385,0.5872211315374369,0.17287272528171374,0.06144109412666793,0.35530275690420104,0.44705614123004034,0.27414424027727946,0.031377966952010956,0.07704444444444442,0.21111111111111108,0.00222222222222222,0.045488700162502026,0.5864158997450586,0.8144100688984139,0.2847849976431462,0.10716018965595324
fixed,field,20dogs,81,0.5880251115872992,0.7489902922493854,0.42617392582081265,0.05437652266638475,0.3124011111111111,0.5013333333333333,0.00577777777777777,0.10759412805024493,0.3077121904366341,0.6237516634576297,0.1625561063690552,0.06745500117533995,0.3558177246237124,0.43995631873807295,0.27665733286314026,0.03146267583278991,0.07462222222222217,0.2133333333333333,0.00222222222222222,0.042731293171772614,0.5876298297270147,0.8157743849642717,0.3005768940564755,0.10555418401810945
fixed,field,20dogs,82,0.5852732897514026,0.7482679157448657,0.40206895419791433,0.05614530480862784,0.3106222222222222,0.5103333333333333,0.0033333333333333296,0.10633938219573931,0.3027953323691081,0.5687822858270123,0.1580820533571408,0.06162786898370909,0.3551967546793252,0.4421379930170408,0.2723656125666724,0.03191108657500048,0.07677777777777775,0.21999999999999992,0.0,0.04547825363560899,0.5851349743646208,0.8175930297057844,0.2730037331303611,0.11084289531548355
fixed,field,20dogs,83,0.5880615827189808,0.7599513324792568,0.40507450535540573,0.055009283606099225,0.31340444444444443,0.49077777777777776,0.007444444444444434,0.10463992021705529,0.30541706738900654,0.5778803673419941,0.14695124886971,0.06354595375067915,0.35578939789456665,0.4435502811553985,0.2719005581937114,0.031402050633856676,0.07348888888888883,0.20222222222222216,0.00222222222222222,0.04445900858284035,0.5905213067818375,0.8203214680632813,0.2946497376006628,0.1050600005294063
fixed,field,20dogs,84,0.5873506828562464,0.7437106908710016,0.4082506016156587,0.05204053419778285,0.3137755555555556,0.4962222222222222,0.0033333333333333296,0.10717346760382415,0.30543859564928677,0.5652130953560746,0.16193083965684707,0.05884065128418501,0.3566341618620549,0.44832237866233593,0.2736981328496602,0.03262970339994235,0.0726444444444444,0.2177777777777777,0.0,0.04555549350124663,0.5893304342317333,0.8275753624619133,0.32711070179719204,0.10517531297758617
fixed,field,20dogs,85,0.5868481410054861,0.7545886790575969,0.38917178656607715,0.052682872795314695,0.31952111111111103,0.5116666666666666,0.0016666666666666648,0.10634422287337408,0.3057038474231121,0.6053858540608829,0.1492830852452411,0.06282902852527442,0.3575294326503277,0.44667447592573606,0.2809217145446498,0.031391399965796964,0.0771555555555555,0.19999999999999996,0.0,0.0443896378872832,0.5862135941398632,0.8387703011928098,0.2759357793593703,0.10734132540747562
fixed,field,20dogs,86,0.5864343144962284,0.7183938298726744,0.4129601514886326,0.04954010846778119,0.3226766666666666,0.5029999999999999,0.00244444444444444,0.10635998882633488,0.3067004341598698,0.5840978457990985,0.17056266332964076,0.06183501217946695,0.358143074770478,0.44347359706426087,0.2782796035953622,0.031057793601661464,0.07859999999999996,0.2133333333333333,0.00222222222222222,0.04483910611143676,0.5821537267127442,0.821034768962409,0.26233489943077065,0.11105033402188733
fixed,field,20dogs,87,0.5878027589585397,0.7562321752193712,0.4148166435572146,0.05220051436977793,0.32410555555555554,0.49877777777777776,0.004111111111111105,0.10295164770429621,0.3037994759311328,0.5708837654850742,0.1540226939547738,0.05879798970991147,0.35736358939660356,0.44485704651132957,0.2703953036886282,0.032323490198291296,0.0764444444444444,0.2155555555555555,0.00222222222222222,0.04591869442506799,0.5903526175656213,0.8287349921084365,0.2670847213332489,0.11082930014362209
fixed,field,20dogs,88,0.5878724431053586,0.740566901948861,0.4076265043725802,0.05237149806369993,0.31968555555555556,0.49911111111111106,0.0033333333333333296,0.10576474636633829,0.30409536022645833,0.5970383107967552,0.1531438406851337,0.06054803685772481,0.3576080392117083,0.4428778116216178,0.2748452603018935,0.0312077150412707,0.07457777777777772,0.20222222222222216,0.0,0.04340437028072849,0.5994735723658255,0.829751242260927,0.26244269450590696,0.11352201097644077
fixed,field,20dogs,89,0.5874891864892067,0.7410529664542223,0.4252097191819887,0.050999548824006445,0.32607555555555556,0.4972222222222221,0.008333333333333325,0.10028646770726338,0.3056917408570938,0.6203260492466376,0.16426540116798494,0.06461540155027895,0.3578999131962272,0.448588844141816,0.2692141940352108,0.03248472599864324,0.07531111111111105,0.21111111111111108,0.0,0.044511258252842724,0.5965933267259673,0.8347873896597215,0.2941262579451107,0.11058033008927315
fixed,field,20dogs,90,0.5878159188980713,0.7454031558396994,0.4159207657408972,0.05328626293750368,0.3244044444444444,0.5136666666666666,0.006666666666666665,0.10826734663559216,0.30666983899018413,0.5966761839443574,0.16794880152104485,0.06426973920807047,0.3591046953805702,0.43951288431822294,0.2776343436165187,0.031180457596007786,0.07748888888888884,0.21999999999999992,0.0,0.044795900878083716,0.5905627879277351,0.8392040755274983,0.3023180461158089,0.11229760896444714
fixed,field,20dogs,91,0.5878501072440936,0.7508264212131817,0.41972250488517526,0.051826254778967094,0.32464222222222217,0.5022222222222222,0.007444444444444434,0.10076118830913891,0.3050565243288398,0.582513851581645,0.17253879512206766,0.0603682732566184,0.3595095034761796,0.44953449312983357,0.27758091855410927,0.03209766963389838,0.07231111111111106,0.21111111111111108,0.00222222222222222,0.04546430328679881,0.5836347697149689,0.8411037221884955,0.25054903927014993,0.11650003628569194
fixed,field,20dogs,92,0.5879129027444467,0.7584241113704298,0.42621846447604306,0.05053171443117832,0.32618111111111114,0.5022222222222222,0.010777777777777765,0.10674317115470841,0.30389508086478173,0.6030895821591337,0.16824558946873303,0.0610730625495333,0.35958066006436185,0.44819832403569854,0.2737135800900127,0.03303416913904332,0.0767555555555555,0.21111111111111108,0.00222222222222222,0.044410650725869374,0.5877771435245455,0.8453978736987443,0.259804963629897,0.11801993803814459
fixed,field,20dogs,93,0.5898258929338136,0.7480733228285075,0.4292875697006788,0.05114624311171242,0.3270844444444444,0.5029999999999999,0.008333333333333325,0.1029193762709654,0.30494489621818655,0.5938035320162863,0.16017463066045387,0.061522807185631245,0.3586817623550562,0.44527429590857837,0.27190882875238453,0.03338037392510487,0.07262222222222217,0.2133333333333333,0.0,0.04391581757787112,0.5802020995251407,0.8348453625039138,0.25722934714946677,0.11108113387020938
fixed,field,20dogs,94,0.5874012708646417,0.755329150026908,0.4082310221702342,0.052691271001941445,0.33149999999999996,0.5096666666666667,0.0,0.10832774779285015,0.3060148613644902,0.6081217655747816,0.15674034455039768,0.06226062441864897,0.35990641556196923,0.44694803785158765,0.27431116144114936,0.03174798335167933,0.07633333333333328,0.21333333333333332,0.0,0.04532297251979331,0.5806592745410096,0.7952133784028743,0.23793983749555628,0.11036529896078891
fixed,field,20dogs,95,0.5896575712150135,0.7507565498279224,0.4184598745182922,0.05388069750677001,0.32820555555555553,0.5056666666666667,0.006666666666666659,0.10650508985290286,0.30635330621577905,0.5909584224410829,0.15779348785811603,0.06421633962878733,0.3600851610212958,0.44624735208869915,0.2768165349868583,0.031785154901019894,0.07677777777777775,0.20666666666666664,0.0,0.04607700705264396,0.5855675026028481,0.819805959296175,0.23337800545999046,0.10890055461814623
fixed,field,20dogs,96,0.5917825030186792,0.7601923188167967,0.412122031644253,0.054554409359553024,0.33482222222222224,0.5016666666666666,0.015777777777777773,0.10096469292062393,0.3072321241578858,0.5998996278492414,0.15249984158993551,0.060081824270131735,0.35992641217441834,0.4458752511740198,0.27789693300061546,0.0320276282350057,0.07544444444444437,0.19999999999999993,0.00222222222222222,0.04401938090708487,0.5880648498544045,0.8215392311243417,0.28744615311850447,0.10322517298909331
fixed,field,20dogs,97,0.5882807173540455,0.744267497269902,0.40049656386859656,0.05356814265224302,0.3293733333333333,0.513,0.004999999999999995,0.1082822548956583,0.3051249555163701,0.5861137276982896,0.16555165259681912,0.0592516327539908,0.3615677834281792,0.44964421409565103,0.28033702977313996,0.03142445073462406,0.07573333333333329,0.2133333333333333,0.0,0.0450177913672601,0.5844508292963324,0.8215934645226552,0.29046061361559194,0.10554512688284645
fixed,field,20dogs,98,0.5917963692483076,0.7570372656070281,0.4275857507468338,0.05090028332229209,0.3327133333333333,0.5045555555555555,0.017444444444444436,0.10448281011484553,0.3073076458487126,0.591399570961969,0.17618833015583904,0.060121815324371455,0.3595328214575896,0.4457238438077618,0.27384453218581395,0.03194215612414167,0.0724666666666666,0.2177777777777777,0.00222222222222222,0.044529686941838245,0.5776527575108427,0.8266332959698992,0.2761235114270254,0.10672925287020066
fixed,field,20dogs,99,0.589267562433127,0.7473586963991683,0.4035620223270934,0.05171992739418715,0.3330222222222222,0.5066666666666666,0.004999999999999995,0.10682947222665176,0.30544783336388787,0.5943833963729626,0.1594194512901827,0.05847746195042695,0.36038552668053103,0.45312787819256817,0.2806064805333466,0.0317019416582834,0.07377777777777772,0.19999999999999996,0.0,0.04378155491927232,0.5786480796834077,0.8107887535999664,0.2880303554726822,0.10545861460867219
fixed,field,20dogs,100,0.5885376306639661,0.7615595446669321,0.40700177724660414,0.057073438878181705,0.33179666666666663,0.5207777777777778,0.004111111111111105,0.10904419776461878,0.30721622524233644,0.605665029133025,0.1529656497498342,0.06611236681754877,0.3610826345557679,0.4468800271086266,0.28309184570936763,0.031735149306330056,0.07813333333333328,0.23555555555555552,0.00222222222222222,0.04806937920593549,0.5786441807702418,0.8151128881652999,0.2535994423967766,0.10769214119317541
fixed,ice,15dogs,1,0.6515068772597633,0.8520475044453864,0.22844272582554592,0.12143457466028955,0.028688888888888854,0.1522222222222222,0.0,0.030485615871286342,0.4958704617611424,0.8744013487545746,0.07738525173424338,0.1690147155609753,0.34529674609931055,0.46097845420359035,0.2592537181607046,0.03954488845183863,,,,,,,,
fixed,ice,15dogs,2,0.6393161281139496,0.8496215795259492,0.2155068979795592,0.12896701139755512,0.031055555555555503,0.15555555555555553,0.0,0.03212591644214693,0.4623354316102838,0.8427651251847157,0.06697044104165252,0.16473613020677666,0.3437619204274639,0.44541693250375036,0.2505597404609263,0.03921057364562262,,,,,,,,
fixed,ice,15dogs,3,0.6410139435570306,0.8466420273785535,0.22946264698829127,0.12729839243270638,0.033377777777777735,0.15999999999999998,0.0,0.034009123620532454,0.4503525929231512,0.8260835033337447,0.07697599349444945,0.16113087023493472,0.3417391472981642,0.44816633951737234,0.2520646583018601,0.03884163112042094,,,,,,,,
fixed,ice,15dogs,4,0.632961134165876,0.8492564228898043,0.24317104477407603,0.12853095760242356,0.0367555555555555,0.16777777777777775,0.0,0.03565880618766201,0.43749516190052373,0.8258656502610613,0.08194972112026766,0.1631100046225244,0.3423888465780477,0.44852566282319967,0.24389062954965227,0.03987415243206195,,,,,,,,
fixed,ice,15dogs,5,0.6269182343318176,0.8423330400139738,0.2145631520412973,0.1303571348924794,0.040166666666666614,0.1844444444444444,0.0,0.03930992647864371,0.42933592115119923,0.8302021717295112,0.06723060035112258,0.16546452640464346,0.34179614646492856,0.4406614205956384,0.23773105396607366,0.04082475730844197,,,,,,,,
fixed,ice,15dogs,6,0.6259256573204485,0.8392983534830061,0.21703740687553325,0.1294586428486491,0.044411111111111075,0.2055555555555555,0.0,0.04296803986785269,0.4183588618365218,0.8457891293292906,0.06686725715461797,0.16621664321845586,0.3408590915460715,0.4505527939078159,0.2431615480123343,0.04172249621175226,,,,,,,,
fixed,ice,15dogs,7,0.6218250681668193,0.8375640896489827,0.21945289869192589,0.13000842931348117,0.0483444444444444,0.20999999999999996,0.0,0.04539621050798236,0.4152588180305328,0.8290387507738807,0.06939974878926258,0.16602311225372204,0.3392293936846146,0.45078397837880235,0.23855956371276865,0.04246429514391818,,,,,,,,
fixed,ice,15dogs,8,0.6112016406571047,0.8243188745403695,0.2343182031727526,0.13035392896875692,0.05473333333333328,0.2155555555555555,0.0,0.047329064333003046,0.39551402310623,0.7995044882342693,0.06959911723933623,0.1659125833239028,0.3370124277507356,0.4461829175825664,0.23970930330353785,0.04277578093935697,,,,,,,,
fixed,ice,15dogs,9,0.6089586998535145,0.8305168777614604,0.24577528848672242,0.12465355521727646,0.061466666666666614,0.24,0.0,0.0527622808796684,0.386555058131643,0.7871673778043841,0.07582179885998866,0.1608189983534872,0.3361278719312365,0.44282363228026245,0.23696178831633566,0.042476842111139446,,,,,,,,
fixed,ice,15dogs,10,0.6125381964499519,0.8207630469234249,0.258551177246728,0.1195269935922052,0.06847777777777772,0.24555555555555547,0.0,0.05304046436740596,0.3904531622215361,0.8184608240924284,0.08487797817171419,0.16019330177845256,0.33042310542852094,0.43047550789893607,0.23580259698146383,0.04083661084854879,,,,,,,,
fixed,ice,15dogs,11,0.6124341950824937,0.8185326490630773,0.236909205879962,0.11951218849703434,0.07352222222222217,0.24777777777777774,0.0,0.0542942822669701,0.3901386523431195,0.7992484486044944,0.07452331446120877,0.1535383328552981,0.3279729518818397,0.4419732183023545,0.22808604250040684,0.04276557856807563,,,,,,,,
fixed,ice,15dogs,12,0.615607473848789,0.8217133718820037,0.26640169315484963,0.11441962481156123,0.08379999999999996,0.26888888888888884,0.00111111111111111,0.060316294552761884,0.3839397346395615,0.7774668619370978,0.0890110586459655,0.14528832285628507,0.3251541053209971,0.4336122486067747,0.23577037382149046,0.039979007365979806,,,,,,,,
fixed,ice,15dogs,13,0.6157769821984791,0.8184133348857688,0.2934029851332086,0.11108183623130834,0.0884444444444444,0.2777777777777778,0.00111111111111111,0.062041484961113925,0.38781803362461337,0.7959044322239875,0.1007405823469669,0.14764214582664817,0.3227876889776771,0.4345218633786702,0.2315036263143419,0.04010051690923015,,,,,,,,
fixed,ice,15dogs,14,0.6148683955628267,0.8141445357998245,0.2796077301090106,0.11174709288320286,0.09653333333333328,0.2877777777777778,0.0,0.06403818443335155,0.3786619490340085,0.7551058932368588,0.1010719645426595,0.13835038585415504,0.32082503271632967,0.43111122657508877,0.23179194518843027,0.04020951149859979,,,,,,,,
fixed,ice,15dogs,15,0.6151784869693888,0.8175050488920412,0.2789579328656636,0.10749163443838475,0.1064333333333333,0.31111111111111106,0.0,0.06835935745243119,0.38415648557954934,0.7818732573914191,0.10277617110859019,0.14210035867544402,0.31852236866558326,0.4301575088159885,0.2305605466449578,0.040103271552475825,,,,,,,,
fixed,ice,15dogs,16,0.6200937884906373,0.8098125741156981,0.2774016149671551,0.10430640379981626,0.11001111111111109,0.3311111111111111,0.0,0.0721256315352435,0.3883382203170259,0.7682167644122082,0.1075873359626778,0.13771342320999005,0.3154266946026202,0.4282599291632548,0.22641990321500827,0.03958902317085533,,,,,,,,
fixed,ice,15dogs,17,0.619004068256259,0.8238873102196406,0.3221533044483739,0.1021191280669153,0.11807777777777773,0.35777777777777775,0.0,0.07619777721747617,0.3868309304727632,0.7783106565078844,0.1162081595653103,0.13836230203659539,0.31447124985584096,0.424218835911626,0.22248089035477428,0.0403359693421737,,,,,,,,
fixed,ice,15dogs,18,0.6239201621948578,0.8171793067211632,0.31966648548556487,0.09630433158732005,0.12548888888888884,0.35444444444444445,0.0,0.0786570707184059,0.39025408497033254,0.7684256138610759,0.12382766795211811,0.13240948168177089,0.31177241016368595,0.4252512961259023,0.22628801153503572,0.0396068990109645,,,,,,,,
fixed,ice,15dogs,19,0.6247270948349084,0.8073750985839304,0.3478924807780328,0.09262370841220137,0.1359777777777777,0.35777777777777775,0.0,0.08191541880659167,0.39317568046715,0.7593060741323006,0.12732573808209693,0.1279111233185874,0.3093196162621866,0.4245938726621755,0.22728434286451113,0.03842017721534435,,,,,,,,
fixed,ice,15dogs,20,0.6248586792804279,0.8036065228283418,0.349745948142243,0.0899312238901522,0.1446444444444444,0.3822222222222222,0.0,0.08324586125704972,0.3943062974010194,0.7557527988223004,0.13983026660695014,0.12632761651396107,0.30731824165536487,0.41827050520254055,0.22585814660941606,0.04016234140530527,,,,,,,,
fixed,ice,15dogs,21,0.6238067794715555,0.8009323984029931,0.33344881559104644,0.08979881589802437,0.1552555555555555,0.39,0.00111111111111111,0.08818834875639622,0.394400216484609,0.7429586734294685,0.130918382568514,0.12066520610964863,0.30530315093627686,0.4279773891974582,0.2147256738632361,0.04116939626252021,,,,,,,,
fixed,ice,15dogs,22,0.6250348868165664,0.7984543243811453,0.3091262025592635,0.08749143182205249,0.16276666666666662,0.39777777777777773,0.00222222222222222,0.09125808077374355,0.39231822848346376,0.7609063860323289,0.11979349708704194,0.11799329758652641,0.3025434849056132,0.42306904538455986,0.2202759408670884,0.03977719799261823,,,,,,,,
fixed,ice,15dogs,23,0.6275477119866628,0.8049965650932973,0.3455692327253384,0.08532830559339812,0.17523333333333327,0.4111111111111111,0.00111111111111111,0.09133294577380847,0.39035207867369126,0.7465233406407302,0.12097044753251474,0.11492972387986752,0.2993881154277484,0.4199476520560778,0.21799502275287735,0.03958433792652398,,,,,,,,
fixed,ice,15dogs,24,0.6260970270191072,0.7971466191333797,0.3587907073341545,0.0833689063061807,0.1897555555555555,0.44333333333333325,0.00111111111111111,0.09410402636727702,0.3877712626276681,0.7812312439751896,0.14688136014638561,0.11346106933057261,0.29821348166885603,0.41586984457364407,0.2178222255760661,0.038429507565811025,,,,,,,,
fixed,ice,15dogs,25,0.6322803099055874,0.7962224787046739,0.38528470115601093,0.07936345386927192,0.1953333333333333,0.4288888888888889,0.00111111111111111,0.09532733717171053,0.3905745404791536,0.7236446875264567,0.15683300021377483,0.10707754265376737,0.29581172619477303,0.4042787345303247,0.2191409734880298,0.037921607469295945,,,,,,,,
fixed,ice,15dogs,26,0.6313312971141111,0.791514233834412,0.34870038252556496,0.07869618544239076,0.19905555555555549,0.4455555555555556,0.0033333333333333296,0.09447374193749307,0.39357399454242237,0.7317942282163166,0.13304603925717165,0.10470147989171538,0.29356107964363864,0.41728935384888627,0.22188510147488558,0.0369610600376573,,,,,,,,
fixed,ice,15dogs,27,0.630642544269457,0.7791218500498146,0.3392138411611952,0.08250042665041794,0.20363333333333325,0.4288888888888889,0.00222222222222222,0.09682507444994773,0.3900733612325728,0.7565695757903808,0.12799648947688916,0.10759385595745499,0.2940139398523136,0.41805866910926726,0.21236318167007112,0.039268755513736285,,,,,,,,
fixed,ice,15dogs,28,0.6323322998869314,0.798380866404676,0.32930730141449016,0.08199945345392293,0.2110555555555555,0.4688888888888888,0.00222222222222222,0.09746378700093525,0.3879156255498176,0.7135465669961606,0.13534748560834536,0.10116076227544576,0.2924125839554252,0.42139347012082684,0.2163970816717083,0.03757478046624406,,,,,,,,
fixed,ice,15dogs,29,0.6320805529463465,0.78333793581529,0.3583197364066904,0.0765172943280088,0.21486666666666662,0.45999999999999996,0.0033333333333333296,0.1003803576654431,0.3883733325517097,0.7370627526182825,0.14785007844561204,0.10070627946110514,0.29275921666758375,0.41167705480197536,0.21626594120888862,0.036994222727524145,,,,,,,,
fixed,ice,15dogs,30,0.6384109712158923,0.7971959484351329,0.3633283618681019,0.07620941198693698,0.2161444444444444,0.45777777777777773,0.006666666666666659,0.10092363362411824,0.3965640630134903,0.7231736363089543,0.16837242713205816,0.10060565638509682,0.2892368496800177,0.40947306699756625,0.21554402490316513,0.03711142455068335,,,,,,,,
fixed,ice,15dogs,31,0.6424566734409656,0.7876205667164312,0.3848358525875565,0.0738397758048954,0.22403333333333325,0.47555555555555556,0.0033333333333333296,0.10231179075795334,0.39580037794127565,0.6939559939804283,0.15164642953380772,0.09767211372166154,0.288372674252235,0.40481702576656414,0.20785133514262152,0.03775411785232101,,,,,,,,
fixed,ice,15dogs,32,0.6447817899934682,0.7959310481129108,0.3696263454462229,0.07396026650121029,0.23103333333333329,0.4722222222222222,0.00555555555555555,0.10390303000923365,0.3999219310877577,0.7485747898418863,0.16133512233871636,0.10021782334172098,0.28575163965650724,0.40735520630225597,0.20611690743213562,0.03656559447049616,,,,,,,,
fixed,ice,15dogs,33,0.646443575104014,0.7926466835457889,0.35158375739978603,0.0743998450813818,0.23958888888888885,0.4966666666666667,0.00111111111111111,0.10703260430084745,0.39659550311871683,0.715006926971552,0.13535074148284207,0.10030832994419654,0.28791720082137257,0.41315251197522695,0.21626727777364624,0.03683343057960453,,,,,,,,
fixed,ice,15dogs,34,0.6425324568189231,0.7915063803848804,0.38252771356037946,0.07198797755877524,0.24745555555555548,0.5122222222222221,0.00555555555555555,0.11075583404055926,0.3919442878209141,0.7268890519984255,0.13852809580066686,0.0964204720119817,0.2865280260613355,0.4037857910048607,0.21322197554104333,0.03666292712853836,,,,,,,,
fixed,ice,15dogs,35,0.6475114389424,0.802186993594186,0.3807864407806113,0.07031904630238531,0.25947777777777775,0.5022222222222222,0.00111111111111111,0.10876437207475183,0.3940878640719388,0.7140503340778309,0.13436673574979752,0.09337193919764845,0.28637413982066756,0.39430992397144227,0.21498070772761196,0.03465089201306318,,,,,,,,
fixed,ice,15dogs,36,0.6492473838274471,0.7926753483712713,0.40035768235393443,0.06760668406353318,0.26596666666666663,0.5211111111111111,0.00222222222222222,0.1126685341073066,0.39681472417643987,0.7274314067302134,0.15768422227762066,0.09087435946609587,0.2858003277822023,0.4038724773545492,0.20990569303448306,0.03563267423290317,,,,,,,,
fixed,ice,15dogs,37,0.6546932764986645,0.8061432852139369,0.38489502754938043,0.06800688970075298,0.2743444444444444,0.5288888888888889,0.00555555555555555,0.1162091294067659,0.4035270329107319,0.7174677225039172,0.1579372639490898,0.08932275039493409,0.28356369255651065,0.3988434260871766,0.21123475347251963,0.034642870433589434,,,,,,,,
fixed,ice,15dogs,38,0.65063260509561,0.7866062871207355,0.4014998165349863,0.06653398614568733,0.2817666666666666,0.5466666666666666,0.00777777777777777,0.1173417121901101,0.4003891358599224,0.7039093830423775,0.15345337602887377,0.08661651526531797,0.28442420960174963,0.3967830211534499,0.20881593252738356,0.03436745265900273,,,,,,,,
fixed,ice,15dogs,39,0.650343793456623,0.7821267923152582,0.38477316763422553,0.06957895817331584,0.28188888888888886,0.5366666666666666,0.00111111111111111,0.11871118548093282,0.40322897125355794,0.7290922925860718,0.16211249718169346,0.091750458824997,0.28556028618608664,0.4114312055247177,0.21595028291569643,0.036046538111373524,,,,,,,,
fixed,ice,15dogs,40,0.6530573823001191,0.7907898968609309,0.3965461544129566,0.06813533605336136,0.2921111111111111,0.5566666666666666,0.00111111111111111,0.12003438557447914,0.40162878274450015,0.727709345109495,0.15834114239626543,0.08895415017977551,0.2831971045067768,0.39800444447773625,0.21298301324351185,0.035171619328475866,,,,,,,,
fixed,ice,15dogs,41,0.651316861290464,0.7891914986878629,0.36482981947750964,0.0711467053900697,0.2898111111111111,0.5377777777777777,0.00111111111111111,0.12072650578860508,0.40194710841816644,0.7067087077933176,0.16067865022255579,0.09012516557142705,0.2839286144868117,0.40216011770078214,0.21826858679473618,0.03472146200946709,,,,,,,,
fixed,ice,15dogs,42,0.656702298209632,0.7904291465792622,0.40229236305444527,0.064892006111721,0.30372222222222217,0.5533333333333333,0.0033333333333333296,0.11906057284156998,0.40326206983983576,0.7243611582682165,0.17816911362248222,0.08743562397530528,0.28210289106949354,0.38995562668671757,0.2178510322976582,0.03247703849764567,,,,,,,,
fixed,ice,15dogs,43,0.657292180810081,0.7879117010701815,0.39442165319612477,0.06737037637639026,0.3043333333333333,0.5655555555555555,0.00111111111111111,0.11908103542647545,0.4029304982137557,0.7343294915945197,0.13676772362010678,0.09157552934891718,0.281474220963159,0.3979934166839422,0.2089833411515488,0.03464736916781812,,,,,,,,
fixed,ice,15dogs,44,0.6580772503071681,0.7870663533240251,0.42258444820761215,0.06684846504965393,0.3078111111111111,0.5711111111111111,0.00444444444444444,0.12103868490713059,0.3998925610904499,0.7312613164574716,0.1691634121619357,0.08777307745691641,0.2811832802976253,0.39351481324129967,0.2108060206941798,0.03332323103370417,,,,,,,,
fixed,ice,15dogs,45,0.6546280400573796,0.8036267962312558,0.3656911021080444,0.07224821939750346,0.3117222222222222,0.5677777777777777,0.00222222222222222,0.12184587676382622,0.3968892598320734,0.7246360049289591,0.14452342582884312,0.0894168972186567,0.2816650421539427,0.40532815289394425,0.21735017417121508,0.034301017435687114,,,,,,,,
fixed,ice,15dogs,46,0.656014260217846,0.7934960566367044,0.34248825378653935,0.07231789191224622,0.3108333333333333,0.5588888888888889,0.0033333333333333296,0.12478353255365218,0.40159210482015684,0.7415371274387403,0.14143664878602036,0.09294538608041183,0.280384012620574,0.40975989432276283,0.21148174708946543,0.03504798838468923,,,,,,,,
fixed,ice,15dogs,47,0.6559421851377396,0.7894212595116568,0.4076942009839254,0.06708991236720326,0.32053333333333334,0.5711111111111111,0.012222222222222209,0.11708674403165051,0.39318156566922924,0.6983351873322092,0.16992369983262093,0.08195066724244246,0.2784986648637447,0.38999799770136234,0.2102360444733758,0.03321881288205049,,,,,,,,
fixed,ice,15dogs,48,0.6547146974434821,0.7924251118752774,0.3924577812842115,0.06775581384753637,0.32542222222222217,0.5844444444444444,0.00444444444444444,0.12674689524001773,0.3938195716383493,0.7238064473686391,0.15419590290179677,0.08860360147978152,0.2812871020718467,0.403854968598759,0.2159640447570891,0.03492412391241844,,,,,,,,
fixed,ice,15dogs,49,0.6556558785550362,0.7987897329178277,0.3798242114265404,0.06557697839301155,0.32354444444444447,0.5877777777777778,0.0033333333333333296,0.12378566769730244,0.39278131017810936,0.6859402387715561,0.16644151912970054,0.08175479319272663,0.28197076968019885,0.40728934441214754,0.21279554222060995,0.03490099026648292,,,,,,,,
fixed,ice,15dogs,50,0.6582127009491129,0.7847392344250776,0.39081157629802105,0.06510570800799281,0.3353333333333333,0.6033333333333333,0.006666666666666665,0.12703747531631848,0.3913239273407441,0.6924277706258786,0.14991328641147855,0.08438448129864932,0.2809930157056738,0.3969904437395424,0.21213626152582793,0.033624197478176805,,,,,,,,
fixed,ice,15dogs,51,0.6620806513005483,0.7907819375485798,0.3973610046246129,0.06382695749528014,0.33941111111111105,0.5888888888888888,0.00555555555555555,0.122666907128625,0.39571561500167296,0.722009044105807,0.12705331394203828,0.08874534114371126,0.28132436233177444,0.4001633131387317,0.2145816868033661,0.03345383760432785,,,,,,,,
fixed,ice,15dogs,52,0.6659642308409686,0.7907265193124158,0.4385699468501665,0.059871716084672136,0.3471888888888889,0.61,0.00111111111111111,0.12765923804755136,0.39562998803683413,0.7447216455570083,0.17180305329152903,0.08666987874243641,0.2802753934934916,0.3905802558645267,0.21028056563676137,0.03276968849597429,,,,,,,,
fixed,ice,15dogs,53,0.6639383786142494,0.7991999317782602,0.39821642730935847,0.06643341698442627,0.3528444444444444,0.6088888888888888,0.00555555555555555,0.12625126210521015,0.3887694302775916,0.704332673992433,0.15880807322068918,0.08545604752624773,0.27977214016247837,0.40063123657387345,0.2129673175028107,0.03385714959814778,,,,,,,,
fixed,ice,15dogs,54,0.663201844595789,0.7948771995441968,0.39596982520973856,0.06367324968135996,0.3517777777777778,0.6022222222222222,0.00111111111111111,0.12828717261375794,0.39155843660240297,0.7095057444218924,0.17159098387748029,0.08471899555115928,0.2798170201562073,0.403941152228953,0.21315562927695791,0.03432903226142468,,,,,,,,
fixed,ice,15dogs,55,0.664145127364589,0.7980273972722345,0.4020362158356067,0.06228619747563553,0.3540222222222222,0.6077777777777778,0.00555555555555555,0.1296327783448707,0.38699989953564984,0.7045155192758052,0.1631549928022983,0.08068571214438976,0.2799509962237329,0.3917717695222693,0.2127836898405031,0.03280911770618443,,,,,,,,
fixed,ice,15dogs,56,0.6696640920315305,0.7932220184442776,0.4005739846914035,0.05835935418640301,0.3650444444444444,0.6211111111111112,0.00777777777777777,0.12256864764439424,0.38899349002215355,0.678183105910195,0.16957980795382613,0.07497837758836898,0.27980548326042387,0.3938841770885337,0.2119194365917972,0.03203813141775426,,,,,,,,
fixed,ice,15dogs,57,0.6690519383804479,0.793150808718692,0.39397260528124944,0.06017977315174026,0.35536666666666666,0.63,0.0033333333333333296,0.13236370628421504,0.3923633688787258,0.6978831762425423,0.1589451169785843,0.08220352141085331,0.2804229382451345,0.3951435790255827,0.21087517116370988,0.03319195158896375,,,,,,,,
fixed,ice,15dogs,58,0.6683387842713032,0.7900928851878277,0.4171517079480644,0.060393117194103216,0.3648222222222222,0.6266666666666667,0.00444444444444444,0.12866052697995195,0.387982658887936,0.7022304513477419,0.1435359518596841,0.08066510056101385,0.27960067917759696,0.38799369947159223,0.21515052865731837,0.032595994385604884,,,,,,,,
fixed,ice,15dogs,59,0.6667622599822833,0.7879013466916928,0.4057750656901722,0.06190382649874286,0.3622666666666666,0.6177777777777778,0.00222222222222222,0.13201874938017033,0.3877795430326003,0.7083314837043768,0.1505163889845378,0.08228185745736731,0.28017903752871254,0.4057859840552146,0.20938640262442618,0.034209878304812605,,,,,,,,
fixed,ice,15dogs,60,0.6675956117345372,0.7848368287715825,0.3894338168417109,0.06086566740658751,0.3726222222222222,0.6255555555555555,0.00555555555555555,0.12946230816293797,0.3873363681841179,0.7150454946681799,0.1624390364052492,0.08093484149290858,0.27917837345070895,0.39967428831462376,0.20853140163929598,0.03371064972574665,,,,,,,,
fixed,ice,15dogs,61,0.6670161203365998,0.7949294717516563,0.4043862155367555,0.062064749713278355,0.37089999999999995,0.6244444444444445,0.00444444444444444,0.13370137363546514,0.3840709094376037,0.7139065456896955,0.16288095800089802,0.08097552091194685,0.28079850744261947,0.39996923900936293,0.2136287941833665,0.03388150373395503,,,,,,,,
fixed,ice,15dogs,62,0.6687014726543526,0.7893052532397251,0.4295895733584814,0.05772066549792889,0.37554444444444446,0.6311111111111111,0.00111111111111111,0.1295831112585847,0.38779355932495513,0.7205874130810653,0.15814506585115387,0.08058726787516034,0.27975434374304414,0.40470701608168413,0.2101211365872257,0.03414258096699963,,,,,,,,
fixed,ice,15dogs,63,0.6691788189045909,0.7893461210473959,0.4415818463540681,0.05785283253830814,0.37305555555555553,0.6288888888888888,0.00111111111111111,0.1358528896436897,0.3906553825768668,0.7288081438588162,0.18989346575477506,0.08036491024403736,0.2784267785370869,0.3888974920913181,0.2073975927463017,0.03317103537029725,,,,,,,,
fixed,ice,15dogs,64,0.6676888675114445,0.7902959775193996,0.42163113721933704,0.059728976601703954,0.37228888888888884,0.638888888888889,0.0033333333333333296,0.13919377398448357,0.386102332897649,0.7297798565462541,0.15855128063219479,0.08566507815720263,0.2796608294999805,0.4023621449380485,0.20946562719727985,0.03324114244395233,,,,,,,,
fixed,ice,15dogs,65,0.666254345671999,0.7870691702345745,0.40688325276611587,0.0589352734889745,0.3759888888888888,0.6311111111111111,0.0033333333333333296,0.1329344814981612,0.3857051059669867,0.6729310735120418,0.1545445314738489,0.08024123272473398,0.2791742713320269,0.3977386201873002,0.20871086419836402,0.03402980320323242,,,,,,,,
fixed,ice,15dogs,66,0.6693103067893152,0.783845924318243,0.4249036269861299,0.0573605309926747,0.3797333333333333,0.6488888888888888,0.0033333333333333296,0.13858344963972818,0.38317076145410034,0.701414408099901,0.16751149377653082,0.07923625124155638,0.27835500713059297,0.3917615669871789,0.2112780766437842,0.03267328757059377,,,,,,,,
fixed,ice,15dogs,67,0.6698660551227483,0.7830237849026915,0.4268281558393462,0.057801385975426126,0.38116666666666665,0.6455555555555555,0.006666666666666659,0.1357594541015105,0.3840097566973194,0.6794930517273834,0.16858330390866125,0.07661855687860689,0.2777399361646101,0.3895098074376258,0.2100919795184389,0.03361503835415776,,,,,,,,
fixed,ice,15dogs,68,0.6712605774711597,0.7899336328697745,0.4215499218375001,0.05634450545166986,0.3859666666666666,0.6377777777777778,0.014444444444444435,0.13329025491487653,0.3861584943414367,0.7115247411369465,0.1531104867990112,0.07977990467208654,0.2766579609426654,0.4000863999822271,0.20669209005197522,0.03393219870584943,,,,,,,,
fixed,ice,15dogs,69,0.6712283657282505,0.788095106593371,0.4203805424952688,0.056310549317544645,0.3884888888888889,0.6433333333333333,0.0033333333333333296,0.13783445886959997,0.38460202451841907,0.6993898308289184,0.15626999362037225,0.0762588302223782,0.27669871267908386,0.39514172637255307,0.20624930350214193,0.033563378696829474,,,,,,,,
fixed,ice,15dogs,70,0.670748225814954,0.7833082535377923,0.4327311348459375,0.056175810872846524,0.3899555555555555,0.6522222222222223,0.00777777777777777,0.1373067650064818,0.38386418750276824,0.7129402044529316,0.17837842468230622,0.07830600922410545,0.2788881552531995,0.39998334013383147,0.2078106559099703,0.03379875443710818,,,,,,,,
fixed,ice,15dogs,71,0.670567348529765,0.7885986922431977,0.44177710936582654,0.055192732628792915,0.39417777777777774,0.6488888888888888,0.00999999999999999,0.13508635811951672,0.38049724819535674,0.6930844874269178,0.1784948341943021,0.07302630619736053,0.27827498896732517,0.3909572759487503,0.21153965199693303,0.03259276407278815,,,,,,,,
fixed,ice,15dogs,72,0.6684203709186006,0.7755861610294394,0.43393200066627846,0.05508835986941026,0.4004,0.6599999999999999,0.00777777777777777,0.13632387057728737,0.37774831738937814,0.6978911787633151,0.16658181246424847,0.07180202872794342,0.27935196138450674,0.3960905048689367,0.209366418233486,0.0326833035033179,,,,,,,,
fixed,ice,15dogs,73,0.6691564895892899,0.7972485610482055,0.40880952208202215,0.05953913831987978,0.4006333333333333,0.6633333333333333,0.00555555555555555,0.1377924424428803,0.3804419723760663,0.6838323226265814,0.16053211406370577,0.07655524185604853,0.27845516835139245,0.3930875435003067,0.20799185390312921,0.03311769887475878,,,,,,,,
fixed,ice,15dogs,74,0.6699640148097606,0.7916197124957255,0.40459050866534,0.05833729686541529,0.3950111111111111,0.6611111111111111,0.006666666666666659,0.14068630566918333,0.38530265889875254,0.7138732284828376,0.15963300299006178,0.08126214999543052,0.2786212469516302,0.397980865448275,0.2063285802639125,0.033812699168810974,,,,,,,,
fixed,ice,15dogs,75,0.6719247846043596,0.7880225923625709,0.40639015517083105,0.05750457530399987,0.3993666666666666,0.6555555555555556,0.00555555555555555,0.14024796252676736,0.3862754094216328,0.714287141694053,0.14795859639434505,0.08132411466526308,0.2790910981570921,0.392687616287448,0.2037851355275313,0.03339079849566559,,,,,,,,
fixed,ice,15dogs,76,0.6720086875830907,0.791555688050589,0.44184051882198183,0.05301104715366427,0.4098888888888889,0.67,0.00777777777777777,0.13639013317700416,0.381757160685945,0.666545956245323,0.1666755988008393,0.07328524256229131,0.2782609556885509,0.3876046570886653,0.20869022372168633,0.03265285975796772,,,,,,,,
fixed,ice,15dogs,77,0.6709403311808625,0.7812302916260995,0.4167001061861944,0.05742364826899872,0.41176666666666667,0.67,0.00555555555555555,0.13533661512880776,0.3790558067569846,0.7008182480318302,0.1554050969173832,0.07451483154701262,0.2782351002903104,0.4009042318059913,0.20757177711440247,0.03323217945845916,,,,,,,,
fixed,ice,15dogs,78,0.6721064679641021,0.7794498100797402,0.4063612898747822,0.05775018597789204,0.4086555555555555,0.6733333333333333,0.00777777777777777,0.14042209514786194,0.37985299007812773,0.6966037468327423,0.13380060028223564,0.07915561530646067,0.27887847544184347,0.39680247621719716,0.20522386497900316,0.03299239386561516,,,,,,,,
fixed,ice,15dogs,79,0.6703245700386187,0.7823231088742737,0.41183830815919287,0.057539757600676235,0.41327777777777774,0.6711111111111111,0.00999999999999999,0.1414603112905588,0.3782069906976763,0.6718948144250854,0.151158730892279,0.07578786165764055,0.27880683697622155,0.4026978356098507,0.20566762967058366,0.03344385325754399,,,,,,,,
fixed,ice,15dogs,80,0.6707919599087697,0.7886966642945101,0.40069310691476784,0.059969397508829105,0.4061666666666667,0.6677777777777778,0.00444444444444444,0.1448999763706814,0.38210056441258605,0.7081904547160999,0.16593453535044692,0.0821541337525887,0.27785394898720017,0.3979550411783038,0.2073222175534343,0.0343597425610987,,,,,,,,
fixed,ice,15dogs,81,0.669503539331401,0.7906275480381588,0.41060180331280505,0.06047264233019667,0.4124,0.6944444444444444,0.00777777777777777,0.14912916860413067,0.3771103163076496,0.6812427106996788,0.14174588940035296,0.07966641871559046,0.2800911384237471,0.40208288127377834,0.20805229973886216,0.03399829232916483,,,,,,,,
fixed,ice,15dogs,82,0.6708563181478346,0.7843309360789543,0.41499436590487015,0.05730267459562403,0.41448888888888885,0.6722222222222223,0.00111111111111111,0.14685446398919583,0.3812337694900909,0.7328520628477444,0.15940005103049898,0.07915834455527257,0.27815985610032334,0.4014478344601201,0.20751036240104576,0.03387661663331501,,,,,,,,
fixed,ice,15dogs,83,0.6708699734222107,0.7879552222003168,0.4493606232149302,0.05460354875843092,0.41899999999999993,0.6822222222222222,0.00555555555555555,0.14270795257351745,0.3800254819713264,0.7231417206151528,0.16836817629629539,0.07816543209524258,0.27886827499040845,0.3877114713315144,0.20853658742829154,0.03297201650970232,,,,,,,,
fixed,ice,15dogs,84,0.6675332842253467,0.7814777372389488,0.42525055989083693,0.05619547137483775,0.42623333333333335,0.6833333333333333,0.00999999999999999,0.14626530723513087,0.3800576090694391,0.7005825538844361,0.15421054067622963,0.0776081384368616,0.27866519149368096,0.3949780801804847,0.21082381456777158,0.03272414061908609,,,,,,,,
fixed,ice,15dogs,85,0.6679730380579385,0.7823852030043071,0.4508525556129787,0.05183598452127654,0.43775555555555556,0.6933333333333334,0.012222222222222209,0.13164519500314986,0.3764362394941607,0.6779695893091379,0.18517193430028014,0.06735869051319347,0.27671069195108067,0.38612810979744605,0.20680979308712155,0.03216636383704363,,,,,,,,
fixed,ice,15dogs,86,0.6681641062736791,0.7886761851360793,0.44167371330446603,0.05444535081131714,0.4336333333333333,0.6844444444444444,0.009999999999999995,0.13657394265017048,0.37890626255387716,0.6963684959674501,0.18457261796926822,0.07181172468225343,0.2775817432060111,0.3861581341840977,0.20716510766962176,0.03222689424103716,,,,,,,,
fixed,ice,15dogs,87,0.6686284025095909,0.7913829036504543,0.43504742121356266,0.05487724162352029,0.4283222222222222,0.6911111111111111,0.00444444444444444,0.14632401879931492,0.38072334808581015,0.713871077908008,0.17076358220362847,0.0774974609338488,0.2779867832534909,0.39276319667616805,0.2068043556580931,0.03298621100719712,,,,,,,,
fixed,ice,15dogs,88,0.6696840265868896,0.7840529485686825,0.4152097235502695,0.05544593064504457,0.43582222222222217,0.6922222222222223,0.00777777777777777,0.14163715855789397,0.3778966941040651,0.6890602079162209,0.14808190433643983,0.07430258438448702,0.27840887130024294,0.3941100448771499,0.2029543729793381,0.03358328589275937,,,,,,,,
fixed,ice,15dogs,89,0.6665034158327339,0.7851452437327237,0.3933578082481673,0.058557551889374136,0.43649999999999994,0.6900000000000001,0.00555555555555555,0.14593795693745296,0.37752121275148365,0.7124862356650146,0.15151662498224522,0.07524595485592983,0.2796326282246719,0.40244360518595057,0.21084385201517875,0.03419550650771703,,,,,,,,
fixed,ice,15dogs,90,0.6656621777646115,0.7791559418529348,0.38733791962214487,0.05810634550822878,0.43454444444444434,0.6877777777777778,0.00888888888888888,0.14228551584052215,0.376389318096864,0.7005099384017189,0.1403045260438908,0.07397028072730771,0.27849046876515937,0.40507813668505843,0.21268248945747398,0.03354810100358491,,,,,,,,
fixed,ice,15dogs,91,0.668226435594106,0.7822600695735227,0.42473372430752604,0.05360220979596866,0.44545555555555555,0.7088888888888889,0.021111111111111105,0.13944721754864225,0.3779821823124991,0.705962631196083,0.135668036518925,0.0751900365691547,0.27683313741663873,0.3889118939473223,0.20924603389367452,0.031686211026186704,,,,,,,,
fixed,ice,15dogs,92,0.6695041069883104,0.7840083450672196,0.3980480793210527,0.05702113668054496,0.44304444444444435,0.6911111111111111,0.00555555555555555,0.1468827566534315,0.3773177599342982,0.7052963599840149,0.1567735062886329,0.0764039470439341,0.2785858003448004,0.3906399932229202,0.20797887678215593,0.03239110667328804,,,,,,,,
fixed,ice,15dogs,93,0.6673334571851336,0.7784324152188445,0.43427457986219287,0.052938979947378575,0.43966666666666665,0.7055555555555555,0.00999999999999999,0.14440063656940763,0.37593363161687765,0.6911807349209986,0.15348498103757208,0.07533052321253605,0.27853480428925176,0.39892777913114646,0.20460627720639285,0.03279383712326669,,,,,,,,
fixed,ice,15dogs,94,0.6696714323620937,0.779721224609816,0.4570967528659454,0.05210511318177992,0.44241111111111103,0.7044444444444444,0.00222222222222222,0.14669938697126733,0.37816241996425154,0.6985461216500846,0.1829378170256901,0.074310494756087,0.2781514414355663,0.3856574191687287,0.20906769475972697,0.031978180037260245,,,,,,,,
fixed,ice,15dogs,95,0.6676242719249511,0.7859394005407595,0.39699144114471213,0.05577047259547917,0.44643333333333335,0.7044444444444444,0.00444444444444444,0.14305228811600193,0.3735922623401871,0.6824483913177322,0.15515647872631755,0.06987919512332746,0.2785205216677966,0.39871194489845635,0.20332945477531053,0.033169867268812187,,,,,,,,
fixed,ice,15dogs,96,0.6700590384144964,0.793165018366172,0.41609773225339125,0.055580326785457844,0.43986666666666663,0.6977777777777778,0.00888888888888888,0.1465768399555458,0.3790904514905552,0.7011482207621841,0.1423617306691537,0.07607212440853872,0.27832314542511966,0.39308154600159684,0.20233700660244985,0.03301707996787824,,,,,,,,
fixed,ice,15dogs,97,0.6685466337098936,0.7830577134965377,0.39885460350210517,0.056083948414381544,0.44884444444444443,0.7066666666666667,0.00555555555555555,0.14443301101736755,0.37568141954291434,0.7018821488814362,0.14794083237752914,0.07443393492083118,0.2782030298771573,0.39995997087275786,0.2068222046451867,0.03284981871280495,,,,,,,,
fixed,ice,15dogs,98,0.6736704386440746,0.7915987227037302,0.43427154280129165,0.05330557381655139,0.4434333333333333,0.7077777777777778,0.00555555555555555,0.15137103007198616,0.37979687072211366,0.7148449811720237,0.1781741861662938,0.07684634229461071,0.2775663951720469,0.3917634101155845,0.20432595627441724,0.03185396516540655,,,,,,,,
fixed,ice,15dogs,99,0.6704676672139039,0.7868528024758306,0.4457765427351582,0.053617559889117206,0.44882222222222223,0.6955555555555556,0.00888888888888888,0.1430272320780411,0.3780798011728391,0.6868552416174702,0.16445682319770755,0.07302133692785032,0.2767508515908525,0.38789048811268373,0.20606090723269502,0.03276783659392689,,,,,,,,
fixed,ice,15dogs,100,0.6676811220829422,0.7923451775978785,0.408967464815838,0.05604510707690481,0.4514444444444444,0.7166666666666667,0.0033333333333333296,0.1462270255528033,0.37679140521322163,0.7184355180114682,0.1435913374356898,0.07468019695485359,0.2793803330242844,0.3898129371201709,0.21212084535865858,0.03253010526379177,,,,,,,,
fixed,ice,20dogs,1,0.5882309359656901,0.7843142161013084,0.22688996989099436,0.11117562905704534,0.03783333333333329,0.1833333333333333,0.0,0.040517310062551784,0.4950911041915854,0.8406038136631633,0.08659137810208203,0.16304721175255327,0.38341699403551455,0.49152211615001945,0.2956398562518961,0.03852559649073708,,,,,,,,
fixed,ice,20dogs,2,0.5808396592044434,0.7735701166838699,0.2021354642182201,0.11718183814160851,0.04068333333333329,0.20833333333333331,0.0,0.04394143584654274,0.4715854133964291,0.8298210604136864,0.0793802378226709,0.16102528592750268,0.383058576819332,0.4996296120819485,0.29708181806650824,0.03888265237460474,,,,,,,,
fixed,ice,20dogs,3,0.5714382952811836,0.7907739746777819,0.21114549046019007,0.12608790820306232,0.048716666666666616,0.22999999999999998,0.0,0.04872637117819246,0.4421686842234676,0.8257768434914698,0.08651991459652501,0.16417286413190862,0.38373311017867806,0.4860384815311754,0.29979150048293124,0.03833833649700592,,,,,,,,
fixed,ice,20dogs,4,0.5671608166744484,0.7834834986572916,0.19730313438982217,0.12595341626628168,0.04758333333333329,0.22999999999999998,0.0,0.04876384595574727,0.43543104518222087,0.8232126077171001,0.06819085485673827,0.16720393764779864,0.3836034541138901,0.4877228126859349,0.2936220302353623,0.038284562347318564,,,,,,,,
fixed,ice,20dogs,5,0.5656053228883544,0.7835667584262639,0.20006689624403542,0.12528722195701464,0.05126666666666661,0.2616666666666666,0.0,0.05318479174682185,0.43139846036807245,0.8281726696593354,0.08060144989219284,0.16821599036573145,0.3824848078649086,0.4826442362608175,0.2948774667077002,0.03874616662554859,,,,,,,,
fixed,ice,20dogs,6,0.5644092121741725,0.7834311421356647,0.20515975200346293,0.1272720206304801,0.05654999999999995,0.24999999999999994,0.0,0.05577244304800696,0.4218951456759662,0.8424417350605203,0.0800851561425786,0.1669234538075663,0.38140859401693095,0.4889086671998176,0.2920910014027104,0.03906194923336393,,,,,,,,
fixed,ice,20dogs,7,0.5617871694089307,0.7710843377699956,0.20373173141900325,0.12174571294367868,0.0604333333333333,0.26999999999999996,0.0,0.05863377427568813,0.4151165974278884,0.8362501185264272,0.07729559800433819,0.16727528503841976,0.38066284737824885,0.4790982758721947,0.28803061910308797,0.03842506861027623,,,,,,,,
fixed,ice,20dogs,8,0.5659563624397104,0.7683751707268078,0.19446049391305426,0.11872990067140812,0.06616666666666662,0.2866666666666666,0.0,0.06099903222035559,0.414058254401909,0.813770670124355,0.07026926939503322,0.16410307433101515,0.377594016979638,0.4871858968443189,0.283667988533058,0.03993736803404703,,,,,,,,
fixed,ice,20dogs,9,0.5676094287462874,0.7722745647474394,0.20431420826959998,0.11879498600615465,0.07489999999999995,0.29166666666666663,0.0,0.06491227462478913,0.405462659829784,0.8129224435075775,0.06602460926436227,0.16362811759993773,0.3772101468379624,0.4918919619707326,0.2762859369001624,0.04077808067823288,,,,,,,,
fixed,ice,20dogs,10,0.5741999625322505,0.7682720190922632,0.2136558674230827,0.11158908733252373,0.08276666666666661,0.315,0.0,0.07059224114025973,0.4100734351470102,0.8100877606646948,0.08123465100864825,0.1626686688169198,0.37704935402747375,0.4845963170838843,0.277598760775811,0.041506777974305305,,,,,,,,
fixed,ice,20dogs,11,0.5747367773337132,0.7683121212448427,0.23426311430957894,0.11024847608668412,0.08633333333333328,0.32666666666666666,0.0,0.0724724686023778,0.4108732865485557,0.8112113663599096,0.08210022756145481,0.16221438822062498,0.3745450916220778,0.48609626963117475,0.27709724419815107,0.04089778204057275,,,,,,,,
fixed,ice,20dogs,12,0.5730114414884583,0.7569216732439222,0.2231969553261394,0.11137768131653625,0.10501666666666662,0.37,0.0,0.08109710137592045,0.39935209970584695,0.8129200224716128,0.07555789630106519,0.16308228326270027,0.3731859143555197,0.48533739141258286,0.275967775428336,0.04106133412317024,,,,,,,,
fixed,ice,20dogs,13,0.5766972858646249,0.7640857580492864,0.25754189020850415,0.10874296827749699,0.11074999999999995,0.38166666666666665,0.0,0.08334569323027474,0.3926882562568259,0.8028384174744936,0.08012421127394309,0.15729073133573035,0.371181943029573,0.4790111625168814,0.278149560667488,0.04009054580406268,,,,,,,,
fixed,ice,20dogs,14,0.5748774697736712,0.7675317599257571,0.26838724811772263,0.10497629168827893,0.12049999999999997,0.3883333333333333,0.0,0.08694119601038512,0.3844236786852938,0.813763051691525,0.08300858806291897,0.15858274876793454,0.3687439249081753,0.4788180121905081,0.2756688610431521,0.04101112165582278,,,,,,,,
fixed,ice,20dogs,15,0.5766632920340461,0.7683905295376339,0.2789687075109836,0.10266538512569431,0.13069999999999996,0.40499999999999997,0.0,0.08972044265195259,0.3778100767233026,0.7711812813362092,0.09399087851287005,0.14813172365634922,0.3674743951180764,0.4780645924027967,0.27180593206225984,0.04003905055622657,,,,,,,,
fixed,ice,20dogs,16,0.5748686185836699,0.7621242970319242,0.28282956229960854,0.10097388735883128,0.1398333333333333,0.43499999999999994,0.0,0.09690280289274432,0.37464122515316867,0.7922915446206661,0.089539435465197,0.1519546975069457,0.3667660737557048,0.4743246058002778,0.27192215095746575,0.04001631014482503,,,,,,,,
fixed,ice,20dogs,17,0.579849541401791,0.7614751177396195,0.2832266983230639,0.10119489960615131,0.15548333333333328,0.47333333333333333,0.0,0.1066696533711142,0.3800872181158547,0.7754367659528502,0.09620451687338225,0.14677655390585517,0.36452401705600856,0.47229847137041714,0.27138537774516486,0.03977633172880704,,,,,,,,
fixed,ice,20dogs,18,0.579431582940731,0.7544852284249853,0.256360185167048,0.09938473903731776,0.1719,0.51,0.0016666666666666648,0.11298215137725187,0.3701736554461243,0.77159816575702,0.0939345755738471,0.1412467620663479,0.3613285109727072,0.4676740373366773,0.26424710502930093,0.03981537952054305,,,,,,,,
fixed,ice,20dogs,19,0.5794951723306562,0.7562844286456254,0.2709610800490643,0.09647974715482507,0.1823833333333333,0.485,0.0,0.12012295587822701,0.367763871754884,0.7419229565474824,0.09627809966620997,0.14221415499051662,0.36162336344042123,0.4778399393833167,0.2729131485445107,0.04042887074805672,,,,,,,,
fixed,ice,20dogs,20,0.5810231874037822,0.7412186590815442,0.2789122272522331,0.09387937965595243,0.20709999999999998,0.5183333333333333,0.0033333333333333296,0.12103551401709248,0.3601740353042616,0.7434960457175678,0.09030421035043144,0.1333407941570009,0.3590714574259295,0.46969070069509355,0.2712321923307971,0.0401132736351962,,,,,,,,
fixed,ice,20dogs,21,0.5835700993034083,0.745882684943828,0.2986655244932526,0.0901865204615828,0.22643333333333332,0.5166666666666667,0.0016666666666666648,0.12053815076167802,0.35512755203386576,0.7328561291153436,0.10088947746442574,0.12409949378171417,0.3573350138058465,0.4607797455640245,0.2657772026223579,0.03903037445126052,,,,,,,,
fixed,ice,20dogs,22,0.5883907331426552,0.7492463486627218,0.295478120076176,0.08802837741497083,0.24379999999999993,0.545,0.0016666666666666648,0.12256267550616781,0.3583053270098008,0.7215259174388289,0.10885488183491761,0.12073336307394848,0.35183274814873206,0.462270996575069,0.2651203273080916,0.03896475645295178,,,,,,,,
fixed,ice,20dogs,23,0.5989981061854615,0.7586595431122793,0.3282444449845759,0.08296112165470532,0.26409999999999995,0.5549999999999999,0.0016666666666666648,0.12729048254258474,0.36586971054939793,0.7354433990612133,0.12082898820094565,0.11898880899867703,0.3496061951795627,0.4605443488947068,0.2676585667117477,0.03753146239190448,,,,,,,,
fixed,ice,20dogs,24,0.5959424013651249,0.7474991832730655,0.3095444255621179,0.08452376689566696,0.26226666666666665,0.5650000000000001,0.0,0.13324471505014607,0.36593380508708717,0.719546153613109,0.12167594119412681,0.1147145489811274,0.3467258813492024,0.44668610679134985,0.26852438030286496,0.03719388477948961,,,,,,,,
fixed,ice,20dogs,25,0.5975619709650255,0.7464451589374702,0.3125567225713233,0.08181132780703317,0.2723333333333333,0.6066666666666667,0.0,0.1330658962842202,0.3659338429816213,0.7360322975936219,0.10767725102014372,0.11922183038512416,0.3482598016567443,0.4595107829794406,0.2670393363556739,0.03893802274718195,,,,,,,,
fixed,ice,20dogs,26,0.6000848838644297,0.741454391073263,0.34616799674836435,0.07825617608521278,0.2824333333333333,0.6083333333333333,0.0016666666666666648,0.1378742047274649,0.3665000074334085,0.7456522911763811,0.13585717459524962,0.11142614774571402,0.3467866343200706,0.44947183713007827,0.2712012505561449,0.03619225594907584,,,,,,,,
fixed,ice,20dogs,27,0.603135854110755,0.7401866260429162,0.3635002532821579,0.07327160485364573,0.3043166666666667,0.61,0.0033333333333333296,0.13702012074071476,0.36651724617824116,0.7117687674042441,0.15098996951485463,0.1078755299704581,0.3467453899309061,0.44884420165231154,0.2670124121272238,0.03632549224936778,,,,,,,,
fixed,ice,20dogs,28,0.6029679287159125,0.735265965473028,0.3637136482892772,0.07377169917671793,0.3096,0.6216666666666667,0.004999999999999995,0.136371759332318,0.3623298804650361,0.7113839783403946,0.14742645400528084,0.10631845666541899,0.3472950525575966,0.4472612337800365,0.261235949869227,0.03563242261580837,,,,,,,,
fixed,ice,20dogs,29,0.6031959614270441,0.7401654558724741,0.32779859174485715,0.07295752165596106,0.31631666666666663,0.615,0.0016666666666666648,0.13967899391180624,0.35983345328405675,0.7006186699862524,0.13635309349048758,0.10024556592663118,0.3463643520430302,0.4554074559170518,0.2644792608480953,0.03619279834766638,,,,,,,,
fixed,ice,20dogs,30,0.6012131760999924,0.7382638186081532,0.3246096862719677,0.0706625372665449,0.32215,0.64,0.0,0.13819578148778536,0.35825548651825306,0.6810624563424288,0.13927530692745094,0.09546224668909833,0.3457686999656402,0.46367365419767,0.26362176363080314,0.035942470406668856,,,,,,,,
fixed,ice,20dogs,31,0.6063198074358463,0.7466589529814449,0.3620006621503906,0.06988628140476547,0.32848333333333335,0.6483333333333333,0.0016666666666666648,0.14074012746453304,0.3635152313603013,0.7309427838938658,0.16665978610312696,0.10013592394481856,0.3455891378165694,0.4445995581762466,0.26911650657760133,0.03477359251994093,,,,,,,,
fixed,ice,20dogs,32,0.601064495453839,0.73645570594825,0.3264535731929634,0.07175148891217967,0.34049999999999997,0.645,0.0016666666666666648,0.13808500359629372,0.36077064872792414,0.7041291310092966,0.1419251411219215,0.0950812514218363,0.3446028878523161,0.4487991691159733,0.26975361982089374,0.03573542718931248,,,,,,,,
fixed,ice,20dogs,33,0.5984102224599568,0.7408857023122881,0.3407237155749511,0.07198325579210628,0.3435333333333333,0.6716666666666666,0.0016666666666666648,0.14581862758850864,0.35587343639337804,0.7155689006456778,0.14046216621383062,0.1002985826523523,0.3464647860593118,0.45900311587668696,0.26730427908454285,0.036493394650350015,,,,,,,,
fixed,ice,20dogs,34,0.601091030959452,0.7373107575773391,0.3419007878348248,0.06697928741461108,0.3542333333333333,0.6599999999999999,0.011666666666666655,0.13911656856572627,0.35900202414470456,0.6908918389019606,0.14248851787623618,0.09059184776851296,0.34594791696849564,0.4538964523587235,0.2696975399638784,0.035263911583226185,,,,,,,,
fixed,ice,20dogs,35,0.5987237923082577,0.7386681485133245,0.35465927809432607,0.06611762856762766,0.3585999999999999,0.6483333333333333,0.006666666666666659,0.14201652269015003,0.35952049227408145,0.6880584227406421,0.1434143081717221,0.09181471933652285,0.34634665628479894,0.4499405291161496,0.2692537583002924,0.03468635190514098,,,,,,,,
fixed,ice,20dogs,36,0.5984883551946762,0.7257406589008492,0.3684896920919193,0.06517937193073997,0.36411666666666664,0.6733333333333333,0.006666666666666659,0.14334943638699355,0.35916317644140794,0.7116218919340693,0.15674032480209668,0.0923734504979781,0.34664368985962934,0.44612412622469744,0.27245417731882693,0.03472735336823863,,,,,,,,
fixed,ice,20dogs,37,0.5965833738959614,0.7314814142643584,0.3431357169354664,0.06689450125202816,0.37566666666666665,0.66,0.0033333333333333296,0.14693158586669453,0.3604310172766664,0.6888373866870463,0.14037363171095604,0.09275848968574582,0.3478618842548481,0.4537164739821705,0.2727960934406888,0.03512440658639367,,,,,,,,
fixed,ice,20dogs,38,0.5968381129534596,0.7266305736159655,0.3581049589560626,0.06530301131239594,0.3817499999999999,0.6783333333333333,0.0016666666666666648,0.15278424979478963,0.35853145528272334,0.6873409742871299,0.14375094547432948,0.0923556689646376,0.34754933081013817,0.4506907908068147,0.26936729539056126,0.03514352943397525,,,,,,,,
fixed,ice,20dogs,39,0.5969413693419937,0.7379238749464502,0.3650913737487869,0.06443843021389886,0.39341666666666664,0.6883333333333334,0.008333333333333325,0.14890954882014745,0.3542835723412824,0.6948644608802497,0.15334418112184042,0.08767973453325288,0.3478954402283812,0.4538852863085919,0.2686663413413573,0.03440980851086719,,,,,,,,
fixed,ice,20dogs,40,0.5934412448750057,0.725833252962754,0.3388410725249755,0.06592922194462744,0.3948333333333333,0.7,0.0016666666666666648,0.15109154294039706,0.35704423785323136,0.6903857011420176,0.13099746766515724,0.08943365507977788,0.3481813388811704,0.4513218394854369,0.27002849345988833,0.03466390879742297,,,,,,,,
fixed,ice,20dogs,41,0.5941305184357255,0.72507959498159,0.33281000673199823,0.06117073486352846,0.4049833333333333,0.725,0.004999999999999995,0.14919661843656856,0.35654106332500685,0.7005108575271047,0.13977600410103794,0.08777906053114369,0.3476687638098904,0.45083445048697246,0.27441493218024665,0.03363651028689171,,,,,,,,
fixed,ice,20dogs,42,0.5940286565996262,0.7237923638629353,0.38513819077466294,0.05995086652421776,0.40696666666666664,0.7166666666666667,0.008333333333333325,0.1523682201047944,0.35567130818773907,0.7032675386660373,0.14286651786949048,0.08939104783536884,0.3474427682685822,0.4431364315734859,0.26723589945485576,0.03433192467653855,,,,,,,,
fixed,ice,20dogs,43,0.5926705907299172,0.7218849537854334,0.35225287426430785,0.06410052070305511,0.4074,0.7183333333333334,0.004999999999999995,0.15366142057327656,0.3564326631752085,0.7023310686847191,0.1468624859463737,0.09088349885042812,0.34649164266238763,0.45223607034818764,0.2689235905256678,0.03453440165494076,,,,,,,,
fixed,ice,20dogs,44,0.59224826783777,0.7199573130826036,0.3362186555362001,0.061294391678545626,0.41741666666666666,0.705,0.008333333333333325,0.1514716978887442,0.3519187442386843,0.683524784570482,0.1190081509687102,0.08775473922729415,0.34656440046327275,0.44545935156896277,0.27088424478768214,0.034083858346428894,,,,,,,,
fixed,ice,20dogs,45,0.5919721722704729,0.7274653249983698,0.36193716748928456,0.06327302213400646,0.4127666666666666,0.6966666666666667,0.0016666666666666648,0.15828421323704564,0.354205959658578,0.6711160669632468,0.14667027831749,0.08791604444455285,0.3455305162790046,0.4482562777144422,0.26263849582121945,0.03426813314874837,,,,,,,,
fixed,ice,20dogs,46,0.5918731264444241,0.7212202977963744,0.36427339992099395,0.060299492936866095,0.4242,0.7150000000000001,0.004999999999999995,0.15435896744149458,0.35346341301414796,0.6652252219982295,0.15174904520628657,0.08181200893843076,0.3470724122295908,0.44195447466298904,0.2646613393683598,0.03444678464286395,,,,,,,,
fixed,ice,20dogs,47,0.5928746468682882,0.7221684171629692,0.3414062960526287,0.061849621148854325,0.42396666666666666,0.7083333333333333,0.0016666666666666648,0.1539555406782156,0.3510123820289114,0.6900691942927353,0.15175271469595977,0.08585996490424157,0.3464037777082277,0.46464183432897393,0.26656949909149086,0.03570808271817427,,,,,,,,
fixed,ice,20dogs,48,0.5947345035484178,0.7363916102796472,0.3406896920881765,0.06489325185325454,0.4276,0.73,0.006666666666666659,0.15770284497790962,0.3546934359465833,0.6943644124315742,0.12270009403113499,0.08746966646727648,0.34719002439833646,0.45376071261127365,0.2660411591606505,0.034927818424506436,,,,,,,,
fixed,ice,20dogs,49,0.5975888431345275,0.7341708574287332,0.35783964714854394,0.06328344080913599,0.4301166666666667,0.7233333333333334,0.0033333333333333296,0.15532571943474843,0.3578354719527729,0.711929685917658,0.12437184837047444,0.09174628223257003,0.3467841820297463,0.4468221566094318,0.26058624960511984,0.03570501468432914,,,,,,,,
fixed,ice,20dogs,50,0.5983387515454555,0.7256625386839437,0.3639490285083994,0.05995540428775684,0.4341333333333333,0.7366666666666667,0.0,0.1608293191973482,0.360850852504703,0.7126511421809381,0.16175938047452038,0.08869684305148938,0.34800780816187726,0.4586893443149753,0.2687044382839262,0.035465096508203356,,,,,,,,
fixed,ice,20dogs,51,0.6002832250668086,0.7299257068246522,0.36129983941835925,0.05930938260710483,0.44794999999999996,0.7433333333333334,0.00999999999999999,0.15674496092609663,0.35880492627787003,0.7047367550524969,0.14784817739192263,0.08456250496062372,0.3483710564256257,0.45331475210813255,0.27108248437217136,0.03482024496163477,,,,,,,,
fixed,ice,20dogs,52,0.6030177095312949,0.7255816687736975,0.3842813478479418,0.06033517231012092,0.4468166666666667,0.7416666666666667,0.004999999999999995,0.15914033870484817,0.35981405490634166,0.6630196803748198,0.15880997021344845,0.08144515346561518,0.3481870967209946,0.4563300995802785,0.26858951716588414,0.034916684342120266,,,,,,,,
fixed,ice,20dogs,53,0.6057776767397729,0.7275581784374234,0.36469255556005276,0.05960059847910874,0.45038333333333325,0.7416666666666667,0.006666666666666659,0.15981797749323112,0.36447694556554283,0.6999069125132409,0.14246267322042655,0.08430491679709078,0.3476090149415207,0.45510177891624437,0.26264406082658,0.0367256388034745,,,,,,,,
fixed,ice,20dogs,54,0.6079948364099336,0.72827550838468,0.38135209690308947,0.05700407232951467,0.4578833333333333,0.7533333333333333,0.006666666666666659,0.15829991863475248,0.364540669064492,0.6742289325266616,0.1475804161333347,0.0830332828969922,0.34865605129129706,0.44977433193350647,0.2641962623839758,0.0358683528781628,,,,,,,,
fixed,ice,20dogs,55,0.6058888510312259,0.7200229502206072,0.3823316062774905,0.05926379780558,0.4602666666666667,0.76,0.004999999999999995,0.1620038037217866,0.36508309170109365,0.706214918389533,0.15236951318023645,0.08487789251636199,0.3498801698842242,0.4535797258615391,0.2670751539375812,0.03643383715633901,,,,,,,,
fixed,ice,20dogs,56,0.6066004723966175,0.7298627950277105,0.38056171895847146,0.05600213284513753,0.46053333333333335,0.7666666666666667,0.004999999999999995,0.16434319879770837,0.36452382893938623,0.6983602107035394,0.15703681918937967,0.08424329365205056,0.35100913873411654,0.45430802897158457,0.2688067863055003,0.035767351008916135,,,,,,,,
fixed,ice,20dogs,57,0.603400676666384,0.7197008369075922,0.37239520283197525,0.05796848225789775,0.4636333333333333,0.7350000000000001,0.014999999999999996,0.16299637360685545,0.36356926576558996,0.7242535076444138,0.13875281746532925,0.08894600276775305,0.3521964991053748,0.4566152834743026,0.26981106079801326,0.03521232899108297,,,,,,,,
fixed,ice,20dogs,58,0.6051972677488411,0.7245267013498006,0.3491298197205416,0.057553566781988044,0.46685,0.76,0.008333333333333325,0.1702110958608042,0.3600193717479395,0.6777219462892662,0.12287772453965695,0.08351490645040552,0.35231739708843235,0.46482174893049466,0.26807969153939726,0.03632666830154373,,,,,,,,
fixed,ice,20dogs,59,0.6057000658866698,0.7316683989084813,0.38552057358493474,0.05514893241476172,0.47348333333333337,0.7583333333333334,0.008333333333333325,0.1674760434105092,0.3630454383575061,0.6825565503971575,0.16952731873173346,0.08406666609258664,0.3532373937385305,0.4554753205924543,0.26923008060977366,0.03568060389685577,,,,,,,,
fixed,ice,20dogs,60,0.607272418315602,0.7218594241373956,0.3609555237683276,0.05619911169337721,0.4775333333333333,0.7733333333333333,0.004999999999999995,0.16587929110161043,0.3629493876088318,0.67784198141001,0.13836317212108837,0.08080742338330653,0.3524131076556477,0.45542434094432843,0.2734590705206389,0.03538601218168398,,,,,,,,
fixed,ice,20dogs,61,0.6088274401801792,0.727036626845482,0.3965997749776998,0.05452376505456965,0.48875,0.7716666666666667,0.01166666666666666,0.16677347343965637,0.366669225837693,0.7120938262102807,0.15523146551558123,0.08444600873397616,0.35217823101184276,0.44880921603157614,0.2677745305065745,0.0350815879849592,,,,,,,,
fixed,ice,20dogs,62,0.6111742282442651,0.7253380322863258,0.4268866263626293,0.049683261097221945,0.4903833333333333,0.7866666666666667,0.0016666666666666648,0.1649741465464919,0.3644567624439336,0.6778549401594691,0.16342540526117647,0.0812858128587827,0.35129962864552267,0.4507192919618525,0.26473152233416825,0.03549511099199544,,,,,,,,
fixed,ice,20dogs,63,0.605273475320994,0.7152489382421284,0.3596081061119071,0.05660456812325303,0.4934166666666666,0.7866666666666667,0.00999999999999999,0.16870814503434342,0.36203655151615993,0.706030272398176,0.1339497036860401,0.08796619045886916,0.35378457771912125,0.4577059119525275,0.26962034308705796,0.03664310674705481,,,,,,,,
fixed,ice,20dogs,64,0.6103861434060869,0.7199206394563216,0.37921035366246736,0.05537011085283401,0.4998,0.7866666666666667,0.01666666666666665,0.16609671521334574,0.3641389820940825,0.6833298379813076,0.157408640050182,0.0828963617872715,0.35346055921712966,0.46120639327725915,0.273192125013968,0.036385377761392265,,,,,,,,
fixed,ice,20dogs,65,0.6093442509750273,0.7247580862093288,0.37870663225023943,0.05633731712506755,0.5071333333333333,0.805,0.008333333333333325,0.16377706123369049,0.36196650741211345,0.684648314706853,0.14826955376500126,0.0817773553362054,0.3550857388405101,0.46457447010533404,0.27346911948459734,0.03583500590839293,,,,,,,,
fixed,ice,20dogs,66,0.6119032349588609,0.7250168992530731,0.36395230504632414,0.05734982974374627,0.5050333333333333,0.795,0.004999999999999995,0.16586368086839565,0.36572129693361655,0.6949789187251316,0.1546675711103868,0.08414355282058755,0.3542340309065069,0.4525854462255059,0.26655421150508873,0.036460667079947,,,,,,,,
fixed,ice,20dogs,67,0.6061436879691809,0.7264424098498676,0.3561034010079141,0.05620548701359489,0.5048833333333334,0.8116666666666668,0.006666666666666659,0.1732146098043757,0.35943686815699916,0.6759010171874013,0.1377934797859434,0.08179341773824896,0.35576001736308094,0.4650544125641038,0.2673927788929759,0.036538842310224764,,,,,,,,
fixed,ice,20dogs,68,0.607939712882757,0.7195527201685936,0.3666604941171141,0.053402315554835114,0.5114,0.805,0.0033333333333333296,0.1688812785700849,0.35916616059946316,0.6717386029904616,0.1346462677247388,0.08087010074872611,0.3548726557068652,0.46251511001630713,0.2712902826573072,0.0364487660170387,,,,,,,,
fixed,ice,20dogs,69,0.6076924691526842,0.7117079236837676,0.39039822424106274,0.05270583158060227,0.5191,0.795,0.00833333333333333,0.16258227958549473,0.3549802525206236,0.6858658299962602,0.1455808478691407,0.07997499401898485,0.3545188761283964,0.453524498569433,0.2780349951937253,0.03478090117288009,,,,,,,,
fixed,ice,20dogs,70,0.6063008139868137,0.7173900609152507,0.3600655669803449,0.054110784893779865,0.5153166666666668,0.8083333333333333,0.006666666666666665,0.16755688560052634,0.35438874304495893,0.6699697913224563,0.12946349279178412,0.08142676606972801,0.356271725411524,0.4566046581334179,0.27634310115115196,0.03462007270210612,,,,,,,,
fixed,ice,20dogs,71,0.6058615377581209,0.7314929293551767,0.3364269797549731,0.05699727280865746,0.52295,0.8183333333333334,0.006666666666666659,0.1744050447521069,0.3543764072355316,0.6927139988690876,0.12045643830209911,0.08167747359374104,0.35536147971725834,0.46479517153517386,0.2688974992684796,0.0364953503227811,,,,,,,,
fixed,ice,20dogs,72,0.6063677193444423,0.7053187831518137,0.3602030825642516,0.054164550521433694,0.51995,0.7983333333333333,0.008333333333333325,0.17469490205832466,0.3567771662699348,0.7045471436069676,0.13580595709238769,0.08335480987081348,0.3550350746371006,0.46396650556065683,0.2667904259263176,0.03631917210551584,,,,,,,,
fixed,ice,20dogs,73,0.6094871017453289,0.7293110509064981,0.38154977193898987,0.051702866419720314,0.5308666666666666,0.8099999999999999,0.0033333333333333296,0.17237909638444043,0.35648705133363195,0.6833429540348089,0.15027282756822383,0.07696740201765634,0.3559456787150124,0.466152853901529,0.26288336903063353,0.037395718033117455,,,,,,,,
fixed,ice,20dogs,74,0.6093045445225883,0.7122425803433662,0.37986409436789914,0.053045133917284736,0.5326500000000001,0.805,0.009999999999999995,0.17171928611104512,0.35871991929714586,0.7167732185599377,0.15629543923273878,0.08043117777916713,0.35803184314186,0.466176539507028,0.2711260089464089,0.03727698993343806,,,,,,,,
fixed,ice,20dogs,75,0.6101508124371935,0.7223513329868266,0.3727303556032565,0.050878604106414795,0.5353166666666667,0.8233333333333335,0.0033333333333333296,0.1743047461996459,0.3602669125505513,0.6723746935382443,0.1473894720600393,0.07788759587157433,0.3572210344144663,0.45876395711890117,0.26533779037457117,0.035982796598701315,,,,,,,,
fixed,ice,20dogs,76,0.612293938376889,0.7276955140981067,0.39208197164827696,0.05123931322858879,0.5369833333333334,0.8383333333333333,0.00833333333333333,0.16992025200816663,0.3596878637661895,0.7120251945983647,0.1602082604427772,0.08279650729098587,0.35593697985797174,0.46260970965987686,0.27161129768076264,0.03634469301146919,,,,,,,,
fixed,ice,20dogs,77,0.6098823863434731,0.7150864909270696,0.37919049557085016,0.051430821090150056,0.53095,0.8150000000000001,0.006666666666666659,0.1772078060169037,0.3573439814376612,0.6652551123781301,0.14799691652784858,0.07793793306314083,0.3570316887347604,0.4576518647960259,0.2729797299434935,0.03589288368528361,,,,,,,,
fixed,ice,20dogs,78,0.6086933453716428,0.7220748147002739,0.34846489791831525,0.055274633728516764,0.5387166666666666,0.8333333333333334,0.0033333333333333296,0.17766621310099592,0.35873596408666136,0.7187891877199074,0.1261070216165226,0.08393395075021445,0.3583637549456239,0.46330948526195675,0.26680867531805613,0.037144993370655806,,,,,,,,
fixed,ice,20dogs,79,0.6110610620869945,0.72301209568382,0.36673361604772703,0.05318858164304262,0.5414166666666667,0.8150000000000001,0.008333333333333325,0.17202740363396135,0.35761348960604644,0.6892782523110148,0.14011277379418904,0.0795437273080313,0.3576843623965317,0.45915125251585265,0.27076537430470815,0.036401540510010204,,,,,,,,
fixed,ice,20dogs,80,0.6129341555785848,0.7245941429857872,0.3823493060333766,0.052140585722979284,0.54245,0.8233333333333335,0.013333333333333326,0.17644688494190805,0.35879139411173194,0.6757114420833679,0.14709292968921805,0.07837233797082721,0.35832387745062244,0.46091965409781926,0.27429194706447924,0.03701980767197159,,,,,,,,
fixed,ice,20dogs,81,0.6127947856072823,0.7149372312091784,0.3896177976390544,0.05140871409602158,0.5437833333333334,0.8183333333333334,0.013333333333333319,0.1722054480897558,0.3595604813334927,0.680948668052014,0.14621461759375545,0.07842279326859089,0.35777948751912325,0.4556311278996579,0.26283258743653387,0.03667694343950797,,,,,,,,
fixed,ice,20dogs,82,0.6125531477978937,0.7143606678149144,0.3815756071399584,0.05133511512243305,0.5493666666666667,0.8300000000000001,0.02166666666666666,0.1698921697563068,0.35823260957327674,0.6672355191123205,0.14293594896132306,0.07437948687274022,0.36039085596057957,0.47543981653730427,0.27616474051878137,0.0376903239921547,,,,,,,,
fixed,ice,20dogs,83,0.6153171931581366,0.7270353255318608,0.39201798388051057,0.051000570709105866,0.5467166666666666,0.8383333333333333,0.004999999999999995,0.1751164279539778,0.36186350892088376,0.7222444832807348,0.1512087971225058,0.07993095296495635,0.3595857576930688,0.4723540191435328,0.2727582344904423,0.036555526299958244,,,,,,,,
fixed,ice,20dogs,84,0.6151249832848766,0.7276303529160424,0.36825374010422557,0.05281268314593589,0.5525333333333333,0.845,0.004999999999999995,0.17295848187047816,0.36056150727019853,0.6870331127503728,0.14290909185200906,0.07384834947334126,0.36026055532307866,0.4617402838101182,0.26858677969566797,0.03670890254668057,,,,,,,,
fixed,ice,20dogs,85,0.6156776140088078,0.7340743938878302,0.3364943363483096,0.05711297994840745,0.5518166666666666,0.8283333333333334,0.0016666666666666648,0.18005066617355056,0.3622027080824014,0.6972899511256604,0.12205120108300067,0.08131647190120747,0.3610672767032364,0.45796332669652207,0.270482109178399,0.036553659638531945,,,,,,,,
fixed,ice,20dogs,86,0.6137713239085947,0.7279219869713732,0.37262334960335836,0.0533010373053097,0.5472666666666667,0.8433333333333334,0.01166666666666666,0.18417125616432878,0.3625658746108166,0.7129546621606881,0.1372818977966074,0.08146773692009031,0.36020860156103907,0.46982039353783456,0.2660888399739945,0.03842050564319334,,,,,,,,
fixed,ice,20dogs,87,0.6160838229570011,0.7196607352608195,0.3780103565304431,0.05097892566011523,0.56145,0.8516666666666666,0.013333333333333326,0.1755541957397588,0.36312779307451076,0.6610574378572662,0.1377705781626865,0.07577879194891861,0.35916697177951373,0.46400147369266787,0.2703235974634411,0.03766313867513228,,,,,,,,
fixed,ice,20dogs,88,0.6160416954426191,0.7263286697642763,0.3376564333708925,0.05602287355393278,0.55855,0.8383333333333333,0.011666666666666655,0.1825920734313492,0.36546581309621207,0.7124610398972359,0.1312688925774598,0.0806194845120221,0.3600527100802749,0.4692503904610664,0.27208178284785045,0.03804240360773511,,,,,,,,
fixed,ice,20dogs,89,0.616816633542843,0.7234292743507852,0.3923110972155494,0.05163866908856415,0.558,0.8333333333333334,0.004999999999999995,0.1813271040000058,0.3661473265931729,0.7007516907472111,0.15554861439250223,0.07885262404570895,0.3591378921337183,0.4602561268408354,0.2665585524370576,0.03784714493231416,,,,,,,,
fixed,ice,20dogs,90,0.615646489040333,0.7176565720625718,0.37806039134794023,0.05312657136703473,0.5608500000000001,0.8383333333333333,0.011666666666666655,0.1790568760463818,0.3638716494460443,0.7073642048684312,0.14828178832241012,0.07775175461726154,0.3593771833152867,0.46260312341645415,0.2619245629052983,0.03759883467291531,,,,,,,,
fixed,ice,20dogs,91,0.6153685700943491,0.7267881813370398,0.3523316768917247,0.05769693940637792,0.5616166666666667,0.8433333333333334,0.006666666666666659,0.18126310012895694,0.36473757769683735,0.711761459234114,0.12478658880633456,0.08422897580363951,0.3601063939549219,0.46300074999683466,0.2642365453154415,0.0379776653012079,,,,,,,,
fixed,ice,20dogs,92,0.6175199986962202,0.7175057592161018,0.37448252098385487,0.052186793646276076,0.5714666666666666,0.865,0.013333333333333319,0.17706371042601043,0.367512074941602,0.7092936819268681,0.15239105646481876,0.0800494544026782,0.3617869372619106,0.46285966729750705,0.2699863402200789,0.03730223925863507,,,,,,,,
fixed,ice,20dogs,93,0.6170912680724905,0.726295859685068,0.3709056696063501,0.05303455333837982,0.5712499999999999,0.85,0.004999999999999995,0.18245514940138377,0.3675785261329496,0.7445064736728821,0.13475298292295818,0.08277251001387088,0.3620841805032485,0.4702019592756203,0.27176180427580965,0.03764754001998771,,,,,,,,
fixed,ice,20dogs,94,0.6177035151417378,0.7302364426287565,0.377788533179855,0.05270762051727683,0.5746833333333333,0.85,0.01499999999999999,0.17588318225269353,0.3612387476712099,0.6676518939965309,0.14165516734630823,0.07148001455070684,0.3604040847139882,0.45330618633102826,0.2692334866709797,0.0364268648083952,,,,,,,,
fixed,ice,20dogs,95,0.617371708153671,0.7200188296987909,0.37257624598256045,0.0530193553804761,0.5731166666666667,0.8533333333333333,0.004999999999999995,0.17903483695088723,0.3613007937114194,0.7035427701514909,0.1404791545087934,0.07806872259197221,0.3614821847738727,0.47329081184185373,0.27077759460815226,0.037573363057613655,,,,,,,,
fixed,ice,20dogs,96,0.6196426359300905,0.7229310312778852,0.37705157147510476,0.05213118696674879,0.58285,0.8533333333333333,0.0016666666666666648,0.17559112802040094,0.3645640337110066,0.7154667103141583,0.1597954945217063,0.07666966742870739,0.3612800820202934,0.4692610576613566,0.276676204064075,0.03725349119589084,,,,,,,,
fixed,ice,20dogs,97,0.6210089036226608,0.7169065159763512,0.3921399070915422,0.04907084172791877,0.5848666666666666,0.8433333333333334,0.009999999999999995,0.16858229126996083,0.3655607618290416,0.6684336875663686,0.15176942768574664,0.0718174223685883,0.3614781242188418,0.46660578632908345,0.27464142963803495,0.03684320686990315,,,,,,,,
fixed,ice,20dogs,98,0.6216300382202982,0.7194681542978252,0.37371062624905277,0.053084591123458126,0.5850333333333333,0.8666666666666666,0.01333333333333333,0.1805623676765253,0.3690460381005445,0.7436611086996296,0.1470466779349868,0.07934591637918748,0.3625901994574279,0.46811342077151685,0.2648256569624504,0.03708241478757506,,,,,,,,
fixed,ice,20dogs,99,0.6214453297472252,0.7240393494796874,0.37954570213036687,0.05188350140903669,0.58345,0.8533333333333333,0.008333333333333325,0.17797495729912743,0.36919003589084937,0.6998855276108312,0.1375812336690175,0.07907454912161573,0.360242822807609,0.4623858322420631,0.2688613920426651,0.03725537029630401,,,,,,,,
fixed,ice,20dogs,100,0.6243248394234522,0.7281467053248168,0.3697778901702625,0.054268593080391135,0.5805666666666667,0.8683333333333334,0.01166666666666666,0.18399886882066435,0.37206482215932973,0.7374501225558026,0.14792616516372198,0.08706022736008664,0.36189956526509637,0.47070493134797997,0.2631557640761911,0.038671311811908894,,,,,,,,
fixed,ice_mud_high,15dogs,1,0.6506367261076985,0.8584077010618436,0.21064888087887343,0.1217853960811732,0.027655555555555506,0.12999999999999995,0.0,0.02883764048666982,0.4925426630566232,0.8446265929696096,0.07663447259388254,0.1616787007684654,0.34230453235738134,0.45387008486811,0.2605125065783178,0.03836247785732029,,,,,,,,
fixed,ice_mud_high,15dogs,2,0.6392196966615618,0.8434965783110151,0.20760806812218568,0.12792519703405603,0.03009999999999995,0.1422222222222222,0.0,0.031144108840131725,0.4590005499607253,0.8396029098311416,0.06723469732049807,0.16427373399612105,0.3434462182031687,0.4513555705548229,0.25478122618894694,0.038801278617197385,,,,,,,,
fixed,ice_mud_high,15dogs,3,0.633864101563163,0.8475720526008681,0.21912592900673675,0.13061192900346796,0.03339999999999996,0.14777777777777773,0.0,0.03253514729171653,0.44269839385816356,0.8205236438483867,0.07070313134792106,0.161358952313672,0.3448942321905929,0.445245590704397,0.2650989038724513,0.03782332645959246,,,,,,,,
fixed,ice_mud_high,15dogs,4,0.6282653083995313,0.8430377528257214,0.22515283089237487,0.13146511539223243,0.034711111111111054,0.1533333333333333,0.0,0.03333678088378583,0.43322709962392353,0.8342093478731215,0.07574758336135193,0.16582822524324736,0.3457185883967349,0.4508888542512063,0.2621175658238835,0.038873870373405714,,,,,,,,
fixed,ice_mud_high,15dogs,5,0.6286079391850512,0.8437812389595697,0.23033644011938909,0.13302751312175257,0.03722222222222217,0.16777777777777772,0.0,0.035836750084852945,0.4329887973120969,0.8395531863582093,0.07366521682788121,0.16682445737412363,0.34414644157385427,0.4454883393723595,0.2528173626469523,0.039767365512633476,,,,,,,,
fixed,ice_mud_high,15dogs,6,0.6275910095883832,0.8421478173730099,0.22389773013181977,0.13111015964983858,0.03941111111111106,0.18444444444444438,0.0,0.038150981117073234,0.4235523005991224,0.8039711808649151,0.07579430466668202,0.16298797577272311,0.3432504004601115,0.4378989480235269,0.2620218954864335,0.03794168338932371,,,,,,,,
fixed,ice_mud_high,15dogs,7,0.6239964738659203,0.838270532180854,0.21714485066540679,0.1332361866401477,0.040822222222222176,0.17999999999999997,0.0,0.0384033569854753,0.42187675039718897,0.827525338949371,0.06805463992757206,0.16673224906027015,0.3430451617907011,0.4411301681083396,0.25158439903171104,0.03991620615938728,,,,,,,,
fixed,ice_mud_high,15dogs,8,0.6234684098473295,0.841691889415263,0.2145005488460386,0.13561787345637244,0.04301111111111106,0.19999999999999996,0.0,0.0406238105587543,0.4208379829407886,0.8382508290758859,0.07129641444871618,0.16704623185613518,0.34172820234819984,0.4416357678720667,0.25020564382884586,0.040278150597819154,,,,,,,,
fixed,ice_mud_high,15dogs,9,0.6200580278464667,0.8404211546953023,0.2364645513598765,0.12943767523951796,0.04832222222222217,0.21444444444444444,0.0,0.04462942092077111,0.4099101803764376,0.8205562363732563,0.07277205839384729,0.16480454979045803,0.33978816534722617,0.44389863853842976,0.24522103427573075,0.041877749214649485,,,,,,,,
fixed,ice_mud_high,15dogs,10,0.6149008550846518,0.8326643556023449,0.23647786695275777,0.12848387635258113,0.05431111111111107,0.2344444444444444,0.0,0.04973503142207752,0.40307876417202326,0.8045473419383866,0.0726687181286024,0.1656999166929841,0.33628773783431176,0.4402348068416514,0.24238024274505424,0.041513828304398336,,,,,,,,
fixed,ice_mud_high,15dogs,11,0.6131540484883313,0.8216866072562874,0.2603970772833787,0.12335223850467196,0.06299999999999994,0.2322222222222222,0.0,0.05133811738555059,0.39460503803301983,0.8229112265324453,0.07566114844929712,0.16014528852807067,0.33573541819027075,0.4417002522691825,0.24241901739985824,0.04184272775135569,,,,,,,,
fixed,ice_mud_high,15dogs,12,0.6139686453018348,0.8266783422941056,0.26736751119992375,0.12009190778264167,0.07033333333333328,0.2522222222222222,0.0,0.054179357575405894,0.3859615335960477,0.7856018292910333,0.08957780996250536,0.15259754173244597,0.3305917168782267,0.4310220463902489,0.23638316300047602,0.04135736626929254,,,,,,,,
fixed,ice_mud_high,15dogs,13,0.6061592369822895,0.8194976390238324,0.2820870628696254,0.11646055143829177,0.07741111111111106,0.2544444444444444,0.0,0.05639514572316686,0.3741293296017217,0.7965887545774094,0.0874830411685653,0.14954405211424915,0.32749651372142335,0.4321939436763357,0.23163225738964277,0.04153215765637783,,,,,,,,
fixed,ice_mud_high,15dogs,14,0.6009582475367089,0.8180685984770626,0.2910337196988848,0.11182454370341115,0.08822222222222217,0.27888888888888885,0.0,0.060944218503600524,0.3634595833292219,0.776202566296632,0.10043838438180348,0.14230353416763938,0.32445081387281016,0.43090087543581357,0.2338873849053543,0.04050792171247596,,,,,,,,
fixed,ice_mud_high,15dogs,15,0.5988939120586007,0.8211986272974243,0.29895545241235727,0.10583322240122457,0.09841111111111105,0.29888888888888887,0.00111111111111111,0.06360970704750163,0.3619452923456761,0.7778095588294488,0.10427867174060719,0.13653496544097674,0.32148394943916847,0.4280618849391454,0.23026243016974451,0.04017498658853123,,,,,,,,
fixed,ice_mud_high,15dogs,16,0.593716411890378,0.8024023358066561,0.29107936051073646,0.10364337445462728,0.10823333333333326,0.29888888888888887,0.0,0.06450318778647893,0.35279405039751827,0.7572340342572118,0.11521637821728681,0.12678964403804371,0.3187617039819887,0.42887651225383594,0.22695856413857546,0.03815013544363856,,,,,,,,
fixed,ice_mud_high,15dogs,17,0.5950261649765649,0.803263898249304,0.2921008134177765,0.10105520945102439,0.11305555555555549,0.29888888888888887,0.0,0.06457015357174808,0.3506238678695559,0.7497148441954887,0.10346033285683258,0.1251521426316337,0.3166476148702654,0.42715908724804913,0.23254099338718714,0.03856047448946635,,,,,,,,
fixed,ice_mud_high,15dogs,18,0.5944799729391396,0.8054500185322269,0.2859391701189914,0.10382843655532134,0.11992222222222218,0.3311111111111111,0.00111111111111111,0.06963207565558552,0.3482638781851408,0.7630657842319888,0.10450193690909079,0.12429524933673726,0.31432314884780166,0.41800014552044723,0.22862275538208604,0.03882587985990482,,,,,,,,
fixed,ice_mud_high,15dogs,19,0.5915151538165719,0.8048368191112225,0.30088229140391143,0.10083569147029772,0.12403333333333329,0.34777777777777774,0.00111111111111111,0.07431798238190523,0.3437587546427628,0.7308031445192402,0.09840205902903394,0.12117923039211846,0.3137140146086047,0.4270823922707043,0.2284232301615685,0.03911164415105708,,,,,,,,
fixed,ice_mud_high,15dogs,20,0.5911218052957905,0.8079461658157208,0.3008707443502747,0.09969101761376357,0.13223333333333326,0.35333333333333333,0.00222222222222222,0.07763785896594916,0.34432502765455464,0.7450576727337588,0.11490586092217034,0.11897335093827968,0.31073862590420664,0.4202253285325247,0.22759009547548043,0.03832532505474844,,,,,,,,
fixed,ice_mud_high,15dogs,21,0.5879522615496414,0.8051539083261015,0.2879332527059809,0.09904315371102317,0.14956666666666657,0.37555555555555553,0.0,0.08409379659813414,0.3376173566918725,0.7272884729685893,0.09874190391005724,0.11709473994448194,0.30990788108168704,0.4220448976782805,0.22608701784616053,0.03841088193811686,,,,,,,,
fixed,ice_mud_high,15dogs,22,0.5872471556808219,0.7941681420946491,0.31532108934859876,0.09282881044979331,0.15723333333333328,0.3822222222222222,0.00111111111111111,0.08321510035045467,0.33318911879516927,0.7454814098738717,0.10028118777710138,0.11568772886150265,0.3085876446273624,0.4201744739710957,0.22239772721710768,0.03870336574394516,,,,,,,,
fixed,ice_mud_high,15dogs,23,0.587016918179019,0.791743324621505,0.30491360017667957,0.09240740761896206,0.16716666666666663,0.4188888888888889,0.00111111111111111,0.09021647146036252,0.3338338832890841,0.711782174924801,0.1083997526480992,0.1125676886571696,0.306753734216184,0.42269393679886447,0.22318545796564943,0.03863305447260863,,,,,,,,
fixed,ice_mud_high,15dogs,24,0.5882571977360846,0.7806849157674189,0.2965535451314175,0.08815308630703524,0.1792333333333333,0.4022222222222222,0.00111111111111111,0.08899171930154004,0.33081959113054765,0.710355796122567,0.10253116807115445,0.10613774600156826,0.30300314999905836,0.41539875017372496,0.221458134432082,0.03807253101331519,,,,,,,,
fixed,ice_mud_high,15dogs,25,0.591825084054035,0.7842200635317406,0.31047762495063325,0.08407186327604078,0.18904444444444438,0.4333333333333333,0.00111111111111111,0.09099668596205243,0.33567448733830757,0.7192571475531364,0.12176628066952185,0.1062308997748044,0.3019308268574633,0.41354840901085604,0.2247801646548076,0.03668661763958374,,,,,,,,
fixed,ice_mud_high,15dogs,26,0.5908232749191994,0.7665041573785862,0.33746262662167903,0.08007439988102863,0.19551111111111108,0.4422222222222222,0.00222222222222222,0.09056087582690366,0.3332104512855376,0.6868845630898722,0.1431462818949089,0.09962486719744457,0.30039486608969923,0.4149572813838288,0.2219188619903915,0.03676521384143935,,,,,,,,
fixed,ice_mud_high,15dogs,27,0.5885143870093065,0.790699630474521,0.32994061353154247,0.08219303740317954,0.20388888888888884,0.43666666666666665,0.0033333333333333296,0.09456921275595427,0.32860749095562547,0.6937658222108875,0.13281780862203463,0.09876352611337999,0.3015172828574332,0.4136878149138866,0.21825827105548737,0.03795311631372999,,,,,,,,
fixed,ice_mud_high,15dogs,28,0.5909563287526172,0.7863013279435436,0.3336244246586921,0.08029967119460926,0.21068888888888884,0.43555555555555553,0.0033333333333333296,0.09636251890169123,0.3312339192468986,0.7006121760590661,0.12484396513697191,0.09836540452352972,0.29943375936265487,0.4105324607104908,0.2225976413357297,0.037248625211180594,,,,,,,,
fixed,ice_mud_high,15dogs,29,0.594977123712026,0.7797554384154893,0.3123434839515355,0.08255549673443305,0.21349999999999994,0.45,0.00444444444444444,0.09567771624272327,0.3371762700244157,0.7399155873496837,0.10981362329987676,0.10306526224751625,0.2995974467852548,0.41886503058108,0.2207083747396828,0.03716857712113884,,,,,,,,
fixed,ice_mud_high,15dogs,30,0.5946909309571963,0.7700644365738292,0.3376454807210357,0.08091904623996546,0.21758888888888883,0.45999999999999996,0.00444444444444444,0.0989535465369501,0.337045591401836,0.7101500722180161,0.13273952391318183,0.09914732194963552,0.3005887164779558,0.4052458119306016,0.22126866687156035,0.036432584581372135,,,,,,,,
fixed,ice_mud_high,15dogs,31,0.5939812479254916,0.7611681742131574,0.33414875217997964,0.07754831738124732,0.22308888888888884,0.47111111111111115,0.00444444444444444,0.10028191285878454,0.3381153981182471,0.6937285270613502,0.12392009158557207,0.09815561964386724,0.30083553400694873,0.4171480828082724,0.22102209353288033,0.03632013571115463,,,,,,,,
fixed,ice_mud_high,15dogs,32,0.5956885805045441,0.7699990982978545,0.3268547232600021,0.07549685305378526,0.23163333333333327,0.45777777777777773,0.00555555555555555,0.09980246873740842,0.33812019295762263,0.6869188787474461,0.1316649007604957,0.0973564294973904,0.29897661054418223,0.41614895192432133,0.21946586989945427,0.03524674855155725,,,,,,,,
fixed,ice_mud_high,15dogs,33,0.5962785239475428,0.7653689160585813,0.3379220147403977,0.07574360697839606,0.24036666666666662,0.4833333333333333,0.0033333333333333296,0.1026289131648676,0.3365189215414678,0.7192934475901387,0.12007880741499702,0.09695912934390849,0.2976573711680392,0.42104012671123037,0.22884898626315503,0.03498163350186464,,,,,,,,
fixed,ice_mud_high,15dogs,34,0.6003424923078484,0.7652678337139132,0.36129603917273684,0.07505190519697917,0.2448333333333333,0.48,0.0033333333333333296,0.10134289577087292,0.33505567084296073,0.6992251943324357,0.12606292644130232,0.09368789395679628,0.29845816592399216,0.40368400611307653,0.2259574684960839,0.03314436913788518,,,,,,,,
fixed,ice_mud_high,15dogs,35,0.6006895785766182,0.7656706762565233,0.36325717692815573,0.0726768991228371,0.2497444444444444,0.48666666666666664,0.0033333333333333296,0.10532134820084785,0.3393264293655433,0.6846082804447802,0.13469520237675173,0.09352084205148434,0.29724764596954306,0.4194366630911531,0.22241784695446687,0.03519223236215264,,,,,,,,
fixed,ice_mud_high,15dogs,36,0.60279201354377,0.7721629210284626,0.3677263488053054,0.07277747228985822,0.2587,0.48666666666666664,0.00555555555555555,0.10297530230402449,0.33753517163843144,0.6736370146125066,0.14201034035725096,0.08681121125468733,0.29679176559782644,0.399730478967517,0.22727087276749214,0.03314478430741701,,,,,,,,
fixed,ice_mud_high,15dogs,37,0.6022806326230709,0.7642691004392298,0.3739380758231055,0.07220896540355379,0.26015555555555553,0.5055555555555555,0.00888888888888888,0.10396258679899154,0.33770197623352244,0.6871689771101183,0.13840446829923808,0.09168362892256096,0.2975721466429695,0.40122049853804304,0.22504572769491257,0.033392506489652356,,,,,,,,
fixed,ice_mud_high,15dogs,38,0.605985993828461,0.7714594512150448,0.36227095608842963,0.0725258807477451,0.26255555555555554,0.5055555555555555,0.0033333333333333296,0.10793541813153021,0.3412921285782683,0.7002931988533384,0.11981960361026452,0.09081852421650498,0.2976405546687337,0.4016750258567344,0.2266073899966695,0.03399002676526003,,,,,,,,
fixed,ice_mud_high,15dogs,39,0.6064925972285312,0.7658438197176963,0.3825787501014462,0.06900125206468154,0.26544444444444437,0.5177777777777777,0.00555555555555555,0.10987614159213373,0.34201160450789403,0.6889840623194547,0.15931777930586585,0.08869107961906836,0.29599577121139686,0.4054965140900271,0.22278501192139175,0.03389612520488312,,,,,,,,
fixed,ice_mud_high,15dogs,40,0.6128661043638515,0.7598371884220788,0.37420148224629035,0.07009495488515591,0.2680666666666666,0.5033333333333333,0.00222222222222222,0.10882097793168481,0.3476898279970418,0.6787758631478634,0.13828330815991488,0.0891915457079581,0.29448187135769205,0.4055763456217358,0.22595354398642703,0.0331575948912871,,,,,,,,
fixed,ice_mud_high,15dogs,41,0.6110956193591117,0.7690767999062259,0.3641712852302473,0.07222121627169181,0.27336666666666665,0.5199999999999999,0.0033333333333333296,0.10882378563306354,0.3429632847632569,0.6800323219858153,0.13075248869044737,0.08938919756499379,0.29577705986764213,0.40551021794309267,0.22482339102433868,0.032481514286977396,,,,,,,,
fixed,ice_mud_high,15dogs,42,0.6130447479632236,0.7786987618060358,0.38450998800923125,0.0725743195490238,0.28096666666666664,0.5266666666666666,0.0033333333333333296,0.10832464753802222,0.34533539131188834,0.7079928269687965,0.14357565947419665,0.09119472367336726,0.2946312421334809,0.41441605278846294,0.22448380034612847,0.03309383605014786,,,,,,,,
fixed,ice_mud_high,15dogs,43,0.6121645386140422,0.7614936294833864,0.3834953866186435,0.06966814693010731,0.2786888888888889,0.5222222222222223,0.00555555555555555,0.11030975023984632,0.3441331539791538,0.6901682523148115,0.1357143320755521,0.08857443110393215,0.2955297696208284,0.40195698540441527,0.22153750438178058,0.03321338089215471,,,,,,,,
fixed,ice_mud_high,15dogs,44,0.6154631735945288,0.7822785474148597,0.3667462215978136,0.07036584922153355,0.28609999999999997,0.5355555555555556,0.00555555555555555,0.1092700050110554,0.3453311464606687,0.6999572580204744,0.13891821159231965,0.088182290330707,0.2943444152644811,0.40346834852775626,0.2223735041494482,0.032606330164169625,,,,,,,,
fixed,ice_mud_high,15dogs,45,0.6163660717156099,0.7753788395237874,0.35610864974954193,0.07145151008012912,0.28557777777777776,0.5511111111111111,0.00888888888888888,0.11617526617210508,0.3436789969612987,0.6837220909724666,0.11659511625031778,0.0915664342200774,0.2943501285550542,0.40696987353483627,0.21957761444590623,0.033773788797293466,,,,,,,,
fixed,ice_mud_high,15dogs,46,0.6178205620368697,0.7736632093357609,0.3527715530369596,0.0713320632961881,0.2877111111111111,0.5522222222222222,0.00111111111111111,0.11774807974345322,0.3471561012450734,0.7180567383413171,0.139953509052202,0.09249400704162189,0.29462756287032327,0.4150772105390928,0.21993365431585027,0.03472272029604392,,,,,,,,
fixed,ice_mud_high,15dogs,47,0.6224498411119865,0.7699835623393352,0.3765837995735545,0.06988006122666485,0.29627777777777775,0.5544444444444444,0.00777777777777777,0.11602043933128325,0.3451596154064821,0.6579253667107846,0.15775168291536673,0.08542401965745353,0.2924463595080275,0.4038647339056588,0.2229056264169334,0.032733345866529116,,,,,,,,
fixed,ice_mud_high,15dogs,48,0.6224670715228773,0.7749158537265651,0.3623647810550655,0.07135969426142394,0.29669999999999996,0.5488888888888889,0.00444444444444444,0.1169208906637182,0.3466683345506632,0.6762007030068112,0.12892366546786016,0.08878813998845128,0.2925526983421178,0.4066098554696569,0.21942112438464437,0.03412250404155663,,,,,,,,
fixed,ice_mud_high,15dogs,49,0.6263677260565372,0.7833685840060292,0.36163339590739907,0.06939427782727833,0.30219999999999997,0.5511111111111111,0.00444444444444444,0.11749750297039965,0.3481434404630498,0.7398354676718436,0.15437614651211423,0.0897710565065171,0.29107693482190766,0.4109567047785772,0.21907598086474894,0.03370764494887933,,,,,,,,
fixed,ice_mud_high,15dogs,50,0.6271107266447699,0.778454401972188,0.35656787118707,0.06965580923724249,0.3132,0.5788888888888889,0.00555555555555555,0.1185266839107704,0.34489781152446136,0.7134239354356346,0.13737153316609624,0.08679906353410125,0.2899757574089765,0.4053021566276843,0.2190044702082194,0.03436552223251299,,,,,,,,
fixed,ice_mud_high,15dogs,51,0.631179608525485,0.7804587065027812,0.371587031397603,0.06828045361734016,0.31133333333333335,0.5466666666666666,0.00555555555555555,0.11713662145045263,0.3497447006536046,0.6903460880297366,0.15756919381885498,0.08827370595625532,0.29013161121158015,0.4066393871313923,0.2199164285534445,0.03438657783337579,,,,,,,,
fixed,ice_mud_high,15dogs,52,0.6316882325688973,0.7767716800841666,0.408969382739705,0.06813852717583002,0.31298888888888887,0.5588888888888889,0.0111111111111111,0.11731506873903877,0.3483652835641079,0.6746478761604197,0.1524172355286823,0.08641864520673628,0.2886804181077739,0.40849333493110357,0.2173775705495832,0.0335613738839271,,,,,,,,
fixed,ice_mud_high,15dogs,53,0.6346063906613866,0.7810718647708208,0.39616810874214414,0.06937839048030556,0.31666666666666665,0.58,0.00777777777777777,0.12443044145909601,0.34912281309626036,0.7010633213167144,0.1443622403768428,0.08982490567942518,0.28982403682634716,0.39481956049100303,0.2169791153482285,0.033179768819678226,,,,,,,,
fixed,ice_mud_high,15dogs,54,0.6373736525100135,0.773823731402415,0.38216659807408243,0.06620365630499378,0.3247222222222222,0.5722222222222222,0.00555555555555555,0.1221113122331379,0.34804656590249194,0.6795874938255858,0.15016402307724444,0.08306382411573433,0.2879571493892784,0.4038285894627716,0.2199182080576251,0.03411625764104389,,,,,,,,
fixed,ice_mud_high,15dogs,55,0.6388078161713906,0.7775186784186363,0.398627176956849,0.06602349041421138,0.3242777777777777,0.5866666666666667,0.00999999999999999,0.12315644784585573,0.34656744937653244,0.6720403634530301,0.1464559773332939,0.08521717509332999,0.287440948021768,0.3974034456890321,0.21801961262262806,0.03335708667587129,,,,,,,,
fixed,ice_mud_high,15dogs,56,0.6399826208947075,0.775277035222723,0.3902558122983892,0.06641978480597625,0.3304888888888889,0.5977777777777777,0.00222222222222222,0.12172641879768709,0.3479634372745527,0.6661057674700566,0.14050392667489375,0.0833844303827764,0.2878172018650721,0.3910630868824124,0.2143982779198807,0.033504564088550126,,,,,,,,
fixed,ice_mud_high,15dogs,57,0.6446119446022617,0.7814687214303231,0.40236092009929914,0.06621976985931263,0.3356111111111111,0.5944444444444444,0.0033333333333333296,0.12434159193857744,0.34927896990878937,0.6715756172482867,0.1540929377546741,0.0809294794972144,0.2867234582608546,0.40066614230373016,0.21299151054417614,0.03276461106837694,,,,,,,,
fixed,ice_mud_high,15dogs,58,0.6484659067972325,0.78531350310459,0.40191029295812564,0.06338294687341234,0.33878888888888886,0.6122222222222222,0.0033333333333333296,0.1275807945542264,0.3518859383000444,0.6655038416780066,0.14062740413192484,0.08028027698544163,0.2850570231685039,0.39127585760849276,0.21884013241642108,0.031952627791759246,,,,,,,,
fixed,ice_mud_high,15dogs,59,0.6456943136456192,0.7710955690982104,0.39300288055778004,0.06005811117176525,0.346,0.6011111111111112,0.00777777777777777,0.12731750087768523,0.350103286785633,0.698551594151924,0.1499991947265383,0.07914830230477382,0.28437781248364313,0.397291035833025,0.22063012008897562,0.03204283697597455,,,,,,,,
fixed,ice_mud_high,15dogs,60,0.6448075658756027,0.7758630299498638,0.3583659950782426,0.060919267425216216,0.3451666666666666,0.61,0.0033333333333333296,0.12886395793666483,0.34819076304997704,0.6930049504039908,0.12850511273998716,0.07983512955697591,0.28360818057949755,0.40514068524464913,0.20427829787511503,0.03289117111736177,,,,,,,,
fixed,ice_mud_high,15dogs,61,0.6472589497292863,0.7679380971637755,0.3806153594915029,0.05891161031267306,0.35737777777777774,0.6077777777777778,0.014444444444444435,0.12480571117424985,0.346165284611445,0.6835487145469837,0.12377081015719973,0.07641927661125794,0.283432808918165,0.3989492580131864,0.21531197397046786,0.03148293571343296,,,,,,,,
fixed,ice_mud_high,15dogs,62,0.6517393703561861,0.7788913491909886,0.4305750760314847,0.055783382318579336,0.3591,0.611111111111111,0.01888888888888887,0.12120875958134048,0.3488112917394863,0.6416024061384907,0.15395748453394975,0.07107727276644002,0.2825662884747625,0.38857927612333604,0.21583761973037002,0.03107304424025651,,,,,,,,
fixed,ice_mud_high,15dogs,63,0.6508890768618347,0.7786222555923035,0.41843340023823483,0.05845850125825378,0.3539555555555555,0.6244444444444445,0.0033333333333333296,0.12846974322562946,0.3514776952947941,0.699497929648295,0.14984336947437416,0.07859059030405327,0.2827550703956306,0.39217608489907463,0.2147690653744005,0.03193623091337179,,,,,,,,
fixed,ice_mud_high,15dogs,64,0.6502250472575172,0.7736344471356704,0.3990044910870809,0.05834899784483978,0.3583444444444444,0.6388888888888888,0.00999999999999999,0.13293192647988736,0.34964589599331986,0.6862820762644688,0.15710898976352866,0.07730261533358221,0.28511816258574635,0.38982802171837594,0.21782147069948543,0.031775698355902625,,,,,,,,
fixed,ice_mud_high,15dogs,65,0.6539814749570078,0.7700480445350698,0.417113271390921,0.05679527723892073,0.3622888888888889,0.6144444444444443,0.006666666666666659,0.1295632007313822,0.3498622666625233,0.6859290034276017,0.14866395535168228,0.07825785495483276,0.2833930504600019,0.4013366256943919,0.213422226138852,0.03135093938684756,,,,,,,,
fixed,ice_mud_high,15dogs,66,0.6525640056736733,0.7956995431615925,0.40335529733045455,0.05944647995879754,0.361,0.6355555555555555,0.00555555555555555,0.13199649427048737,0.3498680006386184,0.6880315402959563,0.14349558414942915,0.08247497715947917,0.28460803390049205,0.4000440594512088,0.2156028326532573,0.032526478032290654,,,,,,,,
fixed,ice_mud_high,15dogs,67,0.6537033466502191,0.7857599959135413,0.4146941778679034,0.06008850713148012,0.3648333333333333,0.6244444444444445,0.00222222222222222,0.13074026995238977,0.3532304241668795,0.738542855542254,0.15287409481266875,0.08512336072798607,0.284613399721197,0.3982025206647196,0.21614421903481246,0.03212004149278601,,,,,,,,
fixed,ice_mud_high,15dogs,68,0.6563339158679542,0.7831983886086735,0.42901899701557633,0.05575533228615277,0.37072222222222223,0.6455555555555555,0.012222222222222209,0.13265415737996816,0.34985536053582356,0.6754631337801131,0.16327592630793358,0.07357743088641419,0.28190171741856107,0.39039973385570287,0.2160011876955512,0.03050275136777842,,,,,,,,
fixed,ice_mud_high,15dogs,69,0.6580919956766393,0.786312693928317,0.4231004494685598,0.05591430532941245,0.3703333333333333,0.6388888888888888,0.00444444444444444,0.13312378563245858,0.3503862921682409,0.6830036063774749,0.1534947593843165,0.07453485202350606,0.283050712761824,0.3937764728230905,0.21590490449995237,0.0316892587041945,,,,,,,,
fixed,ice_mud_high,15dogs,70,0.6559885565923737,0.7799451075885527,0.4157213001673624,0.0560412589571204,0.3814222222222222,0.6333333333333334,0.00444444444444444,0.1360872587753697,0.3486782461877383,0.713260913820754,0.1604966779675145,0.0808310681967466,0.2843717061202703,0.4003573720717236,0.21615967615707515,0.03186204184145081,,,,,,,,
fixed,ice_mud_high,15dogs,71,0.655556023216197,0.7878101235613519,0.3796835662031382,0.05774679824546034,0.3781444444444444,0.6422222222222222,0.00777777777777777,0.1353293080588052,0.346249499864107,0.6568152883342308,0.1285395226148534,0.07588974725987621,0.2820694387196914,0.3996569951978601,0.2095964072367869,0.0320087418687077,,,,,,,,
fixed,ice_mud_high,15dogs,72,0.6536024178085159,0.7782943488298152,0.3754252777271333,0.057568482334516356,0.3821555555555555,0.65,0.00111111111111111,0.13656297645722712,0.34456032129608527,0.6788850078255239,0.1336202292391734,0.07617457263393207,0.2836239231535292,0.3982808717551204,0.216431783934939,0.031850866117295255,,,,,,,,
fixed,ice_mud_high,15dogs,73,0.6539763803647499,0.7865777529630555,0.4414050362266778,0.05330483953782169,0.3883333333333333,0.6622222222222222,0.00999999999999999,0.1359435352895973,0.3438701498263582,0.6745617898957323,0.1596692343136658,0.07506246731216273,0.2824579658977702,0.38742363205522945,0.21167114553741087,0.031140406165751255,,,,,,,,
fixed,ice_mud_high,15dogs,74,0.6536916601309494,0.7644804700617922,0.42665513152569556,0.05445424243659698,0.3880444444444444,0.6622222222222222,0.006666666666666659,0.13903916298784594,0.34315738424635756,0.7004310553786693,0.15853973980190483,0.07516541987039224,0.28319044629244255,0.39396419340011507,0.21482166446932513,0.031498663113966874,,,,,,,,
fixed,ice_mud_high,15dogs,75,0.653636216958428,0.7854451443869039,0.40490294987339615,0.0550201313618021,0.3949333333333333,0.6522222222222223,0.00111111111111111,0.13658924918165502,0.34224220190052923,0.6995253734754747,0.13963570448210424,0.07595381589887433,0.2826236002886675,0.3937679531977434,0.21479184593765094,0.030205831530342325,,,,,,,,
fixed,ice_mud_high,15dogs,76,0.6537869068532334,0.7892377430654567,0.4126275743532248,0.055766037687763025,0.3997111111111111,0.6599999999999999,0.013333333333333319,0.13071563098297845,0.34149918992355693,0.7078114270973439,0.1525993505726402,0.07446028112172474,0.28208522484180365,0.3940887437508704,0.21225117327612741,0.031402306483617096,,,,,,,,
fixed,ice_mud_high,15dogs,77,0.6525968573111236,0.7689288218473768,0.4357723070572872,0.052822323026551245,0.39957777777777775,0.6611111111111111,0.006666666666666659,0.13172089178599594,0.3392104153201858,0.6817795492107109,0.17178531291475416,0.07358144140249404,0.2832261151533728,0.3966129642166921,0.20911045228670377,0.03327903399116598,,,,,,,,
fixed,ice_mud_high,15dogs,78,0.6530919599505571,0.7702046692277176,0.41076045975250464,0.05703949669485847,0.4002333333333333,0.6566666666666666,0.00999999999999999,0.13252453614649073,0.3366438554849241,0.6438652458593654,0.14588557717484796,0.07345108093442937,0.28315784916621956,0.3950582681332952,0.21688143292295642,0.032033101098233596,,,,,,,,
fixed,ice_mud_high,15dogs,79,0.6537451314569851,0.7770289014102053,0.39972361699856435,0.0600333075019292,0.4039777777777777,0.6611111111111111,0.00777777777777777,0.13373946586683594,0.33720845356957396,0.6690869466373446,0.14905407332371923,0.07427594635850793,0.2834391753586557,0.40061218751158545,0.2150097533546182,0.03274748856048669,,,,,,,,
fixed,ice_mud_high,15dogs,80,0.6550508971042166,0.7857207446024658,0.4103130886389815,0.05623740933240703,0.4054444444444444,0.6844444444444444,0.0033333333333333296,0.13823773745274273,0.339162474719581,0.7061364474710913,0.14247694408505754,0.07890099971597668,0.2824530275012652,0.3971523535802003,0.21116364080744776,0.03257875328322526,,,,,,,,
fixed,ice_mud_high,15dogs,81,0.6565339383250594,0.7708441427532045,0.4161656074120277,0.053344658608509676,0.4046333333333333,0.6688888888888889,0.006666666666666659,0.13635597696356927,0.33976508780726034,0.6836390591301199,0.15534156163772908,0.07427905943282027,0.2813495798397051,0.38999571701586205,0.20938477442497244,0.030689198277229907,,,,,,,,
fixed,ice_mud_high,15dogs,82,0.6603103515734282,0.7808687235877891,0.45103253323302794,0.05126131119089912,0.4086888888888889,0.6655555555555556,0.012222222222222209,0.13754188744719964,0.3414418135245717,0.6841344572729564,0.17857487156397128,0.074069380840677,0.2810031066202753,0.4015649579029268,0.21167220041880594,0.03258992311883311,,,,,,,,
fixed,ice_mud_high,15dogs,83,0.6612939730867942,0.7831570852386529,0.4095233416067858,0.05317113402836389,0.4172999999999999,0.6599999999999999,0.00444444444444444,0.13390485283050496,0.3382541714205183,0.668924463561159,0.15757131106774158,0.0691022908326847,0.2803667360078004,0.39209740470026344,0.21210800221583487,0.030639108336087136,,,,,,,,
fixed,ice_mud_high,15dogs,84,0.659331924796435,0.7710371964771648,0.4282861665479395,0.05145229618976912,0.41198888888888885,0.6755555555555556,0.00999999999999999,0.13767983886997953,0.3391860299449464,0.6577192312848881,0.16616945165411906,0.07054705937597619,0.28083983382254585,0.3988918982962933,0.21458761841663504,0.03076151221820712,,,,,,,,
fixed,ice_mud_high,15dogs,85,0.6585088258591878,0.7716330265922028,0.3978522795897931,0.05401896237514301,0.4183111111111111,0.6933333333333332,0.00777777777777777,0.13674098312753646,0.3363336412562755,0.7001316345147052,0.1489860654969826,0.07295448124009885,0.28070538737804873,0.39418654747006077,0.2123980270862215,0.031113780231907567,,,,,,,,
fixed,ice_mud_high,15dogs,86,0.6584001360498215,0.7851465267093563,0.41538816172011084,0.05367955980446062,0.41714444444444443,0.6611111111111111,0.01555555555555554,0.13425045554800946,0.33529926627526135,0.6648758694315164,0.1539623506761477,0.06852209842143635,0.28104109425482227,0.3950683455592542,0.2175723209210046,0.03127169426568527,,,,,,,,
fixed,ice_mud_high,15dogs,87,0.6584445618620618,0.7742575186148706,0.41717172419525833,0.052454207063805346,0.4201777777777777,0.6788888888888889,0.01777777777777777,0.13640261950166435,0.3388760524452502,0.6646533231491378,0.13499790205639298,0.07330807962306841,0.28035453008010447,0.3971357137166993,0.21185415040811276,0.03173071648568631,,,,,,,,
fixed,ice_mud_high,15dogs,88,0.6572567544366088,0.7755915822385878,0.393432694677731,0.05601822268685368,0.4185777777777777,0.6711111111111111,0.0111111111111111,0.14086701472996008,0.3375704776050394,0.6854850832029973,0.1478436619376224,0.07559513777198199,0.28148899557592616,0.3949295293683661,0.2142076206602645,0.031996784214577065,,,,,,,,
fixed,ice_mud_high,15dogs,89,0.6587230336525233,0.77761453879131,0.4169528834732882,0.052682341009595055,0.4245111111111111,0.6788888888888889,0.00999999999999999,0.13941033058308447,0.3365049294313372,0.7019644328094068,0.1622882877799549,0.07252957175344668,0.2810278713707067,0.3883081142654013,0.2131135501303084,0.030453393165838272,,,,,,,,
fixed,ice_mud_high,15dogs,90,0.6581362944808166,0.7788727551985192,0.42331655738987345,0.052659039771347296,0.4214333333333333,0.691111111111111,0.00555555555555555,0.1423815383228248,0.33803135107145577,0.662732252088858,0.15295112189057355,0.07205593962772665,0.28126524830639144,0.402098584771487,0.2126306242713202,0.03147381667404177,,,,,,,,
fixed,ice_mud_high,15dogs,91,0.657610641020759,0.7687932718027479,0.44388778676269985,0.05006542652536392,0.42073333333333335,0.6844444444444444,0.0033333333333333296,0.14238117653580012,0.3392764751734393,0.686878230562157,0.16541009701890774,0.0758054748993459,0.2824514970912654,0.39202471013704276,0.20895085815986758,0.0310672614132854,,,,,,,,
fixed,ice_mud_high,15dogs,92,0.6552284365440629,0.7765643986420062,0.42936307539699187,0.05372488492702364,0.4301222222222222,0.6811111111111111,0.013333333333333319,0.1387670414023251,0.3343653190456764,0.6556823366199395,0.14708091734826373,0.07153585594716907,0.28111507041862765,0.39394699872013844,0.21355875566774243,0.031174227925416225,,,,,,,,
fixed,ice_mud_high,15dogs,93,0.6539933866528284,0.7748084171425615,0.3912469719833679,0.05576941608638114,0.4260222222222222,0.6922222222222223,0.0033333333333333296,0.1469882116055236,0.3336096172721559,0.6887068324558051,0.157656597763186,0.07565437597480539,0.28252284495990726,0.39240295921884644,0.2088273632735977,0.03178023924419052,,,,,,,,
fixed,ice_mud_high,15dogs,94,0.6540429964324788,0.7785064211218818,0.4113604227323421,0.05562294606834274,0.42508888888888885,0.6777777777777778,0.00888888888888888,0.14420842467678036,0.3307057700644591,0.6472682265181987,0.14118618272380473,0.07069186876543837,0.2826067191036091,0.39802424069488496,0.21040857224808115,0.03224565035591251,,,,,,,,
fixed,ice_mud_high,15dogs,95,0.6550115842315625,0.7761613480306719,0.39341541931475577,0.05728010728198145,0.4288666666666666,0.6900000000000001,0.006666666666666659,0.142116547827778,0.3345213457146249,0.6713546612208443,0.13750001843442378,0.07614166315610295,0.28284673849441955,0.3923333614411831,0.2128632516571507,0.03183355172114105,,,,,,,,
fixed,ice_mud_high,15dogs,96,0.6555412581006136,0.7648394346774088,0.42829197234803845,0.05109010151086023,0.4325,0.7077777777777777,0.00111111111111111,0.13969028866306535,0.33259355721985134,0.6671772468978568,0.16010888218361258,0.06801928003125382,0.28222014978647214,0.381510123316792,0.21340264699956638,0.030449721462926432,,,,,,,,
fixed,ice_mud_high,15dogs,97,0.6564872808698001,0.7701038525665413,0.3949556160522978,0.05452949147695428,0.42972222222222217,0.6966666666666667,0.00999999999999999,0.1406619688138831,0.3333776180775168,0.6720174591451189,0.14072853592843493,0.07085627388375301,0.28205742233017406,0.39360825445331143,0.21821749275915225,0.03125816256202456,,,,,,,,
fixed,ice_mud_high,15dogs,98,0.655980093782169,0.7632972957603569,0.39276922448619506,0.05433954640214559,0.4301444444444444,0.711111111111111,0.008888888888888885,0.14888839746878016,0.33370602451587483,0.6892318255228675,0.1375741345304836,0.07418029539969814,0.2819379668538587,0.39909372321293735,0.2118098976814456,0.031131915519636223,,,,,,,,
fixed,ice_mud_high,15dogs,99,0.657116385594064,0.7843983165872831,0.38383041645245014,0.055746791145971454,0.43572222222222223,0.711111111111111,0.013333333333333326,0.1451126920360551,0.3304728681543764,0.6317535112160022,0.12618041769370775,0.07030482661379926,0.28284158606120735,0.39552830745310874,0.21468627787557745,0.03132218790318116,,,,,,,,
fixed,ice_mud_high,15dogs,100,0.6578313200329596,0.7785345464907492,0.45034441527874236,0.04972720766728988,0.4348666666666666,0.7055555555555556,0.00999999999999999,0.14541073543579036,0.3347267945226564,0.6459284165957822,0.17128690716878942,0.07098634540769683,0.2823589824788052,0.39177927776639515,0.21841756397647688,0.030002288020408607,,,,,,,,
fixed,ice_mud_high,20dogs,1,0.5885456332790268,0.7808457031407892,0.1855045128839802,0.1137361246955247,0.036599999999999966,0.18166666666666662,0.0,0.03929684367176456,0.49831617166571995,0.8603176851201555,0.07052979798215867,0.16485660073378758,0.3829562911632348,0.48706700285189175,0.3020058103326011,0.037791014920737484,,,,,,,,
fixed,ice_mud_high,20dogs,2,0.584456439108471,0.7910602294292896,0.1842076062361625,0.11801864188529473,0.04194999999999995,0.20333333333333328,0.0,0.04529350968290272,0.4716984545508818,0.8248607449743919,0.06704196671987198,0.160009606932155,0.3827387756497639,0.48814424146304924,0.2989222045161736,0.03831017893864545,,,,,,,,
fixed,ice_mud_high,20dogs,3,0.5782686549256126,0.7836159909512632,0.20111491455969283,0.12102159675941826,0.04504999999999996,0.23666666666666664,0.0,0.04751098933842486,0.4518782135830855,0.8309856758755936,0.07947847128053159,0.16100953131064102,0.38245618083385635,0.4967626642272972,0.30263847740268013,0.03898037766590625,,,,,,,,
fixed,ice_mud_high,20dogs,4,0.5761885635344022,0.7803577647224216,0.19628575039253865,0.12254435574106415,0.0470166666666666,0.23166666666666663,0.0,0.0482872276667981,0.4396444998523181,0.8082046233372354,0.07427843668279785,0.1585413397154769,0.3825187142709249,0.4850640016506988,0.29544561495649013,0.03780777017521155,,,,,,,,
fixed,ice_mud_high,20dogs,5,0.5744284157084757,0.7889714667320742,0.17941812851355846,0.1244212918181665,0.05329999999999996,0.23499999999999996,0.0,0.05309417341393413,0.43070445922630574,0.8110919422515168,0.060582531889051536,0.16436202179505968,0.3822818834377747,0.47833969377688945,0.29450532432135446,0.03659252434769926,,,,,,,,
fixed,ice_mud_high,20dogs,6,0.568286535740622,0.784868047729804,0.20117621833559113,0.12392709067317234,0.057533333333333284,0.2583333333333333,0.0,0.05724730251645286,0.4222590218386265,0.8191433143045668,0.06836872492939924,0.1638532309307154,0.38293674969469993,0.4842021489535265,0.29289218163845565,0.03784017425635579,,,,,,,,
fixed,ice_mud_high,20dogs,7,0.5642270103910483,0.7737999816495578,0.1867793740436331,0.12307640818142278,0.06321666666666662,0.27499999999999997,0.0,0.059453728039563315,0.42112107674576543,0.8259873167106668,0.06182244446660616,0.16780948145243885,0.3822580499737381,0.4909462968449412,0.2937372457750234,0.03964187873373785,,,,,,,,
fixed,ice_mud_high,20dogs,8,0.5659781899745306,0.7787853991720731,0.1941247576994454,0.12118603758461848,0.07096666666666662,0.29333333333333333,0.0,0.06313424133946482,0.41825685657050754,0.8091982203125788,0.06843549278533403,0.16440809924237937,0.38043721379319595,0.4910921453622773,0.2853216952814933,0.03956925512886394,,,,,,,,
fixed,ice_mud_high,20dogs,9,0.5688566343861652,0.7674211743602303,0.20959841862566927,0.11619190937603577,0.0785666666666666,0.29333333333333333,0.0016666666666666648,0.06453449722172215,0.4120451604427012,0.7898167956989115,0.07566229711170537,0.16025619143312972,0.37783147558375485,0.4766435533514855,0.2921685879442819,0.03770567200773423,,,,,,,,
fixed,ice_mud_high,20dogs,10,0.5682076263278338,0.7674832120880514,0.20069612492147568,0.11578976926356174,0.09151666666666661,0.3416666666666667,0.0,0.07254446892020419,0.4073453674944245,0.7864647790998911,0.07781886934396479,0.16009883097972274,0.37499265570121826,0.4795576861766563,0.2830674231850535,0.03995383000362236,,,,,,,,
fixed,ice_mud_high,20dogs,11,0.5639641450665522,0.7622374594934287,0.23858784116630058,0.11385673961717269,0.09899999999999995,0.33999999999999997,0.0,0.07480124841547049,0.39580963376729716,0.7858554981399866,0.07688506783090031,0.1565784641797479,0.37401807857688363,0.4736682654519709,0.2798082797316938,0.039610972204726785,,,,,,,,
fixed,ice_mud_high,20dogs,12,0.5651558541407254,0.7637016715549904,0.24354065214913007,0.11096180088919723,0.11338333333333328,0.3616666666666667,0.0,0.08121236105297938,0.39158529456716684,0.8028815726735129,0.0840151406510389,0.15158840738193985,0.3702228222372159,0.46974377432859615,0.28172080877679007,0.03851438726670918,,,,,,,,
fixed,ice_mud_high,20dogs,13,0.564093105171771,0.7617170029355343,0.2519019632395397,0.10830596608237417,0.1281833333333333,0.40166666666666667,0.0016666666666666648,0.08883598589968715,0.3792839590360578,0.7718034590354726,0.09521766765511543,0.1428588301498412,0.3673850075050703,0.4745739076813435,0.27478646722349387,0.03943172128022509,,,,,,,,
fixed,ice_mud_high,20dogs,14,0.563657262919722,0.7554186062612569,0.26018882397651194,0.1037658847784479,0.13713333333333327,0.42833333333333334,0.0,0.09181744508690927,0.37701484606126895,0.7849828562873054,0.08767519685218941,0.14648661948429892,0.36412717599955363,0.46764409351475467,0.2757772723409454,0.03902107905108638,,,,,,,,
fixed,ice_mud_high,20dogs,15,0.5692075899518335,0.7484106680294501,0.2770731668657935,0.10011032673560458,0.15256666666666663,0.43,0.0,0.09520839932388808,0.36903813956950515,0.7713158989768848,0.09087440834115773,0.13861084616132452,0.36476720273267643,0.4705618763121658,0.2735306761410947,0.03890871882485297,,,,,,,,
fixed,ice_mud_high,20dogs,16,0.5675225118524561,0.7456286526845262,0.27365087544214106,0.09680948529866275,0.16389999999999993,0.46333333333333326,0.0033333333333333296,0.09889777751592749,0.36061007536419426,0.7563811082830065,0.08971798204353222,0.13423395606013738,0.3621641825245548,0.46068636102132476,0.26922566944247756,0.03812781689589904,,,,,,,,
fixed,ice_mud_high,20dogs,17,0.5691901954986183,0.7414230758417502,0.2862574632932239,0.09659976276953007,0.1828333333333333,0.4766666666666667,0.0033333333333333296,0.10462754946885208,0.3579720196699603,0.7486032081041367,0.09202119062048261,0.12928342074684196,0.3599363360990723,0.46124339746214227,0.27331685060242716,0.0383490762973678,,,,,,,,
fixed,ice_mud_high,20dogs,18,0.5660704095356989,0.7410485723545223,0.27069940853850444,0.09032893268717711,0.19759999999999994,0.4883333333333333,0.0,0.10901320638830352,0.355070070407123,0.7573251012869877,0.10139774389859675,0.12700449065986913,0.35754152332073963,0.46355215201345984,0.2732931668370297,0.03849559637922414,,,,,,,,
fixed,ice_mud_high,20dogs,19,0.5655378680355365,0.7315607894676126,0.2850569081915685,0.08880537566330948,0.21325,0.5183333333333333,0.00833333333333333,0.11459963396002652,0.3488682222516745,0.7319303489084523,0.09846629126892989,0.12183115492422028,0.3579432316767416,0.454758616336188,0.27041125569090746,0.03741909733477884,,,,,,,,
fixed,ice_mud_high,20dogs,20,0.5614118065520887,0.7288643814874567,0.27959752997826026,0.09078147045394933,0.22454999999999997,0.5316666666666666,0.0,0.11763292377921528,0.3414949537634393,0.7315316840028229,0.09381445645960194,0.12231241913138828,0.35721328570397265,0.46217466820493114,0.27139494932683406,0.0379619815739271,,,,,,,,
fixed,ice_mud_high,20dogs,21,0.5609624229814488,0.7300857671862285,0.2569094783107365,0.09022052369321207,0.24114999999999998,0.5483333333333333,0.0033333333333333296,0.11852642119744554,0.33658325391403476,0.7251678966808556,0.08143658005014909,0.11801771788106159,0.355524565376866,0.45614437420275405,0.268385901229938,0.037161556156446715,,,,,,,,
fixed,ice_mud_high,20dogs,22,0.55977113516626,0.7239920459977183,0.26799291475299664,0.08818887430974745,0.2526333333333333,0.5466666666666666,0.0,0.12252437901370054,0.33583137398595264,0.7048940664245167,0.09535287292613642,0.11613020765315522,0.3573026272143744,0.46431574904909123,0.2721367770504751,0.038043504630391835,,,,,,,,
fixed,ice_mud_high,20dogs,23,0.5622224028021588,0.7318681791861665,0.3360762302938385,0.08007472434376053,0.26831666666666665,0.5666666666666667,0.0016666666666666648,0.12661248098931188,0.3351621618786601,0.7081671673142028,0.12519354679160916,0.11393467279642325,0.3542090572758102,0.4489720150680011,0.27065862728229584,0.036205323074349115,,,,,,,,
fixed,ice_mud_high,20dogs,24,0.5592932969451441,0.7237832878458995,0.29299395717794957,0.08200083936261512,0.2725666666666666,0.5700000000000001,0.0016666666666666648,0.12741204390687955,0.33113656018348747,0.6850559391169984,0.10711893493138733,0.11160733534532592,0.35432639614837214,0.4572287834936276,0.26919689482717596,0.03726938968354672,,,,,,,,
fixed,ice_mud_high,20dogs,25,0.567580411660343,0.7315576083730979,0.3143344533676355,0.07900681055168382,0.28751666666666664,0.5733333333333334,0.0033333333333333296,0.13024085216913173,0.33884025845834337,0.7077895472162559,0.1232949960092602,0.11074761356530907,0.35130859148441324,0.44556016672087856,0.2632478049075592,0.036435193326799405,,,,,,,,
fixed,ice_mud_high,20dogs,26,0.5661583792749217,0.7222977551905495,0.2851967801417897,0.07795610442502728,0.2927666666666666,0.5983333333333334,0.008333333333333325,0.12982745321473393,0.33164749567569046,0.6980494605716234,0.09860519580518123,0.10827775741559106,0.3525245359178518,0.4499152446989467,0.2685315126717522,0.03627966766766874,,,,,,,,
fixed,ice_mud_high,20dogs,27,0.5686713512038098,0.7266751337976162,0.3454069819340971,0.07282655447365156,0.30139999999999995,0.6133333333333334,0.0033333333333333296,0.1335844025091945,0.33551006528848926,0.7219520788566511,0.12163399786381446,0.11151927929971897,0.34985355081284414,0.4532862547313615,0.2717521998533137,0.03626986977657172,,,,,,,,
fixed,ice_mud_high,20dogs,28,0.572480954891214,0.7179038249529539,0.316260456114617,0.07394594004237401,0.30874999999999997,0.6216666666666667,0.0016666666666666648,0.13571593272864654,0.33824427636565524,0.7107592747359843,0.11387961096095504,0.10807423551669211,0.34958803774644653,0.46033559592035694,0.26475037029783655,0.03659741448570182,,,,,,,,
fixed,ice_mud_high,20dogs,29,0.569588219499939,0.7241124841624733,0.3175010972237053,0.07419317985447899,0.32395,0.6183333333333334,0.009999999999999995,0.13399792712823763,0.3334874649538885,0.7023967619251109,0.11726458771663376,0.10017845451492244,0.3494989328777955,0.4536232608644416,0.2723848009532662,0.034914277560742515,,,,,,,,
fixed,ice_mud_high,20dogs,30,0.5725036128775327,0.7213416087684629,0.3219102503321727,0.07278048022386126,0.3314,0.63,0.0016666666666666648,0.13618864469873965,0.3391534823654027,0.7021431029379938,0.11996505741951655,0.10116926347870263,0.3490150482810005,0.4445097853465295,0.2693178983106524,0.03429625425718337,,,,,,,,
fixed,ice_mud_high,20dogs,31,0.5748164828173805,0.7219487637606453,0.3139493258276086,0.07213897609287119,0.3390333333333333,0.6333333333333333,0.011666666666666655,0.13402830989021802,0.337403209296841,0.6833204161487769,0.1329143709122517,0.09479542105673121,0.3482816765318811,0.44535395758786606,0.27033287936152384,0.034361707125763606,,,,,,,,
fixed,ice_mud_high,20dogs,32,0.5776563667833813,0.7238402918017555,0.32045464283703295,0.07136610190920727,0.3475,0.6483333333333333,0.004999999999999995,0.13851652654097918,0.34196336169215596,0.704788760437882,0.13078805916368297,0.09770242379459852,0.34727775648496323,0.4492918793354215,0.26743107426518237,0.03617117410239066,,,,,,,,
fixed,ice_mud_high,20dogs,33,0.5807655321200709,0.7275399819895101,0.3233921084383159,0.07088672772905213,0.35496666666666665,0.6599999999999999,0.004999999999999995,0.1410095899036648,0.34700344082690987,0.6732354703624286,0.13597317151252813,0.09563866840063848,0.34772621999503384,0.44709235677546594,0.2714669972180476,0.03522201296704963,,,,,,,,
fixed,ice_mud_high,20dogs,34,0.5793287469339876,0.7177428539164985,0.3096971052949059,0.07190157320496005,0.3575333333333333,0.665,0.0,0.1426352483028268,0.3473147759888826,0.6975897574377565,0.12788048490563986,0.09996241924216454,0.34623938714254077,0.4516270864519198,0.26653880968225674,0.036521444547383944,,,,,,,,
fixed,ice_mud_high,20dogs,35,0.5802106301714696,0.7278401820619993,0.3104753735844894,0.07574064454140896,0.36596666666666666,0.6766666666666666,0.006666666666666659,0.14240672010227984,0.34338992576867416,0.6764712750062214,0.12167087309184807,0.0970769634548003,0.3480014287113048,0.45906018336022497,0.2662201503042754,0.03667892241859638,,,,,,,,
fixed,ice_mud_high,20dogs,36,0.5804268330813699,0.724376448462203,0.333888718519517,0.07053536726922481,0.36876666666666663,0.6716666666666666,0.00999999999999999,0.14246428446524556,0.34643753185549797,0.6823656888355393,0.1330947790063684,0.09793106283944483,0.347634532213468,0.45326158030320646,0.2680760708318487,0.03585700085854487,,,,,,,,
fixed,ice_mud_high,20dogs,37,0.5828692479579713,0.7179971652254619,0.3141520172743738,0.0714240950734775,0.37343333333333334,0.67,0.008333333333333325,0.14104622260639857,0.34580930984867575,0.6616464115719183,0.12616510108852694,0.0961037026945714,0.3483896295975284,0.4528713188195589,0.2721627638236302,0.03586724888187601,,,,,,,,
fixed,ice_mud_high,20dogs,38,0.5848108904478065,0.7229168252052979,0.34787872944894666,0.06747582281125918,0.38415,0.7100000000000001,0.009999999999999995,0.15019119633783293,0.3490779900589977,0.723999712675287,0.14677099583305053,0.09685013416278662,0.3491293513688515,0.45459753918441753,0.26604298779240015,0.03550751206537401,,,,,,,,
fixed,ice_mud_high,20dogs,39,0.5892313424659665,0.7264380011871883,0.33924174969367565,0.06808219348109294,0.3955666666666666,0.6983333333333334,0.0,0.14798571078544503,0.35239965754828934,0.7474644757646237,0.13358618901515365,0.0982057134370177,0.347299481118175,0.44969260323053517,0.27138779379005007,0.03572617309577703,,,,,,,,
fixed,ice_mud_high,20dogs,40,0.5898543654310544,0.7219294245920038,0.35368862143158275,0.06685419023146473,0.3980666666666667,0.7166666666666667,0.013333333333333319,0.15231859231187042,0.352448073597867,0.682659208495022,0.1460463210595652,0.09241227758874426,0.3470332177883156,0.4486170330487688,0.2688702392192463,0.034646411718692184,,,,,,,,
fixed,ice_mud_high,20dogs,41,0.594287225069782,0.7189492862563813,0.37344549682033806,0.0638637748147711,0.39636666666666664,0.7016666666666667,0.0,0.1533118977420586,0.35905291730967315,0.6990649878530129,0.14225255682263502,0.09422419308738857,0.3455134498621786,0.4414417436256389,0.2698535934682023,0.03428062950351944,,,,,,,,
fixed,ice_mud_high,20dogs,42,0.5985526100248652,0.7231788419228986,0.3389891997966926,0.06324322732840834,0.41118333333333335,0.72,0.00833333333333333,0.1561244699004976,0.362208394614088,0.6956382060269239,0.13654088381265136,0.09048834680256387,0.34534115098761775,0.45146773167297277,0.2667485981898725,0.035368222332085295,,,,,,,,
fixed,ice_mud_high,20dogs,43,0.6021562791674901,0.7257174464877273,0.34611664805696907,0.06295605403752688,0.41879999999999995,0.7100000000000001,0.0016666666666666648,0.15633659492088656,0.36155541846463746,0.709715508370758,0.13937403011074823,0.08926191319348048,0.34430174798617375,0.4568228284694844,0.26353693433250996,0.034665446595638985,,,,,,,,
fixed,ice_mud_high,20dogs,44,0.6023248223486612,0.7228404918426848,0.3311354092637212,0.06249825391494657,0.4205166666666666,0.74,0.008333333333333325,0.15913267061591646,0.3644434453726361,0.6978879012880673,0.1466661559471692,0.08869468387654593,0.345496589489796,0.45148783758146616,0.2717709970439855,0.03487846770763341,,,,,,,,
fixed,ice_mud_high,20dogs,45,0.6032469607584806,0.7231029226419348,0.35129944291507964,0.06234126860051857,0.43565,0.7283333333333333,0.01333333333333333,0.15333414575864415,0.35878392239665075,0.689232548418775,0.14152574803620993,0.08566014561008914,0.34575521854418245,0.4534974991882284,0.2690613096184251,0.03551376350952375,,,,,,,,
fixed,ice_mud_high,20dogs,46,0.6045060800867479,0.72105922807333,0.3642943093105127,0.059452602678999454,0.43818333333333326,0.745,0.004999999999999995,0.15177502203396556,0.3570019110111264,0.6614189784529305,0.15053409525174705,0.07981711062526461,0.3459812403222397,0.44958507991700686,0.26623654233935395,0.03428242369872912,,,,,,,,
fixed,ice_mud_high,20dogs,47,0.607684329639134,0.7260229969882318,0.3881195763844213,0.057736343312452684,0.43888333333333335,0.7233333333333334,0.006666666666666659,0.15360329392223537,0.3568503859755173,0.6724633509242872,0.15734112009569537,0.08073938783032823,0.3451809444340209,0.4433276271625613,0.26351214653722815,0.03381732575828308,,,,,,,,
fixed,ice_mud_high,20dogs,48,0.6079298396644244,0.7230627762260363,0.39379190719970175,0.0592005301021829,0.4453833333333333,0.7433333333333334,0.01166666666666666,0.15966330985081434,0.35988566480920736,0.7040669776735997,0.16048218812800277,0.08416138042083844,0.34598361328090604,0.44302446675336515,0.26523693577360674,0.03548150932639081,,,,,,,,
fixed,ice_mud_high,20dogs,49,0.6074045016723666,0.727944415840492,0.34582314422986926,0.06138989373538264,0.44878333333333326,0.755,0.008333333333333325,0.1616333457229764,0.3610345175281823,0.7202056431661166,0.14067581402943946,0.08557065048617171,0.34466229492626643,0.44754628386960116,0.265979152168092,0.034685303949416164,,,,,,,,
fixed,ice_mud_high,20dogs,50,0.6091599050497073,0.7290107776015737,0.3671173889828194,0.059254836915402107,0.46005,0.755,0.016666666666666656,0.1609594666949573,0.3585911068145197,0.6876846240497183,0.14734469099814784,0.08342302676790972,0.34527400951983733,0.44875371000744807,0.2567572258346919,0.03498387162101262,,,,,,,,
fixed,ice_mud_high,20dogs,51,0.610701853470485,0.7238340970127002,0.34380903378395883,0.060747050468166655,0.4631333333333333,0.7433333333333334,0.006666666666666659,0.1591248682287742,0.36041310922557973,0.6616966447272685,0.14224080283830393,0.0803978085027621,0.3453125492829746,0.45862699295807036,0.2673259555431164,0.03569511014621188,,,,,,,,
fixed,ice_mud_high,20dogs,52,0.6117067798877771,0.7218860637758897,0.3368177190826837,0.061972586796060644,0.4691333333333333,0.76,0.0033333333333333296,0.15680096138784214,0.361325249224808,0.6864175835451138,0.13755987595531857,0.08220202394219708,0.344843552358831,0.4471112509637658,0.2626138681014211,0.035078223738193255,,,,,,,,
fixed,ice_mud_high,20dogs,53,0.6094704695180668,0.7234068158889373,0.3748265654952558,0.060106813867862166,0.4675166666666667,0.7716666666666667,0.008333333333333325,0.16000960797127434,0.35613774291415345,0.6906129139177435,0.14419953886702663,0.08270476552657462,0.3469427489740995,0.4429924994021589,0.2673508073251296,0.0349804372125526,,,,,,,,
fixed,ice_mud_high,20dogs,54,0.6127802378214993,0.726423207719846,0.39496796057271133,0.055726833813805686,0.47528333333333334,0.7633333333333334,0.01166666666666666,0.15601365532470662,0.35893777627101875,0.7078897121290711,0.16140340756413418,0.08246606746242639,0.3463538833145725,0.44097530136533925,0.2715161435369174,0.03397639731623835,,,,,,,,
fixed,ice_mud_high,20dogs,55,0.6129687611231082,0.7232320505589832,0.3552209628640982,0.060218258919525945,0.47850000000000004,0.775,0.009999999999999995,0.16056528060348185,0.35819989137408303,0.6671643857982018,0.15377889785303187,0.08157005603107029,0.34599457438290626,0.455205442279272,0.2705657023451001,0.03539178461780078,,,,,,,,
fixed,ice_mud_high,20dogs,56,0.6124143045646421,0.7188671444778167,0.38572729079325485,0.057735036724424746,0.4802666666666666,0.7550000000000001,0.004999999999999995,0.1645669068589286,0.3589421010882798,0.6854848816084573,0.15791894896534384,0.07891557571179576,0.3466288167733346,0.44270893490813296,0.27228552551773844,0.03455486621070887,,,,,,,,
fixed,ice_mud_high,20dogs,57,0.6131347363629922,0.7303507366343669,0.31599167087978486,0.06125403545980017,0.48769999999999997,0.7783333333333333,0.006666666666666659,0.15815997337809537,0.3575241519812055,0.6621232721669116,0.14462243194561092,0.07521424388104019,0.3463259486741414,0.44968890587094723,0.26833999052261476,0.03466390604741177,,,,,,,,
fixed,ice_mud_high,20dogs,58,0.6151935920463318,0.7293228248198218,0.35136273569809423,0.06006155284493431,0.488,0.7683333333333333,0.004999999999999995,0.15842571052855178,0.3611885869367648,0.710140689572443,0.15060271570193656,0.08096744499136749,0.34785716387958243,0.44845407279559435,0.2710680783932421,0.03498538762554324,,,,,,,,
fixed,ice_mud_high,20dogs,59,0.6163170471506615,0.7105269901297255,0.39990481305523873,0.05301234228377834,0.49015,0.7783333333333333,0.006666666666666665,0.1618149270697854,0.36119085197929035,0.6752329471519707,0.15761586156743493,0.07844434780147612,0.3462775818668774,0.4502031577147917,0.26342525969280756,0.03613389037974225,,,,,,,,
fixed,ice_mud_high,20dogs,60,0.6199274603357132,0.7215425690422232,0.38662171308924703,0.05370817164469134,0.4993833333333333,0.8083333333333333,0.00999999999999999,0.1584659279313776,0.3631756369662268,0.6931097211956166,0.16242987312825394,0.0758824580470164,0.3479477336993382,0.45005841711963007,0.2714809282785835,0.03548264714521572,,,,,,,,
fixed,ice_mud_high,20dogs,61,0.617455810736131,0.7231822061082094,0.3727555588711152,0.05797036218180397,0.4918,0.7883333333333333,0.008333333333333325,0.16285766822429118,0.36257718713264325,0.6806826136488733,0.1559596025303916,0.07674016468128467,0.34611291521239673,0.4477474219510066,0.2677734343417283,0.03484672958661707,,,,,,,,
fixed,ice_mud_high,20dogs,62,0.6178660875441292,0.728175701100777,0.3649576752399402,0.05901881789165917,0.4948833333333333,0.7933333333333333,0.009999999999999995,0.1643503411883509,0.36321187347997386,0.698179636921828,0.137760056369243,0.08163315765341986,0.347979637298589,0.45356262872855463,0.26463810403543875,0.03578909143950906,,,,,,,,
fixed,ice_mud_high,20dogs,63,0.6189276988554597,0.7282385478596417,0.34503659029175615,0.05992323515705682,0.5010833333333333,0.795,0.013333333333333326,0.16300245404321861,0.36532782340937864,0.6801541842980012,0.1425259188167993,0.07979673719459916,0.3473272025575771,0.45645004591013005,0.27045050673104803,0.03583433035777172,,,,,,,,
fixed,ice_mud_high,20dogs,64,0.6226488885191191,0.7286955684516492,0.36663518971459863,0.05542121615629049,0.5143666666666666,0.8150000000000001,0.01666666666666665,0.1596033735820766,0.36684235180247005,0.6694575346216317,0.15146734364208544,0.07601877581613851,0.34627153509776853,0.4489897331424083,0.264173307443558,0.03534280116102839,,,,,,,,
fixed,ice_mud_high,20dogs,65,0.6225465251994959,0.7242559979064732,0.36450258386900436,0.060631665587674834,0.502,0.8200000000000001,0.006666666666666659,0.1695051834773223,0.36792085915322403,0.6720594399239794,0.13527964861686445,0.08084304286356313,0.34783679610727075,0.45178477594353306,0.26880035044281214,0.03581096344525675,,,,,,,,
fixed,ice_mud_high,20dogs,66,0.6263987637044736,0.7224738728647362,0.38590354732990534,0.05366697288782746,0.5145,0.8099999999999999,0.016666666666666656,0.16796389073859014,0.37267630283712255,0.7083186496539835,0.1436128062569128,0.08037904396958548,0.3465159928205005,0.4510837892990917,0.2685849776930123,0.034376786552534025,,,,,,,,
fixed,ice_mud_high,20dogs,67,0.6258709549865985,0.7241232418583783,0.360627380751069,0.05926549847084821,0.5159833333333333,0.8133333333333332,0.009999999999999995,0.16788992035830025,0.3731274168552447,0.7013238681230162,0.15330513523221848,0.08366213719156539,0.3467968767712558,0.4515450055124689,0.26850876641004345,0.03493920480152651,,,,,,,,
fixed,ice_mud_high,20dogs,68,0.628918081429951,0.7277895522899808,0.3798682782023913,0.05479137710077357,0.5257333333333334,0.8166666666666667,0.011666666666666655,0.16559567288769078,0.3727270471071259,0.6737503125767255,0.15355708251438208,0.07465275627111138,0.34651089353583536,0.455350747154586,0.2618137633914835,0.03625542825800106,,,,,,,,
fixed,ice_mud_high,20dogs,69,0.6312837113416521,0.7251764054710164,0.3875620621116351,0.05210513154144954,0.5229166666666667,0.8,0.01166666666666666,0.1674773368185154,0.37751244302847065,0.7211244902000984,0.15393569152790437,0.07935436899677357,0.34503932113606284,0.45177802837725184,0.26893940910113867,0.0347225663653629,,,,,,,,
fixed,ice_mud_high,20dogs,70,0.6306596895132129,0.7228461234911219,0.3536563972769392,0.05479571202364971,0.5265833333333333,0.8016666666666667,0.016666666666666656,0.16644789363871232,0.37589795663289605,0.6633965640418823,0.12355272958454126,0.07949246363750528,0.34678198484586015,0.45602406376254434,0.2644233536784341,0.03621788472676625,,,,,,,,
fixed,ice_mud_high,20dogs,71,0.6294518080209383,0.7224870193343507,0.3740252347198846,0.053351737561457876,0.53205,0.8016666666666667,0.018333333333333313,0.16333840805472655,0.3738698885027546,0.6637004673799387,0.1522683952967709,0.07631322928215468,0.346368793892492,0.4499830388636167,0.2647159005969402,0.03543769515466204,,,,,,,,
fixed,ice_mud_high,20dogs,72,0.6301236633209301,0.7261914701515849,0.3835834774991017,0.054255266191872806,0.5289833333333334,0.8066666666666666,0.0033333333333333296,0.17142606701192994,0.3786345516267139,0.7210402358285815,0.16138237652816326,0.08196041140300056,0.3471798507329816,0.4521023710320666,0.26931405163443467,0.03482085928831391,,,,,,,,
fixed,ice_mud_high,20dogs,73,0.630050624565638,0.7246049858030137,0.35279669144093156,0.054283743512580016,0.5389333333333333,0.8316666666666667,0.009999999999999995,0.17024156706917776,0.3769355014543429,0.6818769689269168,0.15019653755453408,0.07806104468676275,0.3462734491244341,0.4484495254296338,0.2602334100370313,0.03525788833387684,,,,,,,,
fixed,ice_mud_high,20dogs,74,0.6283668470529397,0.7161246329956634,0.38021110371788913,0.05290666099639198,0.5387666666666667,0.8366666666666667,0.008333333333333325,0.16791379979473006,0.3792040444510807,0.7059339694757505,0.15095763084874625,0.08010783171650501,0.3462675345687071,0.4533281022944859,0.26633235600582295,0.03510694608756569,,,,,,,,
fixed,ice_mud_high,20dogs,75,0.629222910958343,0.7126729120349042,0.37239303250758676,0.05417050639558063,0.5446,0.8266666666666668,0.00833333333333333,0.16607158973203423,0.37799750381560787,0.7311654185884816,0.15046550290137212,0.07955940830532458,0.3473524799437143,0.45280291561347524,0.26405716815628866,0.03611479651266623,,,,,,,,
fixed,ice_mud_high,20dogs,76,0.6326819774457269,0.7275346670984457,0.39891290542678337,0.05205085745240343,0.5509833333333333,0.8383333333333333,0.014999999999999986,0.1628661091755595,0.37647132288062524,0.6673644538070899,0.15247090087525114,0.07174199568555768,0.3473519034913892,0.45816037051047126,0.26462067573306947,0.03656575820043763,,,,,,,,
fixed,ice_mud_high,20dogs,77,0.6301642607737822,0.7209987195545351,0.3625405812659289,0.05448346846523842,0.5437000000000001,0.8366666666666667,0.013333333333333326,0.1770806990070798,0.3779763128389415,0.6853408654798487,0.1463348274919919,0.07761852421152748,0.3479712251079886,0.4519412428247477,0.26785874031369483,0.0347907232489353,,,,,,,,
fixed,ice_mud_high,20dogs,78,0.628918492082618,0.72145404354422,0.3606371585952742,0.05382385361072809,0.5419333333333334,0.82,0.008333333333333325,0.1733192472723139,0.37653919585091283,0.7157376624888185,0.12759310454075468,0.08140353946198889,0.34779364081811825,0.45895013173218596,0.2690373352719366,0.0363554602936601,,,,,,,,
fixed,ice_mud_high,20dogs,79,0.6291570634475676,0.7288086890085468,0.383872955041182,0.052436536843487244,0.5431666666666667,0.8416666666666666,0.008333333333333325,0.18014611462995653,0.3796865192806349,0.6918666093156675,0.1570951169010974,0.07769840543319086,0.3465576879149101,0.4513141781529134,0.2660136910074997,0.03558697528836838,,,,,,,,
fixed,ice_mud_high,20dogs,80,0.6285078675848456,0.7262838956639306,0.36676988176931963,0.05588045235142035,0.5491666666666666,0.8300000000000001,0.008333333333333325,0.16843641513714408,0.37453725915225966,0.6748630337120324,0.16696176004670168,0.07267522520714624,0.3480073896179149,0.4550676305464057,0.2696503365803511,0.03493711649232953,,,,,,,,
fixed,ice_mud_high,20dogs,81,0.6298593581414798,0.719163866562722,0.36524295669468243,0.05167632495530564,0.5526666666666666,0.8400000000000001,0.009999999999999995,0.17103066753751167,0.37795610071435193,0.6899057991814349,0.17371988069364444,0.07372538974719033,0.3462480460944096,0.4491010435523865,0.26562189167484423,0.034623605505672735,,,,,,,,
fixed,ice_mud_high,20dogs,82,0.62764153732479,0.718860115739278,0.37371317718006636,0.05155844241405859,0.5562833333333334,0.8433333333333334,0.00999999999999999,0.16760181166594806,0.37513095925925966,0.6607772326412228,0.14972456266803827,0.07044151195854717,0.3473773140025295,0.45291445054155793,0.26679437221991975,0.03603978793127814,,,,,,,,
fixed,ice_mud_high,20dogs,83,0.6284673001938542,0.7165185288574061,0.3691023664025115,0.05289772557534047,0.55905,0.8433333333333334,0.006666666666666659,0.16887541803739065,0.37715205739567137,0.682016639534823,0.12930097526395506,0.0725829087540957,0.3468144071534833,0.46236519976189633,0.26937784893079086,0.035612899594602884,,,,,,,,
fixed,ice_mud_high,20dogs,84,0.6296640688705432,0.7227628215088588,0.34121799706346706,0.05452956339422638,0.5600833333333333,0.8383333333333333,0.00833333333333333,0.1733643619407283,0.37675318992177387,0.6770606804769761,0.15284940749125234,0.07323265222522819,0.34860026910156894,0.45502589868782345,0.26974534626189467,0.03474244100887359,,,,,,,,
fixed,ice_mud_high,20dogs,85,0.628226650244736,0.7241978234051655,0.353640969698404,0.05697883828257864,0.5558,0.8400000000000001,0.009999999999999995,0.17389540856417313,0.3744546144350332,0.6955637354279217,0.1409869033691702,0.07849269226697672,0.34896003762855365,0.4553225308666141,0.26817337839186606,0.03587281565593766,,,,,,,,
fixed,ice_mud_high,20dogs,86,0.6292056982663636,0.7247120546568001,0.36750231386086984,0.057005551538844124,0.5574833333333333,0.8533333333333333,0.011666666666666655,0.17442203069896656,0.37330306467882035,0.6848524243286345,0.14436264833013485,0.0748750736415891,0.34850393557794135,0.45951604847996075,0.2648348636816249,0.03652625340189138,,,,,,,,
fixed,ice_mud_high,20dogs,87,0.6310125159110165,0.7281964653373115,0.3650842682075167,0.05447743966005497,0.5631333333333333,0.8483333333333334,0.0033333333333333296,0.17459454601513152,0.37315273722208503,0.6770043491741851,0.14941787054501188,0.07388954398114544,0.35000611583503655,0.45045945130494164,0.2681072980745022,0.035136145314861526,,,,,,,,
fixed,ice_mud_high,20dogs,88,0.6301646962066421,0.7311538891232786,0.3566437428801276,0.05582959542915032,0.5647166666666668,0.8583333333333334,0.00999999999999999,0.17381357207508621,0.3729004468290228,0.678985310813127,0.15070414766823312,0.0752791749155409,0.3492941578434621,0.455412021481851,0.2576026003737998,0.03693769591576559,,,,,,,,
fixed,ice_mud_high,20dogs,89,0.63229480618375,0.7243927720018127,0.37413026946992084,0.05100012685254997,0.5670499999999999,0.8550000000000001,0.02333333333333332,0.17440228135917973,0.376583363101455,0.6773728396448282,0.14777102005799042,0.07385682624099217,0.34943097758927244,0.45321190515811993,0.26886285870516236,0.0357751627550924,,,,,,,,
fixed,ice_mud_high,20dogs,90,0.6337243337352068,0.7218050268085573,0.38954132636496264,0.047318292259094646,0.5756166666666667,0.8550000000000001,0.01166666666666666,0.17099422814099668,0.37479379470508956,0.6558979216056648,0.15296593548989063,0.06746238499525924,0.3491846813037196,0.4518554081123747,0.26493500851788976,0.03540584800852061,,,,,,,,
fixed,ice_mud_high,20dogs,91,0.6321557264316214,0.7236941497404147,0.399793350040614,0.048268556593443965,0.57815,0.8633333333333333,0.008333333333333325,0.1667188827953929,0.37337252955364103,0.6834124842701782,0.1619265312203111,0.07233960411502599,0.34831522177513363,0.45444267388741616,0.26683668734181365,0.03531263202080224,,,,,,,,
fixed,ice_mud_high,20dogs,92,0.6316940933734831,0.7202308069528394,0.38063351277099156,0.049966647835259656,0.5829333333333333,0.86,0.00999999999999999,0.16917730454773816,0.37048572671724583,0.6833126664263564,0.15368453562021933,0.0692578569484319,0.34984977897929165,0.4547489954062107,0.26951558487020427,0.036093543338179504,,,,,,,,
fixed,ice_mud_high,20dogs,93,0.6312819963901997,0.7165166576367878,0.3828673741662948,0.050400323543044565,0.57485,0.8683333333333334,0.0033333333333333296,0.178440437600312,0.3711994725231733,0.7141699490182588,0.1449848223163635,0.07528216617413433,0.351200547246585,0.45183294513303024,0.268329579976432,0.036207770112338125,,,,,,,,
fixed,ice_mud_high,20dogs,94,0.6325542581908016,0.7238461551814396,0.4209918239402878,0.046291469396308585,0.5777666666666667,0.8733333333333334,0.00999999999999999,0.18102374124781492,0.3759087917568502,0.6724541323146632,0.17027258726510877,0.07111591672804538,0.3487570808408814,0.459804050014022,0.26488566112925804,0.03681841191827577,,,,,,,,
fixed,ice_mud_high,20dogs,95,0.6325328062010965,0.7231776773683898,0.37851803005670964,0.050784126051565626,0.5825833333333332,0.8550000000000001,0.01499999999999999,0.17038837369673498,0.37443342183987555,0.6813595848039466,0.15403506702567568,0.0686493265931972,0.3495100529369551,0.4600164336423639,0.27071685596868733,0.035832683900287196,,,,,,,,
fixed,ice_mud_high,20dogs,96,0.6318599846349022,0.7154859941482957,0.37759050969771335,0.04884161554042439,0.5861,0.8716666666666667,0.006666666666666659,0.17480747831923918,0.3743849675343488,0.6876195915066883,0.1523603272378086,0.07230641976038087,0.34982304659206637,0.4527885812368596,0.26256634857470373,0.03700193693784519,,,,,,,,
fixed,ice_mud_high,20dogs,97,0.6350240460482074,0.7217701878666024,0.3989839933769006,0.04762017891149105,0.5912499999999999,0.8733333333333334,0.00999999999999999,0.17113831319840533,0.3740693955249489,0.6725013789199206,0.17619710811030945,0.0684482148959012,0.35063153148478865,0.45915202784339365,0.26476506473279676,0.036241962125103507,,,,,,,,
fixed,ice_mud_high,20dogs,98,0.6347706042666248,0.7236300127341522,0.3729945568779853,0.049054308996552484,0.5886833333333333,0.8533333333333333,0.01166666666666666,0.1742561937128223,0.37558737342062526,0.6924177310303352,0.12944497537990401,0.07272537363993122,0.3501488522989272,0.45496050595961146,0.26295910183031285,0.03650272130800871,,,,,,,,
fixed,ice_mud_high,20dogs,99,0.6318356381607837,0.7195387918172776,0.3644913874565479,0.05337092136992731,0.5837333333333333,0.865,0.018333333333333323,0.18033281819517172,0.3741003800765045,0.7067573184095334,0.14071071186672926,0.07447727610057686,0.3506961743123491,0.4537552911359478,0.26219216736113155,0.03547096399016226,,,,,,,,
fixed,ice_mud_high,20dogs,100,0.6344305008301767,0.7279827994959032,0.3766221974950057,0.05037286547609275,0.59605,0.86,0.00999999999999999,0.17564078386105328,0.37629892752835215,0.7064314371211224,0.16420000343870617,0.07325371175342142,0.350956086329144,0.4567047580719075,0.2647686304478318,0.03648148707115828,,,,,,,,
fixed,ice_mud_low,15dogs,1,0.6545252361378429,0.8476814846153893,0.25232016428948817,0.11858355795086943,0.027744444444444388,0.14111111111111108,0.0,0.029881234643129684,0.49742920668161006,0.8627962092073898,0.09234575552177995,0.16583083373936028,0.3423479433160151,0.4493834719961288,0.24853734476020173,0.03907385497056641,,,,,,,,
fixed,ice_mud_low,15dogs,2,0.6444218585103283,0.852868758525965,0.23227490339495277,0.12587461738339384,0.030866666666666615,0.1455555555555555,0.0,0.031398130409126854,0.462397979228489,0.836138678628598,0.08515989672468459,0.16197206652046123,0.3435452306284746,0.44839525273247693,0.2583274175029568,0.03744461984191107,,,,,,,,
fixed,ice_mud_low,15dogs,3,0.6319993540583415,0.8392214062536381,0.2182950415423691,0.13111741207461583,0.03386666666666662,0.16999999999999998,0.0,0.03423919955418149,0.44449821687436586,0.8420607773988985,0.06812806743771196,0.16851422643737893,0.34573739913690255,0.4499662057064839,0.24988810448908913,0.03883046260858306,,,,,,,,
fixed,ice_mud_low,15dogs,4,0.6307985213253958,0.8432322157529969,0.20729619240168198,0.1319033639544934,0.03632222222222218,0.17111111111111105,0.0,0.03483814700198407,0.4359395119847413,0.827618121403688,0.06855951715818896,0.16762499572201078,0.34524460384576894,0.4511740107545873,0.2548715750632792,0.03881144823103515,,,,,,,,
fixed,ice_mud_low,15dogs,5,0.6251745027576401,0.8376524736545635,0.21856684524317246,0.13475885980898877,0.03863333333333328,0.15999999999999998,0.0,0.035480758433001684,0.42459430697853684,0.8249269610853815,0.06502929935872351,0.16784130962300398,0.345683113078969,0.45382106732349536,0.24316989496179336,0.04022269746390332,,,,,,,,
fixed,ice_mud_low,15dogs,6,0.614591445242842,0.8340551735854367,0.2198817002956525,0.13685941729041723,0.04064444444444439,0.19888888888888884,0.0,0.03944481758749419,0.4157587054093231,0.8211613931702442,0.06703564547020081,0.17410045069339875,0.34668860508693833,0.44844199707121346,0.24700015238523423,0.04008077063759556,,,,,,,,
fixed,ice_mud_low,15dogs,7,0.6131127484840172,0.8344645726478669,0.196824336814924,0.1401402696110112,0.04371111111111106,0.20999999999999996,0.0,0.041960451361193585,0.41612165985041755,0.8365132494481229,0.05647521656415912,0.175242827441222,0.34585769681712053,0.4479248476083001,0.24432943178531524,0.041008229184841254,,,,,,,,
fixed,ice_mud_low,15dogs,8,0.6084007678501233,0.8374224423598011,0.20173098093377737,0.14177803200641376,0.04822222222222217,0.22222222222222218,0.0,0.04489937815796376,0.403440668721883,0.8239705525877186,0.056908033062295395,0.17180752652786443,0.34573524690884544,0.45046623858410795,0.24433088357102317,0.04135844011320183,,,,,,,,
fixed,ice_mud_low,15dogs,9,0.6053701911730797,0.8229189347308161,0.21895105567560705,0.13741870575886864,0.05294444444444439,0.23777777777777773,0.0,0.049100545448920715,0.40230408567874393,0.8104283282733276,0.06743334634883591,0.1703678787525651,0.3446234616285976,0.45872864032581157,0.2417943807277146,0.04355246698531074,,,,,,,,
fixed,ice_mud_low,15dogs,10,0.6116512875851748,0.8421217846703719,0.21083689102678807,0.13061526498000678,0.06114444444444439,0.26111111111111107,0.0,0.05526995980648576,0.40015271551164977,0.7998317053522046,0.06865474407897512,0.15825892269979341,0.3395608241630378,0.4452636259828567,0.24171491628263633,0.04255309739882814,,,,,,,,
fixed,ice_mud_low,15dogs,11,0.6130129838457431,0.8290181115482952,0.2525565470669083,0.12251664980214552,0.07116666666666661,0.26666666666666666,0.0,0.05927155290470013,0.39682612733967465,0.8307905576378845,0.07712219066821199,0.15617915062264473,0.3367609664671063,0.44917535214074106,0.23473875425328705,0.04224142380028205,,,,,,,,
fixed,ice_mud_low,15dogs,12,0.609164933913898,0.8226627941952209,0.2444263849590987,0.12173328725966473,0.08279999999999996,0.28888888888888886,0.0,0.06434150001964115,0.3921302261697953,0.8278918255967544,0.09417909322210513,0.15425731256018005,0.333642770763407,0.4393499583800359,0.23981441134446002,0.04103901065626292,,,,,,,,
fixed,ice_mud_low,15dogs,13,0.6130205652531704,0.8157819277519369,0.2566404916618458,0.11720534005257219,0.09645555555555549,0.3288888888888889,0.00111111111111111,0.06747190221622414,0.37815315190597165,0.7542107584741463,0.08096731579207342,0.14139310017906628,0.32983995104192354,0.43767707846245346,0.2345563653742552,0.04103159555853482,,,,,,,,
fixed,ice_mud_low,15dogs,14,0.6180043556449969,0.8079482335809584,0.26608364573199,0.110969214432597,0.11497777777777773,0.35333333333333333,0.0,0.07297593017412826,0.3748073371668582,0.7676934446376156,0.08882593205761188,0.1379396223706713,0.3233471109486736,0.4318381885893833,0.2358088012626512,0.039929090710608704,,,,,,,,
fixed,ice_mud_low,15dogs,15,0.6204364819958162,0.8006617705602326,0.24847746145922756,0.10663183612417912,0.1224555555555555,0.36333333333333334,0.0,0.07581945879050964,0.37802007088279516,0.7979668892611017,0.08571651368995584,0.13734473977483402,0.3200490673065756,0.432545216448482,0.22824584623427543,0.04094209850769693,,,,,,,,
fixed,ice_mud_low,15dogs,16,0.6289875910054288,0.8137614801483206,0.30521753363847265,0.09850397824830875,0.1390444444444444,0.3788888888888889,0.0,0.08072164658771003,0.37958261201177057,0.7731904597358563,0.10622036833131436,0.131434140410485,0.3147654483537304,0.4319190223979302,0.22832501045057452,0.039576673651108965,,,,,,,,
fixed,ice_mud_low,15dogs,17,0.6299312802048352,0.8048743720909444,0.3139910537554348,0.09372783044647733,0.15023333333333327,0.4144444444444444,0.00111111111111111,0.08628324055395421,0.37640982965856223,0.7546418711283464,0.10708161870021074,0.12411011242407063,0.31295866014728885,0.42370286813061064,0.22444484461667166,0.04004180493287089,,,,,,,,
fixed,ice_mud_low,15dogs,18,0.626479198658249,0.8005256154772551,0.323142556645169,0.09409707286768963,0.1599222222222222,0.4,0.0,0.08699312979324307,0.3724942081338812,0.741057119613285,0.10802011482117338,0.12031812786330227,0.31084235362452456,0.426342046660691,0.22136503894055187,0.03943166914389799,,,,,,,,
fixed,ice_mud_low,15dogs,19,0.6263240360459456,0.8013847673759159,0.3244695716981786,0.09431730229502501,0.16854444444444439,0.40888888888888886,0.00111111111111111,0.09143094890192194,0.3735881018515997,0.761378903522409,0.11602581246802049,0.12551161919288514,0.30711725848853705,0.4258991836342082,0.2277279686296434,0.04045763122467369,,,,,,,,
fixed,ice_mud_low,15dogs,20,0.6274820689785103,0.7894900215905066,0.3446025437430941,0.08752263572384963,0.18468888888888882,0.4311111111111111,0.00111111111111111,0.09363091915300531,0.3663650722136772,0.7411361922260901,0.12181329387741413,0.11177233468337197,0.3045861037263946,0.4217617552092836,0.22245450845619613,0.038918366142820085,,,,,,,,
fixed,ice_mud_low,15dogs,21,0.6315099585615856,0.8053324166367217,0.36326526317498686,0.08705638014520639,0.19254444444444438,0.44666666666666666,0.0,0.09783456473853856,0.3719309796882195,0.7350973433626039,0.1313494475532038,0.11543761085031132,0.3008452109834511,0.41452043442263137,0.22528284073818292,0.03821367772768129,,,,,,,,
fixed,ice_mud_low,15dogs,22,0.6383686842547964,0.795520574043706,0.36905626603168673,0.08261374903699903,0.20475555555555552,0.45555555555555555,0.00222222222222222,0.09868304460084876,0.37542367635354884,0.703079620039905,0.1432803821637733,0.10619780954756389,0.29780985847100544,0.4126380419968053,0.21741636390143465,0.03781628136995115,,,,,,,,
fixed,ice_mud_low,15dogs,23,0.6379606314352892,0.7952574997726406,0.36112895489485475,0.08338465098868514,0.21255555555555547,0.4611111111111111,0.00222222222222222,0.10110644911358617,0.37199391392439823,0.7181821275470257,0.13036432168175563,0.10737561447837474,0.29595786924114775,0.41191180092111807,0.22456557990292753,0.03651303246810346,,,,,,,,
fixed,ice_mud_low,15dogs,24,0.6416147367546827,0.7874130394461292,0.37866005106860773,0.07790793086894802,0.2245333333333333,0.4766666666666667,0.00222222222222222,0.1023577567426619,0.3727282832674894,0.7299871535760556,0.13868191516222694,0.10198905090554056,0.2945369332119829,0.41331782961036145,0.22000049664692992,0.03593823310668244,,,,,,,,
fixed,ice_mud_low,15dogs,25,0.6433177419858217,0.7981146706598692,0.3702255057073721,0.0787324981756408,0.23372222222222216,0.4966666666666667,0.00111111111111111,0.10653645861274022,0.371931691776857,0.7142241062649943,0.12720904072377423,0.10339642586426781,0.29121714390032316,0.40386555704798954,0.21334574210414603,0.035542773087894226,,,,,,,,
fixed,ice_mud_low,15dogs,26,0.6471921261888098,0.7880319196981982,0.36568513423860505,0.07383536667864926,0.24208888888888885,0.49000000000000005,0.00555555555555555,0.10315844661892988,0.3707896514295943,0.6985718898389799,0.13613376024572288,0.09547070088840574,0.29078441373307407,0.4042067764533358,0.21665610542401686,0.03419562183298196,,,,,,,,
fixed,ice_mud_low,15dogs,27,0.6460913019100745,0.7861910441077576,0.34289413461525575,0.0753398876892151,0.24355555555555547,0.5122222222222221,0.00111111111111111,0.11205341424330931,0.37043818439177045,0.7091209525757546,0.12840332624016546,0.09634264581866447,0.2908204639498539,0.4147258688406289,0.21825797260276344,0.03633246431786885,,,,,,,,
fixed,ice_mud_low,15dogs,28,0.6497015198761349,0.7933181837082559,0.34341261360443576,0.0722691969463636,0.25115555555555547,0.51,0.00444444444444444,0.1079603614408298,0.3699136534074002,0.7157294314012337,0.1252029570121162,0.09660104603050183,0.2884941373166436,0.41069453677152606,0.21472763912013004,0.035524850814473,,,,,,,,
fixed,ice_mud_low,15dogs,29,0.6505294110290388,0.7903344446849385,0.383859550077995,0.0725242249072102,0.2604777777777777,0.5144444444444444,0.006666666666666659,0.11166041568645098,0.3738160390770746,0.7169755748047789,0.13811962141940903,0.09970512469412421,0.28737261710819456,0.40393131343808353,0.22183795722572594,0.035278603337216455,,,,,,,,
fixed,ice_mud_low,15dogs,30,0.6485920430453822,0.7940395645135471,0.37545927066041607,0.0729092116709658,0.2671888888888888,0.5055555555555555,0.00111111111111111,0.109596966071519,0.3684808666905328,0.718929093250621,0.13647328080072177,0.0966960774065504,0.287051103453848,0.40319274025998186,0.21920472832161794,0.034442772060334255,,,,,,,,
fixed,ice_mud_low,15dogs,31,0.6548946993674722,0.7848136144523938,0.3615047973714056,0.07168754421571166,0.27467777777777774,0.5533333333333333,0.0033333333333333296,0.11423822721518691,0.37784378730490864,0.7242283535482575,0.14433886031554016,0.09686729988701524,0.2842501992459049,0.4035103709674656,0.21122049336750065,0.03573762802916255,,,,,,,,
fixed,ice_mud_low,15dogs,32,0.655812893337943,0.7918793419028207,0.35884890631190275,0.07015696113999216,0.27929999999999994,0.5455555555555556,0.00222222222222222,0.11665791564855019,0.3788863259954821,0.7096488233635023,0.13366173410674725,0.09267618764056701,0.2837467137805399,0.4054605168853597,0.21558796029780108,0.034570308359031146,,,,,,,,
fixed,ice_mud_low,15dogs,33,0.6564535837593238,0.7915688772641285,0.3860376127411458,0.06992750037056192,0.28968888888888883,0.5522222222222222,0.00222222222222222,0.11775411740399981,0.38316631449431365,0.7056024416822517,0.14287681744907726,0.09404837653399285,0.2819273238505311,0.3957349780658373,0.21443023862949784,0.034609502462920716,,,,,,,,
fixed,ice_mud_low,15dogs,34,0.6586135804021215,0.7829290316105972,0.403031459866113,0.0658886870876192,0.29519999999999996,0.5644444444444444,0.006666666666666659,0.12264885072948192,0.3853601585357379,0.7305721035657637,0.14794509483346702,0.09225080405801535,0.27980183364891686,0.4006769275043018,0.21329187315213782,0.033466838183033934,,,,,,,,
fixed,ice_mud_low,15dogs,35,0.6587942017596776,0.7898282710866592,0.4032431387535575,0.06644568748184228,0.30399999999999994,0.5844444444444444,0.00111111111111111,0.12168664206513427,0.3887263009373763,0.723676081323837,0.14999277688337193,0.09154813755317243,0.2798788650359663,0.3913866063262982,0.21327174352799744,0.03322716235368392,,,,,,,,
fixed,ice_mud_low,15dogs,36,0.6590035399282357,0.7842098779044501,0.39581857461547904,0.0666699903025644,0.3099666666666666,0.5688888888888889,0.013333333333333319,0.12347929896937301,0.38742804264140773,0.715720839419091,0.15951039545374593,0.08913643420394068,0.27816127607455415,0.4069668764300406,0.2109989491200735,0.0338278333978992,,,,,,,,
fixed,ice_mud_low,15dogs,37,0.6620037633458258,0.7817002502679302,0.39843668794582093,0.06625731881412142,0.3162111111111111,0.5955555555555556,0.00777777777777777,0.12488084193065993,0.3915490845724966,0.7110070759563129,0.15377306980097866,0.08875653239965418,0.27689331519640803,0.40153359858828547,0.21725155093803075,0.03288788680705161,,,,,,,,
fixed,ice_mud_low,15dogs,38,0.6620481366989301,0.7828460444421252,0.39879882251867127,0.06569462012001373,0.32258888888888887,0.5911111111111111,0.00777777777777777,0.12783728523010912,0.3913118057903934,0.701394343809054,0.14913571268275186,0.08843022035957496,0.2773629291149755,0.39499322514899304,0.21077272612079886,0.03279703131710815,,,,,,,,
fixed,ice_mud_low,15dogs,39,0.6655823699145064,0.7907048608133204,0.3845830775988846,0.06565982496632117,0.3333,0.6011111111111112,0.00777777777777777,0.12808964323842617,0.3883057880364439,0.7094858323679378,0.16507421801937752,0.08444760173798388,0.2767089718403467,0.39963289396558604,0.21237753912497687,0.03304643829959965,,,,,,,,
fixed,ice_mud_low,15dogs,40,0.663642830276544,0.7799173234114721,0.39167077759939256,0.06468261641370038,0.3375111111111111,0.6,0.00777777777777777,0.1278628801322807,0.3868938994965948,0.7080883524818373,0.13388581675848918,0.08629200369442,0.27495001475097997,0.40169374875111263,0.21076780073560658,0.03323328299158207,,,,,,,,
fixed,ice_mud_low,15dogs,41,0.6669646044010289,0.7879251352562798,0.39653922773822753,0.06150687547138939,0.34344444444444444,0.62,0.00777777777777777,0.13252855923212498,0.38987370728762083,0.7069625740897951,0.15622937918492638,0.08151348159933974,0.2748758282232068,0.39407769164257106,0.21005645410361887,0.03294599072455647,,,,,,,,
fixed,ice_mud_low,15dogs,42,0.6700650645080214,0.787086826984401,0.41912187142573165,0.05645951123841129,0.3486888888888889,0.6166666666666666,0.00999999999999999,0.13381638029244491,0.3913839435910766,0.7145437527718049,0.16426939044504568,0.0820166724458606,0.27462585149575885,0.3948524900690454,0.21295742895171582,0.03209443102170505,,,,,,,,
fixed,ice_mud_low,15dogs,43,0.6703392609604999,0.7918973960841825,0.3880681580057333,0.05950084091497528,0.36318888888888884,0.6433333333333333,0.011111111111111105,0.1318602626458392,0.3876689521509035,0.7141711243630078,0.15975538727847308,0.07901297790194196,0.27349845194887473,0.39086206492389464,0.21225284548053827,0.03076984663166124,,,,,,,,
fixed,ice_mud_low,15dogs,44,0.6690082789951245,0.7930839531754836,0.42518456836519886,0.05967880597276041,0.36418888888888884,0.6633333333333333,0.00444444444444444,0.13626362933377853,0.3880616201093925,0.7023806188109722,0.17138141474075647,0.0836607185326545,0.27546164949458896,0.39887717762433056,0.21728130084688774,0.0323882388238818,,,,,,,,
fixed,ice_mud_low,15dogs,45,0.6687123742147715,0.7919328050106916,0.38532905071009904,0.06221360808258251,0.36679999999999996,0.64,0.006666666666666659,0.1376284113203412,0.38636238245766236,0.6994568829097937,0.14286505466008326,0.08269090368151959,0.27433329919408667,0.3985604596133528,0.20035653717871987,0.033426995886076526,,,,,,,,
fixed,ice_mud_low,15dogs,46,0.6701772193747881,0.7871472203727915,0.4075245614605569,0.05952310668612702,0.3731222222222222,0.6455555555555555,0.00999999999999999,0.13699360069888994,0.38498646020651517,0.7213508710663165,0.17375848439759742,0.08212854293058845,0.27439224340761376,0.3936118548171078,0.21008750447671742,0.03268239455783585,,,,,,,,
fixed,ice_mud_low,15dogs,47,0.6710262034764635,0.7868071274299028,0.4062365422076854,0.05784873115642679,0.3783888888888889,0.6577777777777778,0.00777777777777777,0.13757237940476694,0.38200071632454496,0.6865524096970954,0.16032260762197684,0.07825090498643768,0.2753594217647507,0.3903341556294512,0.21006399171577117,0.032279710157097366,,,,,,,,
fixed,ice_mud_low,15dogs,48,0.6696895861646239,0.7824967384969221,0.37370466746777503,0.05843682452689599,0.3769444444444444,0.6666666666666666,0.006666666666666659,0.13654646519814925,0.38557064540138314,0.694694374152099,0.1482573410099664,0.08044790771817407,0.2752117947629427,0.4031224321577497,0.20947604784362003,0.03306933245643721,,,,,,,,
fixed,ice_mud_low,15dogs,49,0.6682532831168956,0.7886061339279166,0.4008179611759837,0.059167115342867616,0.38672222222222224,0.67,0.00999999999999999,0.13358904499611032,0.38135415461838645,0.6806074521413261,0.1598919684725848,0.07712002286191477,0.2752489643708864,0.40468443869149767,0.20630216068203536,0.03283029623998157,,,,,,,,
fixed,ice_mud_low,15dogs,50,0.670594689242549,0.7867264264451588,0.3918821520777938,0.057022212477186786,0.3899444444444444,0.6433333333333333,0.00777777777777777,0.13171685809916994,0.38417228090314837,0.6798899750496428,0.1618223271077705,0.07628777533321426,0.2758964432034156,0.39497718353640526,0.21542939076176898,0.031317143312881025,,,,,,,,
fixed,ice_mud_low,15dogs,51,0.6707078744098074,0.7846654582190999,0.37311616469859543,0.05861047184976721,0.3885444444444444,0.67,0.00444444444444444,0.1431893018842453,0.3848165824429052,0.7012017014938698,0.14860794501728256,0.08068774747156525,0.27701042767534534,0.4012611960229117,0.2107000819501769,0.033234239023085664,,,,,,,,
fixed,ice_mud_low,15dogs,52,0.6690757325299103,0.7840247759612652,0.41767064380786517,0.05665434686122457,0.3981888888888888,0.6777777777777778,0.01444444444444443,0.13523877291283273,0.3815958385142063,0.6938798880644609,0.1667783221200212,0.07614588353589949,0.27644046927823823,0.39141405926268313,0.2161197457633735,0.03142730140232351,,,,,,,,
fixed,ice_mud_low,15dogs,53,0.6699494549888569,0.7874215590442089,0.43565846756600485,0.054470765429816284,0.40133333333333326,0.6744444444444444,0.00444444444444444,0.1395138234239244,0.3811220033028019,0.7034399265062672,0.15583860023278528,0.07844866653318888,0.27649919170957654,0.38694841162148375,0.21364987307806044,0.03172032380218595,,,,,,,,
fixed,ice_mud_low,15dogs,54,0.6707454346050631,0.7758138959079458,0.4316848634233576,0.054291840708418415,0.40452222222222217,0.6622222222222223,0.00444444444444444,0.1384026220689392,0.3824424627965055,0.7123836684358518,0.16843862685716773,0.07612075696070289,0.27634507294001226,0.39928602320022827,0.2111769481515088,0.031917399998738785,,,,,,,,
fixed,ice_mud_low,15dogs,55,0.6698981574934271,0.7930708158752166,0.38583205048293523,0.05821129636390948,0.41006666666666663,0.6799999999999999,0.00777777777777777,0.14012037925793389,0.3799703966998149,0.7117414776336128,0.1436423327883963,0.07736495723438105,0.2750267057761532,0.4044800094520416,0.2059665390695821,0.03210466043820047,,,,,,,,
fixed,ice_mud_low,15dogs,56,0.6701715185574453,0.7822061761807471,0.40685721205012015,0.054804726653910965,0.41079999999999994,0.6611111111111111,0.00555555555555555,0.14358347335705657,0.3786213807226196,0.6776719314895078,0.14544992779775148,0.07532094406034169,0.2757289271218606,0.3925320723946625,0.20915895290972805,0.03147013830048072,,,,,,,,
fixed,ice_mud_low,15dogs,57,0.6685140134121004,0.7792948077918412,0.408837861495396,0.05729268901643818,0.4098222222222222,0.6777777777777778,0.00777777777777777,0.14398182094165166,0.37779103992676405,0.6812986271904293,0.14707949860576522,0.07439437740563395,0.2762322409408033,0.38677271609504144,0.20749825886239187,0.03151574779698285,,,,,,,,
fixed,ice_mud_low,15dogs,58,0.6705001565992006,0.785974951541609,0.3678365115953664,0.05776727607533634,0.4102666666666666,0.6866666666666668,0.0033333333333333296,0.1440092791572045,0.37921144716420274,0.697020030490044,0.12858150846820088,0.0784867937545653,0.2749520222602524,0.39325588327798494,0.21263287254060198,0.0313109814554303,,,,,,,,
fixed,ice_mud_low,15dogs,59,0.672049945462439,0.7766969831970287,0.41019390940453243,0.0551913970241308,0.4164333333333333,0.6966666666666667,0.00777777777777777,0.1416143784744634,0.3799453937168236,0.7094130445024593,0.14977723340495894,0.07822275514383085,0.2762638893483138,0.38728500926398984,0.21016495934296614,0.03190825806205708,,,,,,,,
fixed,ice_mud_low,15dogs,60,0.6705413626851608,0.7904590081940458,0.41173144039498605,0.05769850035121012,0.4129777777777778,0.6644444444444445,0.0033333333333333296,0.14479227151105836,0.37917935332432845,0.701630506041644,0.1568254862381936,0.07987461515411146,0.27672810464863556,0.3910647805125496,0.21132240660453366,0.03191015011001389,,,,,,,,
fixed,ice_mud_low,15dogs,61,0.6697550505949995,0.7826402100230427,0.4205352242819093,0.05533803805452151,0.42072222222222216,0.6777777777777778,0.00555555555555555,0.14673687553037032,0.37904534476709095,0.7135372451403992,0.15792262344056854,0.07975315557252828,0.2772564179019558,0.3947757873017715,0.2134442811903484,0.031942666656366595,,,,,,,,
fixed,ice_mud_low,15dogs,62,0.6708903410493059,0.7842671664972395,0.4037992441943373,0.05643053169336391,0.4294444444444444,0.7022222222222222,0.013333333333333319,0.1436032698788335,0.37551208253528934,0.6642086054171792,0.1545579086031054,0.07582860578202297,0.2753649363105286,0.39232535325918144,0.20702525481212747,0.03194541761986533,,,,,,,,
fixed,ice_mud_low,15dogs,63,0.6705475556723475,0.7827704756257358,0.40002233068172444,0.05571840823763212,0.4293333333333333,0.7033333333333334,0.00444444444444444,0.14576431770825987,0.3755191149791524,0.6765380160987379,0.13343189885423515,0.07771951834141813,0.276431849061767,0.38603438745181834,0.209431009371536,0.03152195481797654,,,,,,,,
fixed,ice_mud_low,15dogs,64,0.6705405176274254,0.7813797618015575,0.3888150724521703,0.05798160953275178,0.4305555555555555,0.7,0.0111111111111111,0.14543445852156517,0.3753242177660809,0.6935162618678661,0.15704878610719275,0.08093919969811111,0.27713635693771976,0.3999207690381094,0.21026812136221512,0.031119052461295947,,,,,,,,
fixed,ice_mud_low,15dogs,65,0.6705405780104507,0.7759699138827187,0.3907940177769717,0.05737452174419244,0.43339999999999995,0.7011111111111111,0.007777777777777775,0.14813497778119916,0.37483230642637977,0.7030882280681257,0.15260815389842639,0.08266267483337689,0.2769891550263069,0.4066740898121702,0.2094426445451524,0.03278498473682436,,,,,,,,
fixed,ice_mud_low,15dogs,66,0.6711312970432947,0.7765948492270204,0.40212080905277015,0.054958712511493,0.4368333333333333,0.6988888888888889,0.0111111111111111,0.1425971413771986,0.37495082629120297,0.6937405786725038,0.14646157902599918,0.07681543076414557,0.2767126253640091,0.38944251945678043,0.20552413460536173,0.03211377028442321,,,,,,,,
fixed,ice_mud_low,15dogs,67,0.6737539415873849,0.7744136959537555,0.4171102330805027,0.0552030168577353,0.44350000000000006,0.7022222222222222,0.011111111111111105,0.14414754459486184,0.37586052174559775,0.6668952777774051,0.15868158129491836,0.07547983789846967,0.278044817148977,0.38942695019915874,0.21419403248769497,0.0308823078627067,,,,,,,,
fixed,ice_mud_low,15dogs,68,0.6733456507977655,0.7732754401990238,0.3585142682163053,0.057049448113700774,0.4502777777777777,0.7311111111111112,0.00777777777777777,0.14482001737256814,0.37632350827008776,0.6813247459408268,0.12081828446380431,0.07750593439231146,0.27646609573863545,0.3935462740287655,0.20993915625387416,0.031917531612180985,,,,,,,,
fixed,ice_mud_low,15dogs,69,0.6731902879472849,0.7793202919321016,0.39313368520155567,0.05544838022196215,0.4459888888888889,0.7133333333333334,0.00777777777777777,0.1521806056704277,0.3785584704062112,0.7017388929208874,0.15603000603454972,0.07946540280835838,0.27586098656989533,0.4041992321406503,0.21284525479378877,0.03243834803833182,,,,,,,,
fixed,ice_mud_low,15dogs,70,0.6730073995667333,0.7726690501725051,0.42119786549128246,0.05547695256314571,0.44451111111111113,0.7077777777777777,0.008888888888888885,0.1461151776912295,0.376002637405546,0.7011684220854164,0.1564842870276069,0.08152816849492592,0.27570586110001394,0.3962158853025586,0.2102864031638841,0.03265546687514762,,,,,,,,
fixed,ice_mud_low,15dogs,71,0.6724967477705033,0.780888024772601,0.39212391747983,0.06126499158703667,0.44548888888888893,0.71,0.00444444444444444,0.150490784367754,0.3743802964178967,0.6900426005377504,0.1370657736537305,0.0822804494741452,0.2781319081122514,0.4013037316233664,0.2124355480249695,0.033421110537172075,,,,,,,,
fixed,ice_mud_low,15dogs,72,0.6732796464609487,0.7861657687034814,0.42924213811216133,0.05585363888953972,0.45071111111111106,0.731111111111111,0.013333333333333319,0.14907114588638665,0.3714337490995357,0.6827767507221263,0.14429648890804897,0.07779007898614487,0.27600490173599296,0.39192432470948707,0.2093559023832448,0.03142458576522585,,,,,,,,
fixed,ice_mud_low,15dogs,73,0.6726339447929821,0.7845961741404281,0.41118518544465177,0.05753762391916746,0.45555555555555555,0.7222222222222222,0.016666666666666656,0.1485303050825942,0.3729191469369796,0.6889639349769573,0.15027112693273653,0.08068843268384629,0.27711479925338367,0.3893600639628018,0.21193801945234353,0.03133168476960967,,,,,,,,
fixed,ice_mud_low,15dogs,74,0.6729032510510364,0.7775577450437793,0.4155417924894059,0.05510667218677402,0.45376666666666665,0.7277777777777777,0.013333333333333319,0.1502063196531332,0.37432641059839755,0.6784509181727694,0.16033256860080897,0.07587454715875408,0.27652592278944355,0.39481915129393286,0.20928652239902273,0.0319597695955698,,,,,,,,
fixed,ice_mud_low,15dogs,75,0.6722429146551863,0.7773374529079528,0.3954171926482012,0.057575292200986096,0.4605666666666666,0.7211111111111111,0.00888888888888888,0.14491731881022116,0.3716597409799567,0.6978383609566813,0.14456257066653036,0.07497895331419921,0.27634441836465806,0.39573275493383403,0.21158192077394755,0.03157657883155014,,,,,,,,
fixed,ice_mud_low,15dogs,76,0.6737081266267293,0.7884974067939254,0.4113957977485236,0.06042154027017026,0.45537777777777777,0.7333333333333333,0.0033333333333333296,0.15282707404252954,0.37580616638458086,0.7023902678620686,0.1393921433033703,0.08007446611439831,0.27644746779471896,0.39798726979670834,0.20879924216153864,0.03318487825256979,,,,,,,,
fixed,ice_mud_low,15dogs,77,0.6726492921069411,0.7872775728376292,0.4213297047944173,0.05756094493142849,0.46067777777777774,0.7322222222222222,0.00999999999999999,0.1467092797338275,0.3692926977661407,0.6479112286599726,0.15862999336634515,0.0718540498250175,0.27551246131416607,0.39200956163027534,0.2086980810835926,0.031074195608196086,,,,,,,,
fixed,ice_mud_low,15dogs,78,0.6720528533224279,0.7801976560350684,0.41004359249477795,0.05721562775739316,0.4616888888888889,0.7244444444444444,0.012222222222222209,0.1475781320641479,0.3701600429647172,0.6594935047557569,0.15919549660059967,0.07385480442222819,0.2767909400357421,0.39101229024974277,0.20503753012471387,0.03198366014444752,,,,,,,,
fixed,ice_mud_low,15dogs,79,0.674770840292685,0.7872211292966182,0.39619836022284755,0.05743286315667105,0.4609,0.74,0.00444444444444444,0.1570556040068785,0.3726036059150366,0.7119449107290744,0.15695254718149462,0.07537763849414161,0.27599808254651015,0.39580157803947047,0.21104703143882694,0.031731884485240454,,,,,,,,
fixed,ice_mud_low,15dogs,80,0.6751863555240113,0.7894543253433219,0.3990512651088896,0.056347189744037074,0.46415555555555554,0.7288888888888889,0.00999999999999999,0.14972649269623495,0.3696633660257479,0.6860611358425304,0.13305606032705258,0.07411758877170568,0.2760538995552389,0.39030256573762334,0.2086331793934031,0.03287586400691069,,,,,,,,
fixed,ice_mud_low,15dogs,81,0.6758196529837074,0.7814278281530631,0.4372881945518639,0.0524802465059732,0.46661111111111114,0.73,0.0033333333333333296,0.14955325611801226,0.3698454979945914,0.7114284096359744,0.1616630265043541,0.07857621422045558,0.274961908760627,0.3836732337173658,0.20495812511816985,0.030775471091425977,,,,,,,,
fixed,ice_mud_low,15dogs,82,0.6727256581141521,0.7739728388101663,0.4057815703581819,0.05735389374271841,0.46277777777777773,0.7288888888888889,0.00888888888888888,0.15359294212143043,0.3670180896528786,0.6611387398218851,0.12307517351407997,0.07355213706506263,0.2761488952378035,0.3981776606040399,0.20598431003868298,0.03310765982368739,,,,,,,,
fixed,ice_mud_low,15dogs,83,0.6722458526259304,0.7789263268372466,0.3998147578654026,0.057876641070986654,0.4683222222222222,0.7366666666666666,0.006666666666666659,0.15474561369745796,0.36716321238044547,0.7196623288473458,0.13921630484483266,0.07901640248058088,0.27574857968714345,0.39623602843074396,0.20661905043643736,0.032800935357499325,,,,,,,,
fixed,ice_mud_low,15dogs,84,0.6727410975177344,0.776792274008238,0.4333470337239357,0.052831979071295186,0.4719888888888889,0.7477777777777778,0.01444444444444443,0.15648230984039568,0.3693905913479561,0.6695329497280611,0.15665652633801166,0.07373853322552706,0.27552165268888246,0.37644438676845515,0.2059747491547647,0.031141470230732028,,,,,,,,
fixed,ice_mud_low,15dogs,85,0.6714644391216504,0.7729666828000943,0.41212278775139993,0.05612867150209797,0.4756222222222222,0.7522222222222222,0.008888888888888885,0.15077035883816586,0.3670540529774205,0.6939756848277401,0.14985617200768114,0.07341957801967133,0.27630401875135463,0.38786673356531237,0.20818169693171867,0.03143338442895007,,,,,,,,
fixed,ice_mud_low,15dogs,86,0.6736722772610724,0.7877541282688932,0.3816849565782647,0.05810241025805861,0.47429999999999994,0.7455555555555555,0.01444444444444443,0.15458805135294618,0.37076319531880586,0.6871017770115115,0.13924496181841864,0.07609024943744473,0.2752275110781198,0.39674517672636805,0.20883256117876098,0.032815899153774294,,,,,,,,
fixed,ice_mud_low,15dogs,87,0.6726314026072467,0.7827548439987783,0.40799841915257573,0.05549009129546821,0.47315555555555555,0.7488888888888889,0.0033333333333333296,0.152745382698712,0.3690085945055815,0.6795861937680903,0.1710352999462385,0.07314969882282873,0.2762611690401272,0.4021714160972797,0.20325219664436597,0.03267609176434756,,,,,,,,
fixed,ice_mud_low,15dogs,88,0.6731796108567524,0.777024503016375,0.4297384128453209,0.052860201756392056,0.48117777777777776,0.7433333333333334,0.00888888888888888,0.15380085614106237,0.37178923394044566,0.6844593322610619,0.15754032805753687,0.07499708349940658,0.27594821594041335,0.38760514892232056,0.20854762976672117,0.031116856924030566,,,,,,,,
fixed,ice_mud_low,15dogs,89,0.6711550722985836,0.7855010135062673,0.41433032300183215,0.05583311667399439,0.4786555555555555,0.7455555555555555,0.006666666666666659,0.15741268868846767,0.3690993374062633,0.6782982143477071,0.14954339235584785,0.07542231745209264,0.27642867024752565,0.39391765263518125,0.2019750379052315,0.03173953833101047,,,,,,,,
fixed,ice_mud_low,15dogs,90,0.6714268519057949,0.7804226172639261,0.390954502738488,0.05858370737927102,0.47555555555555556,0.7466666666666667,0.02333333333333332,0.15663531965261443,0.36807364176316726,0.6910643500140711,0.12736590235039505,0.08157093555208031,0.27630909749711136,0.38735835825466813,0.20727809577081083,0.03297582925917143,,,,,,,,
fixed,ice_mud_low,15dogs,91,0.6717837677458253,0.7771470757628375,0.3980614589402001,0.05531528285156345,0.47791111111111106,0.7388888888888889,0.00555555555555555,0.1513373583491921,0.36796097552229445,0.6741419427766273,0.1506583144626381,0.07418840173693764,0.2758963284146144,0.3847020320640741,0.20487517875972378,0.03137283686496488,,,,,,,,
fixed,ice_mud_low,15dogs,92,0.6715894503607507,0.7753776776417174,0.3995730063088005,0.05583703566421731,0.48283333333333334,0.76,0.00444444444444444,0.15736597416442627,0.36827142758220394,0.6863594252520497,0.15728502841828632,0.07424108555118089,0.2757688650282358,0.39526675029128044,0.2032355702312587,0.032256479844901806,,,,,,,,
fixed,ice_mud_low,15dogs,93,0.6725854809824118,0.7766868294438127,0.3819350981061179,0.05441281271185877,0.48627777777777775,0.7611111111111111,0.01666666666666665,0.1521651855976121,0.36629348457936106,0.6689047712562184,0.11352342145580344,0.07237785045933672,0.2753345807298921,0.40005531938716754,0.2137513972195541,0.03145488957977194,,,,,,,,
fixed,ice_mud_low,15dogs,94,0.6735535502198966,0.7805823279472068,0.39857679621116365,0.05522826505619296,0.4870555555555556,0.7577777777777778,0.00888888888888888,0.1564798856040123,0.37000578338761664,0.6824659705762118,0.1419142939615024,0.07248469663042492,0.27693691715485325,0.3866564624086679,0.21149818296824288,0.030924288577363374,,,,,,,,
fixed,ice_mud_low,15dogs,95,0.6748416810309894,0.7860692221847343,0.42862341904381074,0.052209367628415736,0.4858444444444444,0.7633333333333333,0.00888888888888888,0.1562080138708207,0.37443711936433527,0.6932970217095884,0.15343221477137528,0.07705926201906513,0.2753028635089021,0.39083578777878053,0.2113417734716883,0.031232409147465258,,,,,,,,
fixed,ice_mud_low,15dogs,96,0.6734359509414268,0.7783431876938691,0.38469001198309577,0.055274622440866936,0.4844111111111111,0.7477777777777778,0.006666666666666659,0.15899301464249976,0.3747675872219437,0.7052163458414042,0.14917200272664652,0.07775927745184967,0.27468618327862143,0.3916910365172621,0.2039359982960832,0.03162291228062575,,,,,,,,
fixed,ice_mud_low,15dogs,97,0.672894451929963,0.7831913244071618,0.3665981293308532,0.05752878883716043,0.48772222222222217,0.7522222222222222,0.00999999999999999,0.15332895949345676,0.37190146405623004,0.7027728776772558,0.1308150198853107,0.07576725515823243,0.2748306857842358,0.40045961046657463,0.2045748340146875,0.03242613678569522,,,,,,,,
fixed,ice_mud_low,15dogs,98,0.6723380499870577,0.772850008916744,0.4471021944175025,0.05059325164827262,0.4920222222222222,0.7444444444444445,0.0111111111111111,0.15249330067960054,0.37222298831561657,0.6939059287860937,0.16473057699822619,0.06991284896657099,0.27502878099189426,0.39887546637989846,0.20368013217628866,0.03211936203240482,,,,,,,,
fixed,ice_mud_low,15dogs,99,0.6715190585968193,0.7767288693570054,0.39188665433905967,0.055142728996387794,0.49126666666666663,0.7411111111111112,0.00999999999999999,0.15701029573038391,0.3700266710064467,0.6712791318356295,0.14102206523021704,0.07231061123662942,0.2757494229190138,0.393754756955789,0.20598253208309408,0.032130273111101844,,,,,,,,
fixed,ice_mud_low,15dogs,100,0.674708585033134,0.7699638819568267,0.4402541771439067,0.049610335304907334,0.49833333333333335,0.7522222222222222,0.00777777777777777,0.1490002470203822,0.3716434448095954,0.6828701460676534,0.16172142793422778,0.06701337421028362,0.2745422260707874,0.386272672129251,0.21332375721674243,0.030406608253094054,,,,,,,,
fixed,ice_mud_low,20dogs,1,0.5877614010127595,0.7857017011876025,0.20518544714868078,0.11923782635900326,0.03786666666666664,0.19333333333333327,0.0,0.04130079116785314,0.4940758997287852,0.8631648742831647,0.07710290314212764,0.16949127107347042,0.38608040507680763,0.49930689207377854,0.3002241493887053,0.03930543264762145,,,,,,,,
fixed,ice_mud_low,20dogs,2,0.5810125669504971,0.7822193869979256,0.19602922366056044,0.12350922533548947,0.04189999999999994,0.1983333333333333,0.0,0.044254745500841505,0.4651274681917207,0.8471882573668749,0.07082311917353021,0.16618639136795446,0.3840569364565098,0.49625358175143824,0.29731755889798395,0.03884810494786581,,,,,,,,
fixed,ice_mud_low,20dogs,3,0.577205988294577,0.7874592942864516,0.1890584977436195,0.12652061770181022,0.044749999999999956,0.2133333333333333,0.0,0.04530851352504635,0.4463552887200616,0.831451382665211,0.07077284677569592,0.16935700586968033,0.3843930258313004,0.49196503873406494,0.2985391166964445,0.039174546647978044,,,,,,,,
fixed,ice_mud_low,20dogs,4,0.570496683321702,0.7771027377353193,0.18463487993794542,0.1292044582487135,0.04659999999999995,0.22499999999999995,0.0,0.04680689970119366,0.4309989608297823,0.8371524764712761,0.07236961751676758,0.16627925174748917,0.3836643580757996,0.4855284094895894,0.30033507389684944,0.03810902743720916,,,,,,,,
fixed,ice_mud_low,20dogs,5,0.5621623886231253,0.7789465679743808,0.18949220355216298,0.12676743077367408,0.050699999999999946,0.23499999999999996,0.0,0.04944536978980713,0.4249477682280389,0.8187364148120333,0.06323406073187979,0.16576795467203073,0.3843103084236504,0.4889998070834357,0.2921670604287147,0.03940207095075217,,,,,,,,
fixed,ice_mud_low,20dogs,6,0.5666741116889895,0.7823031726225158,0.20325130526504426,0.12385996320418617,0.05446666666666662,0.2533333333333333,0.0,0.05594593047594931,0.4258069507332711,0.8258734657098559,0.07177344814801695,0.16608814134695776,0.3821678884580314,0.4867022850621027,0.2877539998149664,0.039235376580353525,,,,,,,,
fixed,ice_mud_low,20dogs,7,0.5634778050786104,0.7862789713054199,0.19901250568128317,0.12532790549239153,0.05776666666666662,0.26499999999999996,0.0,0.05796560140297226,0.41960585469041084,0.842000034362654,0.07262303728084124,0.1721200652164049,0.3823520477375519,0.48749801176822627,0.28914520484632356,0.039844798976287524,,,,,,,,
fixed,ice_mud_low,20dogs,8,0.5620817225045355,0.7896191233950878,0.19485613956062747,0.12288840872635425,0.06351666666666661,0.30999999999999994,0.0,0.062315548931197895,0.4162901231639422,0.8390262295078985,0.07113365801474765,0.1724474206701092,0.3793648890137161,0.4832507862303791,0.2915933122891385,0.039748920947248426,,,,,,,,
fixed,ice_mud_low,20dogs,9,0.5603754248589146,0.7794104538325517,0.19623047522824752,0.1262544330481791,0.07526666666666662,0.295,0.0,0.06773525673248179,0.4031913712513987,0.8267441805381545,0.07192237864254286,0.17264313556871408,0.3782582644756434,0.48504873945225785,0.288709218525327,0.04066354830790512,,,,,,,,
fixed,ice_mud_low,20dogs,10,0.5592697733506528,0.7772399753925859,0.20791372539047495,0.12094110187635661,0.08319999999999994,0.3333333333333333,0.0,0.07041371902048067,0.39362468781628857,0.8051258314230305,0.07161537751634384,0.16687896785512948,0.3764789866306998,0.4788888800648957,0.28198387501777156,0.04092112070842356,,,,,,,,
fixed,ice_mud_low,20dogs,11,0.5598405628684621,0.7714295492623722,0.23018473261154626,0.11825167514334294,0.0976166666666666,0.39166666666666666,0.0,0.07936783227594599,0.3846487108410511,0.7878014380991779,0.07596672830783782,0.16055800504140116,0.37309617190654687,0.47888343464262606,0.2791952232439548,0.04052347690622665,,,,,,,,
fixed,ice_mud_low,20dogs,12,0.5612706424811156,0.7621577997231762,0.24985676306039162,0.11138965193183555,0.10881666666666663,0.36333333333333334,0.0,0.08099899682887216,0.3829766933310913,0.7948150511152696,0.0862474980220292,0.16177513874142113,0.37112767087063936,0.4779927857565669,0.27174405722967604,0.04130725089916474,,,,,,,,
fixed,ice_mud_low,20dogs,13,0.5626280022021831,0.7533358763973252,0.2615877132416404,0.10985437930952979,0.12503333333333327,0.3766666666666666,0.0,0.08754425467855954,0.3874645562853619,0.7848435716371063,0.09631846329005529,0.15773988040970224,0.3684745626522826,0.47564225469441757,0.2709630108596453,0.04087581745445538,,,,,,,,
fixed,ice_mud_low,20dogs,14,0.5656864695864551,0.7535078931272097,0.25799600239079556,0.10554693747080328,0.13969999999999996,0.4133333333333333,0.0,0.09157418649171348,0.3826646934071748,0.7925063777552055,0.09509693253045667,0.1513427384138666,0.3670023042962494,0.4750578632149064,0.27424540996780367,0.040466343775158696,,,,,,,,
fixed,ice_mud_low,20dogs,15,0.5563871963340705,0.7446670656914892,0.23663108765782415,0.1027222964778236,0.15706666666666663,0.44000000000000006,0.0,0.0965283977766322,0.3693131171103984,0.7778455646837669,0.09473238636818493,0.1437407832596096,0.36507611178290633,0.47733837848963995,0.2747079637832636,0.04037903782616499,,,,,,,,
fixed,ice_mud_low,20dogs,16,0.5618313135878668,0.7533111151322589,0.25938830180366645,0.09712867897834906,0.17054999999999995,0.45666666666666667,0.0016666666666666648,0.09856674099195573,0.3716133813433845,0.7733576957253867,0.10337823682923444,0.13864580417140387,0.3609191464221344,0.46570754757023475,0.26951487681369835,0.03988353039912106,,,,,,,,
fixed,ice_mud_low,20dogs,17,0.5649151690824495,0.7408521558077428,0.2837444223560285,0.0930859130486558,0.17931666666666662,0.45499999999999996,0.0016666666666666648,0.10500191336813439,0.37433660508078564,0.7668174518266391,0.11828977834099479,0.13194502629858915,0.3608533405503826,0.4682801490923052,0.2718432202642768,0.03976377408368749,,,,,,,,
fixed,ice_mud_low,20dogs,18,0.5610256337034073,0.7310337311600972,0.2667889505763105,0.09050970652495138,0.19849999999999998,0.48166666666666663,0.0,0.10714115884202957,0.36796546333247804,0.7753989701339277,0.10658621422416155,0.1298499118104256,0.35655291884009,0.4670330756563586,0.2748763525240504,0.03873944334469219,,,,,,,,
fixed,ice_mud_low,20dogs,19,0.5638500746339362,0.737276880547048,0.29080182921982634,0.0861833997108323,0.21293333333333328,0.5183333333333333,0.0033333333333333296,0.1083343533639749,0.3672004044690441,0.7759838555484102,0.11935851286414415,0.12441446418844833,0.35468647620186117,0.4594228445026095,0.2706960975233396,0.03877693950107715,,,,,,,,
fixed,ice_mud_low,20dogs,20,0.5696119331778441,0.7421937976298844,0.3057657706332744,0.0836547384784079,0.22415,0.5033333333333333,0.0,0.11033827934894266,0.37132148258210484,0.7668983002699759,0.12353675429990982,0.12039994547017083,0.3516476162894519,0.4624145959617434,0.2688249996703558,0.03827883840858829,,,,,,,,
fixed,ice_mud_low,20dogs,21,0.5764514108837676,0.7298805447015086,0.3357484321888184,0.07951179769870141,0.23036666666666666,0.5149999999999999,0.004999999999999995,0.11305232264446743,0.3795921116594058,0.7323511514643973,0.14631823044499737,0.1180418094956582,0.35027490943570844,0.4530298756757237,0.2701832722070751,0.0373339596114567,,,,,,,,
fixed,ice_mud_low,20dogs,22,0.5768248283901702,0.7301273222473222,0.31504100443273864,0.07946018557755698,0.23969999999999997,0.5166666666666666,0.0,0.11509603240057391,0.37785883309215657,0.7351691290361073,0.1313790468053842,0.11610291989955861,0.34880315196344985,0.4572719408343325,0.2655835380388973,0.0368605706057503,,,,,,,,
fixed,ice_mud_low,20dogs,23,0.5809542601988092,0.7285085615346027,0.3188526196358851,0.07571531243596127,0.25284999999999996,0.5483333333333333,0.0,0.12097116380552979,0.37957199097101907,0.7305665214568756,0.13565239732415962,0.11275663567045906,0.34828945349425766,0.45677231862437495,0.2698352999307906,0.03678365736266036,,,,,,,,
fixed,ice_mud_low,20dogs,24,0.5855687279744337,0.7353770119604325,0.3340489639348406,0.07188201017082294,0.26291666666666663,0.545,0.0016666666666666648,0.12086079668710567,0.3796260257372035,0.7357179781201626,0.15144906857420942,0.10331638810577604,0.3453052661574064,0.45817102800802934,0.2700980147668553,0.03604147626597172,,,,,,,,
fixed,ice_mud_low,20dogs,25,0.5863613822783497,0.729743617016075,0.3569866440631769,0.06927748987096083,0.2718833333333333,0.5516666666666666,0.0016666666666666648,0.12354537595797228,0.38057872106336205,0.7364685173738745,0.15889410910610716,0.10620958265816141,0.3449892128226733,0.439289689164411,0.26365939714202136,0.03579977724067181,,,,,,,,
fixed,ice_mud_low,20dogs,26,0.5885625966841732,0.7367389181859245,0.3414604228924213,0.06914529238756101,0.28084999999999993,0.5933333333333333,0.004999999999999995,0.12930661294804763,0.3826962937748858,0.7139675966285352,0.14686622278157102,0.10053760842880081,0.34496373376605394,0.4506894688517142,0.26895909012707364,0.03525392660735728,,,,,,,,
fixed,ice_mud_low,20dogs,27,0.5871894707012413,0.7383956817639061,0.34474150735482223,0.06853196557679277,0.28761666666666663,0.6016666666666667,0.0,0.13005667167183974,0.38065141577728084,0.7361180085954339,0.1540371108329957,0.10281470880642055,0.34564179017826413,0.4757366337285239,0.26457585022333696,0.03640266182170855,,,,,,,,
fixed,ice_mud_low,20dogs,28,0.5897150007775096,0.740813767058315,0.3824283102428002,0.06383302908253573,0.2968833333333333,0.5933333333333334,0.004999999999999995,0.12897334550302786,0.37739217938617525,0.7356291505471517,0.14834543714348042,0.10058438535792472,0.34556439872640765,0.4530621156687581,0.26761470009863164,0.034856707384412745,,,,,,,,
fixed,ice_mud_low,20dogs,29,0.5897467022499049,0.7411445542347724,0.35317926044624903,0.06626498557342836,0.3034833333333333,0.6283333333333333,0.006666666666666659,0.13472057783568245,0.38274599887771477,0.7469133851815158,0.14991712639807772,0.10021880801267868,0.3463416468307982,0.4491556656331112,0.26733562921129395,0.03522693884574786,,,,,,,,
fixed,ice_mud_low,20dogs,30,0.5946817807231068,0.732445586083619,0.36176418518319714,0.06414872553047275,0.3159833333333333,0.61,0.0033333333333333296,0.1311496614039413,0.38591729134544606,0.7252165291247987,0.16046811500198868,0.09766272232650108,0.3452598520461372,0.4534475385890164,0.26728819963279105,0.03425387907572772,,,,,,,,
fixed,ice_mud_low,20dogs,31,0.5946488188062273,0.7257927989528119,0.3713592489997863,0.06287061696958386,0.3238333333333333,0.625,0.0016666666666666648,0.13501637580205963,0.38436415184204187,0.7475494791713059,0.16721207639226648,0.09826489289824811,0.3466922801263182,0.4478072526419921,0.267682890979346,0.034847958496279884,,,,,,,,
fixed,ice_mud_low,20dogs,32,0.598032186827161,0.7187827051974953,0.36008118934216243,0.06196132428726804,0.3313,0.63,0.0033333333333333296,0.13753907670923046,0.39016801002991097,0.7416660972498287,0.17736296366763657,0.09447627058716793,0.34656248412015,0.4577724359638783,0.26573550826824516,0.03548125754782587,,,,,,,,
fixed,ice_mud_low,20dogs,33,0.5979245633616596,0.728799301864236,0.36113177165661864,0.06171371552635556,0.34576666666666667,0.625,0.0016666666666666648,0.13767641342350073,0.3906854271111417,0.7535535183816962,0.1646361072381703,0.09621104794709207,0.3478743198028972,0.4548779033113359,0.26801143062807353,0.035031538308448476,,,,,,,,
fixed,ice_mud_low,20dogs,34,0.5965187180298649,0.7301528088943691,0.3574360763839926,0.06194794774692466,0.34951666666666664,0.665,0.0033333333333333296,0.14069787819716878,0.3916782366710957,0.7129983921987638,0.1621556786624032,0.09532456822289488,0.347383648238028,0.4546396643721585,0.26777937686228254,0.03619082667198713,,,,,,,,
fixed,ice_mud_low,20dogs,35,0.597084775713405,0.7333042914218096,0.3514392333549482,0.0637598289948986,0.3583666666666666,0.6583333333333333,0.004999999999999995,0.14084477381476745,0.3951667554853474,0.7218026519740554,0.167184608818487,0.09645442167072785,0.34759390548153146,0.4586659866290514,0.26529609237813573,0.03644831199538592,,,,,,,,
fixed,ice_mud_low,20dogs,36,0.6003051611908294,0.7312622582243941,0.39473321206248774,0.06142083194801512,0.3633833333333333,0.6783333333333335,0.008333333333333325,0.14139547433789365,0.3973072843776828,0.7138420064557578,0.18079659287241054,0.09256890272577455,0.3468664397315437,0.4627679190594973,0.2655254870116651,0.03715374944777967,,,,,,,,
fixed,ice_mud_low,20dogs,37,0.5968617286071632,0.7360070829181656,0.3646901923674198,0.061847139602528155,0.37001666666666666,0.6599999999999999,0.006666666666666659,0.14178533435742438,0.39757424842165046,0.7188727546577314,0.17474741036488114,0.09072830004703437,0.34692827512006297,0.45664838305796274,0.2693386099322525,0.035671229781906025,,,,,,,,
fixed,ice_mud_low,20dogs,38,0.5955077279388542,0.740112722969404,0.350638930183697,0.06504017944392522,0.37635,0.6916666666666667,0.0033333333333333296,0.1483037805201796,0.40224723501829224,0.7692719598328052,0.15097309203768638,0.09260844009525644,0.34811048993939375,0.46100934400222043,0.26306737646272005,0.03635404854137833,,,,,,,,
fixed,ice_mud_low,20dogs,39,0.599805933127139,0.7352148756473886,0.37571833079340566,0.05873682787012707,0.3889166666666667,0.6799999999999999,0.01499999999999999,0.14254640373851576,0.4027770898884048,0.715497670005996,0.17143582157472323,0.08832997628284996,0.3477809480176576,0.45623721380096044,0.2660766337838453,0.03491596586673956,,,,,,,,
fixed,ice_mud_low,20dogs,40,0.5988376033737886,0.7264116526071928,0.3866259394846649,0.0577572538265861,0.39366666666666666,0.6866666666666668,0.013333333333333319,0.14123497810873858,0.4022514660565563,0.7223197390681941,0.17366651059007956,0.08315520332549961,0.3472283269040858,0.45500451841611617,0.2659271878546562,0.035374879363684206,,,,,,,,
fixed,ice_mud_low,20dogs,41,0.5987600807251593,0.7323012807287126,0.35580568688607206,0.06101781331957168,0.39644999999999997,0.6983333333333334,0.008333333333333325,0.1449573635745015,0.40394466912060584,0.7388903847599383,0.17287791109879522,0.08308845531808981,0.348098708171485,0.45203080912659743,0.26496167141050925,0.035997146368202386,,,,,,,,
fixed,ice_mud_low,20dogs,42,0.6016161865039177,0.7393963118810231,0.4031616595269566,0.05459620220002652,0.4086833333333333,0.705,0.013333333333333319,0.14144100666379902,0.40417264975446016,0.712884094518226,0.19143986492044326,0.07972614720134416,0.34654156078986137,0.45048985960185517,0.2718334566148221,0.03430785616782312,,,,,,,,
fixed,ice_mud_low,20dogs,43,0.6017095407553189,0.7382811790434858,0.38151067482004003,0.05669670887404012,0.41574999999999995,0.7150000000000001,0.016666666666666656,0.14901950061006466,0.4035871488443833,0.7192309904921441,0.1819646989368499,0.07946071900096803,0.3480477327571813,0.4444288778294685,0.2678240136413609,0.03428143766958393,,,,,,,,
fixed,ice_mud_low,20dogs,44,0.6010220657604248,0.7295824747603619,0.34905755192038174,0.05935406430021387,0.41898333333333326,0.7150000000000001,0.006666666666666659,0.14731508475724706,0.40178033449320505,0.7648642219529032,0.17001604274625998,0.08545756046020045,0.348607852259173,0.4626707500308025,0.26926265509602515,0.03594460386622544,,,,,,,,
fixed,ice_mud_low,20dogs,45,0.6023385075241646,0.7322987336243738,0.38839281402915754,0.057610048116674015,0.42245,0.7083333333333333,0.004999999999999995,0.14665769749706423,0.40382645872211553,0.7387339285127366,0.17054561671408072,0.08452397199262544,0.34826341066262734,0.4528572924821431,0.27345010684117005,0.03478720645476914,,,,,,,,
fixed,ice_mud_low,20dogs,46,0.6032444370548852,0.7258299659324743,0.3355677990304967,0.05990906172285383,0.42428333333333335,0.7316666666666667,0.006666666666666659,0.15263044850041968,0.4013910226340437,0.7419227232275182,0.1325016218004365,0.08408368567356897,0.3493673351370665,0.45461745148111987,0.2725683130897848,0.03564728431956837,,,,,,,,
fixed,ice_mud_low,20dogs,47,0.6058545624059369,0.7324929374095079,0.3997953181205855,0.055425384322147345,0.4352333333333333,0.73,0.016666666666666656,0.15141016642506694,0.4057256081339296,0.7274485496259515,0.1839086954126578,0.08166863986752054,0.34820153603056275,0.45631181016126315,0.2640686961102444,0.03615391341861328,,,,,,,,
fixed,ice_mud_low,20dogs,48,0.6041094736921446,0.7274319751678281,0.40377616141848965,0.05466513860461604,0.43183333333333335,0.7233333333333334,0.0016666666666666648,0.15341565187109557,0.40725423380200476,0.7149238801597008,0.18943266032310105,0.08256634154171572,0.3490120834203775,0.4441321117075626,0.2624359844469445,0.03482679671581225,,,,,,,,
fixed,ice_mud_low,20dogs,49,0.6025399916646126,0.7355950402648892,0.3896491853664027,0.05539142584143443,0.4359333333333333,0.72,0.004999999999999995,0.15521999568287598,0.4052068198308997,0.7112389174384154,0.1738239583694152,0.08223123880591307,0.35007123326461453,0.4580807520821599,0.26866317782612537,0.03610009564933221,,,,,,,,
fixed,ice_mud_low,20dogs,50,0.6010501023567787,0.7295393470688689,0.400727543854371,0.05625324856183929,0.45021666666666665,0.7466666666666667,0.011666666666666655,0.14713242532364856,0.40185005622886216,0.7084535678262481,0.16797228537044578,0.08063790796959493,0.35009518487836966,0.45984978732573334,0.26965130688692346,0.03654614485793092,,,,,,,,
fixed,ice_mud_low,20dogs,51,0.6046179804851128,0.7375744480060591,0.4002520492796108,0.05513435609626116,0.45058333333333334,0.7483333333333333,0.006666666666666659,0.15068385032676512,0.4031234127854753,0.7222640032690967,0.18547303825953693,0.08162963645543876,0.3492605867714124,0.4600859859253421,0.2632316776658861,0.03703581742753357,,,,,,,,
fixed,ice_mud_low,20dogs,52,0.6046476786364434,0.7318606818160663,0.4087228430708733,0.05275858781069489,0.4560166666666666,0.745,0.006666666666666659,0.1531409658603859,0.40492381483899587,0.7198482702117979,0.18383842440262335,0.0798206456596054,0.3527138658872308,0.45336330555792576,0.2696733008649492,0.03530291022921251,,,,,,,,
fixed,ice_mud_low,20dogs,53,0.6054664979913585,0.7241277185036031,0.37663408658821906,0.0562730732736809,0.4567333333333333,0.7483333333333333,0.006666666666666659,0.1545354992555837,0.40524530373391043,0.7239667140758953,0.16471997385088125,0.08172562355139659,0.35442936250017404,0.45893592208944345,0.27043386041426404,0.03688003633829405,,,,,,,,
fixed,ice_mud_low,20dogs,54,0.6036069182993907,0.7292411180520804,0.3597123834236523,0.0563627049777468,0.45970000000000005,0.75,0.006666666666666659,0.15837127742281343,0.40227905847430445,0.7373560157424274,0.166466719645277,0.08338414638456801,0.35434763629976185,0.4665304758743855,0.26775465703552775,0.036929487968930017,,,,,,,,
fixed,ice_mud_low,20dogs,55,0.6067252787294758,0.7285338420144201,0.4084796654179817,0.0541469942974301,0.46719999999999995,0.7566666666666667,0.004999999999999995,0.15820087951764147,0.4023686782183072,0.7098416437648739,0.1773035190818653,0.08174352123261261,0.35529217065879304,0.46194369920398043,0.2675161999900824,0.037317248274426784,,,,,,,,
fixed,ice_mud_low,20dogs,56,0.6060348538675424,0.7253716554705277,0.3966916717129877,0.055147844686685044,0.46819999999999995,0.7550000000000001,0.00833333333333333,0.15862611683079483,0.40429368365361934,0.727643593659161,0.16277360737150123,0.08265258433217176,0.35442161649970483,0.46021705378654804,0.266066178489199,0.03647582750880206,,,,,,,,
fixed,ice_mud_low,20dogs,57,0.6066538676208574,0.7305166894452599,0.3897953093902727,0.05525478225358722,0.4745333333333333,0.7666666666666667,0.00999999999999999,0.16111444863966742,0.40600561713152794,0.721436485150583,0.17922177628329813,0.07947531717587597,0.35536613386776333,0.45599905090778553,0.2731008396562318,0.036179339388012946,,,,,,,,
fixed,ice_mud_low,20dogs,58,0.6060554499494732,0.7309645453002402,0.35997245256975885,0.05687325684886474,0.47581666666666667,0.7550000000000001,0.011666666666666655,0.15558596098746705,0.4044812652480877,0.7140425040492329,0.1773216908956524,0.07865375596787527,0.35563399012585084,0.4580097593870498,0.2662578857547316,0.036932362000277136,,,,,,,,
fixed,ice_mud_low,20dogs,59,0.6085139482632514,0.7292395709015049,0.3777963268272469,0.05616645983331383,0.4826,0.7666666666666667,0.006666666666666665,0.16558413959907883,0.40348062241730853,0.7244577050330134,0.1703772226890611,0.08208401706690302,0.35699495783776614,0.4594505178543285,0.2655542681472657,0.036683071259609845,,,,,,,,
fixed,ice_mud_low,20dogs,60,0.6082350033184458,0.7262378333783486,0.38111897401242395,0.05549808509245778,0.4874666666666666,0.78,0.0033333333333333296,0.15625043599190053,0.4004603272392342,0.712791128908276,0.167897810168877,0.08058071981522003,0.35668011926301896,0.4634268538957989,0.26890521720635946,0.03724464512815652,,,,,,,,
fixed,ice_mud_low,20dogs,61,0.6054867736582648,0.7366579721863372,0.3423377856784245,0.06218628550848382,0.48406666666666665,0.7733333333333333,0.01999999999999998,0.16187708416416485,0.39719420931164706,0.7014127365402362,0.1612717856081341,0.08399190814397242,0.3574880040723928,0.4596435705850649,0.26796125259801934,0.03686623966297221,,,,,,,,
fixed,ice_mud_low,20dogs,62,0.6053873177156989,0.7289423977496059,0.38137936511901793,0.05690918902269754,0.4855833333333333,0.7866666666666667,0.0016666666666666648,0.17141824194477176,0.40100768868693093,0.7481541131436775,0.16120298532911528,0.08937957314846628,0.3597402642456554,0.4598928361143423,0.268622164633209,0.03778372091136092,,,,,,,,
fixed,ice_mud_low,20dogs,63,0.6051017558425195,0.7355385064933669,0.38459601973762847,0.05484052078205295,0.5067,0.7916666666666667,0.018333333333333313,0.1570870343223614,0.3961920822563371,0.7215137311206522,0.17620260924128214,0.07729067514906628,0.3607191423488157,0.4669070875255926,0.26886751852459617,0.03641246498733412,,,,,,,,
fixed,ice_mud_low,20dogs,64,0.6030166623978521,0.725144206437349,0.3649543765987896,0.055940442647254694,0.5043333333333333,0.7866666666666667,0.006666666666666659,0.161940102831288,0.3963246599285138,0.7235296872956397,0.16065376473887055,0.08004603840431793,0.3607513804855407,0.45873672641410435,0.2707831174408671,0.03693999493787782,,,,,,,,
fixed,ice_mud_low,20dogs,65,0.6026241263208882,0.7237625581922462,0.3778063665946993,0.055856730364415096,0.5146499999999999,0.8083333333333333,0.013333333333333319,0.15823062500130175,0.39244345108125217,0.6840865890361678,0.16653919619989763,0.07572075933492335,0.36095276054738984,0.46273734266334055,0.27446893088211416,0.03545546778362914,,,,,,,,
fixed,ice_mud_low,20dogs,66,0.604061802841953,0.7183908533311629,0.39251001849458567,0.055386300970313385,0.5050666666666667,0.78,0.013333333333333326,0.1648928834585938,0.39418749435794115,0.7237086900999498,0.18699570622104403,0.07625801656030838,0.3610587750247487,0.46304083278408104,0.2716537841613951,0.036187490344056446,,,,,,,,
fixed,ice_mud_low,20dogs,67,0.6044900195926043,0.7284783235776764,0.3735123231972486,0.057369031542552386,0.51215,0.79,0.01499999999999999,0.15897585248229207,0.3937874393902348,0.7089013889668415,0.1770235541359068,0.07969912524381731,0.3607918408626154,0.45990016239435094,0.2701766707207125,0.03601222149325243,,,,,,,,
fixed,ice_mud_low,20dogs,68,0.6023060451689461,0.7248905937606381,0.3495794843951447,0.06035619433161539,0.5100666666666667,0.8099999999999999,0.0016666666666666648,0.1711267089499065,0.3922539313578233,0.708326035996361,0.1555286605303952,0.08010651561187977,0.36155066817728343,0.46725546355699105,0.27358435256388375,0.037147641316645184,,,,,,,,
fixed,ice_mud_low,20dogs,69,0.6051970550925115,0.7388985272783654,0.34511325084818434,0.057594279352115155,0.5087666666666666,0.795,0.014999999999999986,0.16592375988904134,0.39636435656079766,0.7243285351563431,0.14762174989094218,0.08244960739355332,0.3591077771625365,0.458939218226906,0.2713504151305952,0.03574830250130513,,,,,,,,
fixed,ice_mud_low,20dogs,70,0.6064605778010719,0.7261535844012839,0.3601305217871246,0.05801185944554985,0.5167499999999999,0.7933333333333333,0.006666666666666665,0.16587854373604247,0.3950127597033961,0.7140921822394211,0.16860054063339097,0.0820120087610933,0.3600066673824197,0.4732192852731547,0.2685958800594928,0.037175551615714765,,,,,,,,
fixed,ice_mud_low,20dogs,71,0.606969899131682,0.7307723632004332,0.3851534992198478,0.053100184936493745,0.5135833333333333,0.7833333333333333,0.019999999999999997,0.16377239505110416,0.39841788089656427,0.7309660680042833,0.18761114132739848,0.07876480926542327,0.3612080996488864,0.4621960883232396,0.26591041124145665,0.037004559363618725,,,,,,,,
fixed,ice_mud_low,20dogs,72,0.6082708845967142,0.7231643946110858,0.38979818364648045,0.052105592310477046,0.5252833333333333,0.8,0.006666666666666659,0.16674239283048867,0.3936092416155487,0.7271248991937919,0.17191017668531342,0.07710039582969788,0.361489465176682,0.46256091728521653,0.2739128852204661,0.03675370659846388,,,,,,,,
fixed,ice_mud_low,20dogs,73,0.6096453099726242,0.7242453241739191,0.3826244104363001,0.053656826265931136,0.5255166666666666,0.8133333333333332,0.01499999999999999,0.1612578886903658,0.39498137217280166,0.7100283463630157,0.17734801637894376,0.07877037762382552,0.3609039879412274,0.4625489160133596,0.2698696248544809,0.03780773069072789,,,,,,,,
fixed,ice_mud_low,20dogs,74,0.6113851234718655,0.7274949073396004,0.3876703543958765,0.054207523234991194,0.5297333333333334,0.8150000000000001,0.01833333333333332,0.1651065422059827,0.3972099657732067,0.7385164854473495,0.1696616405895514,0.08145085936001781,0.36142853464314467,0.4638295017232795,0.2715219942896469,0.036585236384295707,,,,,,,,
fixed,ice_mud_low,20dogs,75,0.611664410566173,0.7255823999824009,0.40190412345243975,0.051509978299188255,0.5309,0.8033333333333333,0.01499999999999999,0.16722046067405225,0.3986708183130706,0.7254696706505811,0.17292698418889146,0.08046661104018749,0.3603909607557424,0.45715937630909736,0.273191379850762,0.03644029481127454,,,,,,,,
fixed,ice_mud_low,20dogs,76,0.6118106195123799,0.7253697160796772,0.3913709115184626,0.050728473300289,0.5391333333333332,0.8133333333333332,0.008333333333333325,0.16021819863232808,0.3935032660376886,0.69035024243881,0.1807801247595426,0.07598519698073371,0.3609760446324485,0.46988818709892133,0.2721211923109086,0.035936687646893194,,,,,,,,
fixed,ice_mud_low,20dogs,77,0.6128159441480392,0.7229063112443319,0.41147714589127415,0.050926920321623624,0.5389999999999999,0.8099999999999999,0.016666666666666656,0.16392322579333748,0.39612641824515704,0.7046980176651434,0.18871235555833488,0.07543588069999337,0.3610319619945493,0.4642106156560327,0.2701694066321559,0.03614889315475004,,,,,,,,
fixed,ice_mud_low,20dogs,78,0.6147739038134514,0.7239717306720406,0.39862614638154825,0.051122898147149695,0.5426333333333333,0.8133333333333332,0.016666666666666656,0.16406561829260474,0.3939507522366946,0.7120278969376961,0.17208676811341142,0.07924800652825811,0.36010962999276225,0.4595013841567539,0.27585938768682716,0.035684195973411326,,,,,,,,
fixed,ice_mud_low,20dogs,79,0.6125709197716992,0.7271335708735863,0.39270297955630346,0.05354646975213684,0.53955,0.8066666666666666,0.01166666666666666,0.1627905117498069,0.3941532404363906,0.7508604375141869,0.1793039030178281,0.08040214177468427,0.3614844963659219,0.472493317184406,0.27107656707735095,0.037182757551465107,,,,,,,,
fixed,ice_mud_low,20dogs,80,0.6119662166302986,0.7301126936679647,0.3848351200776883,0.05523765796421672,0.5363,0.8183333333333334,0.023333333333333324,0.16694233907366413,0.3923016617009635,0.7397987529835184,0.16906011066368898,0.08129171594479466,0.3606432622589123,0.4705157911671165,0.26638978921430845,0.03883761363989565,,,,,,,,
fixed,ice_mud_low,20dogs,81,0.613300745046585,0.7268832143565924,0.3814898937937906,0.054676430483433534,0.5416833333333333,0.8200000000000001,0.014999999999999996,0.16972908269733672,0.39056894192508784,0.7148357235462038,0.17137460138958155,0.07543868143885056,0.36119369754498554,0.46624872729770195,0.2695193217901848,0.03744838241255129,,,,,,,,
fixed,ice_mud_low,20dogs,82,0.6142920121686103,0.7292392395691037,0.3846504022864904,0.05297366906856358,0.5411833333333333,0.8116666666666668,0.016666666666666656,0.16669681900806602,0.39281179694575297,0.7273815092613954,0.17425608556721184,0.0795841874433864,0.36029592589759163,0.47354138147829905,0.26539977915167107,0.03842899035805094,,,,,,,,
fixed,ice_mud_low,20dogs,83,0.6146919451483159,0.7264986884645963,0.36826499393669243,0.053853408781741816,0.5448999999999999,0.8133333333333332,0.008333333333333325,0.16372499870934795,0.3911960967933603,0.7418594743014241,0.17188357067493612,0.0770354617887491,0.36016851942349476,0.46636431662173844,0.2659553358888719,0.036999726230757674,,,,,,,,
fixed,ice_mud_low,20dogs,84,0.6144307753235676,0.7238795023816698,0.3712882683601691,0.05340638311630737,0.5479,0.8233333333333335,0.008333333333333325,0.16843606920527207,0.3878848256420723,0.7114361795270947,0.1545664686786027,0.07844890954749156,0.35896689164643425,0.4612236620356822,0.2711105234795034,0.03725446779502754,,,,,,,,
fixed,ice_mud_low,20dogs,85,0.6148103378569865,0.7305177590654097,0.39932730746786194,0.05089655389428035,0.5426,0.8333333333333334,0.01499999999999999,0.17044076925680346,0.38935589941915716,0.7219136883270989,0.16390679548244486,0.08114579988675477,0.36009226773426445,0.4627059337999787,0.2720768704182032,0.036814600997846024,,,,,,,,
fixed,ice_mud_low,20dogs,86,0.611629530082484,0.7299124258260212,0.36956190035021763,0.05578758489488298,0.5480333333333334,0.8283333333333334,0.03333333333333332,0.16577629657832876,0.3840628755619132,0.7189730153508213,0.1423812407488641,0.08426937600106307,0.360368457918309,0.4690473849652049,0.27846071039788484,0.0371029269371907,,,,,,,,
fixed,ice_mud_low,20dogs,87,0.6124046572156862,0.7279837967033338,0.39390086480193426,0.05429310612978992,0.5490666666666667,0.8166666666666667,0.014999999999999986,0.17122351395688348,0.3837628176533635,0.7207228834176724,0.16086106478331394,0.08093027391859091,0.36011997652205574,0.46037064178583265,0.2680874574822417,0.03826664768466961,,,,,,,,
fixed,ice_mud_low,20dogs,88,0.6134995363124616,0.735027036397544,0.37926590773414576,0.054309917848948744,0.5535666666666667,0.8266666666666668,0.004999999999999995,0.16802512718227375,0.38363578475489624,0.6975496513710107,0.14007137420306365,0.07818185990649058,0.3599750082186106,0.46395009506446383,0.2693296303654889,0.03778735349862998,,,,,,,,
fixed,ice_mud_low,20dogs,89,0.6151084649569383,0.7232398813141391,0.4105463809527553,0.05193849653114958,0.5568500000000001,0.835,0.02333333333333332,0.16753582871634462,0.3826290453352482,0.7057696737869855,0.17463343350374205,0.08001022451258058,0.3613795308861504,0.47032236906653246,0.26279422494680754,0.03893314442959394,,,,,,,,
fixed,ice_mud_low,20dogs,90,0.6132858717095526,0.7269006637041165,0.3609775829837155,0.05565036195853877,0.5481333333333334,0.8266666666666668,0.01166666666666666,0.17427481541398993,0.37988473681680046,0.711666770557796,0.13693844015144746,0.08226921598800885,0.36051161676660237,0.464971692118948,0.2684699431910543,0.03711933866219052,,,,,,,,
fixed,ice_mud_low,20dogs,91,0.6129947578793157,0.7311480115254271,0.36696290730527326,0.05610012508665161,0.5540833333333334,0.8283333333333334,0.006666666666666659,0.17149122342072487,0.3795910441414658,0.6969025088383864,0.15589173030409686,0.0784515863802555,0.36042113353127314,0.4615285555229957,0.26384472789126423,0.03748328055583084,,,,,,,,
fixed,ice_mud_low,20dogs,92,0.615015005386484,0.7304045659060981,0.4041282042188821,0.0513007919086418,0.5573833333333333,0.825,0.009999999999999995,0.1696962788390481,0.3844607711573572,0.7282469464984123,0.17150208671917105,0.0840253809262789,0.3620627673364319,0.466084675658384,0.2702803663050149,0.037102107718845354,,,,,,,,
fixed,ice_mud_low,20dogs,93,0.6141959178120089,0.7300849158846472,0.4018265216289544,0.05292757897461471,0.5610999999999999,0.8466666666666667,0.0016666666666666648,0.16937405968166355,0.38697393574488786,0.7166756402803113,0.15180271670639625,0.08265523683971003,0.3608098555203837,0.46711852608740234,0.2646252050098387,0.0377255948641747,,,,,,,,
fixed,ice_mud_low,20dogs,94,0.6118956377390932,0.7280449413129076,0.3943402426462735,0.05293607235584099,0.5538833333333333,0.8400000000000001,0.008333333333333325,0.17818486681431112,0.38450067734605287,0.7224092418415147,0.15518746200749592,0.08276839217863996,0.36190061679260127,0.4680137321365828,0.263302414383755,0.03833338507926358,,,,,,,,
fixed,ice_mud_low,20dogs,95,0.6123769259449107,0.7232267803237618,0.36065006813644207,0.056265369597779294,0.5618000000000001,0.8466666666666667,0.013333333333333326,0.1741388906259972,0.3857914361353865,0.7162975106213243,0.1673422366744599,0.0832997802722382,0.36257463687318364,0.46405714925119196,0.27076197189879964,0.038914553361984607,,,,,,,,
fixed,ice_mud_low,20dogs,96,0.6097282645553729,0.7271252527686203,0.36017845357096645,0.05415360696329089,0.5643666666666667,0.8366666666666667,0.024999999999999988,0.16692596211075025,0.38552356359594847,0.7371150996621372,0.15017414617685998,0.08419393889944071,0.36315198306447477,0.4619614211415534,0.27169255885196075,0.03756918581185485,,,,,,,,
fixed,ice_mud_low,20dogs,97,0.6116211593027395,0.7183081473157354,0.38563101815485734,0.05279131918938893,0.5648833333333333,0.835,0.006666666666666659,0.17425179974792118,0.3881125990237561,0.7262482090958238,0.14425341090714744,0.08621741657552698,0.3630651958318968,0.46447443109852526,0.2726485405450693,0.03723822679659679,,,,,,,,
fixed,ice_mud_low,20dogs,98,0.6126562576875589,0.7259787992740503,0.4018259144898644,0.053062404445076886,0.5643666666666667,0.8516666666666668,0.02999999999999998,0.1768688666157256,0.38804229375607446,0.7035493669168672,0.17180948124423595,0.08322624288424887,0.36132499579242555,0.4633954779485217,0.2662735975079083,0.03791376663678853,,,,,,,,
fixed,ice_mud_low,20dogs,99,0.6158648852114845,0.7332686018374894,0.41581163878782146,0.05017909812553432,0.5738666666666666,0.8366666666666667,0.01499999999999999,0.16864298077383347,0.3920236601742808,0.7258222252638578,0.1843808902033995,0.07780881433467839,0.3637653748545555,0.4736508256421253,0.26729453076001236,0.03865912959411114,,,,,,,,
fixed,ice_mud_low,20dogs,100,0.6149717950126411,0.7243518319331196,0.4270310497330536,0.048473581443736063,0.57765,0.8400000000000001,0.008333333333333325,0.166700622344977,0.3883912588414257,0.7337503239407372,0.18310588865334076,0.07963612465482527,0.36337136762712985,0.47186969844807064,0.2730275233198497,0.037036685634496816,,,,,,,,
fixed,mud,15dogs,1,0.6898636714583068,0.8556845140758911,0.33749490272969224,0.09720682207184035,0.020971111111111055,0.10255555555555551,0.0,0.02190014137677796,0.5001117468873378,0.8291118643660254,0.13390913499023377,0.13692752202568376,0.3363882910567507,0.43502720174636256,0.2676380959079384,0.034736217167953,0.02728888888888883,0.1318518518518518,0.0,0.0283215060185379,0.5024211302338922,0.8492493940164763,0.13897639916800866,0.15259569352631633
fixed,mud,15dogs,2,0.6769217025533942,0.8565920241288307,0.3208643061889815,0.10956590172641385,0.023985555555555493,0.11633333333333329,0.0,0.024254841589851955,0.460905685233699,0.7949754485713828,0.12139084677812986,0.13904618054511925,0.33768830740633554,0.44485917575823714,0.26257723067767824,0.03561163230420787,0.029940740740740688,0.13481481481481478,0.0,0.030000231063246615,0.5079277309230722,0.8304650939159745,0.157357174503566,0.14734883915622948
fixed,mud,15dogs,3,0.6559333246073169,0.8517746417426526,0.312148801036762,0.11972688681242856,0.026322222222222174,0.11211111111111105,0.0,0.025333475195870498,0.4253078311261104,0.7611102721873102,0.10372456393239393,0.14678161363372577,0.34161445093337794,0.44297686527395863,0.2616117320244203,0.03696462775684821,0.03362962962962957,0.14370370370370367,0.0,0.03207012239016635,0.5108605795037874,0.832217887382752,0.16824738105564263,0.1424136809606382
fixed,mud,15dogs,4,0.6355167020562543,0.8436371582469222,0.29923467315070823,0.1271042770942556,0.030476666666666607,0.12322222222222216,0.0,0.027300981547475407,0.39136822201111476,0.7257645533488792,0.09838627936901283,0.1451537409906582,0.3433839275851665,0.43798036571033183,0.26685508747508097,0.03564364587880081,0.040399999999999964,0.15851851851851845,0.0,0.0347777698524155,0.5192142434005195,0.8360532980199149,0.1810889327067323,0.13693157292156985
fixed,mud,15dogs,5,0.6215024275258645,0.8371793364347129,0.3248261898418398,0.12141204711911968,0.033256666666666615,0.13655555555555549,0.0,0.02950694911970083,0.36671534144529677,0.7042853952472294,0.10703553923491685,0.13692097026609187,0.3467898528993737,0.44146937135011444,0.27404472052179607,0.03491583876938674,0.04419259259259255,0.17333333333333328,0.0,0.037190743600577995,0.5254079767989486,0.8190136222769517,0.1826236918793808,0.1363903637954475
fixed,mud,15dogs,6,0.5971890886293362,0.8363737581255128,0.30888417885835995,0.12094971962176242,0.0361555555555555,0.14577777777777773,0.0,0.030594837759474518,0.3371594751339546,0.6567184528004913,0.1097290955671028,0.1296603951002401,0.35020763334199756,0.4375287836200594,0.26417520136837547,0.03531563331174044,0.04725925925925922,0.1718518518518518,0.0,0.037352517877825585,0.5309162014867176,0.8612332276036827,0.19997538364568593,0.13474859708914724
fixed,mud,15dogs,7,0.5831848071418215,0.8281875056564733,0.30604808552800933,0.12007260994842195,0.03750333333333328,0.13922222222222216,0.0,0.02988349976267039,0.3207553083248035,0.6325065307908461,0.1054080311424777,0.12280344553185807,0.35230580938606837,0.4432947207953858,0.2698114265240029,0.0347844892862042,0.05139259259259254,0.17629629629629623,0.0,0.037737997659489216,0.5411065908861297,0.8363381797017465,0.19814749358050918,0.1270463062924618
fixed,mud,15dogs,8,0.5717789407735846,0.8132638115355698,0.3018799694145785,0.11608753808797938,0.03970444444444439,0.15222222222222218,0.0,0.031117532528390873,0.30657738615954927,0.6130580328396064,0.10502273661652643,0.1150296228028584,0.35456321397836643,0.43698803455839014,0.2743777461868205,0.034260178929629855,0.05306666666666661,0.19259259259259257,0.0,0.03899288293844388,0.5436468490806484,0.842925445562755,0.23301893534563517,0.1258601358801981
fixed,mud,15dogs,9,0.5633210870416847,0.8143992875501814,0.3104785359344732,0.11370799450181275,0.04018444444444439,0.13811111111111105,0.0,0.03059746541569077,0.29792490780429104,0.6111684755842223,0.10320308735502877,0.112586794804543,0.3557662719495652,0.4375498005039578,0.2700195512169964,0.03291585105872822,0.054488888888888844,0.17629629629629626,0.0,0.037720328786149455,0.552741601918411,0.8413794642006793,0.23087894436273135,0.1248717522512032
fixed,mud,15dogs,10,0.5577700256886711,0.8145935299786133,0.30996126324243867,0.11366399074471989,0.04281333333333328,0.1557777777777777,0.0,0.03290344346606209,0.29127009250050545,0.5899253936757327,0.1030067220684461,0.10929183612002005,0.3557118584701321,0.4380760267481666,0.2788137709916561,0.032198131616068965,0.05564444444444438,0.18666666666666665,0.0,0.039285187841122636,0.5515456708605326,0.834515178479802,0.2125219662237489,0.1306065683992455
fixed,mud,15dogs,11,0.5511459017653808,0.8114068782754351,0.3019502826723608,0.11089185178456913,0.04539888888888884,0.1588888888888888,0.0,0.03450035655692465,0.28812538437350704,0.5936267525807655,0.10192771311770495,0.10476036783151524,0.35566439429932833,0.4381416385305858,0.27651802432940054,0.033040237233026494,0.05773333333333329,0.17777777777777773,0.0,0.03970675841484232,0.5481363868127412,0.8258908259119834,0.22504778893705624,0.13164916645930838
fixed,mud,15dogs,12,0.5470691182341696,0.7940309580344954,0.3008051348997907,0.10830131164912285,0.04724666666666661,0.15699999999999995,0.0,0.03419223069403526,0.28316777198543297,0.5709902046419464,0.10204818904295765,0.10090218789550018,0.35541449115510254,0.4368922644372276,0.2758081910666467,0.03261819131030001,0.058607407407407344,0.17629629629629626,0.0,0.0381273241938845,0.5590534032839961,0.8452790496311842,0.2262414315366669,0.13025338374917453
fixed,mud,15dogs,13,0.5423265852093909,0.7928759981305864,0.30263371127702504,0.10320326041887433,0.04966444444444439,0.1615555555555555,0.0,0.035418988367787126,0.28035866398203624,0.5878023288319331,0.10101345293162904,0.10223139548865738,0.355847536535042,0.43749885981956915,0.2756709844710836,0.032782343704079245,0.059318518518518465,0.1807407407407407,0.0,0.038875300531652335,0.5603931735354268,0.8368710279570544,0.24603416967646657,0.126602484014524
fixed,mud,15dogs,14,0.5406307881539452,0.7975877747454783,0.30882343914831,0.10238697585848551,0.051102222222222174,0.1654444444444444,0.0,0.03585413670468031,0.2746346703518235,0.576747473374212,0.09895898879206647,0.09570939802597965,0.3555748119488776,0.436995023460233,0.2771503475759164,0.032599995557732256,0.060385185185185125,0.17333333333333328,0.0,0.03761712005408327,0.5691153196551105,0.8271632738580039,0.2450290782828182,0.12586167804882
fixed,mud,15dogs,15,0.5382521678589419,0.7961842009853553,0.32401494938614045,0.09415694524827103,0.05486111111111105,0.16966666666666663,0.000777777777777775,0.03779612130654856,0.27680829295732473,0.5907013122673576,0.10711915960725196,0.09418705727248446,0.35472743661014666,0.43466408330521283,0.27547758586212134,0.031123561955827238,0.05977777777777772,0.1792592592592592,0.0014814814814814799,0.03929608124349244,0.565716777480749,0.8490246987897916,0.2540979102677413,0.12525481018578608
fixed,mud,15dogs,16,0.5384641332338281,0.7796153637616947,0.3401236234125498,0.08834462126757989,0.055934444444444384,0.1718888888888888,0.0,0.03940791461204498,0.27360612225438097,0.5725005161507595,0.1148013371853579,0.09032651600613885,0.35231757069577674,0.4327025078946584,0.2798217830011491,0.03056549022683283,0.060044444444444386,0.1792592592592592,0.0,0.039662417994385704,0.5690182102076563,0.8347395092486847,0.24562161217471068,0.12182813859574106
fixed,mud,15dogs,17,0.5411056971145844,0.7940649051317789,0.33900371573352234,0.08761077005631626,0.05884777777777772,0.16899999999999996,0.0,0.03861027033993448,0.2735505189962727,0.5666606216636325,0.1130406452857929,0.08601126562824477,0.35153312968514516,0.42829870670409986,0.2707617399719878,0.030266076584579787,0.06176296296296293,0.18222222222222217,0.0,0.04057390731513937,0.5716340959029568,0.8416750824013067,0.23726997811189612,0.12543850774885332
fixed,mud,15dogs,18,0.5447032234809941,0.7821137391130599,0.32955115670618773,0.08753960486858593,0.0643855555555555,0.17877777777777773,0.0,0.04143076950649706,0.2740989867229905,0.577310386074822,0.10533435145012807,0.08540369441712307,0.3514765333184961,0.43242657164365533,0.27618808274967116,0.030386971850620125,0.06297777777777773,0.1881481481481481,0.0,0.041356689539710806,0.5773274714107469,0.8415540451829451,0.24360861059580047,0.1222640476473382
fixed,mud,15dogs,19,0.5394991594739029,0.7692834070664992,0.33962371297059163,0.08509475363786011,0.06482666666666662,0.18166666666666662,0.0,0.04187924877502894,0.27283060044937846,0.5572943226059238,0.1134191113673266,0.08282836004958795,0.35046957284160574,0.42812104050134936,0.27828788457480097,0.030490128248405895,0.06032592592592587,0.18518518518518512,0.0,0.04070043919023547,0.5838128227654151,0.8422159940276329,0.23686336360570556,0.12398595275093757
fixed,mud,15dogs,20,0.538756964560701,0.7772784902043709,0.34090914194300004,0.08134703536226806,0.06557777777777772,0.18511111111111106,0.0,0.04150415335939809,0.269362869194361,0.5572023901806349,0.11874707273180123,0.08088760745071258,0.3511261822109099,0.42435982238015024,0.2772597361426755,0.029186616381670066,0.06029629629629625,0.17481481481481478,0.0,0.03997466415062556,0.5896959930906394,0.8461322435186953,0.28390351588234536,0.12151321758717938
fixed,mud,15dogs,21,0.5410474010946938,0.7696042273495747,0.3562264377560669,0.07799296687445581,0.07386111111111106,0.19888888888888884,0.001888888888888885,0.04233641663320583,0.2650329395684911,0.5193433160542175,0.12638713526926834,0.07458886023467723,0.3501015034492297,0.4279975722199896,0.2772269549918148,0.029090449115547874,0.06214814814814808,0.19259259259259254,0.0014814814814814799,0.0419305706285087,0.5894772963138334,0.8605881205797906,0.26112130280106505,0.12370836950473207
fixed,mud,15dogs,22,0.5401627694468132,0.7606763395083255,0.3554571475888745,0.0726399278038685,0.0778944444444444,0.1904444444444444,0.00111111111111111,0.04223027416951071,0.26394059137487474,0.5324018490393271,0.12439185633838441,0.06955945441575376,0.348894474010966,0.43113308201327427,0.27561280718386,0.02808252741541341,0.06303703703703697,0.1807407407407407,0.0,0.040551738316928404,0.5945313098358876,0.8793854782542311,0.2659559995420994,0.12403258747495445
fixed,mud,15dogs,23,0.5395796736908764,0.764847383488489,0.36852821677885345,0.06712639233198214,0.07966777777777771,0.2036666666666666,0.0,0.04186176823126091,0.2668974514484826,0.5454876674988209,0.12971208173659207,0.06633965064367978,0.34926673603619485,0.4239691028970798,0.2855556981987227,0.02709517246012877,0.06448888888888883,0.19111111111111106,0.0,0.040797000259424156,0.591860371288459,0.8625174153818702,0.2655319397840133,0.12348510456120283
fixed,mud,15dogs,24,0.541694801494857,0.7915251837678551,0.38325466954735676,0.06928099468227121,0.08149444444444438,0.21288888888888882,0.0,0.0439898976386084,0.26804597705940947,0.5658902986607675,0.14930890731083482,0.06991898930770771,0.34737515866323565,0.43050363540839776,0.273123908050065,0.028588723806538468,0.06333333333333328,0.2044444444444444,0.0,0.041355248995765106,0.6005333219723697,0.8679612596950862,0.2511287722312789,0.12709627628690143
fixed,mud,15dogs,25,0.54239690402337,0.8001993674630674,0.3886126822777475,0.07000811411941299,0.0816044444444444,0.19944444444444437,0.00222222222222222,0.04415489248121273,0.26964306213551115,0.5724029901523904,0.14865481544167614,0.0712682462082312,0.3478578120476373,0.4238840579288154,0.2740771829464038,0.027422386691692113,0.06432592592592587,0.18518518518518515,0.0,0.04082666820979133,0.6021069657718999,0.8739100061485556,0.288123221075786,0.1248807553264247
fixed,mud,15dogs,26,0.5431494896993976,0.7885293671146119,0.3876752525194032,0.06866309626682875,0.08408333333333327,0.2097777777777777,0.00555555555555555,0.043362106888438966,0.26944911616845724,0.5456551867550348,0.1517308427461964,0.0680793731390787,0.34621277278528206,0.41868530951862404,0.26516035148345296,0.027203125588518416,0.06199999999999995,0.19851851851851846,0.0,0.04128409456133165,0.6051453718931905,0.8721973902717767,0.2766020734157394,0.12162232770786142
fixed,mud,15dogs,27,0.5427475301210349,0.7577688521481665,0.38999048501057354,0.06248402031059417,0.08669111111111107,0.21699999999999994,0.00111111111111111,0.04552384755704138,0.26653269786668143,0.5330849478641473,0.14041277634513177,0.06276080221399524,0.3469555561388648,0.4195704619874793,0.284063151109298,0.02607538160549126,0.06408888888888882,0.1911111111111111,0.0,0.0406157769284062,0.6033505902558258,0.8579515183008797,0.30113836770270713,0.11654001551740664
fixed,mud,15dogs,28,0.5425930147850028,0.782223004840821,0.3838956215086348,0.06529771181616101,0.08672888888888884,0.23022222222222216,0.00222222222222222,0.04605179400126637,0.2714189595495972,0.5442652596581568,0.1429295871273813,0.0647029829396448,0.34636300618325727,0.43027976721292394,0.2741212422864999,0.02790725775267685,0.06248888888888883,0.20148148148148143,0.0,0.040877419113721336,0.5935768078151945,0.8557687338381597,0.28942873032423944,0.11818104803039024
fixed,mud,15dogs,29,0.5452482152051228,0.779874323965162,0.39277635135905575,0.06501606108616756,0.09077777777777772,0.22288888888888883,0.00111111111111111,0.046286929774437324,0.27225268162568467,0.5548725223585529,0.14037252213268242,0.06731876449669984,0.3457463416386141,0.4283925415225768,0.2734370515783988,0.027611726462113927,0.06444444444444439,0.18962962962962956,0.0,0.04108819582962579,0.5955651429374068,0.8672410920726911,0.2704382923120178,0.12538313433739756
fixed,mud,15dogs,30,0.5445961504867516,0.7735386223016804,0.39181868315320273,0.06495002728135155,0.09390777777777773,0.2274444444444444,0.00111111111111111,0.047113525796197514,0.27020932489150723,0.5516928118253751,0.15036835476831617,0.06384333709642323,0.3444792706496661,0.4256825485089921,0.26857822192728426,0.027624680452115764,0.06460740740740736,0.20888888888888885,0.0,0.041628154933569854,0.5997466225876172,0.8716957326008271,0.2342921099374678,0.12874253901412291
fixed,mud,15dogs,31,0.5437347762091881,0.7620849510078991,0.38651584198025624,0.066971494024157,0.09641222222222218,0.22099999999999995,0.005222222222222215,0.04768637187665228,0.27003140167837403,0.5374654877727244,0.13728855144709082,0.0664261200820382,0.3451009991869919,0.422338099223688,0.2737021290957395,0.02760869695220901,0.06389629629629624,0.1881481481481481,0.0014814814814814799,0.04092271531820758,0.6047992897861074,0.8719721200061937,0.29585781834098934,0.12342050591543993
fixed,mud,15dogs,32,0.544973373581909,0.767002542619624,0.36913490224615503,0.0666240813144916,0.10008666666666663,0.2354444444444444,0.00111111111111111,0.049290640325541535,0.2710574851467854,0.556987328794876,0.14071144163682409,0.06533316402098363,0.3457639073761988,0.4293586105600422,0.27854264995681216,0.02780482920278048,0.06346666666666663,0.20296296296296293,0.0,0.042905002409045524,0.6120647346388687,0.8535420246687284,0.2776894574114127,0.12439383262866421
fixed,mud,15dogs,33,0.5463784559708935,0.7647005230316061,0.39526732646885904,0.06838942413696895,0.09946555555555552,0.2284444444444444,0.0,0.049728530328993575,0.2727501776366673,0.5711055925979385,0.15625650588902806,0.06670938175969865,0.3442164126158172,0.4245005634606245,0.27382688312497916,0.02711366956386011,0.06291851851851846,0.18962962962962956,0.0,0.04128330897353434,0.6121834088190147,0.8592619636343143,0.2789164869546116,0.12455497831074949
fixed,mud,15dogs,34,0.5455207060671452,0.7769821001855624,0.39609057997390257,0.06585420158357043,0.10131222222222216,0.2314444444444444,0.0,0.04895471929608254,0.27367043031817634,0.5635282655182708,0.1514461676179839,0.06458043496167357,0.34431123867552,0.426090539953493,0.27189256079079244,0.027635963978752016,0.0634518518518518,0.17629629629629623,0.0,0.03951338536659738,0.6036557440948666,0.8551014695042934,0.24678391078261136,0.12705830093124074
fixed,mud,15dogs,35,0.5457203480542895,0.7782029167211695,0.3994673752091437,0.06627719814175329,0.10139777777777774,0.23355555555555546,0.0,0.05031136581856639,0.27178068414586265,0.571532601954204,0.1481482476109111,0.06828845718637103,0.3449116639268487,0.4191122302289788,0.2723133374010773,0.027175093547414837,0.06376296296296291,0.18666666666666662,0.0,0.04086558567928518,0.6019211764477947,0.8346163265250487,0.28107090394291384,0.12210160097833397
fixed,mud,15dogs,36,0.5446706220400739,0.7653797672507172,0.40207363846862876,0.06211968858615731,0.10349777777777773,0.24099999999999994,0.0,0.048866763053573736,0.26830829597254113,0.5178129082039934,0.144954321576294,0.06120393870147613,0.34537137022394504,0.4244867546845369,0.27097635514068674,0.027968489252208722,0.0649481481481481,0.20296296296296293,0.0,0.04042736009197075,0.601033830202235,0.8418879414443261,0.2890204247214792,0.11972431273171043
fixed,mud,15dogs,37,0.5438604805383196,0.7877252799324365,0.37824030612634946,0.07049958629261197,0.1032744444444444,0.22999999999999993,0.000777777777777775,0.0508320336806692,0.2683072765759959,0.5583476503747026,0.14191083304089883,0.0665481071750196,0.34482903362691947,0.42642188769069095,0.2751308440490236,0.0287114921298944,0.06238518518518513,0.17777777777777773,0.0014814814814814799,0.038643188310881066,0.6015144703525815,0.8606078217726651,0.25223232577903654,0.12575088456815575
fixed,mud,15dogs,38,0.5429842135405318,0.7574703364563609,0.39954040920889106,0.06521304894360057,0.10222777777777772,0.22911111111111104,0.00222222222222222,0.05146722690862347,0.2683635421430223,0.541779150873777,0.14873678358827955,0.06479796728908294,0.34530449808260255,0.41927515707732665,0.27182617536674064,0.027991061644113597,0.06125925925925922,0.1866666666666666,0.0,0.039600892666647854,0.6029190217718098,0.8656755492353672,0.2815949549798596,0.12452879471546126
fixed,mud,15dogs,39,0.5439342137553262,0.7640610892084174,0.39126999643080934,0.06687908511816672,0.10918999999999994,0.25644444444444436,0.000777777777777775,0.0548418072467312,0.26612315781938595,0.5384797133922501,0.14810018767067848,0.06600807457269699,0.3451849998690342,0.42281670303228724,0.27279982634223326,0.028335721516351768,0.06419259259259252,0.19851851851851846,0.0014814814814814799,0.04221824881453297,0.6029546396635533,0.8642795052903656,0.2463019186477177,0.12497431159490734
fixed,mud,15dogs,40,0.5440186982022099,0.7600503114638614,0.40118044800458313,0.06428971190538796,0.11334333333333328,0.2365555555555555,0.0,0.05191860588358693,0.26454277137191184,0.5523497689266013,0.15093937121723086,0.0651132784881713,0.3451571899171323,0.42347373329602817,0.281059773055499,0.02745763386746016,0.06410370370370365,0.1881481481481481,0.0,0.040780121258239176,0.616450570091148,0.8700194836415286,0.27588555142132243,0.12469254483345531
fixed,mud,15dogs,41,0.5451579837975558,0.7707208162532667,0.3939907376904172,0.06586228933305353,0.11653666666666665,0.26033333333333325,0.00222222222222222,0.052946956334055016,0.2602692376400101,0.5096615600774407,0.1516290566808533,0.06126539602605576,0.3459769951816013,0.42633632596247556,0.28037385870293374,0.027777736369821105,0.06531851851851847,0.1911111111111111,0.0,0.04098835519548512,0.6217772533978547,0.8702843068245779,0.27577685378286676,0.12256044901106007
fixed,mud,15dogs,42,0.5468819405449932,0.7748245438292833,0.39411239393942976,0.06721852764203959,0.11884555555555551,0.24366666666666661,0.0,0.05279879573650241,0.26193530538491205,0.557891166659578,0.1443658154270553,0.06669129293824147,0.3451963921821616,0.4221693540919472,0.2720280096611988,0.02756572110744459,0.06359999999999993,0.17629629629629626,0.0,0.040407277174775456,0.6272684963363971,0.8670646954232819,0.2777401411111029,0.12263581431380592
fixed,mud,15dogs,43,0.5458489701220403,0.775520379510808,0.41149008425915257,0.06326587050922902,0.12141333333333329,0.2543333333333333,0.00111111111111111,0.052849947393175375,0.25835935870666293,0.5373047504151891,0.14624408408073372,0.06396264623356708,0.3457996622285623,0.42412079037058936,0.27834629067405703,0.02671265313763633,0.06512592592592588,0.20296296296296293,0.0,0.042667523590621405,0.6356659964712427,0.8829771797377914,0.29106379653322934,0.12298124982976492
fixed,mud,15dogs,44,0.541780201093405,0.7536233344465989,0.38518898172561067,0.062113059294227446,0.12189777777777773,0.25522222222222213,0.00444444444444444,0.05393311058315144,0.2573139558904068,0.5113006078114368,0.14679559496295,0.0612374576233648,0.3474263024986891,0.42599160108964246,0.2711639118344503,0.027436825342073968,0.06628148148148143,0.19407407407407404,0.0,0.041417240611183,0.6391736010832696,0.8796952181986549,0.32729228242824093,0.11947770603511315
fixed,mud,15dogs,45,0.5383296387114097,0.7295145162750071,0.4052017764307917,0.05722685409321432,0.12739888888888887,0.24999999999999994,0.006666666666666665,0.05214844553398568,0.25193236482527254,0.49880342340729966,0.14963417832331993,0.05536366069629365,0.34639585092225367,0.42302679859029474,0.2788589560335154,0.026038529416821755,0.06558518518518514,0.19259259259259254,0.0,0.04013427835518589,0.654527889442896,0.8909129619410184,0.34720459462081465,0.1141665248982951
fixed,mud,15dogs,46,0.5374806033520232,0.7546315808390441,0.383104651116015,0.06252146762780196,0.12357777777777774,0.26088888888888884,0.00111111111111111,0.05724665211188018,0.2548799873432241,0.5185847910993961,0.13659155403604728,0.06062909038139384,0.3478305918094706,0.42761216392698376,0.2813175687917821,0.027235889655613365,0.06414814814814811,0.18370370370370367,0.0,0.04010817357865377,0.6525323244441467,0.8790071676998862,0.3295596343411195,0.11183721344595615
fixed,mud,15dogs,47,0.5377070934906996,0.7651245195277683,0.38302973770479914,0.06151659231519493,0.1296944444444444,0.2666666666666666,0.00111111111111111,0.05656652054376475,0.2542785130120826,0.5442944724516883,0.15068068329739825,0.0583256404460047,0.34633610262725695,0.42654679352812186,0.2767560880679928,0.026508673164294026,0.0649629629629629,0.19259259259259254,0.0,0.03987812760596463,0.6510432517795833,0.8869720689067088,0.3418763842459323,0.1138553254428629
fixed,mud,15dogs,48,0.5396051479151478,0.777455661991313,0.4083069125364953,0.0630418975066505,0.13156555555555552,0.25511111111111107,0.00222222222222222,0.05421891294862049,0.2573810357254485,0.5490188959613815,0.15073338150800686,0.06168212708787146,0.34594252318373436,0.4256150593703064,0.2780185943173461,0.02660436861604845,0.06662222222222217,0.18962962962962956,0.0,0.0416191307252259,0.6514315151964253,0.8894629037264945,0.3228820676591325,0.11696964015247137
fixed,mud,15dogs,49,0.5409638440502007,0.7665800413331152,0.3896689077694964,0.06483234886181176,0.13117888888888884,0.2753333333333333,0.00111111111111111,0.05680769129819423,0.2568000294893418,0.5385029333764412,0.14493643079878674,0.060441541283837205,0.34537123155428995,0.4151279294259592,0.2755102646463392,0.026113527848538976,0.06552592592592588,0.2133333333333333,0.0,0.044629435897780026,0.6493415737479756,0.8795159104232647,0.3197881035725835,0.1161128922101635
fixed,mud,15dogs,50,0.5393038271263665,0.7676024202412306,0.38767482353729305,0.06562135613501177,0.1302933333333333,0.2655555555555555,0.0033333333333333296,0.05833262700482149,0.2573658110771186,0.5567443352839614,0.14515008043611774,0.06346242879315685,0.34609951546234197,0.4214475536636395,0.27173362537327794,0.02669312794624675,0.06358518518518515,0.19259259259259257,0.0,0.04058269861941937,0.6489231968813266,0.8885374883929497,0.3260555610290456,0.11573357391652452
fixed,mud,15dogs,51,0.5401469851532915,0.7619401202290209,0.38263341983508187,0.06197065799841156,0.1332622222222222,0.2716666666666666,0.00222222222222222,0.05757382339380884,0.2556481993662848,0.5135347968978895,0.1412081220969156,0.05350914608556445,0.34601530248328505,0.43182667656974616,0.281319709432801,0.026866231105107975,0.06559999999999995,0.18518518518518515,0.0,0.04082410351911731,0.6520106015514071,0.8886132213973411,0.3077789255384455,0.11497125078729081
fixed,mud,15dogs,52,0.5384271033460744,0.7485717432276875,0.40712965771175424,0.05817968642276126,0.13432777777777774,0.2657777777777778,0.0,0.05379145449041732,0.25526680925495937,0.5143358617962827,0.15258237756894436,0.05465157938896291,0.3450358924911411,0.4151761809364475,0.28255951251291267,0.024879595378270725,0.06437037037037033,0.18666666666666662,0.0,0.039616499140666686,0.6527954134694688,0.8816805252641957,0.2991304838613467,0.1178524557094682
fixed,mud,15dogs,53,0.5402295576015504,0.7732543646298915,0.4156919404020748,0.06318229224198998,0.1347866666666666,0.2701111111111111,0.002999999999999995,0.05425934280086677,0.2555553201530151,0.5438868891546598,0.15183844026022483,0.05989934992406968,0.3446594934089993,0.4183568016682095,0.2697333205245226,0.02651903780893543,0.06391111111111106,0.19703703703703698,0.0014814814814814799,0.04061787601178645,0.6425565998582432,0.8808073808961082,0.32833318863366506,0.11932445601049785
fixed,mud,15dogs,54,0.5380263032666163,0.7520330115997507,0.4011767879533063,0.06158266142752146,0.13481777777777776,0.2643333333333333,0.0,0.057315186543643926,0.2541767608717083,0.5312303132723616,0.157556653811393,0.0582411032183346,0.34667353255319944,0.42483501415444824,0.2785550993792648,0.0264950701403912,0.06574814814814811,0.1881481481481481,0.0,0.0407405666749963,0.6437362288550759,0.882265432281031,0.35723704360564934,0.11565981528940489
fixed,mud,15dogs,55,0.5385479814254113,0.7683939656232746,0.40899397391379305,0.06108041738625421,0.1309788888888888,0.26244444444444437,0.00111111111111111,0.05652113160073877,0.2554301539274867,0.5227231685583827,0.16027371932501483,0.05846054358564866,0.3464900427432522,0.41688549353554744,0.2811424908832027,0.025613136658741164,0.06271111111111106,0.1866666666666666,0.0,0.04008084959575466,0.6455149545371839,0.8938521942961601,0.30265287853064804,0.12157926805647608
fixed,mud,15dogs,56,0.5364551352337401,0.7482380005206688,0.3709052293115441,0.05849093044762556,0.13504333333333327,0.26855555555555555,0.0033333333333333296,0.05444603704738824,0.2538447763762056,0.5414414370719071,0.1459100698377232,0.05773453890398983,0.34686212501250535,0.43037227990581384,0.278105227937317,0.026289223084980474,0.0645481481481481,0.19407407407407404,0.0,0.04158971601649922,0.6389591828826929,0.8773668206941618,0.2904347331706711,0.11965594137768129
fixed,mud,15dogs,57,0.5383713152445709,0.757103779496799,0.3926746559239881,0.06042829512726201,0.1351244444444444,0.27288888888888885,0.00111111111111111,0.05564867418829143,0.2552609879048329,0.5391338364591756,0.1500214733243847,0.05974021975165158,0.3463785281882173,0.42459300480114415,0.28037612374712567,0.02642992579091035,0.06468148148148144,0.18962962962962956,0.0,0.04028495342107858,0.637187563656925,0.8707804226140097,0.31719865249259865,0.114825021065964
fixed,mud,15dogs,58,0.5391989251789574,0.7524096258628239,0.42189513963531555,0.056467256406184066,0.13664111111111107,0.27077777777777773,0.0033333333333333296,0.05619416404483948,0.2556526898279504,0.5269946447846883,0.16414951831042815,0.05665479372117653,0.3449186827511713,0.41469035397390525,0.28274564583064715,0.024538404304045015,0.06401481481481476,0.19407407407407404,0.0,0.040452519590658105,0.6382499049668553,0.8689505545461207,0.3321706160897286,0.1146187412473288
fixed,mud,15dogs,59,0.5376561020117391,0.7717792471441876,0.3795691393367183,0.06266532341054423,0.13636444444444443,0.2666666666666666,0.0,0.05958122040108484,0.2542173526723795,0.5471682759820433,0.14944774888223905,0.062081050580674244,0.3464026335893943,0.4265541785803319,0.2745213996698402,0.027135249037222513,0.0643555555555555,0.19259259259259257,0.0,0.041209673327639966,0.638889652000918,0.8694792943368995,0.320413977940862,0.11714152737203212
fixed,mud,15dogs,60,0.5395601649224601,0.7845728386546824,0.4052640432600253,0.06183758976746419,0.13671777777777774,0.2654444444444444,0.00222222222222222,0.05566152788065215,0.2538324527274708,0.5508064143562097,0.15536515773143603,0.06021980352367821,0.34665841549784016,0.4263079607184467,0.2774677013374406,0.026101093965159177,0.06426666666666662,0.1881481481481481,0.0,0.04077393766590127,0.6361989868266669,0.8718678235080922,0.3204802327417875,0.11786413593514702
fixed,mud,15dogs,61,0.5386511949171592,0.773564397967059,0.39129564433862474,0.06017267637172524,0.13798555555555553,0.2655555555555555,0.00444444444444444,0.0558708881976699,0.2541623556107717,0.5440305122562755,0.15670177888765446,0.05822127186512225,0.34522751436197435,0.41823666798440984,0.27258746760679753,0.02600182247124903,0.06475555555555551,0.19259259259259257,0.0,0.04079804059068233,0.6368598458657085,0.867370606438815,0.32776837610980436,0.11612057139234348
fixed,mud,15dogs,62,0.5386301072510833,0.7527250079315349,0.3962080057530944,0.06014762506775079,0.13486888888888884,0.26233333333333325,0.00222222222222222,0.05630999963487796,0.2530782322549966,0.5286185449756597,0.15266973785949975,0.05692277380422435,0.34575058418401927,0.42032103072979377,0.278151981840145,0.025989103618751765,0.06512592592592588,0.1822222222222222,0.0,0.039595807135394456,0.6352760822092429,0.8681048620252844,0.3293075303840649,0.1140489244566091
fixed,mud,15dogs,63,0.5380608612722135,0.7523830273507437,0.38926754389793344,0.05878461634822298,0.14201222222222218,0.2635555555555555,0.004111111111111105,0.05546980996224373,0.25253910574297433,0.5224474528549934,0.14529947222920897,0.05578999837741398,0.3457749273081171,0.42132769063928766,0.28036853058815486,0.0254008876951762,0.06582222222222218,0.1866666666666666,0.0014814814814814799,0.04211779253599917,0.6362063045631382,0.8850633705658447,0.31013724777521356,0.11722203856009611
fixed,mud,15dogs,64,0.542775198582137,0.7533679972770737,0.39936406001844593,0.059247616506018175,0.1385444444444444,0.27255555555555555,0.0,0.05712785747132397,0.25628693963957316,0.5225392138073973,0.16174853765749742,0.055980650329966034,0.34544205049872295,0.4213274092859002,0.2848090612878501,0.02554095515188055,0.0635555555555555,0.19111111111111106,0.0,0.04118108724874395,0.6391300968768029,0.8746576988572115,0.31928850058701463,0.11149210070909264
fixed,mud,15dogs,65,0.5399219580831764,0.7567850694640088,0.4152917632850647,0.057023361773868964,0.13583888888888884,0.2621111111111111,0.00111111111111111,0.057054387583715935,0.2551940877055074,0.5156094652733407,0.15829454856301528,0.05641685850200538,0.3445589464012544,0.41932611106048334,0.26990467740621116,0.02595328469711467,0.06466666666666662,0.1881481481481481,0.0,0.03994538481032836,0.6428899205631929,0.8668105039559915,0.3241897044095608,0.10858750935358573
fixed,mud,15dogs,66,0.5392735336150649,0.7604508664231043,0.3859669465303038,0.06232325491282205,0.13809666666666662,0.27477777777777773,0.0,0.05674988780732031,0.25300413748440964,0.5495222267706626,0.1526918585231851,0.060568361966815046,0.3454236479393036,0.4248034958882948,0.27121654750757623,0.026130717985921963,0.06416296296296291,0.19111111111111106,0.0,0.040332937821239465,0.6412346379086448,0.8720260814314258,0.33733843408007985,0.11020542591898089
fixed,mud,15dogs,67,0.540556003358007,0.749952768437914,0.41213065995198833,0.05623263609292062,0.1432266666666666,0.2724444444444444,0.000777777777777775,0.05821391215368414,0.2520314380658933,0.5082207256488582,0.15758439072257852,0.054122138093223415,0.3461077229347612,0.41973815736390685,0.28699002273873087,0.024984195856362988,0.06521481481481475,0.18666666666666662,0.0014814814814814799,0.040140727369129034,0.6377928573856314,0.8801164550338346,0.3201488994029862,0.10874201513740535
fixed,mud,15dogs,68,0.5427951361195867,0.7774557974404342,0.39633932078854456,0.05916645484121622,0.13889444444444438,0.2841111111111111,0.00111111111111111,0.05933084150045266,0.25510010755759094,0.5404738756587764,0.14735996071625151,0.05710070331433539,0.3447394704850466,0.4216796239478744,0.27426192334746935,0.026629772958569588,0.06437037037037033,0.19407407407407404,0.0,0.040568126287899305,0.6326340315677934,0.8747151317361962,0.3086908655686171,0.11348854039933484
fixed,mud,15dogs,69,0.5437347812444552,0.7646435013844401,0.3877090124221737,0.05898205241593037,0.13923777777777774,0.2683333333333333,0.0033333333333333296,0.056623652773200916,0.25419624905067195,0.5451866821092712,0.15007605030288546,0.05837040863246934,0.34406148629682975,0.4258084757519655,0.280557038398694,0.025563314394357377,0.06417777777777772,0.18518518518518515,0.0,0.040109374616793196,0.6289711750950704,0.882895802361938,0.32691812556467215,0.11505511684892106
fixed,mud,15dogs,70,0.5409831133636264,0.7334169640010538,0.3951396166788948,0.05764204637690769,0.1437755555555555,0.2774444444444444,0.00111111111111111,0.057079259340037256,0.25115982007920734,0.518972757672741,0.14590198812510163,0.055671404632298714,0.345267108921603,0.41934312990889405,0.27488588176128703,0.025891154998176753,0.06687407407407402,0.19407407407407404,0.0,0.04151778411680618,0.6349871940877584,0.8750679173528779,0.29373165455209455,0.11482904921353358
fixed,mud,15dogs,71,0.5421180767093272,0.7731464599696822,0.38302875839392414,0.06156560701483137,0.1405322222222222,0.2697777777777777,0.0,0.05745691907411661,0.25355289193659825,0.5377714626739911,0.1503229178130736,0.05750629859847223,0.34366564037451874,0.42588661457853166,0.274117403442538,0.026075418789345363,0.06484444444444439,0.18370370370370365,0.0,0.040640156239002495,0.6447369694696348,0.8724143751821923,0.32255206220969584,0.11399728807171275
fixed,mud,15dogs,72,0.5430501324406998,0.7535922098846809,0.40309369230746855,0.06024897278157994,0.14478333333333332,0.2753333333333333,0.0,0.05804057900980868,0.25456993418140145,0.5202390500613563,0.14953276413084135,0.05895346218878038,0.3453802015249343,0.418598570986579,0.27488237680073424,0.02586586482682629,0.06259259259259253,0.18370370370370365,0.0,0.03997364313603706,0.6398862914019713,0.8694419179870866,0.3036386936023913,0.11660364106010954
fixed,mud,15dogs,73,0.5420498634548802,0.7706979399691393,0.39892752016061184,0.05814416354359462,0.14711222222222217,0.27711111111111103,0.001888888888888885,0.057090883887196964,0.252338720779386,0.5307857357252005,0.15289887567754576,0.05561464643415994,0.3456672911254526,0.4217957595686913,0.2810933414535555,0.025388639647077372,0.0668592592592592,0.1955555555555555,0.0014814814814814799,0.04119575124833999,0.6437048663142523,0.8800782380574887,0.31642742627988507,0.1180533561302696
fixed,mud,15dogs,74,0.5377762545928547,0.7473046103610081,0.3918310935657665,0.05923069210998139,0.14805333333333331,0.29022222222222216,0.00111111111111111,0.05661602325049993,0.2483220935688506,0.5213921670970609,0.14350869898638582,0.053152470010851924,0.3461637832031249,0.4218363882638695,0.2785956238774354,0.026009822549362398,0.0646518518518518,0.18666666666666662,0.0,0.03918794155864568,0.6480218416120161,0.8799798460753446,0.3077788338654474,0.1156973063925141
fixed,mud,15dogs,75,0.5395903657125909,0.7441402202805293,0.3892963265247761,0.060149316617615335,0.14744222222222217,0.27688888888888885,0.00222222222222222,0.05823035900688116,0.2501938149724364,0.5068520027095199,0.1532312558495939,0.053713769691391966,0.3459892104057628,0.41737732895104634,0.275721634445609,0.025853242794987946,0.06420740740740734,0.1866666666666666,0.0,0.04178297389815413,0.6450582817934809,0.8724106001320919,0.2989880820057234,0.11849408994746528
fixed,mud,15dogs,76,0.5409740269006159,0.7657169046139246,0.40029135619266576,0.05916212738871938,0.14420666666666662,0.283,0.0033333333333333296,0.05945334368052524,0.25173102082558374,0.5271688130437014,0.14995301313922102,0.05767223718421668,0.3452184788305619,0.41782625220254765,0.2798357582475468,0.0254446141706847,0.06382222222222217,0.194074074074074,0.0,0.039558827968927054,0.6413149588331808,0.8702105036630555,0.3119691742613554,0.11592764103364551
fixed,mud,15dogs,77,0.5399622937958561,0.7319083002755279,0.3983442633887892,0.05711557667360715,0.14682111111111107,0.28788888888888886,0.001888888888888885,0.06182487940463076,0.2523260488389622,0.5240036794241745,0.14200719115763505,0.05796979885446853,0.3457436626480679,0.41641624439165936,0.27820407041976625,0.025531140241049667,0.06454814814814809,0.19703703703703698,0.0014814814814814799,0.04109091633713372,0.6410189435576825,0.8727183680940658,0.3186007114101319,0.11353551116056827
fixed,mud,15dogs,78,0.5411840815591931,0.7644234152316565,0.40833613210098507,0.05954415739992327,0.14860777777777773,0.2834444444444444,0.00111111111111111,0.060222414704424534,0.25074034420187485,0.5380663037257618,0.15021276646529408,0.05818285282649942,0.34561927519656443,0.4233729791144431,0.2750179435023886,0.026069945005872907,0.06549629629629623,0.19703703703703698,0.0,0.04235699272534896,0.6395627167232995,0.8671309916763689,0.3253429439996137,0.11446609248471644
fixed,mud,15dogs,79,0.5386250326115356,0.7762215050728942,0.38965338891094226,0.06109459558785709,0.14787111111111106,0.2821111111111111,0.00222222222222222,0.06092153029854804,0.2497922389085539,0.541876326299443,0.14241254194883118,0.05812046467312343,0.34703129472562827,0.42800144198894524,0.28111556934717385,0.025739575213184096,0.0653629629629629,0.1881481481481481,0.0,0.04144012326587552,0.6524248013669406,0.8747398385310363,0.31855362905660456,0.11384697471214088
fixed,mud,15dogs,80,0.5399205539300482,0.7656356551551177,0.41252167748876695,0.05782828670687319,0.14607666666666663,0.2744444444444444,0.001888888888888885,0.059423109543677174,0.2514655415455673,0.5528384920122923,0.15582691918704633,0.0566956204264669,0.3458778036298975,0.42471664230815803,0.27930986756733506,0.025462931127014726,0.06410370370370365,0.19259259259259257,0.0014814814814814799,0.0402673898443082,0.6515015026694193,0.8762170865266047,0.33033142386110265,0.11247925930112133
fixed,mud,15dogs,81,0.5396020191956252,0.7808140352950581,0.3934420511193925,0.06109656011628343,0.1498344444444444,0.28077777777777774,0.00111111111111111,0.05849899960175675,0.25119337201780484,0.5391280324480767,0.14822764699464944,0.056836242330735566,0.34582913153673717,0.4205417128355572,0.277563742083656,0.02543573524099176,0.06493333333333332,0.19407407407407404,0.0,0.04058242143014154,0.6493277148502884,0.8747242445427575,0.33032424587858333,0.11232130361106374
fixed,mud,15dogs,82,0.5415829059917951,0.7536660983293606,0.39473341637784737,0.059867284938148115,0.1505833333333333,0.29166666666666663,0.0033333333333333296,0.059394961506196234,0.25143060017263846,0.5158472017423557,0.15281805329793188,0.05647977571534938,0.34564227063231584,0.42107035518713315,0.27926825105740993,0.025630833574242173,0.06614814814814808,0.19999999999999993,0.0,0.04218346717116702,0.6465149405315508,0.884340109600485,0.32031951209460113,0.11366176285559645
fixed,mud,15dogs,83,0.5407523288629716,0.7538355555540279,0.3929417761468986,0.059133551239231766,0.14815222222222219,0.2884444444444444,0.0,0.05938653869580842,0.2536840238988858,0.5337908601850463,0.15316967263514625,0.05610469665959281,0.34656493014997103,0.4185318708494539,0.28026953854667924,0.025265981182636392,0.06416296296296291,0.18962962962962956,0.0,0.0398871099806091,0.6447968314541245,0.8749929380160238,0.32655305108429045,0.11239106118725276
fixed,mud,15dogs,84,0.5401592724777318,0.7500157016774027,0.395254744241751,0.057697006908931814,0.15213222222222217,0.2903333333333333,0.00222222222222222,0.05728189438692956,0.2526101076644494,0.5261600829286419,0.15827436362566769,0.05417761935570897,0.34514911964493933,0.4221636827225832,0.27339546169286094,0.026174419968813024,0.06528888888888881,0.19111111111111106,0.0,0.04087769486394674,0.63756379870489,0.8476728545386164,0.3252627619771467,0.11152374722399212
fixed,mud,15dogs,85,0.5416178688642058,0.7382788495080028,0.3973139693821452,0.05661700892063669,0.15208222222222217,0.2781111111111111,0.00444444444444444,0.05607465819609536,0.25149036179047524,0.5089604605052289,0.15232478332526167,0.0529066124785552,0.3457251121370172,0.41920946056316943,0.2823340117164259,0.025395883182057717,0.06402962962962958,0.19111111111111106,0.0,0.04090400736243448,0.635831665497921,0.8588595106414642,0.3120279638899312,0.1129619044596656
fixed,mud,15dogs,86,0.542421648359696,0.7721317481425062,0.39273988236364976,0.05954694627429326,0.14695555555555553,0.2756666666666666,0.0033333333333333296,0.059200102981654124,0.2541845751576147,0.5307690333600311,0.14660032025502448,0.05779120831573477,0.34642711129050663,0.42577112516792964,0.28340327114186314,0.025877195851368516,0.06414814814814811,0.18222222222222217,0.0,0.04113673143948977,0.6363038874516067,0.8703070623857265,0.3159137161251588,0.11472190381597148
fixed,mud,15dogs,87,0.5409386741712502,0.7438409467364135,0.39613074842927437,0.055117619346862726,0.14867666666666662,0.28677777777777774,0.00222222222222222,0.060652329044857,0.2509182098152635,0.49860217012155134,0.14300036102617508,0.05160810837620443,0.3455096785582018,0.42567908284582223,0.28049096360410347,0.02565750314247081,0.06514074074074068,0.19703703703703698,0.0,0.04082750562658289,0.6387635680002488,0.8593206764663385,0.33632496485217084,0.11061286413895118
fixed,mud,15dogs,88,0.5409533428451271,0.742490886560729,0.41074190622968143,0.05553865993501352,0.15221777777777773,0.2836666666666666,0.0033333333333333296,0.05795141461633766,0.2510814403739073,0.4827823295592159,0.1581384940820198,0.05061957707084852,0.3459749770716253,0.41453837184651887,0.2796390110799044,0.025477003312113295,0.06397037037037032,0.1911111111111111,0.0,0.04080680753188311,0.6396360438972575,0.8603922710480926,0.3476502950277874,0.11147516604989759
fixed,mud,15dogs,89,0.5443314680531742,0.7704018088448865,0.4054380073943674,0.059844045204688424,0.1492922222222222,0.2858888888888888,0.00111111111111111,0.0613983790696228,0.25552351162056747,0.5395664287628021,0.160170714243117,0.05793767130099599,0.34538392042800714,0.418260816487361,0.2793433191591916,0.025302038050306442,0.06561481481481478,0.19111111111111106,0.0,0.041630562472931135,0.6411205905217715,0.8587795119284265,0.33717399472558907,0.10930099618908204
fixed,mud,15dogs,90,0.5425415300515254,0.7378147444881943,0.40068624815138165,0.05866829533684388,0.15012666666666663,0.28488888888888886,0.00222222222222222,0.057323008560581735,0.250739572575979,0.5048963548039361,0.14842120267911293,0.052229207718102424,0.34563350824474737,0.41862871137539426,0.2770240382317833,0.02576664632333111,0.06491851851851846,0.1955555555555555,0.0,0.04113431493777687,0.6401500861178808,0.8613474741458992,0.32562697951212854,0.11286603913866057
fixed,mud,15dogs,91,0.5414604296459742,0.746608179348508,0.41933028606000117,0.05456913858764793,0.15082999999999996,0.2934444444444444,0.008888888888888885,0.05764858546250101,0.2528445359627468,0.5248911790699219,0.16395138012317612,0.05613054488476199,0.34613455291694206,0.422700255363475,0.27303136412869883,0.025879298347013118,0.0644592592592592,0.19703703703703698,0.0,0.04155464189505514,0.6381294800167703,0.8577816549944183,0.32549305313279764,0.11142358399927965
fixed,mud,15dogs,92,0.5410382272835232,0.7617630237619721,0.39383382813277834,0.057920391744353705,0.14840111111111107,0.2791111111111111,0.00111111111111111,0.06085528478915322,0.25259146000668664,0.5034471895092565,0.14626034814779584,0.05330840659614176,0.34600234587309997,0.4261271582736872,0.2853745333401342,0.026156560686599235,0.06389629629629624,0.1718518518518518,0.0,0.039482220324511166,0.6404812103697758,0.8529404376076015,0.32869268613663977,0.11164738546725966
fixed,mud,15dogs,93,0.5423500351708508,0.7479585489488936,0.4255613841466821,0.05498604089938761,0.15276555555555552,0.28577777777777774,0.0,0.0613969152081754,0.25209859012415503,0.5292661689522961,0.16048064112421878,0.0551856590906183,0.34519486566693286,0.4208964894545999,0.27552276278887056,0.025816811994220423,0.0651407407407407,0.18666666666666662,0.0,0.04027957780993382,0.6474498920162958,0.8703951869659148,0.32300510421826345,0.11037445920276803
fixed,mud,15dogs,94,0.5373529140845126,0.7574100179831373,0.38567790484272957,0.06073680905081551,0.14873666666666663,0.27888888888888885,0.0,0.06343794931514253,0.2508920065976252,0.5408956980983777,0.14366768484753714,0.05793647774369785,0.34701857866121716,0.42702234022228575,0.2749257185153734,0.027527964277417338,0.06591111111111106,0.19259259259259254,0.0,0.041824237730579035,0.6473564611056217,0.8618138270344017,0.31473868191784093,0.11255941486006885
fixed,mud,15dogs,95,0.5392454332457669,0.7442356976999986,0.40224415009543585,0.05509341981192746,0.1520022222222222,0.2864444444444444,0.00222222222222222,0.05888028341429798,0.2500598957379394,0.5141964679338191,0.15008105801300628,0.052607567092661844,0.3458550181017074,0.4157264809071095,0.28426916435610516,0.024682505204686424,0.06527407407407403,0.18370370370370367,0.0,0.04030518483569652,0.6489945868769408,0.8654654593339598,0.32735122476422307,0.11173441580416603
fixed,mud,15dogs,96,0.5414110096974102,0.7587874991784546,0.4005593664254949,0.057932951109395,0.15160777777777773,0.29511111111111105,0.00222222222222222,0.06169384960768955,0.2529247657558463,0.5334199534529153,0.1574986283237219,0.054976807666825514,0.3452481627728857,0.4242012826562143,0.2759838414743915,0.026169034904995874,0.06564444444444438,0.18962962962962956,0.0,0.04110112640466049,0.6441985801223529,0.864367545750262,0.3431493836892905,0.11432886260343467
fixed,mud,15dogs,97,0.5453827314570614,0.7477157507256462,0.4085651487373707,0.058255851639066915,0.15334777777777772,0.29522222222222216,0.0033333333333333296,0.05943280568487517,0.2549547915944635,0.5140609649142833,0.14820997735227498,0.05682399540500236,0.344651943712157,0.4204522213915947,0.275448607395559,0.025978955534216704,0.06605925925925922,0.19407407407407404,0.0,0.04170415371372741,0.6487663011795435,0.87134508545941,0.3197185395252074,0.11474170155638312
fixed,mud,15dogs,98,0.5444218055042288,0.7458014201697942,0.41562539272537063,0.056719387271545144,0.15532999999999994,0.28922222222222216,0.00222222222222222,0.05847548355463502,0.25491662975546553,0.5248646983174954,0.16950402521873692,0.054040814197147444,0.34500873422691847,0.4224936958867052,0.2781418918296129,0.02561758349052886,0.06460740740740736,0.1911111111111111,0.0,0.04085051856788235,0.652580786383048,0.8652121690192833,0.2987563403419468,0.11714425852317564
fixed,mud,15dogs,99,0.5439857889019704,0.7727641938226224,0.40680036446538015,0.059636661480785724,0.15705888888888883,0.2889999999999999,0.0033333333333333296,0.05770519319034874,0.2543726102088782,0.5352756007065577,0.1573304064141202,0.056334496364898665,0.34499130429969943,0.4207357437567102,0.27517801273050374,0.025674245232866426,0.06531851851851847,0.19703703703703698,0.0,0.04154611535988368,0.6486458358968813,0.8608989247838374,0.3133233081433097,0.1168117964167033
fixed,mud,15dogs,100,0.5444872884685735,0.7745211753195829,0.3992842350007249,0.06216800201201209,0.15348222222222221,0.27811111111111103,0.0,0.05961947780756762,0.25533291747874576,0.5416433021437443,0.14535981591531055,0.059251662195023994,0.34537652613000025,0.4303762295256234,0.276877648168988,0.02656744910736163,0.06462222222222216,0.19111111111111106,0.0,0.04127887216970003,0.645563465445257,0.8640665064739318,0.3470039775449892,0.11404407840754108
fixed,mud,20dogs,1,0.6234891456518646,0.7866212366836018,0.23772936588165167,0.09889765839646238,0.029648333333333277,0.1461666666666666,0.0,0.031368178330271376,0.48660429565423885,0.8088133686040606,0.09158261597198095,0.1378211691345595,0.3770136555851455,0.486683084536552,0.29705001321573593,0.03620263212246683,0.03704444444444441,0.17999999999999997,0.0,0.03954980335234378,0.49817656985200176,0.8544542740973414,0.16072012311315945,0.15336619436251453
fixed,mud,20dogs,2,0.6144255834027024,0.784079110531388,0.24234505984751306,0.10830024334544246,0.03381999999999995,0.1514999999999999,0.0,0.033561851269287714,0.45443828546349996,0.7712221522681892,0.10257365513349928,0.13508682026760732,0.377015193623245,0.4829052612169117,0.2998365017470325,0.037117189010780344,0.04368888888888884,0.1933333333333333,0.0,0.04296983736140007,0.5054847702416667,0.8615302209237659,0.15805936240933216,0.15166173630054938
fixed,mud,20dogs,3,0.5974505247019419,0.7815224637344228,0.23998328425594756,0.11711926042075356,0.03611333333333329,0.16816666666666663,0.0,0.035157605723203283,0.4252731484609026,0.7540737694867755,0.09940771619194551,0.13971014188649242,0.37852475028176,0.47811481250359283,0.29767314609937506,0.03589267602003686,0.046311111111111046,0.21555555555555553,0.0,0.044878110123631174,0.4948816132154156,0.8303712645477211,0.1812940020493073,0.14676813422914586
fixed,mud,20dogs,4,0.5810205733209709,0.786494267048613,0.24468621890880143,0.12480802863012344,0.03889333333333327,0.16849999999999993,0.0,0.03718422799912109,0.3999164214059655,0.7224645991992611,0.10191532771988668,0.1407216868369535,0.38284672382918217,0.48412994510860274,0.30291148166645976,0.036960540339272936,0.051955555555555505,0.20666666666666664,0.0,0.04691178133703092,0.5037939427323023,0.8461984124118412,0.18613275830886736,0.1457330242355331
fixed,mud,20dogs,5,0.5580699969679472,0.7750126817138742,0.251317068710335,0.12246540489885793,0.04363833333333328,0.17599999999999996,0.0,0.03869683154483437,0.3698154347088446,0.6867332825485557,0.10285340834625223,0.13675155126910826,0.3830338925146803,0.47880086968173324,0.3015749581639022,0.03622317426169229,0.057088888888888835,0.21777777777777774,0.0,0.04812542250981513,0.511897659585742,0.87525465830249,0.19215374016037803,0.14786783543855
fixed,mud,20dogs,6,0.5435629728037483,0.7699571298128599,0.25020453325960956,0.12247215279589319,0.04595666666666662,0.1891666666666666,0.0,0.04072734005630815,0.35173203198526726,0.6540683574771964,0.0981547636168962,0.13139304790633974,0.384532905524694,0.47756289737772384,0.30452041427583476,0.03596266177018319,0.06026666666666662,0.2333333333333333,0.0,0.05098261675885937,0.5207333103357789,0.8645118583835351,0.18473051836935375,0.15036448465739558
fixed,mud,20dogs,7,0.5281711341973202,0.77434275350538,0.25638009710633336,0.12137212756585661,0.05024999999999995,0.18116666666666661,0.0,0.04056110954745066,0.3336396321910803,0.6363532668876607,0.10516331031886535,0.12821819820535696,0.3865166502806404,0.4741817282633501,0.3030748935299863,0.03650679288924954,0.06666666666666661,0.22444444444444442,0.0,0.05103144838481056,0.5271396366578764,0.8716397038474438,0.1927514368071655,0.146540996730492
fixed,mud,20dogs,8,0.513118375918428,0.7502391980306038,0.24825905819675453,0.11503378512371565,0.05412833333333329,0.20083333333333328,0.0,0.04419437784991641,0.3176441259300708,0.6035426856462138,0.10288095862114059,0.11911538565303079,0.38862187782844837,0.47873593582269514,0.30255851901290387,0.03632758243410053,0.07068888888888883,0.25555555555555554,0.0,0.05435485566952502,0.5468671696112047,0.8623693089957727,0.21856831560631196,0.14201603837930735
fixed,mud,20dogs,9,0.5027676794313307,0.7451988486892007,0.247288207701801,0.11152815613379696,0.058054999999999954,0.20199999999999996,0.0,0.04350175082521176,0.3029266270499218,0.6095640524114436,0.10209163070161802,0.11220643401658519,0.3887346661620857,0.4812690087479895,0.3055178197349854,0.035641266626191735,0.07553333333333327,0.23555555555555555,0.0,0.053183621765577074,0.553508746868279,0.8747024917253294,0.19875094224455894,0.1414400293258735
fixed,mud,20dogs,10,0.4986604494101251,0.730027982272358,0.2564175616505227,0.10761832922622439,0.06014166666666663,0.19649999999999995,0.0,0.04461813980040671,0.2983424273707584,0.5963175215571729,0.10209005082513305,0.11054298155797868,0.38825550116237173,0.4772348312106752,0.3056694431093697,0.03450297978755616,0.07499999999999996,0.23777777777777775,0.0,0.054442570259162576,0.5568580417171136,0.860990507775296,0.23804417563168956,0.13860025797623174
fixed,mud,20dogs,11,0.49794863576244364,0.7273214908560317,0.26619164036875465,0.1026376716001642,0.061369999999999945,0.2131666666666666,0.0,0.04512314298448474,0.2935971360748075,0.5832607094971335,0.11183251482594829,0.10422965765822223,0.38893009096420494,0.47913746302501947,0.3084008469624989,0.034162796566235346,0.07524444444444439,0.26,0.0,0.054124496201714445,0.5646527351398059,0.8930560157323975,0.217001603480263,0.1395207786308733
fixed,mud,20dogs,12,0.4944129895238884,0.7156271231722917,0.2684624008105507,0.09747773847465402,0.06561999999999994,0.22483333333333327,0.0,0.04710918589104568,0.28892485639917204,0.5617620414197935,0.11295568051904017,0.09721681226838666,0.38739288361836915,0.47890642274159567,0.3088207517384215,0.0329948509922456,0.0803555555555555,0.25999999999999995,0.0,0.054439888133120964,0.575052493959896,0.8934985419528736,0.21972062605327777,0.13954480493196028
fixed,mud,20dogs,13,0.4931826311000167,0.727866173535481,0.27834950933638275,0.0990674817376683,0.06861333333333329,0.2208333333333333,0.0,0.04880236133096259,0.2888794512581384,0.6035524056108236,0.12046670935960344,0.10206367069413518,0.38615165529485507,0.4740445385655315,0.30464799953619986,0.03340598946600202,0.08231111111111104,0.25555555555555554,0.0,0.05611930453659654,0.5713028691048215,0.879948667110741,0.20117490398385876,0.1354560926578639
fixed,mud,20dogs,14,0.49206885518786037,0.7326024131949597,0.27228236878318646,0.09488708793877713,0.07159499999999995,0.2311666666666666,0.0,0.05071300900461304,0.2920402691876086,0.5852168790748963,0.1170126852021574,0.09848341133862666,0.38648172729456476,0.47142702863488006,0.30680586952648325,0.03354742220064694,0.08402222222222216,0.2688888888888889,0.0,0.056670576412932744,0.5752527791486608,0.8865436221310827,0.22054255528977082,0.134022784979833
fixed,mud,20dogs,15,0.4896723958186352,0.7253887344108318,0.2710778964386935,0.09306096947429757,0.07573999999999995,0.22399999999999992,0.0,0.0503792447073223,0.2873000914318789,0.5726485584808076,0.11977238091383195,0.09611488214534532,0.3855255122985069,0.47171945170206675,0.30272514843310294,0.032287729393120704,0.08471111111111106,0.24888888888888885,0.0,0.056204743871950937,0.5721328615166015,0.850134741094616,0.22718219823969482,0.12775979359061745
fixed,mud,20dogs,16,0.48458668425336526,0.713121335998411,0.28816993192133566,0.08520789212723281,0.07920333333333328,0.2331666666666666,0.0,0.050946007647617475,0.2826270597355481,0.5620295174565978,0.1296974468519962,0.0863800631435259,0.3851921595752651,0.46836578338906554,0.3088319627695405,0.03164181498018408,0.08679999999999993,0.25999999999999995,0.0,0.056864126844683865,0.5811902377937701,0.8583277655929697,0.25211841318031175,0.1267106027886689
fixed,mud,20dogs,17,0.4903906738239169,0.7270159555675009,0.29243099730701344,0.08766291710660017,0.08564666666666662,0.24016666666666664,0.0,0.053206262626802524,0.2820048459442736,0.5909152484550384,0.12611475211442458,0.09127664298720439,0.3839077962693963,0.46902459003980795,0.30397629536990894,0.03146219704198737,0.09164444444444439,0.25111111111111106,0.0,0.05755420215231823,0.5843500688275022,0.8450402626313964,0.2776214858588331,0.12189708269572849
fixed,mud,20dogs,18,0.48708396314713376,0.7143823688712174,0.2911635896415264,0.0850068200362871,0.08675499999999994,0.24649999999999994,0.0,0.05398231842763588,0.2777018981641557,0.5579765798722929,0.12464127559539344,0.08414093345641585,0.3846094968367859,0.4690856233188524,0.30624479217931067,0.03171253161447987,0.08708888888888884,0.26,0.0,0.05696555036604286,0.5787513252366427,0.8495102550263989,0.24574759612032712,0.12661797709880523
fixed,mud,20dogs,19,0.4881384315252288,0.7186627276757722,0.30084300499858474,0.07997291654149767,0.08713999999999995,0.25249999999999995,0.0,0.054923762330492266,0.2785711081709964,0.5512831066738739,0.12489672024670348,0.0800021080564599,0.38370134265046235,0.47089519734359025,0.3078880978115358,0.030797861136258643,0.08759999999999994,0.25555555555555554,0.0,0.05673605439238732,0.579036256731374,0.8543304485866543,0.270115271722524,0.12610030637331404
fixed,mud,20dogs,20,0.48667346488095403,0.7206651661986488,0.308202421439738,0.07780750694419172,0.0915033333333333,0.25449999999999995,0.0016666666666666648,0.05649231994571867,0.27971105647971684,0.5739646400979754,0.1427345867897881,0.07796768070959728,0.3825771616836982,0.4669559950144223,0.3072798634739183,0.030638414350677,0.08924444444444439,0.2688888888888889,0.0,0.058407689331061226,0.580536812470305,0.8633318865593895,0.280961611783769,0.1232826207721275
fixed,mud,20dogs,21,0.48406721800954333,0.7093417390832196,0.2976919036415787,0.07596103479444763,0.09590666666666661,0.2676666666666666,0.0016666666666666648,0.05797168498418444,0.2818970495290013,0.5563968007679007,0.13741421251686975,0.0791223812289539,0.3805882084395723,0.4696561997189682,0.30347629924428327,0.031221030447206567,0.0880444444444444,0.2622222222222222,0.0,0.05565504483729173,0.5819378760274605,0.8688480288682808,0.2722147059810231,0.1274693478150872
fixed,mud,20dogs,22,0.4844048862446315,0.7029622439856237,0.31194248218714393,0.071603234637051,0.10293333333333328,0.2708333333333333,0.0,0.06156427630273065,0.2791336247518895,0.5598311000004677,0.14002166529863144,0.07368223031946389,0.3818027615381844,0.4658419628887539,0.30503873384683317,0.031007736584124552,0.08888888888888884,0.2555555555555555,0.0,0.057605102562795045,0.5805415860478155,0.8637012153325756,0.27286159383839864,0.12560357530694682
fixed,mud,20dogs,23,0.48019736584224126,0.693702699310766,0.3074721355623364,0.06991621759161472,0.10337499999999995,0.26349999999999996,0.00283333333333333,0.05829738947038519,0.27896906227143425,0.5525278436141876,0.13782595977637863,0.07270816869934459,0.3815142441987899,0.46298919908375336,0.30944838682590786,0.030145570339488302,0.08988888888888882,0.25111111111111106,0.00222222222222222,0.055191414282991104,0.5847128786495043,0.8588122213657846,0.2710657129745609,0.12236848293747217
fixed,mud,20dogs,24,0.48010624189643875,0.7099045155038841,0.29778799070426676,0.07323360796809378,0.11253999999999995,0.27833333333333327,0.0,0.062404345829637387,0.27757145758001717,0.5502356746374449,0.1322509098451581,0.07418897156890925,0.3800791756251598,0.4657559776857389,0.30703908896724413,0.029673087275552568,0.09093333333333327,0.26666666666666666,0.0,0.0592671448970301,0.5863620386704261,0.8524423012275598,0.26980060612604945,0.12085493243801028
fixed,mud,20dogs,25,0.4825008153368392,0.7157069301076142,0.30543123691081525,0.07136169807156797,0.11233499999999993,0.26449999999999996,0.0,0.06061401421607402,0.2795072479645746,0.5686534467249642,0.1401374013989508,0.07276980780868633,0.37947104405614035,0.469881066663494,0.3064718865834967,0.030833354359471953,0.0889555555555555,0.24666666666666662,0.0,0.057185749926431294,0.5894270480760115,0.856267461214618,0.26289854629818754,0.11951226718842291
fixed,mud,20dogs,26,0.48303256230965497,0.6979015524787162,0.3301235182892631,0.07260193308820029,0.11371666666666662,0.2836666666666666,0.0,0.06064034824901019,0.2803206513108172,0.5541852219029424,0.14915222846742676,0.07552868414874372,0.3794006296008846,0.4619651575799,0.30498751087747317,0.030118928372806712,0.08799999999999995,0.2577777777777778,0.0,0.05686493954374025,0.5882491710037745,0.8686674510273268,0.2596515740933116,0.12095218734364341
fixed,mud,20dogs,27,0.4782962009364602,0.7065285264346409,0.3084145800494158,0.07373516555308515,0.11359499999999996,0.28683333333333333,0.0,0.06166953523050682,0.2776770876711978,0.5649305513052397,0.13934900214677354,0.07551165432629975,0.3813988019067388,0.4681217719420253,0.30128906176718495,0.03114481083875125,0.08668888888888884,0.2733333333333333,0.0,0.058014100001798026,0.6010511733839454,0.8635649670380755,0.2681396276896834,0.12321118791431204
fixed,mud,20dogs,28,0.47688675772394695,0.6958754623777255,0.3200008490400553,0.06785152801098646,0.11615166666666661,0.2711666666666666,0.004999999999999995,0.06095344566086199,0.27667611815167986,0.5444990451686832,0.14644126367169588,0.0687931946541956,0.38118933796197707,0.4669855031962761,0.3092540328633808,0.029803663692673583,0.08562222222222217,0.24666666666666662,0.0,0.056106361200826856,0.603493725633954,0.8618304802363764,0.3062818825148961,0.11639896362516654
fixed,mud,20dogs,29,0.47953534629251127,0.6896151702908526,0.32305564157420685,0.06609760858074104,0.12092499999999995,0.2963333333333333,0.0,0.061975527142424915,0.28027832806333636,0.5269179672798707,0.15641049971792836,0.06875950225299374,0.38141677670532,0.46382235102172775,0.30931609227125206,0.029850984542189644,0.09144444444444438,0.2755555555555555,0.0,0.05702096743660614,0.5991126951399062,0.8627714267400949,0.2705559305273238,0.12404279463223486
fixed,mud,20dogs,30,0.4758178138722995,0.6837104666580902,0.3112995341262044,0.06325058599627631,0.12137833333333328,0.28383333333333327,0.0033333333333333296,0.06220316811026409,0.2761130318237105,0.5150358661840004,0.15659259410658075,0.06438153287200091,0.3820478153213152,0.46776406471300563,0.307215999301787,0.02967221551477784,0.09068888888888883,0.2644444444444444,0.0,0.057984384360388205,0.6038047780711262,0.8551723119138049,0.2873288368809809,0.1151873750085674
fixed,mud,20dogs,31,0.4765132457191107,0.6802733176816622,0.30894797651901534,0.06523711135938268,0.12184499999999998,0.2788333333333333,0.0,0.06219532789884774,0.2797209295460994,0.518974958337028,0.14658055526833172,0.066349054455251,0.38233966687583965,0.4719640811985153,0.30471126711428687,0.029676965961929695,0.09179999999999995,0.2644444444444444,0.0,0.05818892981684596,0.6046373262133569,0.865783501791365,0.2717597236906291,0.12000178077690984
fixed,mud,20dogs,32,0.4771412155025539,0.6873359548854718,0.30951821473468893,0.0639273518304632,0.12361333333333331,0.2856666666666666,0.0,0.06290002860144675,0.2803891069375703,0.5249048223468177,0.1498047154859184,0.06578690393215494,0.38027579797294175,0.4653154685691291,0.30891043150622116,0.029740204414912885,0.09031111111111108,0.2711111111111111,0.0,0.05810886795891599,0.6076481650201089,0.8694003413830261,0.28342692224389204,0.1216349468717357
fixed,mud,20dogs,33,0.4829119100361766,0.6947508508371633,0.3238461549033383,0.06319694266961234,0.12553999999999996,0.2853333333333333,0.0,0.06175963828270857,0.28587367488357357,0.55458591271125,0.1658186828712071,0.06667981980759971,0.38181155603952177,0.46941544479527925,0.30425784740588135,0.03011744785564512,0.09271111111111105,0.2577777777777778,0.0,0.05788611656147376,0.6044489152088256,0.8732003805120715,0.2584387693433369,0.1260718069172665
fixed,mud,20dogs,34,0.4796756577868938,0.7082908081156686,0.3112357411669759,0.0660473682995534,0.12868666666666664,0.2776666666666666,0.0016666666666666648,0.06154342095228218,0.28857574805305153,0.5594551371475979,0.15115345478237166,0.07127236143106654,0.3816144409418791,0.47052193257699815,0.31217628708062806,0.02923871722750714,0.08946666666666661,0.23999999999999996,0.0,0.05641805612638122,0.5959122867655963,0.8765007203521952,0.24759714981187922,0.12825864867291698
fixed,mud,20dogs,35,0.48238412436402794,0.7136744281416441,0.3209685635469273,0.06631718302415279,0.12626666666666664,0.28383333333333327,0.0,0.06552656491806838,0.2935316512965888,0.5831010382029329,0.151256549598833,0.07322999139411594,0.38059145749305257,0.4705155242807074,0.30579456534532984,0.030930448419732897,0.08888888888888884,0.2422222222222222,0.0,0.05607709092951891,0.6067748553520081,0.880819826666655,0.2775570978959137,0.1245247528590843
fixed,mud,20dogs,36,0.4814782159245582,0.7128843291765409,0.3192597785606965,0.06513779416102024,0.13262666666666661,0.3038333333333333,0.0,0.06636962371150237,0.29356752145094844,0.5678107047723907,0.152551934457601,0.07224558638233312,0.3800766381769197,0.46339217629867335,0.30329748850788596,0.030070153537337392,0.08928888888888883,0.2644444444444444,0.0,0.05757281869716667,0.60578805860823,0.8819254572945179,0.27983218107432795,0.1260006941822397
fixed,mud,20dogs,37,0.48127622248952395,0.7025426459685498,0.3301771735337508,0.06446059706595587,0.13231166666666663,0.2978333333333333,0.0,0.06658435053276542,0.2947066001519775,0.5587702693060967,0.15884356524816193,0.06831345930120654,0.3814549682335796,0.46644277499960396,0.31042135827641915,0.029769702642276203,0.09179999999999995,0.2688888888888889,0.0,0.056245422668620426,0.6025186958357945,0.8525532621982274,0.28423988029724423,0.12220287567149062
fixed,mud,20dogs,38,0.4790579626605741,0.713481848535128,0.3201549812024969,0.06386226241619698,0.13647833333333328,0.30366666666666664,0.0016666666666666648,0.066354374394653,0.29348872614951105,0.5561864729857339,0.15126826176357772,0.0659900411814731,0.3808385600310163,0.4655980926832696,0.3069936749873642,0.030125035328654765,0.09246666666666663,0.2577777777777778,0.0,0.05882176534177108,0.6020788349505616,0.8667419084249105,0.28984753496201326,0.11900186400751646
fixed,mud,20dogs,39,0.4806578580954145,0.7058596149312797,0.33130108184653156,0.06377883298154419,0.13638499999999995,0.3053333333333333,0.00283333333333333,0.06807379283803516,0.29667350011768684,0.5573350980238996,0.1770986584743503,0.06495238482187547,0.38085888412614044,0.4624229249576592,0.30481745317609604,0.02959363002694792,0.09228888888888884,0.2577777777777778,0.00222222222222222,0.056489994988034455,0.6016059784182269,0.8537216413025409,0.27585401665583864,0.12164707147339188
fixed,mud,20dogs,40,0.48160714054660153,0.7117349395814057,0.3356750084017286,0.06254434493232297,0.1379633333333333,0.31399999999999995,0.0016666666666666648,0.06718869640621558,0.29744426784256917,0.5622146947559534,0.17142472216314933,0.06599146702935844,0.3819268598747771,0.4684714375957338,0.3093549508288732,0.030321056129526475,0.09075555555555549,0.2711111111111111,0.0,0.05764201936007064,0.6031237270963195,0.8688180238518421,0.2707620545963192,0.12138912600488257
fixed,mud,20dogs,41,0.48339430962292573,0.6911352555819058,0.3303743387930308,0.06314036366649789,0.1404633333333333,0.3103333333333333,0.0,0.06959229989856261,0.29773481072764424,0.5534127221750988,0.1793118000241965,0.06300012485471168,0.3820531377125392,0.46749629252269054,0.30900899034261775,0.03003706710688032,0.08919999999999995,0.2577777777777778,0.0,0.05834839262621463,0.6014866110639594,0.8577638576220356,0.26739152950410455,0.12340501625025556
fixed,mud,20dogs,42,0.4832277416759837,0.7030234683817893,0.34609964003838434,0.05984528717521069,0.14722333333333332,0.32683333333333325,0.00283333333333333,0.06639740410216519,0.29649097626314946,0.5394974350304917,0.17803775695139085,0.059151607429880335,0.38059028100418957,0.463545204140248,0.3058035621872076,0.028954296135731833,0.09159999999999995,0.2733333333333333,0.00222222222222222,0.05713913068355917,0.5992821443917976,0.8496760342797793,0.2817818804413852,0.11775434672369237
fixed,mud,20dogs,43,0.48113473889680664,0.7041457259495514,0.33271504710526517,0.06302564928144469,0.14701666666666663,0.3108333333333333,0.0016666666666666648,0.06838623797967255,0.2949312301826774,0.5549637305362165,0.17338254535742484,0.06129009985230956,0.3819891399995794,0.4742209015766374,0.3067885740358339,0.029845058108337104,0.09177777777777772,0.25555555555555554,0.0,0.05799218035921013,0.599509394649049,0.8620978494122098,0.25976554680361347,0.12165245098625772
fixed,mud,20dogs,44,0.4818669019360704,0.6960989480414076,0.33791071547385976,0.06256953007015541,0.1471433333333333,0.3206666666666666,0.0,0.06898860163984656,0.298143105583393,0.5595412347321711,0.1724147355956436,0.06419078934666021,0.3803578428143851,0.4677009032080995,0.29970983700329934,0.030547446408127038,0.08639999999999995,0.2711111111111111,0.0,0.05821592794949885,0.5935359620390798,0.8639522614817139,0.2661118968720966,0.12280259499233322
fixed,mud,20dogs,45,0.4808933747536484,0.6938012747564777,0.33697132067455493,0.06058302250984863,0.15367999999999996,0.3306666666666666,0.0016666666666666648,0.06671063788701653,0.29554551553552655,0.5546337513162573,0.17175590762882567,0.05759376419202461,0.38097027838122305,0.4669902697546432,0.30915523393860217,0.029410431656719298,0.09008888888888884,0.2711111111111111,0.0,0.0570421434167423,0.5912031951429068,0.8766275285372269,0.25343099369690864,0.12658081885151695
fixed,mud,20dogs,46,0.48313505871785767,0.7084009475092697,0.33810855490029457,0.0655660008622407,0.15205499999999997,0.3173333333333333,0.0033333333333333296,0.06903843924187177,0.29909255332126966,0.5596464866226452,0.16854730157047143,0.06314032088286158,0.37936289369271103,0.461850442864446,0.3054070636404055,0.028843979976112693,0.0877555555555555,0.2711111111111111,0.0,0.05887616883515623,0.5881595334607366,0.8544336807582905,0.2597582297798533,0.12534606460585554
fixed,mud,20dogs,47,0.48340566488534514,0.6978293537160758,0.3511710928842446,0.06357742940346671,0.1539183333333333,0.32399999999999995,0.001166666666666665,0.07184036092225612,0.3010595589819129,0.5692506732651367,0.18744615160229824,0.06378612725383563,0.38085952882140933,0.4650656655787963,0.3085216151776482,0.03019463950443633,0.0898444444444444,0.2711111111111111,0.00222222222222222,0.05845754930450765,0.5953509861524712,0.861209266774487,0.2819164166147482,0.12076284163695579
fixed,mud,20dogs,48,0.4817000752006938,0.7080044336817856,0.3403691738663144,0.06527911662736105,0.1544583333333333,0.31966666666666665,0.0,0.07238105125690146,0.3009708419275023,0.5618106147594609,0.18107181547770962,0.06195399567686065,0.3810090647731027,0.4675179465650049,0.30296016426026184,0.030439387440499604,0.09099999999999996,0.2533333333333333,0.0,0.05607457160506602,0.5946840402027942,0.859296122404516,0.2679316081862662,0.11873861326444776
fixed,mud,20dogs,49,0.48218682952142017,0.697031912543615,0.3305495010844563,0.06417952724660314,0.1578916666666666,0.33166666666666667,0.0,0.07161463005339481,0.2990269753380307,0.5623561943813743,0.17858701652923453,0.061051878347819465,0.38111980551373825,0.46486134025657816,0.3047412044315098,0.02952806911073073,0.09122222222222216,0.26666666666666666,0.0,0.057550883460746695,0.5910598870502138,0.8489036761156835,0.2612642109046193,0.11739825370960351
fixed,mud,20dogs,50,0.4813355301488936,0.7124694384355378,0.3346902085463074,0.06090935505082654,0.16177666666666662,0.3288333333333333,0.0016666666666666648,0.07034193648950302,0.2978645751909982,0.550759359757316,0.18145924679352382,0.055175760931532404,0.3813559138525906,0.4621985652933806,0.30395664679446216,0.028899911215270878,0.09328888888888884,0.2644444444444444,0.0,0.05859834840809971,0.592582292343453,0.8631624631285442,0.2694104101088903,0.1165698495479943
fixed,mud,20dogs,51,0.48362772715040975,0.6948425379882937,0.34131268532145365,0.05925877688437399,0.1635133333333333,0.32683333333333325,0.0016666666666666648,0.06957590006047765,0.2990699492693345,0.5413004827548582,0.1990179141979044,0.05231294398459414,0.38067239346327675,0.4674215687596729,0.3105297208552894,0.028955149781278982,0.08942222222222217,0.25111111111111106,0.0,0.05762929621998392,0.5960839574331148,0.8497402488645703,0.3132681092097512,0.11331314281084823
fixed,mud,20dogs,52,0.484238262627097,0.688773672260714,0.33522800444501943,0.060954879951520914,0.16507666666666662,0.3303333333333333,0.0016666666666666648,0.07215665737974744,0.29872639888117225,0.5488864035101204,0.1778767788967402,0.054955727560540193,0.3800728141960745,0.4673358524841717,0.31117529598288773,0.028920619362194887,0.09128888888888884,0.2577777777777778,0.0,0.05696634086000928,0.6014351732109697,0.8573454866182745,0.3072269184587895,0.11791556884775424
fixed,mud,20dogs,53,0.4841842797946737,0.6902480685898419,0.34337593032967095,0.061519849989352324,0.16977333333333328,0.3296666666666666,0.0,0.07071808612461872,0.29816662798005583,0.5435287438936688,0.17884434310612796,0.0564627813346971,0.3815432237515387,0.46737448464500575,0.30356145066339,0.02948729773742146,0.09248888888888884,0.2533333333333333,0.0,0.055465477684019944,0.6041854385647135,0.8555513731605404,0.27272719542833546,0.11791099594715508
fixed,mud,20dogs,54,0.4870343391609852,0.708923151410858,0.32974791272781284,0.0651691874319932,0.1661433333333333,0.33483333333333326,0.0033333333333333296,0.07352539137885941,0.2997467835311568,0.556765309136829,0.17076401057071258,0.0595391379759377,0.3813445206798791,0.46450942276552604,0.310682921324822,0.028713752625441125,0.0888444444444444,0.25999999999999995,0.0,0.057770184585087064,0.6011618822396297,0.8496413499542157,0.24854430055441973,0.11748748443369864
fixed,mud,20dogs,55,0.4875363533644193,0.694159427690121,0.3429030326375897,0.061907645955306734,0.16741499999999995,0.33849999999999997,0.0,0.0750012985283795,0.30059160970507615,0.5429765679014104,0.1878085365058016,0.05397848239669004,0.3808332834468914,0.46767539961862015,0.30516524695606806,0.029540040261109114,0.08904444444444441,0.2733333333333333,0.0,0.05737812264808158,0.6047537137093976,0.8687636353472296,0.2716322008244068,0.11689952628781305
fixed,mud,20dogs,56,0.4903896663014885,0.6995171451396183,0.35301424253648006,0.06037814953731121,0.1707783333333333,0.3324999999999999,0.001166666666666665,0.07075924852057486,0.30017585741493913,0.5191227210621555,0.19060739573186408,0.05098802804266904,0.3812296911405582,0.4626192468884467,0.30791288400749617,0.029663893580167654,0.08891111111111107,0.25555555555555554,0.00222222222222222,0.05536900933316382,0.6058478362600748,0.8620910965185102,0.29142014100574537,0.11579626208408283
fixed,mud,20dogs,57,0.49042551006289586,0.70427025098235,0.3460830597377663,0.06163628625521641,0.1749766666666666,0.3493333333333333,0.0016666666666666648,0.07149949473700021,0.2992683137045961,0.5391304367510743,0.18793708876540324,0.052218872286404275,0.3813996596553414,0.45993471966306665,0.30789726396749967,0.028694681285967683,0.0930666666666666,0.28444444444444444,0.0,0.05817926008802552,0.6109274910516992,0.8692483282784266,0.29754965557881946,0.11894186934636121
fixed,mud,20dogs,58,0.49388604641297007,0.7181535257169877,0.34351262374822217,0.06495130295534442,0.1735133333333333,0.33749999999999997,0.0016666666666666648,0.07154022199065631,0.3021329049600584,0.5605111191725813,0.19022978276438426,0.057963248323457874,0.3810881168630879,0.46172873311521434,0.307813815716707,0.02976094520727391,0.08986666666666661,0.27777777777777773,0.0,0.05625111980451439,0.6112255810750863,0.8515652638835901,0.27767900750007135,0.12181675277577884
fixed,mud,20dogs,59,0.49207160797107186,0.7057774318294063,0.3382944990658145,0.06368448842333368,0.17790833333333328,0.3446666666666666,0.0,0.07388511055682823,0.2999125119111036,0.5715155193639532,0.18095473771769785,0.05697688601223492,0.38217207685127963,0.4660390131023596,0.3039307612309329,0.030640598447399598,0.09211111111111106,0.2755555555555555,0.0,0.057833061719282604,0.6140613929937224,0.866865247074512,0.3168387552894932,0.1191084226872751
fixed,mud,20dogs,60,0.49046558983188354,0.7103391502696405,0.34520584461125,0.06070463470629191,0.17472666666666664,0.346,0.001166666666666665,0.07358819693499356,0.2999389162714762,0.5295859117469546,0.19388228159384577,0.05252368893524647,0.380783709863715,0.4663187129969811,0.3066034354989945,0.02923864990754497,0.09017777777777773,0.2622222222222222,0.00222222222222222,0.058207299644482804,0.6073208159634996,0.8420951977489243,0.27253295789275794,0.11869080875957952
fixed,mud,20dogs,61,0.4934036230582728,0.6924553334494977,0.3621328306321759,0.05595961547320649,0.18097166666666661,0.3413333333333333,0.0,0.07029441423659404,0.29821889516015176,0.5392261906651126,0.19496368021428526,0.04912442493700014,0.3809478526734692,0.46403822203944173,0.3068149642810246,0.029207786504081578,0.09108888888888883,0.2533333333333333,0.0,0.055180373033532674,0.6067753277383645,0.8508976188011709,0.27021065952038525,0.11653240432939824
fixed,mud,20dogs,62,0.49695840778948447,0.6950212042686978,0.3560167799693561,0.0591075254116608,0.1790266666666666,0.33749999999999997,0.0033333333333333296,0.07152766729308291,0.3006733541993322,0.547519634084388,0.1870356126477169,0.05184754292199656,0.3806322661592966,0.46434643405017206,0.3043585447318876,0.02978698504155291,0.08995555555555551,0.25555555555555554,0.0,0.05545880454211021,0.612273976728213,0.858957074449485,0.3229122471104962,0.11470226400047628
fixed,mud,20dogs,63,0.49747605130542294,0.6912108475452468,0.3499127979678728,0.059845069197235125,0.17949166666666663,0.34733333333333327,0.0016666666666666648,0.0718480633386977,0.30271266505910377,0.5476435817079282,0.17631586651244116,0.055081825171689004,0.38091035664073847,0.46553204565242845,0.3034001156533909,0.02986767191233323,0.0903333333333333,0.2711111111111111,0.0,0.05873919776900339,0.6155930354705845,0.8470694744694872,0.3003433861130565,0.1132580406059815
fixed,mud,20dogs,64,0.4956282427234532,0.6938493218242328,0.371668783838684,0.05609650890905536,0.18113666666666664,0.3433333333333333,0.0016666666666666648,0.0739258953331633,0.3018852563954163,0.53298549624561,0.20267668924108348,0.049860620698695096,0.3822400558446029,0.4571032391390929,0.3131117308782369,0.029256868842455437,0.09146666666666661,0.26666666666666666,0.0,0.05630433552187476,0.6194793203246621,0.8449361043247375,0.3073977882683856,0.1149240820244293
fixed,mud,20dogs,65,0.49651020949370367,0.7129534290798865,0.348853455697668,0.058210035459287414,0.18069666666666664,0.3505,0.0016666666666666648,0.07517189884714302,0.30109816588013666,0.5532721418380103,0.19102398131233747,0.05146284444903905,0.38276730236661816,0.4673754094869376,0.31297473341297144,0.02946871766318706,0.09231111111111105,0.26444444444444437,0.0,0.05661513068820666,0.6187130748160935,0.8514137360884143,0.3003674517420808,0.11879980687746056
fixed,mud,20dogs,66,0.495835818805066,0.6855817600497216,0.3370241959992724,0.05935031791368125,0.17998499999999998,0.344,0.0,0.07309320989529644,0.300855278736733,0.5385588383221218,0.1720645190807124,0.05329649326430332,0.38182363285362564,0.4674982571618799,0.3065630221287366,0.029715498102855138,0.09006666666666664,0.2711111111111111,0.0,0.055838590254752234,0.614469452369912,0.858907048310316,0.3015630979846424,0.11921732531174611
fixed,mud,20dogs,67,0.49630610787335494,0.6883498963061561,0.3443381040215713,0.05747616203970422,0.1832833333333333,0.35666666666666663,0.0033333333333333296,0.07218984781901219,0.2998699030791332,0.5310253350714542,0.17625371519806027,0.050425513104636756,0.38141455528122403,0.4657053579163211,0.3105937509963532,0.029343187278542026,0.08999999999999994,0.26666666666666666,0.0,0.0567911460779149,0.6135314042688947,0.8696723027552691,0.31648234195061475,0.11400548747060715
fixed,mud,20dogs,68,0.4963236629188296,0.7002149425221675,0.3560000448412965,0.05961366955581031,0.184325,0.34199999999999997,0.004999999999999995,0.07241556739615662,0.30151558207009127,0.5463597076246789,0.17922535163575692,0.052898270607711476,0.3806223124367214,0.4601851954876851,0.3103053001080761,0.029226160752808632,0.08855555555555551,0.2577777777777778,0.0,0.05642350169289172,0.6056998448806172,0.8476648594758718,0.29355044342594555,0.11600384495845524
fixed,mud,20dogs,69,0.4958063849325005,0.7091806417583768,0.34903303731343926,0.060750940966135106,0.1797283333333333,0.3453333333333333,0.0016666666666666648,0.07696696451200521,0.30131977797556914,0.5645892789936471,0.1816714335194793,0.05563703933085042,0.3817929646317721,0.46845243709143825,0.30661950693534196,0.029575350922937265,0.09291111111111108,0.27999999999999997,0.0,0.05801109712192296,0.600633859796993,0.852381795160544,0.2849516402555142,0.11628539772258639
fixed,mud,20dogs,70,0.4963249832764033,0.702145551323825,0.3510829589219075,0.06089905953836865,0.1822083333333333,0.3508333333333333,0.0,0.07792448606917032,0.3026828000864739,0.5445930732066542,0.18529247527186568,0.05518642061866032,0.3809314505105287,0.46690785941535007,0.3097342163404391,0.02971952753674763,0.0905555555555555,0.25555555555555554,0.0,0.05735319149143321,0.5999861688597387,0.8575769086019084,0.283111388987853,0.11553507747229359
fixed,mud,20dogs,71,0.4949589154616138,0.7130057053734435,0.3465552644731659,0.059140873767208245,0.19068666666666662,0.35783333333333334,0.001166666666666665,0.07192906982952513,0.29894135409044675,0.5569435958407606,0.1727768918283776,0.051030723886866816,0.3820027436060754,0.45910495902008164,0.3065663448628486,0.0291777892427441,0.09279999999999997,0.2688888888888889,0.00222222222222222,0.05538945119518874,0.5899629113869429,0.8369363202788239,0.2916651999772349,0.11260065346426681
fixed,mud,20dogs,72,0.496977606683383,0.7064793563266132,0.35219882373368827,0.05870515332712854,0.18928499999999998,0.36499999999999994,0.0,0.07328075102224253,0.30073628579358885,0.5381104183202472,0.1789612032070575,0.052371706365640036,0.3806156911247691,0.47182477171262616,0.3006995304740838,0.030127715286394456,0.09139999999999995,0.28888888888888886,0.0,0.059194632959035896,0.5872879302194758,0.8531011221857209,0.27174510631998394,0.11668404954850245
fixed,mud,20dogs,73,0.49869829978641,0.7083318062829351,0.3505004925321068,0.06209612965790192,0.18849666666666665,0.35366666666666663,0.0016666666666666648,0.07487153118902809,0.3040116667676349,0.5763722327481837,0.19445569618326017,0.05795535035907808,0.38195850474019555,0.4686006342028947,0.3042791561860667,0.03014466520538267,0.0907555555555555,0.2577777777777778,0.0,0.05589641573343659,0.5929647958435104,0.8601271385524751,0.26698947565014286,0.11832548540935879
fixed,mud,20dogs,74,0.49535737266861213,0.6887582390177359,0.34244453539871583,0.05975640959705021,0.18885666666666662,0.351,0.0033333333333333296,0.07689229393434557,0.30288606043807664,0.5340276089234345,0.1933489132233209,0.052359135184592544,0.3817223430892348,0.4654284819032991,0.31020172953596414,0.029488316833775906,0.09293333333333328,0.2622222222222222,0.0,0.058689928343961015,0.602923739895684,0.8671898467670472,0.2519882131435602,0.11740932481637069
fixed,mud,20dogs,75,0.4939456026705549,0.7090790261876038,0.342620615340172,0.059337566741302396,0.1873533333333333,0.35,0.0,0.07706022205918717,0.30054982485463255,0.569843483066854,0.18926701017462388,0.053287019901399904,0.38159167385177295,0.46250553586931764,0.3078858033730422,0.02906809453270377,0.09368888888888885,0.26666666666666666,0.0,0.05742682711555274,0.6069524262737663,0.8600161950372649,0.26595165379120134,0.1183216059292524
fixed,mud,20dogs,76,0.4953158630775363,0.6723117854280093,0.35923156770923514,0.05414950765254115,0.19091166666666662,0.3615,0.0,0.0736531432920606,0.29898934871921334,0.5034399540342374,0.18525772148893854,0.045207719782664954,0.3807777613405004,0.4617889087669046,0.3054431234198669,0.028729114002762558,0.09268888888888883,0.2822222222222222,0.0,0.0583258662555371,0.6100577583098018,0.863616584041934,0.3083632353041989,0.11821441333341533
fixed,mud,20dogs,77,0.49574102101067163,0.6893160109418885,0.33927048685317296,0.05673798624326977,0.19061166666666665,0.3708333333333333,0.0033333333333333296,0.07573440718437197,0.30028553043169204,0.5261143307750727,0.18264456022532788,0.04777485434745544,0.3821167891925298,0.4757113580953435,0.30934762688243206,0.029303169131207667,0.09402222222222219,0.27777777777777773,0.0,0.05723910115927906,0.6037539517317742,0.8695657701721919,0.2824825112027269,0.11694706714506428
fixed,mud,20dogs,78,0.4958236672582442,0.697875617087848,0.35318853419100577,0.05742396918786881,0.192565,0.354,0.006666666666666659,0.07437366150517918,0.30037950121528095,0.5456823384174571,0.18358340297802273,0.05074089681164464,0.3812160366385094,0.4628239754310671,0.30928932527154485,0.029107149158761426,0.09193333333333327,0.2711111111111111,0.0,0.05743876870503715,0.600577189456997,0.8552034858963625,0.30701135383268513,0.11442763394287832
fixed,mud,20dogs,79,0.4977655915000529,0.6976621354466312,0.3611153985490008,0.05677587072366961,0.19377166666666662,0.3698333333333333,0.00616666666666666,0.07432604393919602,0.3022802747890574,0.5361781233847636,0.196455437244946,0.04776337080638948,0.3824877596215074,0.463796124089883,0.30287729485509113,0.029799413312786883,0.08886666666666662,0.2822222222222222,0.00222222222222222,0.05824186089748308,0.6000162975245067,0.861135239454763,0.2727189217624647,0.11597660812115125
fixed,mud,20dogs,80,0.4993771660513029,0.7098387690470243,0.35549703153445567,0.057728712670433315,0.19286499999999998,0.36216666666666664,0.00833333333333333,0.07145310179452032,0.3019287394646897,0.5389405202061732,0.19470228651852048,0.049066282830840656,0.38075198035064667,0.4675587397152582,0.3058850547843869,0.02912041147688445,0.09171111111111105,0.2644444444444444,0.0,0.058037105451191666,0.5956108410229606,0.8748470200822591,0.276803498392354,0.11900208817263697
fixed,mud,20dogs,81,0.4995856385519827,0.711121179260596,0.3397578001062188,0.05994651175512052,0.1891483333333333,0.35733333333333334,0.0016666666666666648,0.07788440305942684,0.30242830913784513,0.5613937554038947,0.18563141392984678,0.05375885595842873,0.38134755589435093,0.46574173572386107,0.3034115506362471,0.02899163639678317,0.09126666666666661,0.2711111111111111,0.0,0.05706772957262949,0.6038873212818703,0.8548839564263866,0.27567848491738506,0.11771905523037132
fixed,mud,20dogs,82,0.500476487401122,0.7118767640775435,0.36526149909892847,0.05798030061383994,0.1920633333333333,0.3504999999999999,0.006666666666666665,0.0747967223185219,0.30248538689996485,0.5669748638651495,0.196597814383963,0.05109106566339083,0.38202085432994864,0.46163768969812474,0.30693321200824714,0.029497879893828755,0.0914222222222222,0.2644444444444444,0.0,0.057581280401684865,0.6037196301131268,0.8603217554735593,0.28755898520922774,0.11921290431091953
fixed,mud,20dogs,83,0.5014269419418167,0.7072770084333395,0.35837330662535377,0.05912453430608335,0.1903883333333333,0.36316666666666664,0.00283333333333333,0.08001551964398097,0.3047867189660541,0.5662688261872202,0.19172746327584636,0.05591945664495525,0.38184751570084574,0.4635842458069379,0.3057362886683643,0.02982861529895779,0.09086666666666662,0.28222222222222215,0.00222222222222222,0.05778598653200671,0.611394941178509,0.8916803095521356,0.2827952665924753,0.1252963609472898
fixed,mud,20dogs,84,0.4975084403309108,0.7046046324400227,0.3569728690842149,0.05573767962564634,0.18889499999999995,0.35716666666666663,0.0016666666666666648,0.07330871250555307,0.3019832609122547,0.5524318758447783,0.19302251064963397,0.05170415707143975,0.3827601605374257,0.4668676153619379,0.3053375856459514,0.0300472586070533,0.09179999999999994,0.2644444444444444,0.0,0.055964009793266906,0.6115352024169317,0.8699747714251149,0.29332085194949004,0.12506700487830982
fixed,mud,20dogs,85,0.4993038203305999,0.7048831695453516,0.3449555844468387,0.06149751972541038,0.1909983333333333,0.3503333333333333,0.001166666666666665,0.07584887823255478,0.30459787884421907,0.5739040038986241,0.1757095115644824,0.055322304737094354,0.3817543137673952,0.4719908620322893,0.31130625379978016,0.030119751060618448,0.09282222222222218,0.2577777777777778,0.00222222222222222,0.05533812894081423,0.6092040740604038,0.8573115408237022,0.2709175131841372,0.12069440422842134
fixed,mud,20dogs,86,0.4974548644174255,0.7142652635892677,0.35687997400159926,0.061075649922303535,0.19175999999999996,0.35616666666666663,0.0,0.07628669351374409,0.3024543251806593,0.5515112472218502,0.19710889879801258,0.05442574198494391,0.381502900810059,0.4626930057326032,0.30467745599775253,0.02920906860523661,0.09128888888888882,0.2688888888888889,0.0,0.05846300979667588,0.6171964477827115,0.8619008233850526,0.2652383200693699,0.1246012165139153
fixed,mud,20dogs,87,0.49651939545708157,0.7070018550431652,0.34904369459451173,0.05743008720098797,0.1959083333333333,0.3451666666666666,0.0033333333333333296,0.07403822987626235,0.30022241094740376,0.5529804482003182,0.19443260583816052,0.050241615526709596,0.38240194264778593,0.4657636012130008,0.3099531480081571,0.02897356850592899,0.09099999999999996,0.2511111111111111,0.0,0.05741652144123703,0.6177440111131867,0.8493693698308218,0.291127679732,0.11991275231735601
fixed,mud,20dogs,88,0.49866071072201257,0.7138877679586411,0.35433662494226176,0.058157835005563416,0.18995666666666663,0.356,0.0016666666666666648,0.07917692034064426,0.3033101529696512,0.5604525146489914,0.18181191102600297,0.055363141639694934,0.38237241196959737,0.46972509181971106,0.3023135431300982,0.03013658360509846,0.09159999999999995,0.2622222222222222,0.0,0.05670901013673771,0.6162237883769731,0.8615484756457717,0.26744215848480607,0.11980519465965536
fixed,mud,20dogs,89,0.49966271709951543,0.7138241601610497,0.3466104046206234,0.057911265666261424,0.19411499999999998,0.35966666666666663,0.0016666666666666648,0.07302727673481683,0.30383909209481136,0.5598802425836131,0.18090889328608462,0.0547185389980781,0.3838194910758018,0.46261189045702766,0.3074943608534122,0.028365485051538457,0.09037777777777772,0.2755555555555555,0.0,0.05621967401308773,0.6221734360235766,0.8562607357608868,0.2849358446029638,0.1190495324352281
fixed,mud,20dogs,90,0.49963168100661887,0.704739636525717,0.35573465782739727,0.054207368304195855,0.19568499999999997,0.3506666666666666,0.004499999999999995,0.07501830102638052,0.30217557100324177,0.5433745669603939,0.18117553098698044,0.049914196145507246,0.38207483322375824,0.4663994839560764,0.3088985771543797,0.029549667326000163,0.09339999999999994,0.24888888888888885,0.00222222222222222,0.05669619489418314,0.6238283244606423,0.8745487643317678,0.3078624510558482,0.11736007901876297
fixed,mud,20dogs,91,0.49602744598846626,0.6822947589764197,0.3457837689267292,0.055353913952406394,0.1950533333333333,0.35816666666666663,0.0,0.07991486249969157,0.30086582714759147,0.5295881013696141,0.17676181920612294,0.05141633600870278,0.38408965956261937,0.4612811489607772,0.3085254840135522,0.027807102496835618,0.09013333333333326,0.25999999999999995,0.0,0.057529165375216615,0.623143323716969,0.8689481139859189,0.31656688294168883,0.1179678696915004
fixed,mud,20dogs,92,0.4984878369624936,0.6913848425248086,0.3607830235127492,0.055750460341959504,0.19679666666666662,0.3476666666666666,0.0016666666666666648,0.07501717825636961,0.3026351197335801,0.5314397632069602,0.1874321303923117,0.052353832353340055,0.38359716982691533,0.47013495155068546,0.3091671735186091,0.02903872415143143,0.09297777777777773,0.2622222222222222,0.0,0.0588576320838473,0.6236755247254787,0.8669344308941028,0.3071423224106452,0.11925545435611254
fixed,mud,20dogs,93,0.49782938818185374,0.6869136175456559,0.35688026229557224,0.05426602461866716,0.1950916666666666,0.36166666666666664,0.0016666666666666648,0.07777061019545135,0.3017353360787163,0.5225906887574345,0.19072064526528237,0.0481599894935554,0.38317251049712314,0.4632237609104052,0.3129165270636114,0.029175635621781985,0.08811111111111106,0.26666666666666666,0.0,0.05720645264069521,0.6265770345671152,0.8777623586841815,0.2988802444622578,0.12203848545505334
fixed,mud,20dogs,94,0.49711317822771744,0.6869712395306077,0.3524152688435225,0.05363272885919031,0.19833666666666666,0.3583333333333333,0.009499999999999995,0.0713960236012828,0.3003601176610193,0.5122265718996598,0.19492451639023717,0.04627351056260793,0.3843282708285546,0.47020794264621807,0.30752769569386756,0.02930906000380497,0.09079999999999995,0.26666666666666666,0.00222222222222222,0.057524130601437976,0.6304470869898465,0.8666518803712523,0.3033994745629497,0.11800916557736799
fixed,mud,20dogs,95,0.49828710538808574,0.7005120032946889,0.36017687435619705,0.05703344672610722,0.19703166666666663,0.37716666666666665,0.0033333333333333296,0.07883034551903703,0.3018231215707975,0.5422058549436886,0.18610664994239995,0.051179963749954906,0.3839681893284065,0.46661006922154036,0.3093988436430505,0.030054938953051863,0.09193333333333327,0.2866666666666667,0.0,0.059727493740756525,0.6308398580335017,0.881952473796812,0.2924869963370147,0.11959961362484832
fixed,mud,20dogs,96,0.49676301603011436,0.6955553864954044,0.3556124450584129,0.054855535832745994,0.20004499999999995,0.3708333333333333,0.0016666666666666648,0.07459392981015911,0.3020949351589807,0.5452936031842631,0.19071190442463545,0.050447615331436005,0.38330154471492117,0.4628688451051133,0.3076283014339572,0.028589471887181916,0.09113333333333329,0.27777777777777773,0.0,0.05732911167720491,0.6331479905284451,0.8687403426960649,0.3137317184612823,0.11744750414479707
fixed,mud,20dogs,97,0.4949535910012456,0.7067617654867353,0.3499376332620633,0.0553242409960358,0.1994683333333333,0.3598333333333333,0.0,0.07581656363982696,0.2998598048025024,0.5492968653354797,0.1984572360095359,0.047739325927081556,0.3846506173079436,0.4687375128220392,0.3109344789656553,0.028595421426154864,0.0900666666666666,0.25999999999999995,0.0,0.05653977113749256,0.6248001436380967,0.8744482036390402,0.3164730053568745,0.11664896781600395
fixed,mud,20dogs,98,0.4969147663678185,0.6981669410847317,0.3601020823863025,0.05401688185384897,0.1985466666666666,0.36183333333333334,0.0016666666666666648,0.07686158156260733,0.30264047926730847,0.5368781891022597,0.19986848547240044,0.047868051414101304,0.3836624400890879,0.46544409537172243,0.3091655230013743,0.029049729809833065,0.09119999999999995,0.2733333333333333,0.0,0.058644574893910825,0.6211958670282253,0.8783092054536292,0.31436017511802616,0.11759794488824722
fixed,mud,20dogs,99,0.4972360826937118,0.6851637934201796,0.3785317531628293,0.052499842067052736,0.19729999999999995,0.36016666666666663,0.01,0.07695390660502466,0.30448064840552286,0.5282061980294238,0.20030295606162873,0.05184490722426669,0.38326807587016853,0.46462222650102125,0.3102899617453538,0.028981996167733788,0.09288888888888884,0.2733333333333333,0.0,0.05970181097803438,0.6144290434120635,0.8698035419772671,0.2868109917051392,0.11712353203746814
fixed,mud,20dogs,100,0.49323184074003734,0.6718315929869141,0.3504482803278165,0.054256665308134236,0.19599999999999995,0.37416666666666665,0.001166666666666665,0.07848156124297426,0.2979403025634846,0.47568704329006933,0.19781824886800375,0.045299470506354605,0.3839484163487202,0.4612057973927084,0.3154196423509245,0.027944702850084928,0.09199999999999994,0.27777777777777773,0.00222222222222222,0.05763971191458117,0.6149211634859368,0.8731767157191636,0.31332565280944835,0.11496660661143943
