nproc is 1
cnode0862.cm.cluster
********** 1 **********
Average Fitness: 0.057666666666666665
Maximum Fitness: 0.16666666666666666
Average Pen Distance: 0.503367505031921
Maximum Pen Distance: 0.8387743051082891
Average Dog Distance: 0.6883534333804583
Maximum Dog Distance: 0.9412488788947714
Average Sheep Distance: 0.3651116810215276
Maximum Sheep Distance: 0.4687230699928155
Elapsed Time: 11m 25s
********** 2 **********
Average Fitness: 0.06633333333333334
Maximum Fitness: 0.18333333333333332
Average Pen Distance: 0.4763293442788513
Maximum Pen Distance: 0.8387743051082891
Average Dog Distance: 0.6528681489397345
Maximum Dog Distance: 0.9412488788947714
Average Sheep Distance: 0.3674103141103685
Maximum Sheep Distance: 0.4925679422845827
Elapsed Time: 5m 41s
********** 3 **********
Average Fitness: 0.0725
Maximum Fitness: 0.18333333333333332
Average Pen Distance: 0.4787581884576093
Maximum Pen Distance: 0.8729002553391116
Average Dog Distance: 0.6484721654409614
Maximum Dog Distance: 0.9474095020945441
Average Sheep Distance: 0.368069373575368
Maximum Sheep Distance: 0.4925679422845827
Elapsed Time: 5m 47s
********** 4 **********
Average Fitness: 0.07716666666666666
Maximum Fitness: 0.18333333333333332
Average Pen Distance: 0.494208715590562
Maximum Pen Distance: 0.8729002553391116
Average Dog Distance: 0.6557644369059256
Maximum Dog Distance: 0.9474095020945441
Average Sheep Distance: 0.367160213292972
Maximum Sheep Distance: 0.4925679422845827
Elapsed Time: 5m 37s
********** 5 **********
Average Fitness: 0.08333333333333336
Maximum Fitness: 0.18333333333333335
Average Pen Distance: 0.4920885404208949
Maximum Pen Distance: 0.8729002553391116
Average Dog Distance: 0.6430007183209341
Maximum Dog Distance: 0.9474095020945441
Average Sheep Distance: 0.36827805490504034
Maximum Sheep Distance: 0.4925679422845827
Elapsed Time: 5m 53s
********** 6 **********
Average Fitness: 0.08183333333333334
Maximum Fitness: 0.18333333333333335
Average Pen Distance: 0.49493728204574083
Maximum Pen Distance: 0.8843223132080952
Average Dog Distance: 0.6303221346532129
Maximum Dog Distance: 0.9474095020945441
Average Sheep Distance: 0.3671987646535338
Maximum Sheep Distance: 0.4925679422845827
Elapsed Time: 5m 41s
********** 7 **********
Average Fitness: 0.08383333333333334
Maximum Fitness: 0.18333333333333335
Average Pen Distance: 0.5072618840399796
Maximum Pen Distance: 0.9297086725524704
Average Dog Distance: 0.6295249984094345
Maximum Dog Distance: 0.9474095020945441
Average Sheep Distance: 0.3725808686600136
Maximum Sheep Distance: 0.5011425534982902
Elapsed Time: 5m 45s
********** 8 **********
Average Fitness: 0.0875
Maximum Fitness: 0.2333333333333333
Average Pen Distance: 0.5076253689474608
Maximum Pen Distance: 0.9297086725524704
Average Dog Distance: 0.6427240842139836
Maximum Dog Distance: 0.9474095020945441
Average Sheep Distance: 0.37098088874264024
Maximum Sheep Distance: 0.5011425534982902
Elapsed Time: 5m 43s
********** 9 **********
Average Fitness: 0.08983333333333336
Maximum Fitness: 0.2333333333333333
Average Pen Distance: 0.5201555675762307
Maximum Pen Distance: 0.9297086725524704
Average Dog Distance: 0.6540699565831589
Maximum Dog Distance: 0.9524989811919933
Average Sheep Distance: 0.36502048737060055
Maximum Sheep Distance: 0.5011425534982902
Elapsed Time: 5m 41s
********** 10 **********
Average Fitness: 0.09349999999999997
Maximum Fitness: 0.2333333333333333
Average Pen Distance: 0.5132183255116034
Maximum Pen Distance: 0.9297086725524704
Average Dog Distance: 0.6557846954302647
Maximum Dog Distance: 0.9524989811919933
Average Sheep Distance: 0.3646862485801916
Maximum Sheep Distance: 0.5011425534982902
Elapsed Time: 5m 39s
********** 11 **********
Average Fitness: 0.09849999999999999
Maximum Fitness: 0.2333333333333333
Average Pen Distance: 0.5069090574534548
Maximum Pen Distance: 0.9297086725524704
Average Dog Distance: 0.6566077541764374
Maximum Dog Distance: 0.9650230784199622
Average Sheep Distance: 0.36400685913409975
Maximum Sheep Distance: 0.5011425534982902
Elapsed Time: 5m 49s
********** 12 **********
Average Fitness: 0.09950000000000003
Maximum Fitness: 0.2333333333333333
Average Pen Distance: 0.5095795216480121
Maximum Pen Distance: 0.9297086725524704
Average Dog Distance: 0.6451116987776906
Maximum Dog Distance: 0.9650230784199622
Average Sheep Distance: 0.37316307567311147
Maximum Sheep Distance: 0.517202281538072
Elapsed Time: 5m 39s
********** 13 **********
Average Fitness: 0.10100000000000002
Maximum Fitness: 0.2333333333333333
Average Pen Distance: 0.5021809358054369
Maximum Pen Distance: 0.9297086725524704
Average Dog Distance: 0.6291308158732399
Maximum Dog Distance: 0.9650230784199622
Average Sheep Distance: 0.3710896389633072
Maximum Sheep Distance: 0.517202281538072
Elapsed Time: 5m 40s
********** 14 **********
Average Fitness: 0.10133333333333334
Maximum Fitness: 0.2333333333333333
Average Pen Distance: 0.5033497749211463
Maximum Pen Distance: 0.9297086725524704
Average Dog Distance: 0.6259623498536864
Maximum Dog Distance: 0.9650230784199622
Average Sheep Distance: 0.37147926424412697
Maximum Sheep Distance: 0.517202281538072
Elapsed Time: 5m 48s
********** 15 **********
Average Fitness: 0.10266666666666666
Maximum Fitness: 0.2333333333333333
Average Pen Distance: 0.5021996882211941
Maximum Pen Distance: 0.9297086725524704
Average Dog Distance: 0.621571542468839
Maximum Dog Distance: 0.9650230784199622
Average Sheep Distance: 0.369513232970274
Maximum Sheep Distance: 0.517202281538072
Elapsed Time: 5m 45s
********** 16 **********
Average Fitness: 0.1025
Maximum Fitness: 0.2333333333333333
Average Pen Distance: 0.4993199634278843
Maximum Pen Distance: 0.9297086725524704
Average Dog Distance: 0.61959752930331
Maximum Dog Distance: 0.9650230784199622
Average Sheep Distance: 0.37188425798109515
Maximum Sheep Distance: 0.517202281538072
Elapsed Time: 5m 41s
********** 17 **********
Average Fitness: 0.10016666666666668
Maximum Fitness: 0.2333333333333333
Average Pen Distance: 0.5172945189765428
Maximum Pen Distance: 0.9784611814586365
Average Dog Distance: 0.6163747152435357
Maximum Dog Distance: 0.9650230784199622
Average Sheep Distance: 0.3737583507040416
Maximum Sheep Distance: 0.517202281538072
Elapsed Time: 5m 40s
********** 18 **********
Average Fitness: 0.10133333333333334
Maximum Fitness: 0.2333333333333333
Average Pen Distance: 0.5040024431430397
Maximum Pen Distance: 0.9784611814586365
Average Dog Distance: 0.6072415777049549
Maximum Dog Distance: 0.9650230784199622
Average Sheep Distance: 0.3730670079624291
Maximum Sheep Distance: 0.517202281538072
Elapsed Time: 5m 38s
********** 19 **********
Average Fitness: 0.10550000000000002
Maximum Fitness: 0.2333333333333333
Average Pen Distance: 0.49894805665354547
Maximum Pen Distance: 0.9784611814586365
Average Dog Distance: 0.6097178046877609
Maximum Dog Distance: 0.9650230784199622
Average Sheep Distance: 0.3725515216302744
Maximum Sheep Distance: 0.517202281538072
Elapsed Time: 5m 37s
********** 20 **********
Average Fitness: 0.10533333333333333
Maximum Fitness: 0.2333333333333333
Average Pen Distance: 0.5036556874747387
Maximum Pen Distance: 0.9784611814586365
Average Dog Distance: 0.6025232638368208
Maximum Dog Distance: 0.9650230784199622
Average Sheep Distance: 0.3738693021949318
Maximum Sheep Distance: 0.517202281538072
Elapsed Time: 5m 42s
********** 21 **********
Average Fitness: 0.11133333333333334
Maximum Fitness: 0.2333333333333333
Average Pen Distance: 0.4946381636081291
Maximum Pen Distance: 0.9784611814586365
Average Dog Distance: 0.615717281552829
Maximum Dog Distance: 0.9650230784199622
Average Sheep Distance: 0.3702495274999609
Maximum Sheep Distance: 0.49342839778071096
Elapsed Time: 5m 40s
********** 22 **********
Average Fitness: 0.11516666666666668
Maximum Fitness: 0.2333333333333333
Average Pen Distance: 0.47975738036239535
Maximum Pen Distance: 0.9784611814586365
Average Dog Distance: 0.6177600462226654
Maximum Dog Distance: 0.9650230784199622
Average Sheep Distance: 0.3674631745500691
Maximum Sheep Distance: 0.49342839778071096
Elapsed Time: 5m 42s
********** 23 **********
Average Fitness: 0.11666666666666665
Maximum Fitness: 0.2333333333333333
Average Pen Distance: 0.4852143767875616
Maximum Pen Distance: 0.9784611814586365
Average Dog Distance: 0.6044015165833022
Maximum Dog Distance: 0.9650230784199622
Average Sheep Distance: 0.36939265455702197
Maximum Sheep Distance: 0.49342839778071096
Elapsed Time: 5m 44s
********** 24 **********
Average Fitness: 0.1205
Maximum Fitness: 0.25
Average Pen Distance: 0.47604142380621545
Maximum Pen Distance: 0.9784611814586365
Average Dog Distance: 0.60983908875134
Maximum Dog Distance: 0.9650230784199622
Average Sheep Distance: 0.3718990974631681
Maximum Sheep Distance: 0.49342839778071096
Elapsed Time: 5m 48s
********** 25 **********
Average Fitness: 0.11866666666666667
Maximum Fitness: 0.25
Average Pen Distance: 0.48414485239998195
Maximum Pen Distance: 0.9784611814586365
Average Dog Distance: 0.6036647794309158
Maximum Dog Distance: 0.9650230784199622
Average Sheep Distance: 0.36891856632513415
Maximum Sheep Distance: 0.49342839778071096
Elapsed Time: 5m 44s
********** 26 **********
Average Fitness: 0.11816666666666668
Maximum Fitness: 0.25
Average Pen Distance: 0.49984982159114866
Maximum Pen Distance: 0.9784611814586365
Average Dog Distance: 0.6075829963289453
Maximum Dog Distance: 0.9650230784199622
Average Sheep Distance: 0.3645139504535993
Maximum Sheep Distance: 0.49342839778071096
Elapsed Time: 5m 47s
********** 27 **********
Average Fitness: 0.11733333333333335
Maximum Fitness: 0.25
Average Pen Distance: 0.5099195784183517
Maximum Pen Distance: 0.9784611814586365
Average Dog Distance: 0.600372562317998
Maximum Dog Distance: 0.9650230784199622
Average Sheep Distance: 0.3671063409546103
Maximum Sheep Distance: 0.5489632369912875
Elapsed Time: 5m 42s
********** 28 **********
Average Fitness: 0.11583333333333336
Maximum Fitness: 0.25
Average Pen Distance: 0.5136213549352902
Maximum Pen Distance: 0.9784611814586365
Average Dog Distance: 0.6038455483724924
Maximum Dog Distance: 0.9474095020945441
Average Sheep Distance: 0.36895402759068197
Maximum Sheep Distance: 0.5489632369912875
Elapsed Time: 5m 38s
********** 29 **********
Average Fitness: 0.11616666666666671
Maximum Fitness: 0.25
Average Pen Distance: 0.5126388651527172
Maximum Pen Distance: 0.9784611814586365
Average Dog Distance: 0.5994602328773533
Maximum Dog Distance: 0.9474095020945441
Average Sheep Distance: 0.36575820420202
Maximum Sheep Distance: 0.5489632369912875
Elapsed Time: 5m 52s
********** 30 **********
Average Fitness: 0.11483333333333333
Maximum Fitness: 0.25
Average Pen Distance: 0.5042607646868071
Maximum Pen Distance: 0.9784611814586365
Average Dog Distance: 0.5955376522805687
Maximum Dog Distance: 0.9474095020945441
Average Sheep Distance: 0.3684837172764091
Maximum Sheep Distance: 0.5489632369912875
Elapsed Time: 5m 44s
********** 31 **********
Average Fitness: 0.11966666666666667
Maximum Fitness: 0.25
Average Pen Distance: 0.4973964029298732
Maximum Pen Distance: 0.9784611814586365
Average Dog Distance: 0.5901026802756367
Maximum Dog Distance: 0.9474095020945441
Average Sheep Distance: 0.36846977690088656
Maximum Sheep Distance: 0.5489632369912875
Elapsed Time: 5m 55s
********** 32 **********
Average Fitness: 0.11950000000000001
Maximum Fitness: 0.25
Average Pen Distance: 0.514475784187888
Maximum Pen Distance: 0.9784611814586365
Average Dog Distance: 0.5905825034021813
Maximum Dog Distance: 0.9474095020945441
Average Sheep Distance: 0.3679299825422181
Maximum Sheep Distance: 0.5489632369912875
Elapsed Time: 5m 44s
********** 33 **********
Average Fitness: 0.12050000000000001
Maximum Fitness: 0.25
Average Pen Distance: 0.5189637258074702
Maximum Pen Distance: 0.9784611814586365
Average Dog Distance: 0.5926702833015609
Maximum Dog Distance: 0.9474095020945441
Average Sheep Distance: 0.3653853937151334
Maximum Sheep Distance: 0.5489632369912875
Elapsed Time: 5m 42s
********** 34 **********
Average Fitness: 0.12083333333333333
Maximum Fitness: 0.25
Average Pen Distance: 0.5236944846486304
Maximum Pen Distance: 0.9784611814586365
Average Dog Distance: 0.5982202925964498
Maximum Dog Distance: 0.9474095020945441
Average Sheep Distance: 0.36659872834218254
Maximum Sheep Distance: 0.5489632369912875
Elapsed Time: 5m 45s
********** 35 **********
Average Fitness: 0.121
Maximum Fitness: 0.25
Average Pen Distance: 0.5291009240045266
Maximum Pen Distance: 0.9784611814586365
Average Dog Distance: 0.5897905995696789
Maximum Dog Distance: 0.9474095020945441
Average Sheep Distance: 0.3666609486642558
Maximum Sheep Distance: 0.5489632369912875
Elapsed Time: 5m 50s
********** 36 **********
Average Fitness: 0.12166666666666667
Maximum Fitness: 0.25
Average Pen Distance: 0.5335603914172419
Maximum Pen Distance: 0.9784611814586365
Average Dog Distance: 0.586391616179704
Maximum Dog Distance: 0.9474095020945441
Average Sheep Distance: 0.3646737395985589
Maximum Sheep Distance: 0.5489632369912875
Elapsed Time: 5m 36s
********** 37 **********
Average Fitness: 0.122
Maximum Fitness: 0.25
Average Pen Distance: 0.538909161865752
Maximum Pen Distance: 0.9784611814586365
Average Dog Distance: 0.5873865689110516
Maximum Dog Distance: 0.9474095020945441
Average Sheep Distance: 0.3609628212595924
Maximum Sheep Distance: 0.5489632369912875
Elapsed Time: 5m 43s
********** 38 **********
Average Fitness: 0.11833333333333335
Maximum Fitness: 0.2833333333333333
Average Pen Distance: 0.5573310463557136
Maximum Pen Distance: 0.9784611814586365
Average Dog Distance: 0.5787845335382407
Maximum Dog Distance: 0.9474095020945441
Average Sheep Distance: 0.36581842761015193
Maximum Sheep Distance: 0.5621484697556351
Elapsed Time: 5m 40s
********** 39 **********
Average Fitness: 0.12133333333333335
Maximum Fitness: 0.2833333333333333
Average Pen Distance: 0.551000796179353
Maximum Pen Distance: 0.9784611814586365
Average Dog Distance: 0.5682432970628507
Maximum Dog Distance: 0.9474095020945441
Average Sheep Distance: 0.3647245612316556
Maximum Sheep Distance: 0.5621484697556351
Elapsed Time: 5m 47s
********** 40 **********
Average Fitness: 0.12083333333333333
Maximum Fitness: 0.2833333333333333
Average Pen Distance: 0.5449844598899554
Maximum Pen Distance: 0.9784611814586365
Average Dog Distance: 0.5673768696234371
Maximum Dog Distance: 0.9474095020945441
Average Sheep Distance: 0.3639577805799968
Maximum Sheep Distance: 0.5621484697556351
Elapsed Time: 5m 44s
********** 41 **********
Average Fitness: 0.12266666666666667
Maximum Fitness: 0.2833333333333333
Average Pen Distance: 0.5486681158836015
Maximum Pen Distance: 0.9784611814586365
Average Dog Distance: 0.5795082787193226
Maximum Dog Distance: 0.9474095020945441
Average Sheep Distance: 0.3609824788240406
Maximum Sheep Distance: 0.5621484697556351
Elapsed Time: 5m 43s
********** 42 **********
Average Fitness: 0.12366666666666669
Maximum Fitness: 0.2833333333333333
Average Pen Distance: 0.5475832503624891
Maximum Pen Distance: 0.9784611814586365
Average Dog Distance: 0.5726643878046448
Maximum Dog Distance: 0.9474095020945441
Average Sheep Distance: 0.360384204912461
Maximum Sheep Distance: 0.5621484697556351
Elapsed Time: 5m 58s
********** 43 **********
Average Fitness: 0.12450000000000001
Maximum Fitness: 0.2833333333333333
Average Pen Distance: 0.553634652665551
Maximum Pen Distance: 0.9784611814586365
Average Dog Distance: 0.5716261143614958
Maximum Dog Distance: 0.9474095020945441
Average Sheep Distance: 0.359472658335318
Maximum Sheep Distance: 0.5621484697556351
Elapsed Time: 5m 44s
********** 44 **********
Average Fitness: 0.12183333333333334
Maximum Fitness: 0.2833333333333333
Average Pen Distance: 0.5610141893093994
Maximum Pen Distance: 0.9784611814586365
Average Dog Distance: 0.5795538926141464
Maximum Dog Distance: 0.9638943902673051
Average Sheep Distance: 0.3612972973928438
Maximum Sheep Distance: 0.5621484697556351
Elapsed Time: 5m 44s
********** 45 **********
Average Fitness: 0.12616666666666668
Maximum Fitness: 0.2833333333333333
Average Pen Distance: 0.5471596543245136
Maximum Pen Distance: 0.9784611814586365
Average Dog Distance: 0.579419026692875
Maximum Dog Distance: 0.9638943902673051
Average Sheep Distance: 0.36257045487826245
Maximum Sheep Distance: 0.5621484697556351
Elapsed Time: 5m 59s
********** 46 **********
Average Fitness: 0.12649999999999997
Maximum Fitness: 0.2833333333333333
Average Pen Distance: 0.5296569313327786
Maximum Pen Distance: 0.9784611814586365
Average Dog Distance: 0.5879363066543308
Maximum Dog Distance: 0.9638943902673051
Average Sheep Distance: 0.3635708506105122
Maximum Sheep Distance: 0.5621484697556351
Elapsed Time: 5m 40s
********** 47 **********
Average Fitness: 0.12816666666666665
Maximum Fitness: 0.2833333333333333
Average Pen Distance: 0.5298786584536
Maximum Pen Distance: 0.9784611814586365
Average Dog Distance: 0.585432425862755
Maximum Dog Distance: 0.9474095020945441
Average Sheep Distance: 0.3630838210712974
Maximum Sheep Distance: 0.5621484697556351
Elapsed Time: 5m 41s
********** 48 **********
Average Fitness: 0.13183333333333333
Maximum Fitness: 0.2833333333333333
Average Pen Distance: 0.5253438371504592
Maximum Pen Distance: 0.9784611814586365
Average Dog Distance: 0.5842567558626037
Maximum Dog Distance: 0.9474095020945441
Average Sheep Distance: 0.36460480680482155
Maximum Sheep Distance: 0.5621484697556351
Elapsed Time: 5m 46s
********** 49 **********
Average Fitness: 0.13133333333333333
Maximum Fitness: 0.2833333333333333
Average Pen Distance: 0.538640583524751
Maximum Pen Distance: 0.9784611814586365
Average Dog Distance: 0.5907880804864643
Maximum Dog Distance: 0.9474095020945441
Average Sheep Distance: 0.3637150413349235
Maximum Sheep Distance: 0.5621484697556351
Elapsed Time: 5m 42s
********** 50 **********
Average Fitness: 0.13216666666666665
Maximum Fitness: 0.2833333333333333
Average Pen Distance: 0.5426805441315562
Maximum Pen Distance: 0.9784611814586365
Average Dog Distance: 0.5984168226954821
Maximum Dog Distance: 0.9474095020945441
Average Sheep Distance: 0.36301895250106747
Maximum Sheep Distance: 0.5621484697556351
Elapsed Time: 5m 38s
********** 51 **********
Average Fitness: 0.131
Maximum Fitness: 0.2833333333333333
Average Pen Distance: 0.549164848720875
Maximum Pen Distance: 0.9784611814586365
Average Dog Distance: 0.5948249857641017
Maximum Dog Distance: 0.9474095020945441
Average Sheep Distance: 0.3659572207957279
Maximum Sheep Distance: 0.5621484697556351
Elapsed Time: 5m 50s
********** 52 **********
Average Fitness: 0.13133333333333336
Maximum Fitness: 0.2833333333333333
Average Pen Distance: 0.5318971576175345
Maximum Pen Distance: 0.9784611814586365
Average Dog Distance: 0.5944810883286483
Maximum Dog Distance: 0.9474095020945441
Average Sheep Distance: 0.3667493972419622
Maximum Sheep Distance: 0.5621484697556351
Elapsed Time: 5m 37s
********** 53 **********
Average Fitness: 0.13083333333333333
Maximum Fitness: 0.2833333333333333
Average Pen Distance: 0.5308331909720273
Maximum Pen Distance: 0.9784611814586365
Average Dog Distance: 0.586088388143927
Maximum Dog Distance: 0.9474095020945441
Average Sheep Distance: 0.36777940346281573
Maximum Sheep Distance: 0.5621484697556351
Elapsed Time: 5m 46s
********** 54 **********
Average Fitness: 0.13083333333333333
Maximum Fitness: 0.2833333333333333
Average Pen Distance: 0.5410347192174743
Maximum Pen Distance: 0.9784611814586365
Average Dog Distance: 0.5871813476054519
Maximum Dog Distance: 0.9474095020945441
Average Sheep Distance: 0.36770828005193157
Maximum Sheep Distance: 0.5621484697556351
Elapsed Time: 5m 43s
********** 55 **********
Average Fitness: 0.13066666666666668
Maximum Fitness: 0.2833333333333333
Average Pen Distance: 0.5610790505186325
Maximum Pen Distance: 0.9784611814586365
Average Dog Distance: 0.6063013493287074
Maximum Dog Distance: 0.9474095020945441
Average Sheep Distance: 0.3636148406902739
Maximum Sheep Distance: 0.5621484697556351
Elapsed Time: 5m 48s
********** 56 **********
Average Fitness: 0.13050000000000003
Maximum Fitness: 0.2833333333333333
Average Pen Distance: 0.5668278177105255
Maximum Pen Distance: 0.9784611814586365
Average Dog Distance: 0.600719375470522
Maximum Dog Distance: 0.9474095020945441
Average Sheep Distance: 0.3635369605289916
Maximum Sheep Distance: 0.5621484697556351
Elapsed Time: 5m 43s
********** 57 **********
Average Fitness: 0.13316666666666668
Maximum Fitness: 0.2833333333333333
Average Pen Distance: 0.5509585792790874
Maximum Pen Distance: 0.9784611814586365
Average Dog Distance: 0.6024929818328105
Maximum Dog Distance: 0.9474095020945441
Average Sheep Distance: 0.36437789996008896
Maximum Sheep Distance: 0.5621484697556351
Elapsed Time: 5m 49s
********** 58 **********
Average Fitness: 0.1355
Maximum Fitness: 0.2833333333333333
Average Pen Distance: 0.5362190249029465
Maximum Pen Distance: 0.9784611814586365
Average Dog Distance: 0.5940121082147493
Maximum Dog Distance: 0.9474095020945441
Average Sheep Distance: 0.36161211947701993
Maximum Sheep Distance: 0.5621484697556351
Elapsed Time: 5m 42s
********** 59 **********
Average Fitness: 0.1376666666666667
Maximum Fitness: 0.2833333333333333
Average Pen Distance: 0.5361707208667105
Maximum Pen Distance: 0.9784611814586365
Average Dog Distance: 0.5957218188630621
Maximum Dog Distance: 0.9474095020945441
Average Sheep Distance: 0.3628376883234196
Maximum Sheep Distance: 0.5621484697556351
Elapsed Time: 5m 44s
********** 60 **********
Average Fitness: 0.13799999999999998
Maximum Fitness: 0.2833333333333333
Average Pen Distance: 0.5399766367500145
Maximum Pen Distance: 0.9784611814586365
Average Dog Distance: 0.5927768859989953
Maximum Dog Distance: 0.9474095020945441
Average Sheep Distance: 0.36410654987440255
Maximum Sheep Distance: 0.5621484697556351
Elapsed Time: 5m 54s
********** 61 **********
Average Fitness: 0.136
Maximum Fitness: 0.2833333333333333
Average Pen Distance: 0.5464667002732991
Maximum Pen Distance: 0.9784611814586365
Average Dog Distance: 0.6014386047435752
Maximum Dog Distance: 0.9474095020945441
Average Sheep Distance: 0.36560579413525973
Maximum Sheep Distance: 0.5621484697556351
Elapsed Time: 5m 34s
********** 62 **********
Average Fitness: 0.138
Maximum Fitness: 0.2833333333333333
Average Pen Distance: 0.5456643841777812
Maximum Pen Distance: 0.9784611814586365
Average Dog Distance: 0.5971006972313165
Maximum Dog Distance: 0.9474095020945441
Average Sheep Distance: 0.36235679762254536
Maximum Sheep Distance: 0.5621484697556351
Elapsed Time: 5m 35s
********** 63 **********
Average Fitness: 0.1376666666666667
Maximum Fitness: 0.2833333333333333
Average Pen Distance: 0.546198248826398
Maximum Pen Distance: 0.9784611814586365
Average Dog Distance: 0.5919514110614146
Maximum Dog Distance: 0.9474095020945441
Average Sheep Distance: 0.36157309477335
Maximum Sheep Distance: 0.5621484697556351
Elapsed Time: 5m 40s
********** 64 **********
Average Fitness: 0.139
Maximum Fitness: 0.2833333333333333
Average Pen Distance: 0.5496562512658709
Maximum Pen Distance: 0.9784611814586365
Average Dog Distance: 0.5971977242591652
Maximum Dog Distance: 0.9474095020945441
Average Sheep Distance: 0.36320296128843066
Maximum Sheep Distance: 0.5621484697556351
Elapsed Time: 5m 38s
********** 65 **********
Average Fitness: 0.1395
Maximum Fitness: 0.2833333333333333
Average Pen Distance: 0.5366547773845033
Maximum Pen Distance: 0.9784611814586365
Average Dog Distance: 0.5852802748545013
Maximum Dog Distance: 0.9474095020945441
Average Sheep Distance: 0.36571484093595624
Maximum Sheep Distance: 0.5621484697556351
Elapsed Time: 5m 40s
********** 66 **********
Average Fitness: 0.13733333333333334
Maximum Fitness: 0.2833333333333333
Average Pen Distance: 0.5460455556624781
Maximum Pen Distance: 0.9784611814586365
Average Dog Distance: 0.5961780614727737
Maximum Dog Distance: 0.9474095020945441
Average Sheep Distance: 0.3631232851298865
Maximum Sheep Distance: 0.5621484697556351
Elapsed Time: 5m 37s
********** 67 **********
Average Fitness: 0.13833333333333334
Maximum Fitness: 0.2833333333333333
Average Pen Distance: 0.548171618615229
Maximum Pen Distance: 0.9784611814586365
Average Dog Distance: 0.5997742805338323
Maximum Dog Distance: 0.9474095020945441
Average Sheep Distance: 0.3659133782475976
Maximum Sheep Distance: 0.5621484697556351
Elapsed Time: 5m 46s
********** 68 **********
Average Fitness: 0.1375
Maximum Fitness: 0.31666666666666665
Average Pen Distance: 0.5529501291334626
Maximum Pen Distance: 0.9784611814586365
Average Dog Distance: 0.6003459413295539
Maximum Dog Distance: 0.9474095020945441
Average Sheep Distance: 0.3618843359997463
Maximum Sheep Distance: 0.5621484697556351
Elapsed Time: 5m 46s
********** 69 **********
Average Fitness: 0.13816666666666666
Maximum Fitness: 0.31666666666666665
Average Pen Distance: 0.5439133405868247
Maximum Pen Distance: 0.9784611814586365
Average Dog Distance: 0.583713555459499
Maximum Dog Distance: 0.9462673700791334
Average Sheep Distance: 0.3601780861280948
Maximum Sheep Distance: 0.5621484697556351
Elapsed Time: 5m 47s
********** 70 **********
Average Fitness: 0.13983333333333334
Maximum Fitness: 0.31666666666666665
Average Pen Distance: 0.5404789849359489
Maximum Pen Distance: 0.9784611814586365
Average Dog Distance: 0.584638265712126
Maximum Dog Distance: 0.9722674531149288
Average Sheep Distance: 0.35924090193021585
Maximum Sheep Distance: 0.5621484697556351
Elapsed Time: 5m 47s
********** 71 **********
Average Fitness: 0.1375
Maximum Fitness: 0.31666666666666665
Average Pen Distance: 0.5455252720947924
Maximum Pen Distance: 0.9784611814586365
Average Dog Distance: 0.5807652237231092
Maximum Dog Distance: 0.9462673700791334
Average Sheep Distance: 0.3608090728025523
Maximum Sheep Distance: 0.5621484697556351
Elapsed Time: 5m 40s
********** 72 **********
Average Fitness: 0.1381666666666667
Maximum Fitness: 0.31666666666666665
Average Pen Distance: 0.5518528629327516
Maximum Pen Distance: 0.9784611814586365
Average Dog Distance: 0.5839926805132852
Maximum Dog Distance: 0.9462673700791334
Average Sheep Distance: 0.3594305294814826
Maximum Sheep Distance: 0.5621484697556351
Elapsed Time: 5m 38s
********** 73 **********
Average Fitness: 0.13833333333333336
Maximum Fitness: 0.31666666666666665
Average Pen Distance: 0.5555902476918696
Maximum Pen Distance: 0.9784611814586365
Average Dog Distance: 0.5782674565663468
Maximum Dog Distance: 0.9462673700791334
Average Sheep Distance: 0.3616911255368393
Maximum Sheep Distance: 0.5621484697556351
Elapsed Time: 5m 43s
********** 74 **********
Average Fitness: 0.1416666666666667
Maximum Fitness: 0.31666666666666665
Average Pen Distance: 0.544798441352995
Maximum Pen Distance: 0.9784611814586365
Average Dog Distance: 0.5743648511465734
Maximum Dog Distance: 0.9462673700791334
Average Sheep Distance: 0.36278134594217193
Maximum Sheep Distance: 0.5621484697556351
Elapsed Time: 5m 34s
********** 75 **********
Average Fitness: 0.14416666666666667
Maximum Fitness: 0.31666666666666665
Average Pen Distance: 0.5454132654037172
Maximum Pen Distance: 0.9784611814586365
Average Dog Distance: 0.582233561662511
Maximum Dog Distance: 0.9462673700791334
Average Sheep Distance: 0.364313170916717
Maximum Sheep Distance: 0.5621484697556351
Elapsed Time: 5m 40s
********** 76 **********
Average Fitness: 0.14283333333333334
Maximum Fitness: 0.35000000000000003
Average Pen Distance: 0.5496139132145591
Maximum Pen Distance: 0.9784611814586365
Average Dog Distance: 0.5790087268977602
Maximum Dog Distance: 0.9462673700791334
Average Sheep Distance: 0.364522920363842
Maximum Sheep Distance: 0.5621484697556351
Elapsed Time: 5m 51s
********** 77 **********
Average Fitness: 0.14416666666666667
Maximum Fitness: 0.35000000000000003
Average Pen Distance: 0.5445668723714633
Maximum Pen Distance: 0.9784611814586365
Average Dog Distance: 0.5742666474939548
Maximum Dog Distance: 0.9462673700791334
Average Sheep Distance: 0.36144573618018816
Maximum Sheep Distance: 0.5621484697556351
Elapsed Time: 5m 43s
********** 78 **********
Average Fitness: 0.14666666666666667
Maximum Fitness: 0.35000000000000003
Average Pen Distance: 0.5391047100918676
Maximum Pen Distance: 0.9784611814586365
Average Dog Distance: 0.5867947248899976
Maximum Dog Distance: 0.9220847218151738
Average Sheep Distance: 0.36201692818068415
Maximum Sheep Distance: 0.5621484697556351
Elapsed Time: 5m 38s
********** 79 **********
Average Fitness: 0.14516666666666667
Maximum Fitness: 0.35000000000000003
Average Pen Distance: 0.5495212689651653
Maximum Pen Distance: 0.9784611814586365
Average Dog Distance: 0.5880113792466193
Maximum Dog Distance: 0.9463043257495869
Average Sheep Distance: 0.35976779816994564
Maximum Sheep Distance: 0.5621484697556351
Elapsed Time: 5m 42s
********** 80 **********
Average Fitness: 0.14566666666666667
Maximum Fitness: 0.35000000000000003
Average Pen Distance: 0.5392010512812454
Maximum Pen Distance: 0.9784611814586365
Average Dog Distance: 0.5799624558513835
Maximum Dog Distance: 0.9262028040365123
Average Sheep Distance: 0.36114709763228825
Maximum Sheep Distance: 0.5621484697556351
Elapsed Time: 5m 40s
********** 81 **********
Average Fitness: 0.14933333333333335
Maximum Fitness: 0.35000000000000003
Average Pen Distance: 0.533197709218088
Maximum Pen Distance: 0.9784611814586365
Average Dog Distance: 0.5790214088662006
Maximum Dog Distance: 0.9262028040365123
Average Sheep Distance: 0.3604759714016331
Maximum Sheep Distance: 0.5621484697556351
Elapsed Time: 5m 43s
********** 82 **********
Average Fitness: 0.14116666666666666
Maximum Fitness: 0.35000000000000003
Average Pen Distance: 0.535501850816501
Maximum Pen Distance: 0.9401959909146163
Average Dog Distance: 0.580709519685395
Maximum Dog Distance: 0.9262028040365123
Average Sheep Distance: 0.3652037827669043
Maximum Sheep Distance: 0.5621484697556351
Elapsed Time: 5m 44s
********** 83 **********
Average Fitness: 0.1451666666666667
Maximum Fitness: 0.35000000000000003
Average Pen Distance: 0.535183625709741
Maximum Pen Distance: 0.9401959909146163
Average Dog Distance: 0.5868843269086987
Maximum Dog Distance: 0.9220847218151738
Average Sheep Distance: 0.36460135847753167
Maximum Sheep Distance: 0.5621484697556351
Elapsed Time: 5m 38s
********** 84 **********
Average Fitness: 0.14383333333333334
Maximum Fitness: 0.35000000000000003
Average Pen Distance: 0.5413719170693712
Maximum Pen Distance: 0.984948333762273
Average Dog Distance: 0.5930900409280402
Maximum Dog Distance: 0.9220847218151738
Average Sheep Distance: 0.36280770336663976
Maximum Sheep Distance: 0.5621484697556351
Elapsed Time: 5m 41s
********** 85 **********
Average Fitness: 0.14500000000000002
Maximum Fitness: 0.35000000000000003
Average Pen Distance: 0.540942391556631
Maximum Pen Distance: 0.984948333762273
Average Dog Distance: 0.589482480402709
Maximum Dog Distance: 0.9507936425693012
Average Sheep Distance: 0.36340952058761367
Maximum Sheep Distance: 0.5621484697556351
Elapsed Time: 5m 39s
********** 86 **********
Average Fitness: 0.14550000000000002
Maximum Fitness: 0.35000000000000003
Average Pen Distance: 0.5415856168889777
Maximum Pen Distance: 0.984948333762273
Average Dog Distance: 0.5890142261157412
Maximum Dog Distance: 0.9483789678816824
Average Sheep Distance: 0.36387301822420964
Maximum Sheep Distance: 0.5621484697556351
Elapsed Time: 5m 38s
********** 87 **********
Average Fitness: 0.14783333333333334
Maximum Fitness: 0.35000000000000003
Average Pen Distance: 0.538580621039185
Maximum Pen Distance: 0.984948333762273
Average Dog Distance: 0.588820696617623
Maximum Dog Distance: 0.9483789678816824
Average Sheep Distance: 0.3598764019111318
Maximum Sheep Distance: 0.5621484697556351
Elapsed Time: 5m 45s
********** 88 **********
Average Fitness: 0.1471666666666667
Maximum Fitness: 0.35000000000000003
Average Pen Distance: 0.5404048353559351
Maximum Pen Distance: 0.984948333762273
Average Dog Distance: 0.5965274400199905
Maximum Dog Distance: 0.9483789678816824
Average Sheep Distance: 0.35888658074546564
Maximum Sheep Distance: 0.5621484697556351
Elapsed Time: 5m 38s
********** 89 **********
Average Fitness: 0.14783333333333334
Maximum Fitness: 0.35000000000000003
Average Pen Distance: 0.5403257565214747
Maximum Pen Distance: 0.984948333762273
Average Dog Distance: 0.6070669748704566
Maximum Dog Distance: 0.9483789678816824
Average Sheep Distance: 0.36046891874656745
Maximum Sheep Distance: 0.5621484697556351
Elapsed Time: 5m 39s
********** 90 **********
Average Fitness: 0.15133333333333335
Maximum Fitness: 0.35000000000000003
Average Pen Distance: 0.5384618742267668
Maximum Pen Distance: 0.984948333762273
Average Dog Distance: 0.6054106920402633
Maximum Dog Distance: 0.9483789678816824
Average Sheep Distance: 0.361853938396461
Maximum Sheep Distance: 0.5621484697556351
Elapsed Time: 5m 40s
********** 91 **********
Average Fitness: 0.15216666666666667
Maximum Fitness: 0.35000000000000003
Average Pen Distance: 0.533832668206479
Maximum Pen Distance: 0.984948333762273
Average Dog Distance: 0.601521236239943
Maximum Dog Distance: 0.9483789678816824
Average Sheep Distance: 0.3583607907721637
Maximum Sheep Distance: 0.5621484697556351
Elapsed Time: 5m 41s
********** 92 **********
Average Fitness: 0.14966666666666667
Maximum Fitness: 0.35000000000000003
Average Pen Distance: 0.5423674388854136
Maximum Pen Distance: 0.984948333762273
Average Dog Distance: 0.589597763263417
Maximum Dog Distance: 0.9314045520004637
Average Sheep Distance: 0.35607975874382347
Maximum Sheep Distance: 0.5621484697556351
Elapsed Time: 5m 48s
********** 93 **********
Average Fitness: 0.15016666666666667
Maximum Fitness: 0.35000000000000003
Average Pen Distance: 0.5289269605310666
Maximum Pen Distance: 0.984948333762273
Average Dog Distance: 0.5910820250910711
Maximum Dog Distance: 0.9398642290627212
Average Sheep Distance: 0.3586861638715461
Maximum Sheep Distance: 0.5621484697556351
Elapsed Time: 5m 40s
********** 94 **********
Average Fitness: 0.14916666666666664
Maximum Fitness: 0.35000000000000003
Average Pen Distance: 0.5433015043683034
Maximum Pen Distance: 0.984948333762273
Average Dog Distance: 0.5779382891713507
Maximum Dog Distance: 0.9314045520004637
Average Sheep Distance: 0.3639123819326365
Maximum Sheep Distance: 0.5621484697556351
Elapsed Time: 5m 51s
********** 95 **********
Average Fitness: 0.15216666666666664
Maximum Fitness: 0.35000000000000003
Average Pen Distance: 0.5401772130643924
Maximum Pen Distance: 0.984948333762273
Average Dog Distance: 0.5760686356001179
Maximum Dog Distance: 0.9314045520004637
Average Sheep Distance: 0.3630977486415044
Maximum Sheep Distance: 0.5621484697556351
Elapsed Time: 5m 41s
********** 96 **********
Average Fitness: 0.14950000000000002
Maximum Fitness: 0.35000000000000003
Average Pen Distance: 0.545846105889439
Maximum Pen Distance: 0.984948333762273
Average Dog Distance: 0.581104870418308
Maximum Dog Distance: 0.9314045520004637
Average Sheep Distance: 0.3618509541290606
Maximum Sheep Distance: 0.5621484697556351
Elapsed Time: 5m 42s
********** 97 **********
Average Fitness: 0.15033333333333335
Maximum Fitness: 0.35000000000000003
Average Pen Distance: 0.549513203478822
Maximum Pen Distance: 0.984948333762273
Average Dog Distance: 0.5845648632812384
Maximum Dog Distance: 0.9314045520004637
Average Sheep Distance: 0.3622511851984273
Maximum Sheep Distance: 0.5621484697556351
Elapsed Time: 5m 45s
********** 98 **********
Average Fitness: 0.15166666666666667
Maximum Fitness: 0.35000000000000003
Average Pen Distance: 0.545545437092906
Maximum Pen Distance: 0.984948333762273
Average Dog Distance: 0.5889903050428213
Maximum Dog Distance: 0.9314045520004637
Average Sheep Distance: 0.36275059637879425
Maximum Sheep Distance: 0.5621484697556351
Elapsed Time: 5m 38s
********** 99 **********
Average Fitness: 0.153
Maximum Fitness: 0.35000000000000003
Average Pen Distance: 0.5554741075016694
Maximum Pen Distance: 0.984948333762273
Average Dog Distance: 0.5911413628960316
Maximum Dog Distance: 0.9314045520004637
Average Sheep Distance: 0.36077340663439805
Maximum Sheep Distance: 0.5621484697556351
Elapsed Time: 5m 46s
********** 100 **********
Average Fitness: 0.14783333333333332
Maximum Fitness: 0.35000000000000003
Average Pen Distance: 0.5640597803149902
Maximum Pen Distance: 0.984948333762273
Average Dog Distance: 0.5743061926132024
Maximum Dog Distance: 0.9314045520004637
Average Sheep Distance: 0.3632860597606383
Maximum Sheep Distance: 0.5621484697556351
Elapsed Time: 5m 50s
********** 1 **********
Average Fitness: 0.06333333333333334
Maximum Fitness: 0.20000000000000004
Average Pen Distance: 0.5064875036989833
Maximum Pen Distance: 0.8759387542349059
Average Dog Distance: 0.7002380161376851
Maximum Dog Distance: 0.9505416993219845
Average Sheep Distance: 0.36208458900103613
Maximum Sheep Distance: 0.4918596115686336
Elapsed Time: 11m 41s
********** 2 **********
Average Fitness: 0.07066666666666667
Maximum Fitness: 0.26666666666666666
Average Pen Distance: 0.5023724089080139
Maximum Pen Distance: 0.8759387542349059
Average Dog Distance: 0.6819139503625229
Maximum Dog Distance: 0.9505416993219845
Average Sheep Distance: 0.36301369004435835
Maximum Sheep Distance: 0.4918596115686336
Elapsed Time: 5m 44s
********** 3 **********
Average Fitness: 0.07200000000000001
Maximum Fitness: 0.26666666666666666
Average Pen Distance: 0.512999928199834
Maximum Pen Distance: 0.9122881671282187
Average Dog Distance: 0.6648647237999867
Maximum Dog Distance: 0.9505416993219845
Average Sheep Distance: 0.361039804523929
Maximum Sheep Distance: 0.4918596115686336
Elapsed Time: 5m 46s
********** 4 **********
Average Fitness: 0.07266666666666667
Maximum Fitness: 0.26666666666666666
Average Pen Distance: 0.5194997901315846
Maximum Pen Distance: 0.9122881671282187
Average Dog Distance: 0.644454997329004
Maximum Dog Distance: 0.9505416993219845
Average Sheep Distance: 0.3642183561225299
Maximum Sheep Distance: 0.4918596115686336
Elapsed Time: 5m 51s
********** 5 **********
Average Fitness: 0.0755
Maximum Fitness: 0.26666666666666666
Average Pen Distance: 0.5136753789147959
Maximum Pen Distance: 0.9122881671282187
Average Dog Distance: 0.6363351603885643
Maximum Dog Distance: 0.9505416993219845
Average Sheep Distance: 0.36586151879163537
Maximum Sheep Distance: 0.4918596115686336
Elapsed Time: 5m 41s
********** 6 **********
Average Fitness: 0.07466666666666667
Maximum Fitness: 0.26666666666666666
Average Pen Distance: 0.5356232686008728
Maximum Pen Distance: 0.9122881671282187
Average Dog Distance: 0.6276762306325807
Maximum Dog Distance: 0.9505416993219845
Average Sheep Distance: 0.36279128323255905
Maximum Sheep Distance: 0.4918596115686336
Elapsed Time: 5m 50s
********** 7 **********
Average Fitness: 0.07766666666666666
Maximum Fitness: 0.26666666666666666
Average Pen Distance: 0.5293448096084263
Maximum Pen Distance: 0.9099073106258387
Average Dog Distance: 0.6246856264008422
Maximum Dog Distance: 0.9505416993219845
Average Sheep Distance: 0.3635001967327885
Maximum Sheep Distance: 0.4918596115686336
Elapsed Time: 5m 40s
********** 8 **********
Average Fitness: 0.07916666666666666
Maximum Fitness: 0.26666666666666666
Average Pen Distance: 0.5182195798236383
Maximum Pen Distance: 0.9242044875609016
Average Dog Distance: 0.5966185115674718
Maximum Dog Distance: 0.9505416993219845
Average Sheep Distance: 0.3704219240652194
Maximum Sheep Distance: 0.4918596115686336
Elapsed Time: 5m 50s
********** 9 **********
Average Fitness: 0.08250000000000002
Maximum Fitness: 0.26666666666666666
Average Pen Distance: 0.5326338863249205
Maximum Pen Distance: 0.9242044875609016
Average Dog Distance: 0.6235086909379021
Maximum Dog Distance: 0.9505416993219845
Average Sheep Distance: 0.36479577913034694
Maximum Sheep Distance: 0.4918596115686336
Elapsed Time: 5m 41s
********** 10 **********
Average Fitness: 0.08283333333333336
Maximum Fitness: 0.26666666666666666
Average Pen Distance: 0.5349249595833263
Maximum Pen Distance: 0.9242044875609016
Average Dog Distance: 0.6044409617514329
Maximum Dog Distance: 0.9505416993219845
Average Sheep Distance: 0.365245401640552
Maximum Sheep Distance: 0.4918596115686336
Elapsed Time: 5m 50s
********** 11 **********
Average Fitness: 0.08766666666666667
Maximum Fitness: 0.26666666666666666
Average Pen Distance: 0.5265696692627184
Maximum Pen Distance: 0.9242044875609016
Average Dog Distance: 0.6073493901101219
Maximum Dog Distance: 0.9241634590400993
Average Sheep Distance: 0.363715733774661
Maximum Sheep Distance: 0.4918596115686336
Elapsed Time: 5m 42s
********** 12 **********
Average Fitness: 0.08866666666666671
Maximum Fitness: 0.26666666666666666
Average Pen Distance: 0.5362292275712027
Maximum Pen Distance: 0.9242044875609016
Average Dog Distance: 0.6138822320884774
Maximum Dog Distance: 0.9350077784881572
Average Sheep Distance: 0.3619927967956898
Maximum Sheep Distance: 0.4918596115686336
Elapsed Time: 5m 51s
********** 13 **********
Average Fitness: 0.09033333333333335
Maximum Fitness: 0.26666666666666666
Average Pen Distance: 0.5260868059984518
Maximum Pen Distance: 0.9242044875609016
Average Dog Distance: 0.6101364750142764
Maximum Dog Distance: 0.9350077784881572
Average Sheep Distance: 0.3650718941029477
Maximum Sheep Distance: 0.4918596115686336
Elapsed Time: 5m 51s
********** 14 **********
Average Fitness: 0.09066666666666669
Maximum Fitness: 0.26666666666666666
Average Pen Distance: 0.525226097292549
Maximum Pen Distance: 0.9242044875609016
Average Dog Distance: 0.6064442113727878
Maximum Dog Distance: 0.9350077784881572
Average Sheep Distance: 0.3698848047148683
Maximum Sheep Distance: 0.4918596115686336
Elapsed Time: 5m 48s
********** 15 **********
Average Fitness: 0.09316666666666666
Maximum Fitness: 0.26666666666666666
Average Pen Distance: 0.5197212792295759
Maximum Pen Distance: 0.9315352395353947
Average Dog Distance: 0.5994598935890618
Maximum Dog Distance: 0.9350077784881572
Average Sheep Distance: 0.37148174674797924
Maximum Sheep Distance: 0.4918596115686336
Elapsed Time: 5m 49s
********** 16 **********
Average Fitness: 0.09616666666666668
Maximum Fitness: 0.26666666666666666
Average Pen Distance: 0.5434350723904828
Maximum Pen Distance: 0.9315352395353947
Average Dog Distance: 0.6080703098988621
Maximum Dog Distance: 0.950172673906235
Average Sheep Distance: 0.3706522427213576
Maximum Sheep Distance: 0.5133474877837597
Elapsed Time: 5m 46s
********** 17 **********
Average Fitness: 0.095
Maximum Fitness: 0.26666666666666666
Average Pen Distance: 0.5555268166972853
Maximum Pen Distance: 0.9315352395353947
Average Dog Distance: 0.6085061799492374
Maximum Dog Distance: 0.950172673906235
Average Sheep Distance: 0.3709974159486025
Maximum Sheep Distance: 0.5133474877837597
Elapsed Time: 5m 49s
********** 18 **********
Average Fitness: 0.09749999999999998
Maximum Fitness: 0.26666666666666666
Average Pen Distance: 0.5464172913080136
Maximum Pen Distance: 0.9315352395353947
Average Dog Distance: 0.606884345415907
Maximum Dog Distance: 0.9650137938417518
Average Sheep Distance: 0.3704821820321975
Maximum Sheep Distance: 0.5133474877837597
Elapsed Time: 5m 53s
********** 19 **********
Average Fitness: 0.099
Maximum Fitness: 0.26666666666666666
Average Pen Distance: 0.5377432869564673
Maximum Pen Distance: 0.9315352395353947
Average Dog Distance: 0.6073918837235073
Maximum Dog Distance: 0.9650137938417518
Average Sheep Distance: 0.3665349761111763
Maximum Sheep Distance: 0.49878538550751533
Elapsed Time: 5m 46s
********** 20 **********
Average Fitness: 0.09966666666666663
Maximum Fitness: 0.26666666666666666
Average Pen Distance: 0.5454927448014498
Maximum Pen Distance: 0.9220120070550563
Average Dog Distance: 0.5977280813399192
Maximum Dog Distance: 0.9650137938417518
Average Sheep Distance: 0.3648324009823318
Maximum Sheep Distance: 0.49878538550751533
Elapsed Time: 5m 47s
********** 21 **********
Average Fitness: 0.10166666666666666
Maximum Fitness: 0.26666666666666666
Average Pen Distance: 0.5420241181903056
Maximum Pen Distance: 0.9220120070550563
Average Dog Distance: 0.6006461015903202
Maximum Dog Distance: 0.9650137938417518
Average Sheep Distance: 0.3617804069642252
Maximum Sheep Distance: 0.49878538550751533
Elapsed Time: 5m 49s
********** 22 **********
Average Fitness: 0.1025
Maximum Fitness: 0.26666666666666666
Average Pen Distance: 0.5431943062980248
Maximum Pen Distance: 0.9220120070550563
Average Dog Distance: 0.6057137080995517
Maximum Dog Distance: 0.9650137938417518
Average Sheep Distance: 0.3611171561612601
Maximum Sheep Distance: 0.49878538550751533
Elapsed Time: 5m 47s
********** 23 **********
Average Fitness: 0.10449999999999998
Maximum Fitness: 0.26666666666666666
Average Pen Distance: 0.5393943274785247
Maximum Pen Distance: 0.9220120070550563
Average Dog Distance: 0.602242609779756
Maximum Dog Distance: 0.9650137938417518
Average Sheep Distance: 0.3653457302509108
Maximum Sheep Distance: 0.5160812351475474
Elapsed Time: 5m 57s
********** 24 **********
Average Fitness: 0.10466666666666667
Maximum Fitness: 0.26666666666666666
Average Pen Distance: 0.5433915062876462
Maximum Pen Distance: 0.9220120070550563
Average Dog Distance: 0.6044226364527394
Maximum Dog Distance: 0.9650137938417518
Average Sheep Distance: 0.36835075378846355
Maximum Sheep Distance: 0.5160812351475474
Elapsed Time: 5m 42s
********** 25 **********
Average Fitness: 0.10566666666666664
Maximum Fitness: 0.3
Average Pen Distance: 0.5408013876789053
Maximum Pen Distance: 0.9220120070550563
Average Dog Distance: 0.6031345322985138
Maximum Dog Distance: 0.9650137938417518
Average Sheep Distance: 0.36838715938865313
Maximum Sheep Distance: 0.5160812351475474
Elapsed Time: 5m 44s
********** 26 **********
Average Fitness: 0.10583333333333333
Maximum Fitness: 0.3
Average Pen Distance: 0.5412997977533985
Maximum Pen Distance: 0.9220120070550563
Average Dog Distance: 0.601885349426555
Maximum Dog Distance: 0.9650137938417518
Average Sheep Distance: 0.36635839706589485
Maximum Sheep Distance: 0.5160812351475474
Elapsed Time: 5m 50s
********** 27 **********
Average Fitness: 0.10533333333333335
Maximum Fitness: 0.3
Average Pen Distance: 0.5396594611089124
Maximum Pen Distance: 0.9220120070550563
Average Dog Distance: 0.6032457849515672
Maximum Dog Distance: 0.9650137938417518
Average Sheep Distance: 0.3685879064724053
Maximum Sheep Distance: 0.5160812351475474
Elapsed Time: 5m 46s
********** 28 **********
Average Fitness: 0.1005
Maximum Fitness: 0.3
Average Pen Distance: 0.5556188805416808
Maximum Pen Distance: 0.9576317198202622
Average Dog Distance: 0.5937714996423932
Maximum Dog Distance: 0.9650137938417518
Average Sheep Distance: 0.36555852687054985
Maximum Sheep Distance: 0.5160812351475474
Elapsed Time: 5m 45s
********** 29 **********
Average Fitness: 0.10033333333333334
Maximum Fitness: 0.3
Average Pen Distance: 0.5692276770588756
Maximum Pen Distance: 0.9576317198202622
Average Dog Distance: 0.5948923834569793
Maximum Dog Distance: 0.9650137938417518
Average Sheep Distance: 0.3658514860534334
Maximum Sheep Distance: 0.5160812351475474
Elapsed Time: 5m 44s
********** 30 **********
Average Fitness: 0.10416666666666669
Maximum Fitness: 0.3
Average Pen Distance: 0.5592170732625178
Maximum Pen Distance: 0.9220120070550563
Average Dog Distance: 0.6056708991676392
Maximum Dog Distance: 0.9650137938417518
Average Sheep Distance: 0.3675431766495002
Maximum Sheep Distance: 0.5160812351475474
Elapsed Time: 5m 47s
********** 31 **********
Average Fitness: 0.10333333333333333
Maximum Fitness: 0.3
Average Pen Distance: 0.5492598313010986
Maximum Pen Distance: 0.9220120070550563
Average Dog Distance: 0.5929020244861493
Maximum Dog Distance: 0.9650137938417518
Average Sheep Distance: 0.3684041494956717
Maximum Sheep Distance: 0.5621862514724144
Elapsed Time: 5m 48s
********** 32 **********
Average Fitness: 0.10516666666666667
Maximum Fitness: 0.3
Average Pen Distance: 0.560288127911782
Maximum Pen Distance: 0.9220120070550563
Average Dog Distance: 0.5940805266205167
Maximum Dog Distance: 0.9650137938417518
Average Sheep Distance: 0.3641414571207565
Maximum Sheep Distance: 0.5621862514724144
Elapsed Time: 5m 47s
********** 33 **********
Average Fitness: 0.10700000000000001
Maximum Fitness: 0.3
Average Pen Distance: 0.5481988292438159
Maximum Pen Distance: 0.9220120070550563
Average Dog Distance: 0.59173279034131
Maximum Dog Distance: 0.9650137938417518
Average Sheep Distance: 0.3624024879353415
Maximum Sheep Distance: 0.5621862514724144
Elapsed Time: 5m 52s
********** 34 **********
Average Fitness: 0.10850000000000001
Maximum Fitness: 0.3
Average Pen Distance: 0.5517638424793782
Maximum Pen Distance: 0.946242666744312
Average Dog Distance: 0.6029466599932423
Maximum Dog Distance: 0.9650137938417518
Average Sheep Distance: 0.35970500281156376
Maximum Sheep Distance: 0.5621862514724144
Elapsed Time: 5m 47s
********** 35 **********
Average Fitness: 0.10833333333333332
Maximum Fitness: 0.3
Average Pen Distance: 0.5594506133068138
Maximum Pen Distance: 0.946242666744312
Average Dog Distance: 0.5991616359810837
Maximum Dog Distance: 0.9650137938417518
Average Sheep Distance: 0.3604834314208254
Maximum Sheep Distance: 0.5621862514724144
Elapsed Time: 5m 46s
********** 36 **********
Average Fitness: 0.10750000000000001
Maximum Fitness: 0.3
Average Pen Distance: 0.54809119585073
Maximum Pen Distance: 0.946242666744312
Average Dog Distance: 0.5902774361925146
Maximum Dog Distance: 0.9650137938417518
Average Sheep Distance: 0.36027585767253734
Maximum Sheep Distance: 0.5621862514724144
Elapsed Time: 5m 43s
********** 37 **********
Average Fitness: 0.10700000000000001
Maximum Fitness: 0.3
Average Pen Distance: 0.5442751087710106
Maximum Pen Distance: 0.9220120070550563
Average Dog Distance: 0.5770940397502647
Maximum Dog Distance: 0.9650137938417518
Average Sheep Distance: 0.36409501367524577
Maximum Sheep Distance: 0.5621862514724144
Elapsed Time: 5m 50s
********** 38 **********
Average Fitness: 0.109
Maximum Fitness: 0.3
Average Pen Distance: 0.5388658280976896
Maximum Pen Distance: 0.9220120070550563
Average Dog Distance: 0.5799410247472071
Maximum Dog Distance: 0.9650137938417518
Average Sheep Distance: 0.36534103835270415
Maximum Sheep Distance: 0.5621862514724144
Elapsed Time: 5m 44s
********** 39 **********
Average Fitness: 0.10950000000000001
Maximum Fitness: 0.3
Average Pen Distance: 0.5448906452000761
Maximum Pen Distance: 0.9220120070550563
Average Dog Distance: 0.5852922195771009
Maximum Dog Distance: 0.9650137938417518
Average Sheep Distance: 0.36412886461651994
Maximum Sheep Distance: 0.5621862514724144
Elapsed Time: 5m 44s
********** 40 **********
Average Fitness: 0.1105
Maximum Fitness: 0.3
Average Pen Distance: 0.5440590147035953
Maximum Pen Distance: 0.9428983395742806
Average Dog Distance: 0.5872750117170813
Maximum Dog Distance: 0.9650137938417518
Average Sheep Distance: 0.3594293846557067
Maximum Sheep Distance: 0.5621862514724144
Elapsed Time: 5m 46s
********** 41 **********
Average Fitness: 0.10950000000000003
Maximum Fitness: 0.3
Average Pen Distance: 0.5623271748346513
Maximum Pen Distance: 0.9428983395742806
Average Dog Distance: 0.599410845046584
Maximum Dog Distance: 0.9650137938417518
Average Sheep Distance: 0.35645985067496744
Maximum Sheep Distance: 0.5621862514724144
Elapsed Time: 5m 41s
********** 42 **********
Average Fitness: 0.11016666666666666
Maximum Fitness: 0.3
Average Pen Distance: 0.5617218723113307
Maximum Pen Distance: 0.9428983395742806
Average Dog Distance: 0.5998625220709691
Maximum Dog Distance: 0.9650137938417518
Average Sheep Distance: 0.3569293256469048
Maximum Sheep Distance: 0.5621862514724144
Elapsed Time: 5m 49s
********** 43 **********
Average Fitness: 0.11166666666666666
Maximum Fitness: 0.3
Average Pen Distance: 0.5625507830318996
Maximum Pen Distance: 0.9428983395742806
Average Dog Distance: 0.599555365521283
Maximum Dog Distance: 0.9650137938417518
Average Sheep Distance: 0.3583977815861066
Maximum Sheep Distance: 0.5621862514724144
Elapsed Time: 5m 45s
********** 44 **********
Average Fitness: 0.11150000000000002
Maximum Fitness: 0.3
Average Pen Distance: 0.56105885224184
Maximum Pen Distance: 0.9470717285404726
Average Dog Distance: 0.5943457163222974
Maximum Dog Distance: 0.9650137938417518
Average Sheep Distance: 0.36103116974682126
Maximum Sheep Distance: 0.5621862514724144
Elapsed Time: 5m 40s
********** 45 **********
Average Fitness: 0.11066666666666668
Maximum Fitness: 0.3
Average Pen Distance: 0.562525033205763
Maximum Pen Distance: 0.9470717285404726
Average Dog Distance: 0.5929863283114415
Maximum Dog Distance: 0.9650137938417518
Average Sheep Distance: 0.3633404122062289
Maximum Sheep Distance: 0.5621862514724144
Elapsed Time: 5m 47s
********** 46 **********
Average Fitness: 0.11
Maximum Fitness: 0.3
Average Pen Distance: 0.5616786572680653
Maximum Pen Distance: 0.9470717285404726
Average Dog Distance: 0.5851284316152294
Maximum Dog Distance: 0.9650137938417518
Average Sheep Distance: 0.36321256349513903
Maximum Sheep Distance: 0.5621862514724144
Elapsed Time: 5m 48s
********** 47 **********
Average Fitness: 0.11100000000000002
Maximum Fitness: 0.3
Average Pen Distance: 0.5699977987872886
Maximum Pen Distance: 0.9519258881593391
Average Dog Distance: 0.5928695410188469
Maximum Dog Distance: 0.9650137938417518
Average Sheep Distance: 0.36259157189465474
Maximum Sheep Distance: 0.5621862514724144
Elapsed Time: 5m 43s
********** 48 **********
Average Fitness: 0.11216666666666669
Maximum Fitness: 0.3
Average Pen Distance: 0.5584401523341742
Maximum Pen Distance: 0.9519258881593391
Average Dog Distance: 0.5927016981140737
Maximum Dog Distance: 0.9650137938417518
Average Sheep Distance: 0.3687058910488536
Maximum Sheep Distance: 0.5621862514724144
Elapsed Time: 5m 41s
********** 49 **********
Average Fitness: 0.11250000000000002
Maximum Fitness: 0.3
Average Pen Distance: 0.5541879635810681
Maximum Pen Distance: 0.9519258881593391
Average Dog Distance: 0.600825593996146
Maximum Dog Distance: 0.9650137938417518
Average Sheep Distance: 0.3686939973506022
Maximum Sheep Distance: 0.5621862514724144
Elapsed Time: 5m 42s
********** 50 **********
Average Fitness: 0.11600000000000002
Maximum Fitness: 0.3
Average Pen Distance: 0.5573412921896699
Maximum Pen Distance: 0.9519258881593391
Average Dog Distance: 0.609267212340892
Maximum Dog Distance: 0.9650137938417518
Average Sheep Distance: 0.3639429815078533
Maximum Sheep Distance: 0.5621862514724144
Elapsed Time: 5m 40s
********** 51 **********
Average Fitness: 0.11616666666666667
Maximum Fitness: 0.3
Average Pen Distance: 0.5634866517536572
Maximum Pen Distance: 0.9519258881593391
Average Dog Distance: 0.6097048963846091
Maximum Dog Distance: 0.9650137938417518
Average Sheep Distance: 0.36368267904605034
Maximum Sheep Distance: 0.5621862514724144
Elapsed Time: 5m 48s
********** 52 **********
Average Fitness: 0.11516666666666668
Maximum Fitness: 0.3
Average Pen Distance: 0.5700934385935974
Maximum Pen Distance: 0.9519258881593391
Average Dog Distance: 0.6001214557992791
Maximum Dog Distance: 0.9650137938417518
Average Sheep Distance: 0.3641233043577073
Maximum Sheep Distance: 0.5621862514724144
Elapsed Time: 5m 46s
********** 53 **********
Average Fitness: 0.11566666666666668
Maximum Fitness: 0.3
Average Pen Distance: 0.5767077478813488
Maximum Pen Distance: 0.9519258881593391
Average Dog Distance: 0.5974234652700956
Maximum Dog Distance: 0.9650137938417518
Average Sheep Distance: 0.36251617829045396
Maximum Sheep Distance: 0.5621862514724144
Elapsed Time: 5m 44s
********** 54 **********
Average Fitness: 0.1141666666666667
Maximum Fitness: 0.3
Average Pen Distance: 0.5784376039008222
Maximum Pen Distance: 0.9519258881593391
Average Dog Distance: 0.5841772809378454
Maximum Dog Distance: 0.9650137938417518
Average Sheep Distance: 0.3631787439883557
Maximum Sheep Distance: 0.5621862514724144
Elapsed Time: 5m 45s
********** 55 **********
Average Fitness: 0.11483333333333334
Maximum Fitness: 0.3
Average Pen Distance: 0.5811718796405078
Maximum Pen Distance: 0.9519258881593391
Average Dog Distance: 0.5890356121274867
Maximum Dog Distance: 0.9650137938417518
Average Sheep Distance: 0.36243106060403285
Maximum Sheep Distance: 0.5621862514724144
Elapsed Time: 5m 55s
********** 56 **********
Average Fitness: 0.11800000000000001
Maximum Fitness: 0.3
Average Pen Distance: 0.557529562158092
Maximum Pen Distance: 0.9519258881593391
Average Dog Distance: 0.5958777109148584
Maximum Dog Distance: 0.9650137938417518
Average Sheep Distance: 0.36154451131484655
Maximum Sheep Distance: 0.5621862514724144
Elapsed Time: 5m 51s
********** 57 **********
Average Fitness: 0.11733333333333336
Maximum Fitness: 0.3
Average Pen Distance: 0.5694183014553768
Maximum Pen Distance: 0.9519258881593391
Average Dog Distance: 0.5934638107052852
Maximum Dog Distance: 0.9650137938417518
Average Sheep Distance: 0.36010298097493987
Maximum Sheep Distance: 0.5621862514724144
Elapsed Time: 5m 58s
********** 58 **********
Average Fitness: 0.11833333333333336
Maximum Fitness: 0.3
Average Pen Distance: 0.5672960624217412
Maximum Pen Distance: 0.9519258881593391
Average Dog Distance: 0.585006631638538
Maximum Dog Distance: 0.9650137938417518
Average Sheep Distance: 0.3591841267077626
Maximum Sheep Distance: 0.5621862514724144
Elapsed Time: 5m 49s
********** 59 **********
Average Fitness: 0.11850000000000001
Maximum Fitness: 0.3
Average Pen Distance: 0.578123650811139
Maximum Pen Distance: 0.9519258881593391
Average Dog Distance: 0.5906288743469811
Maximum Dog Distance: 0.9650137938417518
Average Sheep Distance: 0.35839862054398175
Maximum Sheep Distance: 0.5621862514724144
Elapsed Time: 5m 47s
********** 60 **********
Average Fitness: 0.11750000000000002
Maximum Fitness: 0.3
Average Pen Distance: 0.5770966825466017
Maximum Pen Distance: 0.9519258881593391
Average Dog Distance: 0.5968127602294167
Maximum Dog Distance: 0.9666906874822686
Average Sheep Distance: 0.3579510164161352
Maximum Sheep Distance: 0.5621862514724144
Elapsed Time: 5m 51s
********** 61 **********
Average Fitness: 0.12133333333333335
Maximum Fitness: 0.3
Average Pen Distance: 0.5732449187470823
Maximum Pen Distance: 0.9519258881593391
Average Dog Distance: 0.5977478148662184
Maximum Dog Distance: 0.9650137938417518
Average Sheep Distance: 0.35822626929161117
Maximum Sheep Distance: 0.5621862514724144
Elapsed Time: 5m 47s
********** 62 **********
Average Fitness: 0.12183333333333334
Maximum Fitness: 0.3
Average Pen Distance: 0.5679018539890555
Maximum Pen Distance: 0.9519258881593391
Average Dog Distance: 0.6006529529041106
Maximum Dog Distance: 0.9650137938417518
Average Sheep Distance: 0.3548378217948652
Maximum Sheep Distance: 0.5621862514724144
Elapsed Time: 5m 57s
********** 63 **********
Average Fitness: 0.12433333333333334
Maximum Fitness: 0.3
Average Pen Distance: 0.5719718249694276
Maximum Pen Distance: 0.9519258881593391
Average Dog Distance: 0.6004636759001174
Maximum Dog Distance: 0.9650137938417518
Average Sheep Distance: 0.3551224406106529
Maximum Sheep Distance: 0.5621862514724144
Elapsed Time: 5m 40s
********** 64 **********
Average Fitness: 0.12266666666666667
Maximum Fitness: 0.3
Average Pen Distance: 0.5599304973045851
Maximum Pen Distance: 0.9519258881593391
Average Dog Distance: 0.5845291564817001
Maximum Dog Distance: 0.9650137938417518
Average Sheep Distance: 0.3587247416323418
Maximum Sheep Distance: 0.5621862514724144
Elapsed Time: 5m 43s
********** 65 **********
Average Fitness: 0.1231666666666667
Maximum Fitness: 0.3
Average Pen Distance: 0.566347478375973
Maximum Pen Distance: 0.9519258881593391
Average Dog Distance: 0.5853642217235506
Maximum Dog Distance: 0.9650137938417518
Average Sheep Distance: 0.35976373138275625
Maximum Sheep Distance: 0.5621862514724144
Elapsed Time: 5m 45s
********** 66 **********
Average Fitness: 0.12300000000000001
Maximum Fitness: 0.3
Average Pen Distance: 0.5745066925873146
Maximum Pen Distance: 0.9519258881593391
Average Dog Distance: 0.5823150504636447
Maximum Dog Distance: 0.9650137938417518
Average Sheep Distance: 0.3555151022886859
Maximum Sheep Distance: 0.5621862514724144
Elapsed Time: 5m 43s
********** 67 **********
Average Fitness: 0.12283333333333335
Maximum Fitness: 0.3
Average Pen Distance: 0.5736156086175526
Maximum Pen Distance: 0.9519258881593391
Average Dog Distance: 0.5801388820335562
Maximum Dog Distance: 0.9650137938417518
Average Sheep Distance: 0.3573592730972597
Maximum Sheep Distance: 0.5621862514724144
Elapsed Time: 5m 49s
********** 68 **********
Average Fitness: 0.1216666666666667
Maximum Fitness: 0.3
Average Pen Distance: 0.5746091208353343
Maximum Pen Distance: 0.9519258881593391
Average Dog Distance: 0.587237276462673
Maximum Dog Distance: 0.9650137938417518
Average Sheep Distance: 0.35641087092823776
Maximum Sheep Distance: 0.5621862514724144
Elapsed Time: 5m 46s
********** 69 **********
Average Fitness: 0.1221666666666667
Maximum Fitness: 0.3
Average Pen Distance: 0.5689894185752203
Maximum Pen Distance: 0.9519258881593391
Average Dog Distance: 0.581440438030657
Maximum Dog Distance: 0.9650137938417518
Average Sheep Distance: 0.3539821279814926
Maximum Sheep Distance: 0.5621862514724144
Elapsed Time: 5m 45s
********** 70 **********
Average Fitness: 0.12200000000000001
Maximum Fitness: 0.3
Average Pen Distance: 0.5662487159580647
Maximum Pen Distance: 0.9519258881593391
Average Dog Distance: 0.5799090121475983
Maximum Dog Distance: 0.9650137938417518
Average Sheep Distance: 0.35393031129605795
Maximum Sheep Distance: 0.5621862514724144
Elapsed Time: 5m 47s
********** 71 **********
Average Fitness: 0.12300000000000001
Maximum Fitness: 0.3
Average Pen Distance: 0.5739160802478177
Maximum Pen Distance: 0.9519258881593391
Average Dog Distance: 0.5799290059601995
Maximum Dog Distance: 0.9650137938417518
Average Sheep Distance: 0.35387291679668514
Maximum Sheep Distance: 0.5621862514724144
Elapsed Time: 5m 48s
********** 72 **********
Average Fitness: 0.12333333333333335
Maximum Fitness: 0.3
Average Pen Distance: 0.578624105799441
Maximum Pen Distance: 0.9519258881593391
Average Dog Distance: 0.5883447241257405
Maximum Dog Distance: 0.9650137938417518
Average Sheep Distance: 0.35511056157671694
Maximum Sheep Distance: 0.5621862514724144
Elapsed Time: 5m 49s
********** 73 **********
Average Fitness: 0.12333333333333334
Maximum Fitness: 0.3
Average Pen Distance: 0.5798403025763287
Maximum Pen Distance: 0.9519258881593391
Average Dog Distance: 0.5911287000161295
Maximum Dog Distance: 0.9650137938417518
Average Sheep Distance: 0.3515166666689635
Maximum Sheep Distance: 0.5621862514724144
Elapsed Time: 5m 44s
********** 74 **********
Average Fitness: 0.12400000000000003
Maximum Fitness: 0.3
Average Pen Distance: 0.57739393253002
Maximum Pen Distance: 0.9519258881593391
Average Dog Distance: 0.5921907346110507
Maximum Dog Distance: 0.9650137938417518
Average Sheep Distance: 0.35118096687390987
Maximum Sheep Distance: 0.5621862514724144
Elapsed Time: 5m 46s
********** 75 **********
Average Fitness: 0.12383333333333335
Maximum Fitness: 0.3
Average Pen Distance: 0.5826669809604219
Maximum Pen Distance: 0.9519258881593391
Average Dog Distance: 0.5907082330446173
Maximum Dog Distance: 0.9650137938417518
Average Sheep Distance: 0.35175923472186094
Maximum Sheep Distance: 0.5621862514724144
Elapsed Time: 5m 41s
********** 76 **********
Average Fitness: 0.12133333333333336
Maximum Fitness: 0.3
Average Pen Distance: 0.5779521178503851
Maximum Pen Distance: 0.9519258881593391
Average Dog Distance: 0.5837146248280135
Maximum Dog Distance: 0.9650137938417518
Average Sheep Distance: 0.35298979665972124
Maximum Sheep Distance: 0.5621862514724144
Elapsed Time: 5m 45s
********** 77 **********
Average Fitness: 0.1231666666666667
Maximum Fitness: 0.3
Average Pen Distance: 0.5682147719414018
Maximum Pen Distance: 0.9519258881593391
Average Dog Distance: 0.5807024703331869
Maximum Dog Distance: 0.9650137938417518
Average Sheep Distance: 0.35063422576728875
Maximum Sheep Distance: 0.5621862514724144
Elapsed Time: 5m 45s
********** 78 **********
Average Fitness: 0.1255
Maximum Fitness: 0.3
Average Pen Distance: 0.5714534950575575
Maximum Pen Distance: 0.9519258881593391
Average Dog Distance: 0.5810454893646589
Maximum Dog Distance: 0.9650137938417518
Average Sheep Distance: 0.3479605940057796
Maximum Sheep Distance: 0.5621862514724144
Elapsed Time: 5m 42s
********** 79 **********
Average Fitness: 0.126
Maximum Fitness: 0.3
Average Pen Distance: 0.5762553164724629
Maximum Pen Distance: 0.9519258881593391
Average Dog Distance: 0.5784553685426989
Maximum Dog Distance: 0.9650137938417518
Average Sheep Distance: 0.3476249552034384
Maximum Sheep Distance: 0.5621862514724144
Elapsed Time: 5m 48s
********** 80 **********
Average Fitness: 0.128
Maximum Fitness: 0.3
Average Pen Distance: 0.5748113972078804
Maximum Pen Distance: 0.9519258881593391
Average Dog Distance: 0.5814610831642982
Maximum Dog Distance: 0.9650137938417518
Average Sheep Distance: 0.3447057564539896
Maximum Sheep Distance: 0.5621862514724144
Elapsed Time: 5m 44s
********** 81 **********
Average Fitness: 0.13016666666666668
Maximum Fitness: 0.3
Average Pen Distance: 0.5744023652012733
Maximum Pen Distance: 0.9519258881593391
Average Dog Distance: 0.5824411583396647
Maximum Dog Distance: 0.9650137938417518
Average Sheep Distance: 0.3451149439124562
Maximum Sheep Distance: 0.5621862514724144
Elapsed Time: 5m 43s
********** 82 **********
Average Fitness: 0.1305
Maximum Fitness: 0.3
Average Pen Distance: 0.5739051319328817
Maximum Pen Distance: 0.9519258881593391
Average Dog Distance: 0.5715479194644957
Maximum Dog Distance: 0.9650137938417518
Average Sheep Distance: 0.34537305453876693
Maximum Sheep Distance: 0.5621862514724144
Elapsed Time: 5m 44s
********** 83 **********
Average Fitness: 0.1325
Maximum Fitness: 0.3
Average Pen Distance: 0.5564683821461918
Maximum Pen Distance: 0.9519258881593391
Average Dog Distance: 0.5767154735928453
Maximum Dog Distance: 0.9650137938417518
Average Sheep Distance: 0.3484747246457795
Maximum Sheep Distance: 0.5621862514724144
Elapsed Time: 5m 48s
********** 84 **********
Average Fitness: 0.135
Maximum Fitness: 0.3
Average Pen Distance: 0.5638190858865068
Maximum Pen Distance: 0.9519258881593391
Average Dog Distance: 0.5730749641425793
Maximum Dog Distance: 0.9650137938417518
Average Sheep Distance: 0.3452251319977808
Maximum Sheep Distance: 0.5621862514724144
Elapsed Time: 5m 42s
********** 85 **********
Average Fitness: 0.13666666666666666
Maximum Fitness: 0.3
Average Pen Distance: 0.5699202089200719
Maximum Pen Distance: 0.9519258881593391
Average Dog Distance: 0.5801469108523335
Maximum Dog Distance: 0.9650137938417518
Average Sheep Distance: 0.3420491389155698
Maximum Sheep Distance: 0.5621862514724144
Elapsed Time: 5m 45s
********** 86 **********
Average Fitness: 0.1393333333333333
Maximum Fitness: 0.3
Average Pen Distance: 0.5737623785096568
Maximum Pen Distance: 0.9519258881593391
Average Dog Distance: 0.5828501276641475
Maximum Dog Distance: 0.9650137938417518
Average Sheep Distance: 0.3393169989187308
Maximum Sheep Distance: 0.5621862514724144
Elapsed Time: 5m 43s
********** 87 **********
Average Fitness: 0.13783333333333334
Maximum Fitness: 0.3333333333333333
Average Pen Distance: 0.5728414289615898
Maximum Pen Distance: 0.9519258881593391
Average Dog Distance: 0.5741301369560197
Maximum Dog Distance: 0.9650137938417518
Average Sheep Distance: 0.3421223596902104
Maximum Sheep Distance: 0.5621862514724144
Elapsed Time: 5m 49s
********** 88 **********
Average Fitness: 0.13733333333333336
Maximum Fitness: 0.3333333333333333
Average Pen Distance: 0.5700333625398598
Maximum Pen Distance: 0.9519258881593391
Average Dog Distance: 0.5765556337676719
Maximum Dog Distance: 0.9670915402902399
Average Sheep Distance: 0.34532534896430084
Maximum Sheep Distance: 0.5621862514724144
Elapsed Time: 5m 46s
********** 89 **********
Average Fitness: 0.14183333333333334
Maximum Fitness: 0.3666666666666667
Average Pen Distance: 0.5633917444078085
Maximum Pen Distance: 0.9519258881593391
Average Dog Distance: 0.5769927305305075
Maximum Dog Distance: 0.9680841828778904
Average Sheep Distance: 0.34230726954687507
Maximum Sheep Distance: 0.5621862514724144
Elapsed Time: 5m 42s
********** 90 **********
Average Fitness: 0.14333333333333334
Maximum Fitness: 0.3666666666666667
Average Pen Distance: 0.5768821358174416
Maximum Pen Distance: 0.9519258881593391
Average Dog Distance: 0.5877278212648477
Maximum Dog Distance: 0.9680841828778904
Average Sheep Distance: 0.33895718504118383
Maximum Sheep Distance: 0.5621862514724144
Elapsed Time: 5m 41s
********** 91 **********
Average Fitness: 0.146
Maximum Fitness: 0.3666666666666667
Average Pen Distance: 0.5762038033357385
Maximum Pen Distance: 0.9519258881593391
Average Dog Distance: 0.5752237043291262
Maximum Dog Distance: 0.9670915402902399
Average Sheep Distance: 0.3360933753252042
Maximum Sheep Distance: 0.5621862514724144
Elapsed Time: 5m 45s
********** 92 **********
Average Fitness: 0.14416666666666667
Maximum Fitness: 0.3666666666666667
Average Pen Distance: 0.581146486546065
Maximum Pen Distance: 0.9519258881593391
Average Dog Distance: 0.5804302853053018
Maximum Dog Distance: 0.9670915402902399
Average Sheep Distance: 0.3334983842465919
Maximum Sheep Distance: 0.5621862514724144
Elapsed Time: 5m 46s
********** 93 **********
Average Fitness: 0.14666666666666667
Maximum Fitness: 0.3666666666666667
Average Pen Distance: 0.5808087227979504
Maximum Pen Distance: 0.9519258881593391
Average Dog Distance: 0.5771973838414923
Maximum Dog Distance: 0.9670915402902399
Average Sheep Distance: 0.33334035978152954
Maximum Sheep Distance: 0.5621862514724144
Elapsed Time: 5m 39s
********** 94 **********
Average Fitness: 0.14533333333333331
Maximum Fitness: 0.3666666666666667
Average Pen Distance: 0.5818355143751467
Maximum Pen Distance: 0.9519258881593391
Average Dog Distance: 0.5791260540775383
Maximum Dog Distance: 0.9670915402902399
Average Sheep Distance: 0.33465877538768596
Maximum Sheep Distance: 0.5621862514724144
Elapsed Time: 5m 42s
********** 95 **********
Average Fitness: 0.14983333333333335
Maximum Fitness: 0.3666666666666667
Average Pen Distance: 0.5778650870115907
Maximum Pen Distance: 0.9519258881593391
Average Dog Distance: 0.5911544641489734
Maximum Dog Distance: 0.9670915402902399
Average Sheep Distance: 0.3317511723853848
Maximum Sheep Distance: 0.5621862514724144
Elapsed Time: 5m 47s
********** 96 **********
Average Fitness: 0.15033333333333332
Maximum Fitness: 0.3666666666666667
Average Pen Distance: 0.5657114851323584
Maximum Pen Distance: 0.9519258881593391
Average Dog Distance: 0.58955485212144
Maximum Dog Distance: 0.9650137938417518
Average Sheep Distance: 0.3349471940958482
Maximum Sheep Distance: 0.5621862514724144
Elapsed Time: 5m 45s
********** 97 **********
Average Fitness: 0.14883333333333332
Maximum Fitness: 0.3666666666666667
Average Pen Distance: 0.5736468618538311
Maximum Pen Distance: 0.9519258881593391
Average Dog Distance: 0.5890487442145189
Maximum Dog Distance: 0.9650137938417518
Average Sheep Distance: 0.335970864305789
Maximum Sheep Distance: 0.5621862514724144
Elapsed Time: 5m 39s
********** 98 **********
Average Fitness: 0.1475
Maximum Fitness: 0.3666666666666667
Average Pen Distance: 0.5739943732738594
Maximum Pen Distance: 0.9519258881593391
Average Dog Distance: 0.5839294966733545
Maximum Dog Distance: 0.9650137938417518
Average Sheep Distance: 0.33973578278112937
Maximum Sheep Distance: 0.5621862514724144
Elapsed Time: 5m 48s
********** 99 **********
Average Fitness: 0.14900000000000002
Maximum Fitness: 0.3666666666666667
Average Pen Distance: 0.5720845953983406
Maximum Pen Distance: 0.9519258881593391
Average Dog Distance: 0.592631401568061
Maximum Dog Distance: 0.9650137938417518
Average Sheep Distance: 0.3431399754061345
Maximum Sheep Distance: 0.5621862514724144
Elapsed Time: 5m 42s
********** 100 **********
Average Fitness: 0.15016666666666667
Maximum Fitness: 0.3666666666666667
Average Pen Distance: 0.5761677920332974
Maximum Pen Distance: 0.9519258881593391
Average Dog Distance: 0.5907923062691622
Maximum Dog Distance: 0.9650137938417518
Average Sheep Distance: 0.343031954767884
Maximum Sheep Distance: 0.5621862514724144
Elapsed Time: 5m 37s
********** 1 **********
Average Fitness: 0.061833333333333323
Maximum Fitness: 0.18333333333333335
Average Pen Distance: 0.4836330330519863
Maximum Pen Distance: 0.8855580802647839
Average Dog Distance: 0.6733051357715901
Maximum Dog Distance: 0.9540414937898142
Average Sheep Distance: 0.36590006970391536
Maximum Sheep Distance: 0.47863047905651074
Elapsed Time: 11m 27s
********** 2 **********
Average Fitness: 0.06849999999999999
Maximum Fitness: 0.26666666666666666
Average Pen Distance: 0.4861089799198775
Maximum Pen Distance: 0.8855580802647839
Average Dog Distance: 0.6427901772026462
Maximum Dog Distance: 0.981544340565328
Average Sheep Distance: 0.3690253029851571
Maximum Sheep Distance: 0.5078803029786791
Elapsed Time: 5m 59s
********** 3 **********
Average Fitness: 0.073
Maximum Fitness: 0.26666666666666666
Average Pen Distance: 0.4800180067543892
Maximum Pen Distance: 0.9243570806835991
Average Dog Distance: 0.6149133205759092
Maximum Dog Distance: 0.981544340565328
Average Sheep Distance: 0.37146268894334145
Maximum Sheep Distance: 0.5078803029786791
Elapsed Time: 5m 45s
********** 4 **********
Average Fitness: 0.07816666666666666
Maximum Fitness: 0.26666666666666666
Average Pen Distance: 0.4790214031062385
Maximum Pen Distance: 0.9243570806835991
Average Dog Distance: 0.6241814520835638
Maximum Dog Distance: 0.9569138418542114
Average Sheep Distance: 0.3713336858413428
Maximum Sheep Distance: 0.5078803029786791
Elapsed Time: 5m 41s
********** 5 **********
Average Fitness: 0.08566666666666668
Maximum Fitness: 0.26666666666666666
Average Pen Distance: 0.469802020355835
Maximum Pen Distance: 0.9243570806835991
Average Dog Distance: 0.6160745105328369
Maximum Dog Distance: 0.9569138418542114
Average Sheep Distance: 0.36991546515404117
Maximum Sheep Distance: 0.5078803029786791
Elapsed Time: 5m 44s
********** 6 **********
Average Fitness: 0.088
Maximum Fitness: 0.26666666666666666
Average Pen Distance: 0.45842227470684066
Maximum Pen Distance: 0.9243570806835991
Average Dog Distance: 0.6086178643939868
Maximum Dog Distance: 0.9569138418542114
Average Sheep Distance: 0.36602559180313526
Maximum Sheep Distance: 0.5078803029786791
Elapsed Time: 5m 43s
********** 7 **********
Average Fitness: 0.09433333333333334
Maximum Fitness: 0.26666666666666666
Average Pen Distance: 0.46804266788889104
Maximum Pen Distance: 0.9243570806835991
Average Dog Distance: 0.6070497711906997
Maximum Dog Distance: 0.9569138418542114
Average Sheep Distance: 0.36620718587211715
Maximum Sheep Distance: 0.5078803029786791
Elapsed Time: 5m 41s
********** 8 **********
Average Fitness: 0.09666666666666668
Maximum Fitness: 0.26666666666666666
Average Pen Distance: 0.47466555652457243
Maximum Pen Distance: 0.9295554897500268
Average Dog Distance: 0.6152662023174053
Maximum Dog Distance: 0.9569138418542114
Average Sheep Distance: 0.3615129786310849
Maximum Sheep Distance: 0.5078803029786791
Elapsed Time: 5m 39s
********** 9 **********
Average Fitness: 0.09683333333333335
Maximum Fitness: 0.26666666666666666
Average Pen Distance: 0.4764524744029628
Maximum Pen Distance: 0.9436372174246225
Average Dog Distance: 0.6115747972480634
Maximum Dog Distance: 0.9606078776916491
Average Sheep Distance: 0.3637764202417604
Maximum Sheep Distance: 0.5405869630984279
Elapsed Time: 5m 42s
********** 10 **********
Average Fitness: 0.09983333333333338
Maximum Fitness: 0.26666666666666666
Average Pen Distance: 0.4887716934910477
Maximum Pen Distance: 0.9611969776549055
Average Dog Distance: 0.6098221523033601
Maximum Dog Distance: 0.9606078776916491
Average Sheep Distance: 0.36200223380610225
Maximum Sheep Distance: 0.5405869630984279
Elapsed Time: 5m 42s
********** 11 **********
Average Fitness: 0.09983333333333336
Maximum Fitness: 0.26666666666666666
Average Pen Distance: 0.4896391227349992
Maximum Pen Distance: 0.9667787549657628
Average Dog Distance: 0.6076511125877858
Maximum Dog Distance: 0.9606078776916491
Average Sheep Distance: 0.36075648516422065
Maximum Sheep Distance: 0.5405869630984279
Elapsed Time: 5m 50s
********** 12 **********
Average Fitness: 0.10066666666666667
Maximum Fitness: 0.26666666666666666
Average Pen Distance: 0.48702298187345405
Maximum Pen Distance: 0.9611969776549055
Average Dog Distance: 0.6026481518979637
Maximum Dog Distance: 0.9569138418542114
Average Sheep Distance: 0.3627861537756565
Maximum Sheep Distance: 0.5405869630984279
Elapsed Time: 5m 43s
********** 13 **********
Average Fitness: 0.10583333333333333
Maximum Fitness: 0.26666666666666666
Average Pen Distance: 0.4909799206373711
Maximum Pen Distance: 0.9611969776549055
Average Dog Distance: 0.6015363776998087
Maximum Dog Distance: 0.9569138418542114
Average Sheep Distance: 0.3605833287536377
Maximum Sheep Distance: 0.5405869630984279
Elapsed Time: 5m 34s
********** 14 **********
Average Fitness: 0.10416666666666666
Maximum Fitness: 0.26666666666666666
Average Pen Distance: 0.5073105992762841
Maximum Pen Distance: 0.9611969776549055
Average Dog Distance: 0.5968421128174862
Maximum Dog Distance: 0.9572530660555999
Average Sheep Distance: 0.36173658486556626
Maximum Sheep Distance: 0.5405869630984279
Elapsed Time: 5m 45s
********** 15 **********
Average Fitness: 0.11016666666666668
Maximum Fitness: 0.26666666666666666
Average Pen Distance: 0.4943423522304915
Maximum Pen Distance: 0.9611969776549055
Average Dog Distance: 0.5962119781085121
Maximum Dog Distance: 0.9572530660555999
Average Sheep Distance: 0.3605019052274065
Maximum Sheep Distance: 0.5405869630984279
Elapsed Time: 5m 37s
********** 16 **********
Average Fitness: 0.107
Maximum Fitness: 0.26666666666666666
Average Pen Distance: 0.5235764973652615
Maximum Pen Distance: 0.9724730062904259
Average Dog Distance: 0.5917959920658125
Maximum Dog Distance: 0.9741996801629208
Average Sheep Distance: 0.36469858342723394
Maximum Sheep Distance: 0.5405869630984279
Elapsed Time: 5m 49s
********** 17 **********
Average Fitness: 0.10200000000000001
Maximum Fitness: 0.26666666666666666
Average Pen Distance: 0.5325343538455161
Maximum Pen Distance: 0.9853528617826913
Average Dog Distance: 0.5904143315385261
Maximum Dog Distance: 0.9741996801629208
Average Sheep Distance: 0.3738041960621787
Maximum Sheep Distance: 0.5405869630984279
Elapsed Time: 5m 40s
********** 18 **********
Average Fitness: 0.10683333333333334
Maximum Fitness: 0.26666666666666666
Average Pen Distance: 0.5218996390097517
Maximum Pen Distance: 0.9853528617826913
Average Dog Distance: 0.5980711310682026
Maximum Dog Distance: 0.9741996801629208
Average Sheep Distance: 0.37124269402512083
Maximum Sheep Distance: 0.5405869630984279
Elapsed Time: 5m 47s
********** 19 **********
Average Fitness: 0.10816666666666669
Maximum Fitness: 0.26666666666666666
Average Pen Distance: 0.5315400106333896
Maximum Pen Distance: 0.9853528617826913
Average Dog Distance: 0.597859957473268
Maximum Dog Distance: 0.9741996801629208
Average Sheep Distance: 0.3709847953141034
Maximum Sheep Distance: 0.5405869630984279
Elapsed Time: 5m 37s
********** 20 **********
Average Fitness: 0.10950000000000001
Maximum Fitness: 0.26666666666666666
Average Pen Distance: 0.5223621933567382
Maximum Pen Distance: 0.9853528617826913
Average Dog Distance: 0.588856494846734
Maximum Dog Distance: 0.9741996801629208
Average Sheep Distance: 0.3721591545263126
Maximum Sheep Distance: 0.5405869630984279
Elapsed Time: 5m 38s
********** 21 **********
Average Fitness: 0.11183333333333334
Maximum Fitness: 0.26666666666666666
Average Pen Distance: 0.5271405749338421
Maximum Pen Distance: 0.9853528617826913
Average Dog Distance: 0.589215057905422
Maximum Dog Distance: 0.9741996801629208
Average Sheep Distance: 0.3722199813921479
Maximum Sheep Distance: 0.5405869630984279
Elapsed Time: 5m 47s
********** 22 **********
Average Fitness: 0.11266666666666668
Maximum Fitness: 0.26666666666666666
Average Pen Distance: 0.5347204049436479
Maximum Pen Distance: 0.9853528617826913
Average Dog Distance: 0.5966391341684003
Maximum Dog Distance: 0.9741996801629208
Average Sheep Distance: 0.36893057630762505
Maximum Sheep Distance: 0.5405869630984279
Elapsed Time: 5m 45s
********** 23 **********
Average Fitness: 0.11600000000000002
Maximum Fitness: 0.26666666666666666
Average Pen Distance: 0.5325569540927009
Maximum Pen Distance: 0.9853528617826913
Average Dog Distance: 0.5974004690743547
Maximum Dog Distance: 0.9741996801629208
Average Sheep Distance: 0.3670511973180648
Maximum Sheep Distance: 0.5405869630984279
Elapsed Time: 5m 45s
********** 24 **********
Average Fitness: 0.11366666666666667
Maximum Fitness: 0.26666666666666666
Average Pen Distance: 0.5333280047665282
Maximum Pen Distance: 0.9853528617826913
Average Dog Distance: 0.6045370017757391
Maximum Dog Distance: 0.9741996801629208
Average Sheep Distance: 0.37209847778735844
Maximum Sheep Distance: 0.5405869630984279
Elapsed Time: 5m 47s
********** 25 **********
Average Fitness: 0.1118333333333333
Maximum Fitness: 0.26666666666666666
Average Pen Distance: 0.534940312458864
Maximum Pen Distance: 0.9853528617826913
Average Dog Distance: 0.6026439456989325
Maximum Dog Distance: 0.9741996801629208
Average Sheep Distance: 0.37344766783669525
Maximum Sheep Distance: 0.5405869630984279
Elapsed Time: 5m 43s
********** 26 **********
Average Fitness: 0.11200000000000002
Maximum Fitness: 0.26666666666666666
Average Pen Distance: 0.5398421613584818
Maximum Pen Distance: 0.9853528617826913
Average Dog Distance: 0.5920430826464349
Maximum Dog Distance: 0.9741996801629208
Average Sheep Distance: 0.3752448752719615
Maximum Sheep Distance: 0.5405869630984279
Elapsed Time: 5m 40s
********** 27 **********
Average Fitness: 0.11200000000000002
Maximum Fitness: 0.3166666666666667
Average Pen Distance: 0.5298515939389072
Maximum Pen Distance: 1.003743739099745
Average Dog Distance: 0.5915861312306864
Maximum Dog Distance: 0.9741996801629208
Average Sheep Distance: 0.37473865277621793
Maximum Sheep Distance: 0.5405869630984279
Elapsed Time: 5m 44s
********** 28 **********
Average Fitness: 0.11683333333333333
Maximum Fitness: 0.3166666666666667
Average Pen Distance: 0.5157119156917424
Maximum Pen Distance: 1.003743739099745
Average Dog Distance: 0.5918971053497344
Maximum Dog Distance: 0.9741996801629208
Average Sheep Distance: 0.3716844144135667
Maximum Sheep Distance: 0.5405869630984279
Elapsed Time: 5m 44s
********** 29 **********
Average Fitness: 0.11650000000000002
Maximum Fitness: 0.3166666666666667
Average Pen Distance: 0.5283625693864097
Maximum Pen Distance: 1.003743739099745
Average Dog Distance: 0.6035489122264653
Maximum Dog Distance: 0.9741996801629208
Average Sheep Distance: 0.3675139526447977
Maximum Sheep Distance: 0.5405869630984279
Elapsed Time: 5m 50s
********** 30 **********
Average Fitness: 0.11850000000000001
Maximum Fitness: 0.3166666666666667
Average Pen Distance: 0.5309802855917455
Maximum Pen Distance: 1.003743739099745
Average Dog Distance: 0.6054081805185207
Maximum Dog Distance: 0.9741996801629208
Average Sheep Distance: 0.36915386720593996
Maximum Sheep Distance: 0.505952663786693
Elapsed Time: 5m 45s
********** 31 **********
Average Fitness: 0.12233333333333332
Maximum Fitness: 0.3166666666666667
Average Pen Distance: 0.5302031484812051
Maximum Pen Distance: 1.003743739099745
Average Dog Distance: 0.6065712135315982
Maximum Dog Distance: 0.9741996801629208
Average Sheep Distance: 0.3712623534816421
Maximum Sheep Distance: 0.505952663786693
Elapsed Time: 5m 48s
********** 32 **********
Average Fitness: 0.12183333333333335
Maximum Fitness: 0.3166666666666667
Average Pen Distance: 0.5186898976722748
Maximum Pen Distance: 1.003743739099745
Average Dog Distance: 0.5926695772004338
Maximum Dog Distance: 0.9741996801629208
Average Sheep Distance: 0.3708943219727842
Maximum Sheep Distance: 0.505952663786693
Elapsed Time: 5m 39s
********** 33 **********
Average Fitness: 0.11800000000000002
Maximum Fitness: 0.3166666666666667
Average Pen Distance: 0.5380611260965376
Maximum Pen Distance: 1.003743739099745
Average Dog Distance: 0.6013480862531532
Maximum Dog Distance: 0.9741996801629208
Average Sheep Distance: 0.3720524065602945
Maximum Sheep Distance: 0.505952663786693
Elapsed Time: 5m 42s
********** 34 **********
Average Fitness: 0.11833333333333335
Maximum Fitness: 0.3166666666666667
Average Pen Distance: 0.5462092307180735
Maximum Pen Distance: 1.003743739099745
Average Dog Distance: 0.606340902541172
Maximum Dog Distance: 0.9741996801629208
Average Sheep Distance: 0.37375352646367443
Maximum Sheep Distance: 0.505952663786693
Elapsed Time: 5m 43s
********** 35 **********
Average Fitness: 0.11900000000000002
Maximum Fitness: 0.3166666666666667
Average Pen Distance: 0.5442807582836654
Maximum Pen Distance: 1.003743739099745
Average Dog Distance: 0.5990472577092122
Maximum Dog Distance: 0.9741996801629208
Average Sheep Distance: 0.3720385052145943
Maximum Sheep Distance: 0.505952663786693
Elapsed Time: 5m 45s
********** 36 **********
Average Fitness: 0.11933333333333333
Maximum Fitness: 0.3166666666666667
Average Pen Distance: 0.5513370126271073
Maximum Pen Distance: 1.003743739099745
Average Dog Distance: 0.5913083536616818
Maximum Dog Distance: 0.9741996801629208
Average Sheep Distance: 0.3703011340926802
Maximum Sheep Distance: 0.505952663786693
Elapsed Time: 5m 42s
********** 37 **********
Average Fitness: 0.12016666666666667
Maximum Fitness: 0.3166666666666667
Average Pen Distance: 0.5587992211064567
Maximum Pen Distance: 1.003743739099745
Average Dog Distance: 0.5838038087978263
Maximum Dog Distance: 0.9741996801629208
Average Sheep Distance: 0.3697895036019742
Maximum Sheep Distance: 0.505952663786693
Elapsed Time: 5m 39s
********** 38 **********
Average Fitness: 0.11633333333333336
Maximum Fitness: 0.3166666666666667
Average Pen Distance: 0.5649716045863954
Maximum Pen Distance: 1.003743739099745
Average Dog Distance: 0.5847767797089458
Maximum Dog Distance: 0.9741996801629208
Average Sheep Distance: 0.36964036571723163
Maximum Sheep Distance: 0.505952663786693
Elapsed Time: 5m 40s
********** 39 **********
Average Fitness: 0.11550000000000002
Maximum Fitness: 0.3166666666666667
Average Pen Distance: 0.5617128340223951
Maximum Pen Distance: 1.003743739099745
Average Dog Distance: 0.5843669555279359
Maximum Dog Distance: 0.9741996801629208
Average Sheep Distance: 0.3703846184854649
Maximum Sheep Distance: 0.505952663786693
Elapsed Time: 5m 39s
********** 40 **********
Average Fitness: 0.1156666666666667
Maximum Fitness: 0.3166666666666667
Average Pen Distance: 0.565143316190649
Maximum Pen Distance: 1.003743739099745
Average Dog Distance: 0.5734235471449189
Maximum Dog Distance: 0.9741996801629208
Average Sheep Distance: 0.36943596126102657
Maximum Sheep Distance: 0.505952663786693
Elapsed Time: 5m 37s
********** 41 **********
Average Fitness: 0.11883333333333333
Maximum Fitness: 0.3166666666666667
Average Pen Distance: 0.5633476175079977
Maximum Pen Distance: 1.003743739099745
Average Dog Distance: 0.587174646270667
Maximum Dog Distance: 0.9741996801629208
Average Sheep Distance: 0.36710981976010326
Maximum Sheep Distance: 0.505952663786693
Elapsed Time: 5m 42s
********** 42 **********
Average Fitness: 0.12150000000000002
Maximum Fitness: 0.3166666666666667
Average Pen Distance: 0.5572008670817686
Maximum Pen Distance: 1.003743739099745
Average Dog Distance: 0.5918545410910041
Maximum Dog Distance: 0.9741996801629208
Average Sheep Distance: 0.3708777337573479
Maximum Sheep Distance: 0.505952663786693
Elapsed Time: 5m 38s
********** 43 **********
Average Fitness: 0.12316666666666669
Maximum Fitness: 0.3166666666666667
Average Pen Distance: 0.5487704055887042
Maximum Pen Distance: 1.003743739099745
Average Dog Distance: 0.5904663583829202
Maximum Dog Distance: 0.9741996801629208
Average Sheep Distance: 0.3688858817971907
Maximum Sheep Distance: 0.505952663786693
Elapsed Time: 5m 40s
********** 44 **********
Average Fitness: 0.12683333333333338
Maximum Fitness: 0.3166666666666667
Average Pen Distance: 0.544424886482491
Maximum Pen Distance: 1.003743739099745
Average Dog Distance: 0.585048097276928
Maximum Dog Distance: 0.9741996801629208
Average Sheep Distance: 0.3648283095535854
Maximum Sheep Distance: 0.505952663786693
Elapsed Time: 5m 53s
********** 45 **********
Average Fitness: 0.13049999999999998
Maximum Fitness: 0.3166666666666667
Average Pen Distance: 0.5392087410397206
Maximum Pen Distance: 1.003743739099745
Average Dog Distance: 0.5880801534825302
Maximum Dog Distance: 0.9741996801629208
Average Sheep Distance: 0.36476640259116083
Maximum Sheep Distance: 0.505952663786693
Elapsed Time: 5m 43s
********** 46 **********
Average Fitness: 0.13216666666666665
Maximum Fitness: 0.3166666666666667
Average Pen Distance: 0.5412517156180775
Maximum Pen Distance: 1.003743739099745
Average Dog Distance: 0.5886301358089522
Maximum Dog Distance: 0.9741996801629208
Average Sheep Distance: 0.3630188751540042
Maximum Sheep Distance: 0.505952663786693
Elapsed Time: 5m 38s
********** 47 **********
Average Fitness: 0.1291666666666667
Maximum Fitness: 0.3166666666666667
Average Pen Distance: 0.5557216731010619
Maximum Pen Distance: 1.003743739099745
Average Dog Distance: 0.5866125005394097
Maximum Dog Distance: 0.9741996801629208
Average Sheep Distance: 0.3668471024547379
Maximum Sheep Distance: 0.505952663786693
Elapsed Time: 5m 44s
********** 48 **********
Average Fitness: 0.13150000000000003
Maximum Fitness: 0.3166666666666667
Average Pen Distance: 0.5574938020836804
Maximum Pen Distance: 1.003743739099745
Average Dog Distance: 0.5824192702572879
Maximum Dog Distance: 0.9741996801629208
Average Sheep Distance: 0.36426304071422144
Maximum Sheep Distance: 0.505952663786693
Elapsed Time: 5m 47s
********** 49 **********
Average Fitness: 0.13633333333333333
Maximum Fitness: 0.35000000000000003
Average Pen Distance: 0.5427990835007628
Maximum Pen Distance: 1.003743739099745
Average Dog Distance: 0.5839975234365837
Maximum Dog Distance: 0.9569138418542114
Average Sheep Distance: 0.3635533771427737
Maximum Sheep Distance: 0.505952663786693
Elapsed Time: 5m 49s
********** 50 **********
Average Fitness: 0.14150000000000001
Maximum Fitness: 0.35000000000000003
Average Pen Distance: 0.539398971471269
Maximum Pen Distance: 1.003743739099745
Average Dog Distance: 0.5898596322501329
Maximum Dog Distance: 0.9569138418542114
Average Sheep Distance: 0.3624297210880558
Maximum Sheep Distance: 0.505952663786693
Elapsed Time: 5m 44s
********** 51 **********
Average Fitness: 0.14033333333333334
Maximum Fitness: 0.35000000000000003
Average Pen Distance: 0.5348166007542403
Maximum Pen Distance: 1.003743739099745
Average Dog Distance: 0.5954187360498016
Maximum Dog Distance: 0.9569138418542114
Average Sheep Distance: 0.36371698086073034
Maximum Sheep Distance: 0.505952663786693
Elapsed Time: 5m 46s
********** 52 **********
Average Fitness: 0.1371666666666667
Maximum Fitness: 0.35000000000000003
Average Pen Distance: 0.5337859189718364
Maximum Pen Distance: 1.003743739099745
Average Dog Distance: 0.5821004865948987
Maximum Dog Distance: 0.9569138418542114
Average Sheep Distance: 0.3645826543582071
Maximum Sheep Distance: 0.505952663786693
Elapsed Time: 5m 41s
********** 53 **********
Average Fitness: 0.13783333333333336
Maximum Fitness: 0.35000000000000003
Average Pen Distance: 0.5319725085251067
Maximum Pen Distance: 1.003743739099745
Average Dog Distance: 0.5804041361648568
Maximum Dog Distance: 0.9569138418542114
Average Sheep Distance: 0.36705353443100724
Maximum Sheep Distance: 0.5268343053622638
Elapsed Time: 5m 50s
********** 54 **********
Average Fitness: 0.14183333333333334
Maximum Fitness: 0.35000000000000003
Average Pen Distance: 0.5163017094404398
Maximum Pen Distance: 1.003743739099745
Average Dog Distance: 0.5818433964000698
Maximum Dog Distance: 0.9569138418542114
Average Sheep Distance: 0.3679486950634455
Maximum Sheep Distance: 0.5268343053622638
Elapsed Time: 5m 46s
********** 55 **********
Average Fitness: 0.13816666666666666
Maximum Fitness: 0.35000000000000003
Average Pen Distance: 0.5360817384927489
Maximum Pen Distance: 1.003743739099745
Average Dog Distance: 0.5929458544873559
Maximum Dog Distance: 0.9569670231123255
Average Sheep Distance: 0.366038789407763
Maximum Sheep Distance: 0.5268343053622638
Elapsed Time: 5m 51s
********** 56 **********
Average Fitness: 0.13933333333333336
Maximum Fitness: 0.35000000000000003
Average Pen Distance: 0.5344110452857376
Maximum Pen Distance: 1.003743739099745
Average Dog Distance: 0.5849401899317725
Maximum Dog Distance: 0.9569670231123255
Average Sheep Distance: 0.365585092016505
Maximum Sheep Distance: 0.5268343053622638
Elapsed Time: 5m 43s
********** 57 **********
Average Fitness: 0.14066666666666666
Maximum Fitness: 0.35000000000000003
Average Pen Distance: 0.5345462556351781
Maximum Pen Distance: 1.003743739099745
Average Dog Distance: 0.586260857339015
Maximum Dog Distance: 0.9569670231123255
Average Sheep Distance: 0.3665280817058623
Maximum Sheep Distance: 0.505952663786693
Elapsed Time: 5m 51s
********** 58 **********
Average Fitness: 0.1421666666666667
Maximum Fitness: 0.35000000000000003
Average Pen Distance: 0.5343181807613648
Maximum Pen Distance: 1.003743739099745
Average Dog Distance: 0.5989337264514745
Maximum Dog Distance: 0.9569670231123255
Average Sheep Distance: 0.3631121494546706
Maximum Sheep Distance: 0.505952663786693
Elapsed Time: 5m 39s
********** 59 **********
Average Fitness: 0.1436666666666667
Maximum Fitness: 0.35000000000000003
Average Pen Distance: 0.5271495114810627
Maximum Pen Distance: 1.003743739099745
Average Dog Distance: 0.5853876623061791
Maximum Dog Distance: 0.9569670231123255
Average Sheep Distance: 0.3620360687943216
Maximum Sheep Distance: 0.49563295761876985
Elapsed Time: 5m 44s
********** 60 **********
Average Fitness: 0.1465
Maximum Fitness: 0.35000000000000003
Average Pen Distance: 0.5256762039620643
Maximum Pen Distance: 1.003743739099745
Average Dog Distance: 0.5903229168216984
Maximum Dog Distance: 0.9569670231123255
Average Sheep Distance: 0.36274590244025445
Maximum Sheep Distance: 0.49563295761876985
Elapsed Time: 5m 44s
********** 61 **********
Average Fitness: 0.14283333333333337
Maximum Fitness: 0.35000000000000003
Average Pen Distance: 0.5384798020930565
Maximum Pen Distance: 1.003743739099745
Average Dog Distance: 0.589271353514328
Maximum Dog Distance: 0.9569670231123255
Average Sheep Distance: 0.36695711275929355
Maximum Sheep Distance: 0.5484403680590986
Elapsed Time: 5m 53s
********** 62 **********
Average Fitness: 0.14333333333333334
Maximum Fitness: 0.35000000000000003
Average Pen Distance: 0.5341431717450792
Maximum Pen Distance: 1.003743739099745
Average Dog Distance: 0.5886225664482587
Maximum Dog Distance: 0.9569670231123255
Average Sheep Distance: 0.36818725323480456
Maximum Sheep Distance: 0.5484403680590986
Elapsed Time: 5m 39s
********** 63 **********
Average Fitness: 0.1436666666666667
Maximum Fitness: 0.35000000000000003
Average Pen Distance: 0.5440960718100231
Maximum Pen Distance: 1.003743739099745
Average Dog Distance: 0.5896949890579258
Maximum Dog Distance: 0.9569138418542114
Average Sheep Distance: 0.36429497323334403
Maximum Sheep Distance: 0.5484403680590986
Elapsed Time: 5m 44s
********** 64 **********
Average Fitness: 0.14766666666666667
Maximum Fitness: 0.35000000000000003
Average Pen Distance: 0.5320369490342302
Maximum Pen Distance: 1.003743739099745
Average Dog Distance: 0.5914412735085706
Maximum Dog Distance: 0.9569138418542114
Average Sheep Distance: 0.362790344219026
Maximum Sheep Distance: 0.5484403680590986
Elapsed Time: 5m 47s
********** 65 **********
Average Fitness: 0.1486666666666667
Maximum Fitness: 0.35000000000000003
Average Pen Distance: 0.5395464531205654
Maximum Pen Distance: 1.003743739099745
Average Dog Distance: 0.5954700721330666
Maximum Dog Distance: 0.9569138418542114
Average Sheep Distance: 0.35957300659470554
Maximum Sheep Distance: 0.5484403680590986
Elapsed Time: 5m 42s
********** 66 **********
Average Fitness: 0.15433333333333332
Maximum Fitness: 0.35000000000000003
Average Pen Distance: 0.5410649857699964
Maximum Pen Distance: 1.003743739099745
Average Dog Distance: 0.6025572696359629
Maximum Dog Distance: 0.9569138418542114
Average Sheep Distance: 0.3532380400550965
Maximum Sheep Distance: 0.5484403680590986
Elapsed Time: 5m 45s
********** 67 **********
Average Fitness: 0.15766666666666668
Maximum Fitness: 0.35000000000000003
Average Pen Distance: 0.5313238693111125
Maximum Pen Distance: 1.003743739099745
Average Dog Distance: 0.5982001714002044
Maximum Dog Distance: 0.9569138418542114
Average Sheep Distance: 0.35549236703390785
Maximum Sheep Distance: 0.5484403680590986
Elapsed Time: 5m 40s
********** 68 **********
Average Fitness: 0.15733333333333335
Maximum Fitness: 0.35000000000000003
Average Pen Distance: 0.5244360124434302
Maximum Pen Distance: 1.003743739099745
Average Dog Distance: 0.5897837851981971
Maximum Dog Distance: 0.9569138418542114
Average Sheep Distance: 0.35642489304797254
Maximum Sheep Distance: 0.5484403680590986
Elapsed Time: 5m 37s
********** 69 **********
Average Fitness: 0.15500000000000003
Maximum Fitness: 0.35000000000000003
Average Pen Distance: 0.5347620898087829
Maximum Pen Distance: 1.003743739099745
Average Dog Distance: 0.5879406155225483
Maximum Dog Distance: 0.9569138418542114
Average Sheep Distance: 0.3563210934412958
Maximum Sheep Distance: 0.5484403680590986
Elapsed Time: 5m 37s
********** 70 **********
Average Fitness: 0.1515
Maximum Fitness: 0.35000000000000003
Average Pen Distance: 0.548847788868428
Maximum Pen Distance: 1.003743739099745
Average Dog Distance: 0.5839388263078823
Maximum Dog Distance: 0.9569138418542114
Average Sheep Distance: 0.35296904359107145
Maximum Sheep Distance: 0.5484403680590986
Elapsed Time: 5m 39s
********** 71 **********
Average Fitness: 0.1496666666666667
Maximum Fitness: 0.35000000000000003
Average Pen Distance: 0.5505130812588169
Maximum Pen Distance: 1.003743739099745
Average Dog Distance: 0.5882878543729394
Maximum Dog Distance: 0.9569138418542114
Average Sheep Distance: 0.3559658369119593
Maximum Sheep Distance: 0.5484403680590986
Elapsed Time: 5m 38s
********** 72 **********
Average Fitness: 0.15183333333333335
Maximum Fitness: 0.35000000000000003
Average Pen Distance: 0.5473931554759635
Maximum Pen Distance: 1.003743739099745
Average Dog Distance: 0.5892124956441056
Maximum Dog Distance: 0.9569138418542114
Average Sheep Distance: 0.354093647323694
Maximum Sheep Distance: 0.5484403680590986
Elapsed Time: 5m 37s
********** 73 **********
Average Fitness: 0.15516666666666667
Maximum Fitness: 0.35000000000000003
Average Pen Distance: 0.5415340165320393
Maximum Pen Distance: 1.003743739099745
Average Dog Distance: 0.5860612126540704
Maximum Dog Distance: 0.9569138418542114
Average Sheep Distance: 0.3527063004741076
Maximum Sheep Distance: 0.5484403680590986
Elapsed Time: 5m 37s
********** 74 **********
Average Fitness: 0.15733333333333335
Maximum Fitness: 0.35000000000000003
Average Pen Distance: 0.5402893303759847
Maximum Pen Distance: 1.003743739099745
Average Dog Distance: 0.5824801286457449
Maximum Dog Distance: 0.9569138418542114
Average Sheep Distance: 0.3519303067336991
Maximum Sheep Distance: 0.5484403680590986
Elapsed Time: 5m 34s
********** 75 **********
Average Fitness: 0.16133333333333333
Maximum Fitness: 0.35000000000000003
Average Pen Distance: 0.5354967868476886
Maximum Pen Distance: 1.003743739099745
Average Dog Distance: 0.5884131785359086
Maximum Dog Distance: 0.9569138418542114
Average Sheep Distance: 0.3498288018707346
Maximum Sheep Distance: 0.5484403680590986
Elapsed Time: 5m 40s
********** 76 **********
Average Fitness: 0.15750000000000003
Maximum Fitness: 0.35000000000000003
Average Pen Distance: 0.5468291619683615
Maximum Pen Distance: 1.003743739099745
Average Dog Distance: 0.593639142937847
Maximum Dog Distance: 0.9569138418542114
Average Sheep Distance: 0.3493658677733118
Maximum Sheep Distance: 0.5484403680590986
Elapsed Time: 5m 43s
********** 77 **********
Average Fitness: 0.15916666666666668
Maximum Fitness: 0.35000000000000003
Average Pen Distance: 0.5452391264520327
Maximum Pen Distance: 1.003743739099745
Average Dog Distance: 0.588816884705482
Maximum Dog Distance: 0.9569138418542114
Average Sheep Distance: 0.350731164084694
Maximum Sheep Distance: 0.5484403680590986
Elapsed Time: 5m 46s
********** 78 **********
Average Fitness: 0.157
Maximum Fitness: 0.35000000000000003
Average Pen Distance: 0.5562507882758649
Maximum Pen Distance: 1.003743739099745
Average Dog Distance: 0.5914450466277763
Maximum Dog Distance: 0.9569138418542114
Average Sheep Distance: 0.3512376600813632
Maximum Sheep Distance: 0.5484403680590986
Elapsed Time: 5m 35s
********** 79 **********
Average Fitness: 0.161
Maximum Fitness: 0.35000000000000003
Average Pen Distance: 0.551698512304294
Maximum Pen Distance: 1.003743739099745
Average Dog Distance: 0.5888248453148175
Maximum Dog Distance: 0.9569138418542114
Average Sheep Distance: 0.3489653278325584
Maximum Sheep Distance: 0.5484403680590986
Elapsed Time: 5m 39s
********** 80 **********
Average Fitness: 0.15616666666666668
Maximum Fitness: 0.35000000000000003
Average Pen Distance: 0.5531095310011811
Maximum Pen Distance: 1.003743739099745
Average Dog Distance: 0.5818048478243406
Maximum Dog Distance: 0.9569138418542114
Average Sheep Distance: 0.3530926386154994
Maximum Sheep Distance: 0.5484403680590986
Elapsed Time: 5m 43s
********** 81 **********
Average Fitness: 0.15150000000000002
Maximum Fitness: 0.35000000000000003
Average Pen Distance: 0.5607390549650014
Maximum Pen Distance: 1.003743739099745
Average Dog Distance: 0.5877286255164234
Maximum Dog Distance: 0.9569138418542114
Average Sheep Distance: 0.35589509063187486
Maximum Sheep Distance: 0.5484403680590986
Elapsed Time: 5m 46s
********** 82 **********
Average Fitness: 0.15233333333333335
Maximum Fitness: 0.35000000000000003
Average Pen Distance: 0.570666370656793
Maximum Pen Distance: 1.003743739099745
Average Dog Distance: 0.5935094930575198
Maximum Dog Distance: 0.9569138418542114
Average Sheep Distance: 0.35360889120875305
Maximum Sheep Distance: 0.5484403680590986
Elapsed Time: 5m 49s
********** 83 **********
Average Fitness: 0.1555
Maximum Fitness: 0.35000000000000003
Average Pen Distance: 0.5567384169683278
Maximum Pen Distance: 1.003743739099745
Average Dog Distance: 0.5922857821114114
Maximum Dog Distance: 0.9569138418542114
Average Sheep Distance: 0.3538507330004602
Maximum Sheep Distance: 0.5484403680590986
Elapsed Time: 5m 42s
********** 84 **********
Average Fitness: 0.15616666666666668
Maximum Fitness: 0.35000000000000003
Average Pen Distance: 0.5627836963885059
Maximum Pen Distance: 1.003743739099745
Average Dog Distance: 0.5939793217087659
Maximum Dog Distance: 0.9569138418542114
Average Sheep Distance: 0.3543086670040359
Maximum Sheep Distance: 0.5484403680590986
Elapsed Time: 5m 46s
********** 85 **********
Average Fitness: 0.15866666666666665
Maximum Fitness: 0.35000000000000003
Average Pen Distance: 0.560607967765939
Maximum Pen Distance: 1.003743739099745
Average Dog Distance: 0.5886932237729938
Maximum Dog Distance: 0.96039130130653
Average Sheep Distance: 0.3512012742980478
Maximum Sheep Distance: 0.5484403680590986
Elapsed Time: 5m 47s
********** 86 **********
Average Fitness: 0.15616666666666665
Maximum Fitness: 0.35000000000000003
Average Pen Distance: 0.5730569945930718
Maximum Pen Distance: 1.003743739099745
Average Dog Distance: 0.5871057982305514
Maximum Dog Distance: 0.96039130130653
Average Sheep Distance: 0.3520258909818325
Maximum Sheep Distance: 0.5484403680590986
Elapsed Time: 5m 42s
********** 87 **********
Average Fitness: 0.15616666666666668
Maximum Fitness: 0.35000000000000003
Average Pen Distance: 0.5738299453066521
Maximum Pen Distance: 1.003743739099745
Average Dog Distance: 0.5866727230587399
Maximum Dog Distance: 0.9700574807251963
Average Sheep Distance: 0.3511947550304293
Maximum Sheep Distance: 0.5484403680590986
Elapsed Time: 5m 41s
********** 88 **********
Average Fitness: 0.16116666666666668
Maximum Fitness: 0.35000000000000003
Average Pen Distance: 0.5461366410806623
Maximum Pen Distance: 1.003743739099745
Average Dog Distance: 0.5847084465817669
Maximum Dog Distance: 0.96039130130653
Average Sheep Distance: 0.3500237666475207
Maximum Sheep Distance: 0.5484403680590986
Elapsed Time: 5m 41s
********** 89 **********
Average Fitness: 0.16450000000000004
Maximum Fitness: 0.35000000000000003
Average Pen Distance: 0.5467559319755033
Maximum Pen Distance: 1.003743739099745
Average Dog Distance: 0.5825215783273147
Maximum Dog Distance: 0.9569138418542114
Average Sheep Distance: 0.3503902088279976
Maximum Sheep Distance: 0.5484403680590986
Elapsed Time: 5m 43s
********** 90 **********
Average Fitness: 0.16349999999999998
Maximum Fitness: 0.35000000000000003
Average Pen Distance: 0.5517137467921875
Maximum Pen Distance: 1.003743739099745
Average Dog Distance: 0.5748993352446036
Maximum Dog Distance: 0.9682171430900071
Average Sheep Distance: 0.3520195825863144
Maximum Sheep Distance: 0.5484403680590986
Elapsed Time: 5m 42s
********** 91 **********
Average Fitness: 0.1618333333333333
Maximum Fitness: 0.35000000000000003
Average Pen Distance: 0.5416891243185781
Maximum Pen Distance: 1.003743739099745
Average Dog Distance: 0.5729614530390557
Maximum Dog Distance: 0.9682171430900071
Average Sheep Distance: 0.3522096978782202
Maximum Sheep Distance: 0.5484403680590986
Elapsed Time: 5m 38s
********** 92 **********
Average Fitness: 0.1638333333333333
Maximum Fitness: 0.3666666666666667
Average Pen Distance: 0.5476467642989603
Maximum Pen Distance: 1.003743739099745
Average Dog Distance: 0.5726477528457493
Maximum Dog Distance: 0.9682171430900071
Average Sheep Distance: 0.3484995083879514
Maximum Sheep Distance: 0.5484403680590986
Elapsed Time: 5m 38s
********** 93 **********
Average Fitness: 0.16016666666666665
Maximum Fitness: 0.3666666666666667
Average Pen Distance: 0.5594009433661066
Maximum Pen Distance: 1.003743739099745
Average Dog Distance: 0.569353474859644
Maximum Dog Distance: 0.9682171430900071
Average Sheep Distance: 0.3484689550132696
Maximum Sheep Distance: 0.5484403680590986
Elapsed Time: 5m 35s
********** 94 **********
Average Fitness: 0.15966666666666668
Maximum Fitness: 0.3666666666666667
Average Pen Distance: 0.5636352985371196
Maximum Pen Distance: 1.003743739099745
Average Dog Distance: 0.5837674429478897
Maximum Dog Distance: 0.9682171430900071
Average Sheep Distance: 0.34546451370451925
Maximum Sheep Distance: 0.5484403680590986
Elapsed Time: 5m 34s
********** 95 **********
Average Fitness: 0.15883333333333335
Maximum Fitness: 0.3666666666666667
Average Pen Distance: 0.5552843203292158
Maximum Pen Distance: 1.003743739099745
Average Dog Distance: 0.5830277043400174
Maximum Dog Distance: 0.9682171430900071
Average Sheep Distance: 0.346024592662629
Maximum Sheep Distance: 0.5484403680590986
Elapsed Time: 5m 35s
********** 96 **********
Average Fitness: 0.15966666666666668
Maximum Fitness: 0.3666666666666667
Average Pen Distance: 0.5582448344093125
Maximum Pen Distance: 1.003743739099745
Average Dog Distance: 0.5831101185305727
Maximum Dog Distance: 0.9682171430900071
Average Sheep Distance: 0.3445984143356117
Maximum Sheep Distance: 0.5484403680590986
Elapsed Time: 5m 41s
********** 97 **********
Average Fitness: 0.163
Maximum Fitness: 0.3666666666666667
Average Pen Distance: 0.5442659225519119
Maximum Pen Distance: 1.003743739099745
Average Dog Distance: 0.586829887802453
Maximum Dog Distance: 0.9682171430900071
Average Sheep Distance: 0.3505749429137303
Maximum Sheep Distance: 0.5484403680590986
Elapsed Time: 5m 43s
********** 98 **********
Average Fitness: 0.16499999999999995
Maximum Fitness: 0.3666666666666667
Average Pen Distance: 0.5400820370712086
Maximum Pen Distance: 1.003743739099745
Average Dog Distance: 0.5815936699713524
Maximum Dog Distance: 0.9682171430900071
Average Sheep Distance: 0.3512903509774899
Maximum Sheep Distance: 0.5484403680590986
Elapsed Time: 5m 33s
********** 99 **********
Average Fitness: 0.16483333333333333
Maximum Fitness: 0.3666666666666667
Average Pen Distance: 0.5402030855389223
Maximum Pen Distance: 1.003743739099745
Average Dog Distance: 0.5817320134389644
Maximum Dog Distance: 0.9682171430900071
Average Sheep Distance: 0.35284647851569517
Maximum Sheep Distance: 0.5484403680590986
Elapsed Time: 5m 44s
********** 100 **********
Average Fitness: 0.16250000000000003
Maximum Fitness: 0.3666666666666667
Average Pen Distance: 0.5563835180716584
Maximum Pen Distance: 1.003743739099745
Average Dog Distance: 0.5742301279746073
Maximum Dog Distance: 0.9682171430900071
Average Sheep Distance: 0.3528820180048161
Maximum Sheep Distance: 0.5484403680590986
Elapsed Time: 5m 35s
********** 1 **********
Average Fitness: 0.065
Maximum Fitness: 0.20000000000000004
Average Pen Distance: 0.44663742754348923
Maximum Pen Distance: 0.8403746127649008
Average Dog Distance: 0.6625589177034709
Maximum Dog Distance: 0.9391786619545144
Average Sheep Distance: 0.3575737521136621
Maximum Sheep Distance: 0.45869616906184496
Elapsed Time: 11m 27s
********** 2 **********
Average Fitness: 0.07166666666666667
Maximum Fitness: 0.20000000000000004
Average Pen Distance: 0.4457085084940203
Maximum Pen Distance: 0.8403746127649008
Average Dog Distance: 0.6560898701222743
Maximum Dog Distance: 0.9584655842891484
Average Sheep Distance: 0.3637838516800834
Maximum Sheep Distance: 0.46555913971914226
Elapsed Time: 5m 46s
********** 3 **********
Average Fitness: 0.0785
Maximum Fitness: 0.21666666666666667
Average Pen Distance: 0.4596484741732842
Maximum Pen Distance: 0.8762257989930564
Average Dog Distance: 0.6464567715292587
Maximum Dog Distance: 0.9584655842891484
Average Sheep Distance: 0.36529155997285634
Maximum Sheep Distance: 0.47021740489118796
Elapsed Time: 5m 44s
********** 4 **********
Average Fitness: 0.0805
Maximum Fitness: 0.21666666666666667
Average Pen Distance: 0.47085982060265186
Maximum Pen Distance: 0.8744011598781314
Average Dog Distance: 0.6396916634616057
Maximum Dog Distance: 0.9734182977655216
Average Sheep Distance: 0.36756985382423396
Maximum Sheep Distance: 0.4805885380401915
Elapsed Time: 5m 45s
********** 5 **********
Average Fitness: 0.0881666666666667
Maximum Fitness: 0.2333333333333333
Average Pen Distance: 0.4735671316204991
Maximum Pen Distance: 0.8751963601577359
Average Dog Distance: 0.634808658506935
Maximum Dog Distance: 0.9464010364409242
Average Sheep Distance: 0.3677445216545091
Maximum Sheep Distance: 0.4805885380401915
Elapsed Time: 5m 41s
********** 6 **********
Average Fitness: 0.09300000000000001
Maximum Fitness: 0.2333333333333333
Average Pen Distance: 0.47827377567265505
Maximum Pen Distance: 0.9064720636979816
Average Dog Distance: 0.6493397001496085
Maximum Dog Distance: 0.9464010364409242
Average Sheep Distance: 0.36602303502307104
Maximum Sheep Distance: 0.4805885380401915
Elapsed Time: 5m 42s
********** 7 **********
Average Fitness: 0.09566666666666668
Maximum Fitness: 0.2333333333333333
Average Pen Distance: 0.4860813346184642
Maximum Pen Distance: 0.9064720636979816
Average Dog Distance: 0.6458410691087784
Maximum Dog Distance: 0.9464010364409242
Average Sheep Distance: 0.3659748235133349
Maximum Sheep Distance: 0.4805885380401915
Elapsed Time: 5m 44s
********** 8 **********
Average Fitness: 0.0995
Maximum Fitness: 0.2333333333333333
Average Pen Distance: 0.4792061736433078
Maximum Pen Distance: 0.9038500523089276
Average Dog Distance: 0.6319999629502102
Maximum Dog Distance: 0.9734893037194051
Average Sheep Distance: 0.36794462263224775
Maximum Sheep Distance: 0.4805885380401915
Elapsed Time: 5m 35s
********** 9 **********
Average Fitness: 0.09916666666666668
Maximum Fitness: 0.2333333333333333
Average Pen Distance: 0.49451074950265705
Maximum Pen Distance: 0.9103701715366167
Average Dog Distance: 0.6324949031139205
Maximum Dog Distance: 0.9734893037194051
Average Sheep Distance: 0.3669463910453972
Maximum Sheep Distance: 0.4805885380401915
Elapsed Time: 5m 40s
********** 10 **********
Average Fitness: 0.1035
Maximum Fitness: 0.2333333333333333
Average Pen Distance: 0.49404670518954885
Maximum Pen Distance: 0.9103701715366167
Average Dog Distance: 0.6295015128295612
Maximum Dog Distance: 0.9464010364409242
Average Sheep Distance: 0.3638347660677556
Maximum Sheep Distance: 0.4805885380401915
Elapsed Time: 5m 41s
********** 11 **********
Average Fitness: 0.10483333333333335
Maximum Fitness: 0.2833333333333334
Average Pen Distance: 0.494244040214632
Maximum Pen Distance: 0.9038500523089276
Average Dog Distance: 0.6295042811425656
Maximum Dog Distance: 0.9464010364409242
Average Sheep Distance: 0.366006661656161
Maximum Sheep Distance: 0.4805885380401915
Elapsed Time: 5m 40s
********** 12 **********
Average Fitness: 0.10966666666666666
Maximum Fitness: 0.3833333333333333
Average Pen Distance: 0.5159513120228594
Maximum Pen Distance: 0.9322685237106821
Average Dog Distance: 0.6412237835735058
Maximum Dog Distance: 0.9464010364409242
Average Sheep Distance: 0.3613069813248788
Maximum Sheep Distance: 0.4805885380401915
Elapsed Time: 5m 43s
********** 13 **********
Average Fitness: 0.11083333333333334
Maximum Fitness: 0.3833333333333333
Average Pen Distance: 0.5172424002691908
Maximum Pen Distance: 0.9322685237106821
Average Dog Distance: 0.6294423399028961
Maximum Dog Distance: 0.9464010364409242
Average Sheep Distance: 0.3611584729521745
Maximum Sheep Distance: 0.4805885380401915
Elapsed Time: 5m 37s
********** 14 **********
Average Fitness: 0.11183333333333335
Maximum Fitness: 0.3833333333333333
Average Pen Distance: 0.5276293259725627
Maximum Pen Distance: 0.9322685237106821
Average Dog Distance: 0.6293460021506894
Maximum Dog Distance: 0.9464010364409242
Average Sheep Distance: 0.3584678678106923
Maximum Sheep Distance: 0.4805885380401915
Elapsed Time: 5m 35s
********** 15 **********
Average Fitness: 0.11633333333333334
Maximum Fitness: 0.3833333333333333
Average Pen Distance: 0.5186169774393163
Maximum Pen Distance: 0.9322685237106821
Average Dog Distance: 0.621813980928295
Maximum Dog Distance: 0.9464010364409242
Average Sheep Distance: 0.3596622151376803
Maximum Sheep Distance: 0.4805885380401915
Elapsed Time: 5m 35s
********** 16 **********
Average Fitness: 0.115
Maximum Fitness: 0.3833333333333333
Average Pen Distance: 0.5139118331820881
Maximum Pen Distance: 0.9322685237106821
Average Dog Distance: 0.6097648892447076
Maximum Dog Distance: 0.9464010364409242
Average Sheep Distance: 0.36169170135554934
Maximum Sheep Distance: 0.4805885380401915
Elapsed Time: 5m 48s
********** 17 **********
Average Fitness: 0.11883333333333335
Maximum Fitness: 0.3833333333333333
Average Pen Distance: 0.508733669051933
Maximum Pen Distance: 0.9322685237106821
Average Dog Distance: 0.6115475922037872
Maximum Dog Distance: 0.9464010364409242
Average Sheep Distance: 0.3567923829056777
Maximum Sheep Distance: 0.4805885380401915
Elapsed Time: 5m 42s
********** 18 **********
Average Fitness: 0.11883333333333335
Maximum Fitness: 0.3833333333333333
Average Pen Distance: 0.5023305083467146
Maximum Pen Distance: 0.9322685237106821
Average Dog Distance: 0.5919207123699443
Maximum Dog Distance: 0.9464010364409242
Average Sheep Distance: 0.3575976891339905
Maximum Sheep Distance: 0.4805885380401915
Elapsed Time: 5m 35s
********** 19 **********
Average Fitness: 0.11883333333333335
Maximum Fitness: 0.3833333333333333
Average Pen Distance: 0.5122161480972313
Maximum Pen Distance: 0.9322685237106821
Average Dog Distance: 0.6045944655893701
Maximum Dog Distance: 0.9464010364409242
Average Sheep Distance: 0.3568787657371167
Maximum Sheep Distance: 0.4805885380401915
Elapsed Time: 5m 52s
********** 20 **********
Average Fitness: 0.12066666666666666
Maximum Fitness: 0.3833333333333333
Average Pen Distance: 0.5037573397747594
Maximum Pen Distance: 0.9322685237106821
Average Dog Distance: 0.6155410225179831
Maximum Dog Distance: 0.9464010364409242
Average Sheep Distance: 0.358809858527864
Maximum Sheep Distance: 0.4805885380401915
Elapsed Time: 5m 41s
********** 21 **********
Average Fitness: 0.12283333333333335
Maximum Fitness: 0.3833333333333333
Average Pen Distance: 0.4919941592270003
Maximum Pen Distance: 0.9322685237106821
Average Dog Distance: 0.6146719596864697
Maximum Dog Distance: 0.9464010364409242
Average Sheep Distance: 0.36019418876739734
Maximum Sheep Distance: 0.4947431460116214
Elapsed Time: 5m 44s
********** 22 **********
Average Fitness: 0.1211666666666667
Maximum Fitness: 0.3833333333333333
Average Pen Distance: 0.502677029539367
Maximum Pen Distance: 0.9322685237106821
Average Dog Distance: 0.6084703289316498
Maximum Dog Distance: 0.9464010364409242
Average Sheep Distance: 0.359486118708777
Maximum Sheep Distance: 0.4947431460116214
Elapsed Time: 5m 46s
********** 23 **********
Average Fitness: 0.12399999999999999
Maximum Fitness: 0.3833333333333333
Average Pen Distance: 0.509991980531407
Maximum Pen Distance: 0.9206620402990401
Average Dog Distance: 0.6201223838916347
Maximum Dog Distance: 0.9464010364409242
Average Sheep Distance: 0.35632307386742973
Maximum Sheep Distance: 0.4947431460116214
Elapsed Time: 5m 36s
********** 24 **********
Average Fitness: 0.12500000000000003
Maximum Fitness: 0.3833333333333333
Average Pen Distance: 0.5204830608584818
Maximum Pen Distance: 0.9206620402990401
Average Dog Distance: 0.6262363019939421
Maximum Dog Distance: 0.9464010364409242
Average Sheep Distance: 0.3582470729910565
Maximum Sheep Distance: 0.4947431460116214
Elapsed Time: 5m 38s
********** 25 **********
Average Fitness: 0.12866666666666668
Maximum Fitness: 0.3833333333333333
Average Pen Distance: 0.5122541286676656
Maximum Pen Distance: 0.9206620402990401
Average Dog Distance: 0.6288242513282246
Maximum Dog Distance: 0.9464010364409242
Average Sheep Distance: 0.363118496270543
Maximum Sheep Distance: 0.4947431460116214
Elapsed Time: 5m 41s
********** 26 **********
Average Fitness: 0.131
Maximum Fitness: 0.3833333333333333
Average Pen Distance: 0.501517911960457
Maximum Pen Distance: 0.9067877983314517
Average Dog Distance: 0.6266642574433852
Maximum Dog Distance: 0.9464010364409242
Average Sheep Distance: 0.3639492586897828
Maximum Sheep Distance: 0.501117502254976
Elapsed Time: 5m 42s
********** 27 **********
Average Fitness: 0.13616666666666666
Maximum Fitness: 0.3833333333333333
Average Pen Distance: 0.499763922927973
Maximum Pen Distance: 0.9067877983314517
Average Dog Distance: 0.6268715835702868
Maximum Dog Distance: 0.9519442259159545
Average Sheep Distance: 0.3629408757933719
Maximum Sheep Distance: 0.501117502254976
Elapsed Time: 5m 34s
********** 28 **********
Average Fitness: 0.13466666666666668
Maximum Fitness: 0.3833333333333333
Average Pen Distance: 0.507561808449921
Maximum Pen Distance: 0.9067877983314517
Average Dog Distance: 0.6332083540401122
Maximum Dog Distance: 0.9846215815497411
Average Sheep Distance: 0.3633100627317106
Maximum Sheep Distance: 0.501117502254976
Elapsed Time: 5m 47s
********** 29 **********
Average Fitness: 0.13883333333333334
Maximum Fitness: 0.3833333333333333
Average Pen Distance: 0.49812522740970616
Maximum Pen Distance: 0.9017641610087525
Average Dog Distance: 0.630851506864378
Maximum Dog Distance: 0.9846215815497411
Average Sheep Distance: 0.3621357301872203
Maximum Sheep Distance: 0.501117502254976
Elapsed Time: 5m 43s
********** 30 **********
Average Fitness: 0.13966666666666666
Maximum Fitness: 0.3833333333333333
Average Pen Distance: 0.503886315851341
Maximum Pen Distance: 0.9017641610087525
Average Dog Distance: 0.6327516788309953
Maximum Dog Distance: 0.9503959354930283
Average Sheep Distance: 0.3625204401856649
Maximum Sheep Distance: 0.501117502254976
Elapsed Time: 5m 43s
********** 31 **********
Average Fitness: 0.13583333333333336
Maximum Fitness: 0.3833333333333333
Average Pen Distance: 0.5179675377682079
Maximum Pen Distance: 0.9017641610087525
Average Dog Distance: 0.6342469926539795
Maximum Dog Distance: 0.9503959354930283
Average Sheep Distance: 0.3653451138987468
Maximum Sheep Distance: 0.501117502254976
Elapsed Time: 5m 36s
********** 32 **********
Average Fitness: 0.13783333333333336
Maximum Fitness: 0.3833333333333333
Average Pen Distance: 0.5086334477194441
Maximum Pen Distance: 0.9017641610087525
Average Dog Distance: 0.6315745801762769
Maximum Dog Distance: 0.9909482950910325
Average Sheep Distance: 0.36243909225710647
Maximum Sheep Distance: 0.501117502254976
Elapsed Time: 5m 45s
********** 33 **********
Average Fitness: 0.1416666666666667
Maximum Fitness: 0.3833333333333333
Average Pen Distance: 0.5075945222168031
Maximum Pen Distance: 0.9017641610087525
Average Dog Distance: 0.6280917392558184
Maximum Dog Distance: 0.9909482950910325
Average Sheep Distance: 0.36103066283600055
Maximum Sheep Distance: 0.501117502254976
Elapsed Time: 5m 38s
********** 34 **********
Average Fitness: 0.1395
Maximum Fitness: 0.3833333333333333
Average Pen Distance: 0.5081286462975834
Maximum Pen Distance: 0.9017641610087525
Average Dog Distance: 0.6275407492294137
Maximum Dog Distance: 0.9909482950910325
Average Sheep Distance: 0.36454826768406795
Maximum Sheep Distance: 0.501117502254976
Elapsed Time: 5m 43s
********** 35 **********
Average Fitness: 0.14483333333333334
Maximum Fitness: 0.3833333333333333
Average Pen Distance: 0.5089326691205505
Maximum Pen Distance: 0.9080187949226701
Average Dog Distance: 0.6266321220498948
Maximum Dog Distance: 0.9909482950910325
Average Sheep Distance: 0.3623560526976454
Maximum Sheep Distance: 0.49079980960857417
Elapsed Time: 5m 32s
********** 36 **********
Average Fitness: 0.14550000000000002
Maximum Fitness: 0.3833333333333333
Average Pen Distance: 0.507861241546173
Maximum Pen Distance: 0.9080187949226701
Average Dog Distance: 0.6247390436306062
Maximum Dog Distance: 0.9909482950910325
Average Sheep Distance: 0.3595653656407933
Maximum Sheep Distance: 0.49079980960857417
Elapsed Time: 5m 36s
********** 37 **********
Average Fitness: 0.14933333333333335
Maximum Fitness: 0.3833333333333333
Average Pen Distance: 0.5062645987286654
Maximum Pen Distance: 0.9080187949226701
Average Dog Distance: 0.6187038623549959
Maximum Dog Distance: 0.9909482950910325
Average Sheep Distance: 0.35808876190103917
Maximum Sheep Distance: 0.49079980960857417
Elapsed Time: 5m 44s
********** 38 **********
Average Fitness: 0.1531666666666667
Maximum Fitness: 0.3833333333333333
Average Pen Distance: 0.49805092854014715
Maximum Pen Distance: 0.9080187949226701
Average Dog Distance: 0.6069264562062424
Maximum Dog Distance: 0.9909482950910325
Average Sheep Distance: 0.35901523228729276
Maximum Sheep Distance: 0.49079980960857417
Elapsed Time: 5m 49s
********** 39 **********
Average Fitness: 0.1526666666666667
Maximum Fitness: 0.3833333333333333
Average Pen Distance: 0.5043769623579116
Maximum Pen Distance: 0.9080187949226701
Average Dog Distance: 0.6203591485989915
Maximum Dog Distance: 0.9503959354930283
Average Sheep Distance: 0.3539863549341581
Maximum Sheep Distance: 0.49079980960857417
Elapsed Time: 5m 47s
********** 40 **********
Average Fitness: 0.15033333333333337
Maximum Fitness: 0.3833333333333333
Average Pen Distance: 0.5216390968104002
Maximum Pen Distance: 0.9017641610087525
Average Dog Distance: 0.625698909566375
Maximum Dog Distance: 0.9503959354930283
Average Sheep Distance: 0.3505903280208218
Maximum Sheep Distance: 0.49079980960857417
Elapsed Time: 5m 38s
********** 41 **********
Average Fitness: 0.14766666666666672
Maximum Fitness: 0.3833333333333333
Average Pen Distance: 0.5223230738996977
Maximum Pen Distance: 0.9017641610087525
Average Dog Distance: 0.6162870559960119
Maximum Dog Distance: 0.9503959354930283
Average Sheep Distance: 0.3531698049966014
Maximum Sheep Distance: 0.49079980960857417
Elapsed Time: 5m 33s
********** 42 **********
Average Fitness: 0.14933333333333335
Maximum Fitness: 0.3833333333333333
Average Pen Distance: 0.5207489536384693
Maximum Pen Distance: 0.9017641610087525
Average Dog Distance: 0.6091746936069383
Maximum Dog Distance: 0.9503959354930283
Average Sheep Distance: 0.35320515432734273
Maximum Sheep Distance: 0.49079980960857417
Elapsed Time: 5m 37s
********** 43 **********
Average Fitness: 0.15033333333333335
Maximum Fitness: 0.3833333333333333
Average Pen Distance: 0.5189720824896934
Maximum Pen Distance: 0.9017641610087525
Average Dog Distance: 0.6209961576501062
Maximum Dog Distance: 0.9545156042203717
Average Sheep Distance: 0.3499220657248675
Maximum Sheep Distance: 0.49079980960857417
Elapsed Time: 5m 41s
********** 44 **********
Average Fitness: 0.14916666666666667
Maximum Fitness: 0.3833333333333333
Average Pen Distance: 0.5306302848646071
Maximum Pen Distance: 0.9602525839975254
Average Dog Distance: 0.6245148415382399
Maximum Dog Distance: 0.9526972454351746
Average Sheep Distance: 0.34946002652453
Maximum Sheep Distance: 0.49079980960857417
Elapsed Time: 5m 55s
********** 45 **********
Average Fitness: 0.14833333333333334
Maximum Fitness: 0.3833333333333333
Average Pen Distance: 0.5299612176927385
Maximum Pen Distance: 0.9602525839975254
Average Dog Distance: 0.6245056515247415
Maximum Dog Distance: 0.9534103189369958
Average Sheep Distance: 0.34946838598856333
Maximum Sheep Distance: 0.49079980960857417
Elapsed Time: 5m 41s
********** 46 **********
Average Fitness: 0.14900000000000005
Maximum Fitness: 0.3833333333333333
Average Pen Distance: 0.5388534532903599
Maximum Pen Distance: 0.9602525839975254
Average Dog Distance: 0.6212785145755155
Maximum Dog Distance: 0.9684722979705506
Average Sheep Distance: 0.3486657090869905
Maximum Sheep Distance: 0.49079980960857417
Elapsed Time: 5m 32s
********** 47 **********
Average Fitness: 0.15116666666666667
Maximum Fitness: 0.3833333333333333
Average Pen Distance: 0.5269769909287411
Maximum Pen Distance: 0.9247833398672536
Average Dog Distance: 0.6174188035128116
Maximum Dog Distance: 0.9684722979705506
Average Sheep Distance: 0.3487272588604637
Maximum Sheep Distance: 0.49079980960857417
Elapsed Time: 5m 35s
********** 48 **********
Average Fitness: 0.14350000000000004
Maximum Fitness: 0.3833333333333333
Average Pen Distance: 0.5355135289339752
Maximum Pen Distance: 0.9247833398672536
Average Dog Distance: 0.6191396568624993
Maximum Dog Distance: 0.9684722979705506
Average Sheep Distance: 0.3519191851284086
Maximum Sheep Distance: 0.49079980960857417
Elapsed Time: 5m 41s
********** 49 **********
Average Fitness: 0.14683333333333334
Maximum Fitness: 0.3833333333333333
Average Pen Distance: 0.5390616917601458
Maximum Pen Distance: 0.9439541934028397
Average Dog Distance: 0.6017737845522831
Maximum Dog Distance: 0.9684722979705506
Average Sheep Distance: 0.34640727659581366
Maximum Sheep Distance: 0.49079980960857417
Elapsed Time: 5m 32s
********** 50 **********
Average Fitness: 0.14900000000000002
Maximum Fitness: 0.3833333333333333
Average Pen Distance: 0.5321490432641376
Maximum Pen Distance: 0.9439541934028397
Average Dog Distance: 0.6007522004444716
Maximum Dog Distance: 0.9684722979705506
Average Sheep Distance: 0.34710445242116506
Maximum Sheep Distance: 0.49079980960857417
Elapsed Time: 5m 37s
********** 51 **********
Average Fitness: 0.14700000000000002
Maximum Fitness: 0.3833333333333333
Average Pen Distance: 0.5312654604536382
Maximum Pen Distance: 0.952126126257152
Average Dog Distance: 0.5941414955733257
Maximum Dog Distance: 0.9684722979705506
Average Sheep Distance: 0.35106821963877216
Maximum Sheep Distance: 0.49079980960857417
Elapsed Time: 5m 48s
********** 52 **********
Average Fitness: 0.14900000000000002
Maximum Fitness: 0.3833333333333333
Average Pen Distance: 0.530642243448069
Maximum Pen Distance: 0.9625009903324057
Average Dog Distance: 0.5971821803139639
Maximum Dog Distance: 0.9684722979705506
Average Sheep Distance: 0.3539898701948255
Maximum Sheep Distance: 0.49079980960857417
Elapsed Time: 5m 43s
********** 53 **********
Average Fitness: 0.14683333333333334
Maximum Fitness: 0.3833333333333333
Average Pen Distance: 0.5423795390910994
Maximum Pen Distance: 0.9625009903324057
Average Dog Distance: 0.5986617737313131
Maximum Dog Distance: 0.9684722979705506
Average Sheep Distance: 0.354254683837669
Maximum Sheep Distance: 0.49079980960857417
Elapsed Time: 5m 41s
********** 54 **********
Average Fitness: 0.14566666666666667
Maximum Fitness: 0.3833333333333333
Average Pen Distance: 0.5375556650472769
Maximum Pen Distance: 0.9625009903324057
Average Dog Distance: 0.5998710301708877
Maximum Dog Distance: 0.9684722979705506
Average Sheep Distance: 0.356097319682818
Maximum Sheep Distance: 0.49079980960857417
Elapsed Time: 5m 39s
********** 55 **********
Average Fitness: 0.14750000000000002
Maximum Fitness: 0.3833333333333333
Average Pen Distance: 0.5541317539308024
Maximum Pen Distance: 0.9829931251442243
Average Dog Distance: 0.6057084151952415
Maximum Dog Distance: 0.9684722979705506
Average Sheep Distance: 0.3548127520107765
Maximum Sheep Distance: 0.49079980960857417
Elapsed Time: 5m 44s
********** 56 **********
Average Fitness: 0.14966666666666667
Maximum Fitness: 0.3833333333333333
Average Pen Distance: 0.5546223812864646
Maximum Pen Distance: 1.0092162856192992
Average Dog Distance: 0.602715196171441
Maximum Dog Distance: 0.9684722979705506
Average Sheep Distance: 0.35227154021254065
Maximum Sheep Distance: 0.49079980960857417
Elapsed Time: 5m 44s
********** 57 **********
Average Fitness: 0.14566666666666664
Maximum Fitness: 0.3833333333333333
Average Pen Distance: 0.5623540707950849
Maximum Pen Distance: 1.0092162856192992
Average Dog Distance: 0.5979736934772003
Maximum Dog Distance: 0.9684722979705506
Average Sheep Distance: 0.35667035588274487
Maximum Sheep Distance: 0.49079980960857417
Elapsed Time: 5m 40s
********** 58 **********
Average Fitness: 0.14883333333333332
Maximum Fitness: 0.3833333333333333
Average Pen Distance: 0.5652719889950832
Maximum Pen Distance: 0.9768460077764226
Average Dog Distance: 0.6123209092167494
Maximum Dog Distance: 0.9684722979705506
Average Sheep Distance: 0.35552836535311966
Maximum Sheep Distance: 0.49079980960857417
Elapsed Time: 5m 36s
********** 59 **********
Average Fitness: 0.14850000000000002
Maximum Fitness: 0.3833333333333333
Average Pen Distance: 0.5615664909529242
Maximum Pen Distance: 0.9768460077764226
Average Dog Distance: 0.6042031776074918
Maximum Dog Distance: 0.9684722979705506
Average Sheep Distance: 0.35651060370968696
Maximum Sheep Distance: 0.4951913445381913
Elapsed Time: 5m 32s
********** 60 **********
Average Fitness: 0.1505
Maximum Fitness: 0.3833333333333333
Average Pen Distance: 0.5618462597325046
Maximum Pen Distance: 0.9783908784472573
Average Dog Distance: 0.5906881992467501
Maximum Dog Distance: 0.9684722979705506
Average Sheep Distance: 0.3529592135275387
Maximum Sheep Distance: 0.4951913445381913
Elapsed Time: 5m 34s
********** 61 **********
Average Fitness: 0.15083333333333335
Maximum Fitness: 0.3833333333333333
Average Pen Distance: 0.5646269789037779
Maximum Pen Distance: 0.9783908784472573
Average Dog Distance: 0.5905399443793131
Maximum Dog Distance: 0.9684722979705506
Average Sheep Distance: 0.35385129006484
Maximum Sheep Distance: 0.49079980960857417
Elapsed Time: 5m 55s
********** 62 **********
Average Fitness: 0.15216666666666667
Maximum Fitness: 0.3833333333333333
Average Pen Distance: 0.571200153691408
Maximum Pen Distance: 0.9870454675146006
Average Dog Distance: 0.600321118876277
Maximum Dog Distance: 0.9684722979705506
Average Sheep Distance: 0.35556839291746556
Maximum Sheep Distance: 0.5221144807276262
Elapsed Time: 5m 32s
********** 63 **********
Average Fitness: 0.15049999999999997
Maximum Fitness: 0.3833333333333333
Average Pen Distance: 0.5729040394151533
Maximum Pen Distance: 0.9870454675146006
Average Dog Distance: 0.6023307319959343
Maximum Dog Distance: 0.9781036858525559
Average Sheep Distance: 0.3542897985222695
Maximum Sheep Distance: 0.5221144807276262
Elapsed Time: 5m 34s
********** 64 **********
Average Fitness: 0.14916666666666667
Maximum Fitness: 0.3833333333333333
Average Pen Distance: 0.5647103221655548
Maximum Pen Distance: 0.9870454675146006
Average Dog Distance: 0.5883596514720395
Maximum Dog Distance: 0.9684722979705506
Average Sheep Distance: 0.35885813015290374
Maximum Sheep Distance: 0.5221144807276262
Elapsed Time: 5m 39s
********** 65 **********
Average Fitness: 0.15116666666666667
Maximum Fitness: 0.3833333333333333
Average Pen Distance: 0.5592634752288757
Maximum Pen Distance: 0.9870454675146006
Average Dog Distance: 0.5847777925709865
Maximum Dog Distance: 0.9684722979705506
Average Sheep Distance: 0.35959540040640875
Maximum Sheep Distance: 0.5221144807276262
Elapsed Time: 5m 46s
********** 66 **********
Average Fitness: 0.15166666666666667
Maximum Fitness: 0.3833333333333333
Average Pen Distance: 0.5625256586788242
Maximum Pen Distance: 0.9870454675146006
Average Dog Distance: 0.5861645707689848
Maximum Dog Distance: 0.9684722979705506
Average Sheep Distance: 0.36036718075515134
Maximum Sheep Distance: 0.5221144807276262
Elapsed Time: 5m 38s
********** 67 **********
Average Fitness: 0.15183333333333335
Maximum Fitness: 0.3833333333333333
Average Pen Distance: 0.5670958998275366
Maximum Pen Distance: 0.9870454675146006
Average Dog Distance: 0.5884811082479819
Maximum Dog Distance: 0.9684722979705506
Average Sheep Distance: 0.358179103320892
Maximum Sheep Distance: 0.5221144807276262
Elapsed Time: 5m 40s
********** 68 **********
Average Fitness: 0.1535
Maximum Fitness: 0.3833333333333333
Average Pen Distance: 0.5633361580884366
Maximum Pen Distance: 0.9783908784472573
Average Dog Distance: 0.589727279450683
Maximum Dog Distance: 0.9684722979705506
Average Sheep Distance: 0.35910751724634177
Maximum Sheep Distance: 0.49079980960857417
Elapsed Time: 5m 39s
********** 69 **********
Average Fitness: 0.15633333333333335
Maximum Fitness: 0.3833333333333333
Average Pen Distance: 0.5722941751217347
Maximum Pen Distance: 0.9783908784472573
Average Dog Distance: 0.5967349669408244
Maximum Dog Distance: 0.9684722979705506
Average Sheep Distance: 0.35968377749940444
Maximum Sheep Distance: 0.5328236667480577
Elapsed Time: 5m 50s
********** 70 **********
Average Fitness: 0.1495
Maximum Fitness: 0.3833333333333333
Average Pen Distance: 0.5790362754250067
Maximum Pen Distance: 0.9783908784472573
Average Dog Distance: 0.5841034819224038
Maximum Dog Distance: 0.9684722979705506
Average Sheep Distance: 0.3627441946726677
Maximum Sheep Distance: 0.5328236667480577
Elapsed Time: 5m 48s
********** 71 **********
Average Fitness: 0.1505
Maximum Fitness: 0.3833333333333333
Average Pen Distance: 0.5809582033212216
Maximum Pen Distance: 0.9783908784472573
Average Dog Distance: 0.5869286039099972
Maximum Dog Distance: 0.9684722979705506
Average Sheep Distance: 0.3595523085319482
Maximum Sheep Distance: 0.5328236667480577
Elapsed Time: 5m 40s
********** 72 **********
Average Fitness: 0.15033333333333335
Maximum Fitness: 0.3833333333333333
Average Pen Distance: 0.5930313614047379
Maximum Pen Distance: 0.9783908784472573
Average Dog Distance: 0.5867685325436677
Maximum Dog Distance: 0.9684722979705506
Average Sheep Distance: 0.35701078255340346
Maximum Sheep Distance: 0.5328236667480577
Elapsed Time: 5m 44s
********** 73 **********
Average Fitness: 0.15033333333333337
Maximum Fitness: 0.3833333333333333
Average Pen Distance: 0.5731124446429048
Maximum Pen Distance: 0.9815428034545217
Average Dog Distance: 0.5833404213278534
Maximum Dog Distance: 0.9684722979705506
Average Sheep Distance: 0.357515474088658
Maximum Sheep Distance: 0.5328236667480577
Elapsed Time: 5m 41s
********** 74 **********
Average Fitness: 0.1535
Maximum Fitness: 0.3833333333333333
Average Pen Distance: 0.562154978637017
Maximum Pen Distance: 0.9783908784472573
Average Dog Distance: 0.5883192940533961
Maximum Dog Distance: 0.9684722979705506
Average Sheep Distance: 0.3583663041213343
Maximum Sheep Distance: 0.5328236667480577
Elapsed Time: 5m 44s
********** 75 **********
Average Fitness: 0.1556666666666667
Maximum Fitness: 0.3833333333333333
Average Pen Distance: 0.5621420954165504
Maximum Pen Distance: 0.9783908784472573
Average Dog Distance: 0.5938687654303356
Maximum Dog Distance: 0.9737144604198479
Average Sheep Distance: 0.3610275231900782
Maximum Sheep Distance: 0.5328236667480577
Elapsed Time: 5m 32s
********** 76 **********
Average Fitness: 0.15466666666666667
Maximum Fitness: 0.3833333333333333
Average Pen Distance: 0.5679189045867222
Maximum Pen Distance: 0.9783908784472573
Average Dog Distance: 0.5921381662235451
Maximum Dog Distance: 0.9737144604198479
Average Sheep Distance: 0.3629601349328419
Maximum Sheep Distance: 0.5328236667480577
Elapsed Time: 5m 42s
********** 77 **********
Average Fitness: 0.15466666666666667
Maximum Fitness: 0.3833333333333333
Average Pen Distance: 0.5691819446319971
Maximum Pen Distance: 0.9783908784472573
Average Dog Distance: 0.5793697861481142
Maximum Dog Distance: 0.9684722979705506
Average Sheep Distance: 0.3596880996863059
Maximum Sheep Distance: 0.5328236667480577
Elapsed Time: 5m 37s
********** 78 **********
Average Fitness: 0.15166666666666667
Maximum Fitness: 0.3833333333333333
Average Pen Distance: 0.571773194789038
Maximum Pen Distance: 0.9783908784472573
Average Dog Distance: 0.5902593865547974
Maximum Dog Distance: 0.9684722979705506
Average Sheep Distance: 0.3556052852357991
Maximum Sheep Distance: 0.5328236667480577
Elapsed Time: 5m 40s
********** 79 **********
Average Fitness: 0.1585
Maximum Fitness: 0.3833333333333333
Average Pen Distance: 0.5440290217145709
Maximum Pen Distance: 0.9783908784472573
Average Dog Distance: 0.5863048141733027
Maximum Dog Distance: 0.9684722979705506
Average Sheep Distance: 0.35659649441787505
Maximum Sheep Distance: 0.5328236667480577
Elapsed Time: 5m 43s
********** 80 **********
Average Fitness: 0.15716666666666665
Maximum Fitness: 0.3833333333333333
Average Pen Distance: 0.5568616213500814
Maximum Pen Distance: 0.9783908784472573
Average Dog Distance: 0.5983886061490992
Maximum Dog Distance: 0.9684722979705506
Average Sheep Distance: 0.3573532803952012
Maximum Sheep Distance: 0.5328236667480577
Elapsed Time: 5m 41s
********** 81 **********
Average Fitness: 0.15666666666666665
Maximum Fitness: 0.3833333333333333
Average Pen Distance: 0.554868356236063
Maximum Pen Distance: 0.9783908784472573
Average Dog Distance: 0.5952893174351724
Maximum Dog Distance: 0.9684722979705506
Average Sheep Distance: 0.36000490792835554
Maximum Sheep Distance: 0.5328236667480577
Elapsed Time: 5m 38s
********** 82 **********
Average Fitness: 0.15533333333333335
Maximum Fitness: 0.3833333333333333
Average Pen Distance: 0.5501632699753484
Maximum Pen Distance: 0.9783908784472573
Average Dog Distance: 0.5918111318560019
Maximum Dog Distance: 0.9684722979705506
Average Sheep Distance: 0.36210568107759367
Maximum Sheep Distance: 0.5328236667480577
Elapsed Time: 5m 36s
********** 83 **********
Average Fitness: 0.15199999999999997
Maximum Fitness: 0.3833333333333333
Average Pen Distance: 0.5559228721638929
Maximum Pen Distance: 0.9783908784472573
Average Dog Distance: 0.5971522137794935
Maximum Dog Distance: 0.9790201707434125
Average Sheep Distance: 0.3658328855957275
Maximum Sheep Distance: 0.5328236667480577
Elapsed Time: 5m 37s
********** 84 **********
Average Fitness: 0.14949999999999997
Maximum Fitness: 0.3833333333333333
Average Pen Distance: 0.5613580126560458
Maximum Pen Distance: 0.9783908784472573
Average Dog Distance: 0.5914033613279949
Maximum Dog Distance: 0.9790201707434125
Average Sheep Distance: 0.3574952312048798
Maximum Sheep Distance: 0.5328236667480577
Elapsed Time: 5m 35s
********** 85 **********
Average Fitness: 0.15283333333333332
Maximum Fitness: 0.3833333333333333
Average Pen Distance: 0.5583307318923995
Maximum Pen Distance: 0.9783908784472573
Average Dog Distance: 0.5838650466161341
Maximum Dog Distance: 0.9790201707434125
Average Sheep Distance: 0.35827252066875453
Maximum Sheep Distance: 0.5328236667480577
Elapsed Time: 5m 45s
********** 86 **********
Average Fitness: 0.15350000000000003
Maximum Fitness: 0.3833333333333333
Average Pen Distance: 0.5685331065611868
Maximum Pen Distance: 0.9783908784472573
Average Dog Distance: 0.5856396327994198
Maximum Dog Distance: 0.9790201707434125
Average Sheep Distance: 0.3558076493683294
Maximum Sheep Distance: 0.5328236667480577
Elapsed Time: 5m 42s
********** 87 **********
Average Fitness: 0.15250000000000002
Maximum Fitness: 0.3833333333333333
Average Pen Distance: 0.5607201434042961
Maximum Pen Distance: 0.9783908784472573
Average Dog Distance: 0.586249222942386
Maximum Dog Distance: 0.9790201707434125
Average Sheep Distance: 0.35319547916077826
Maximum Sheep Distance: 0.5328236667480577
Elapsed Time: 5m 31s
********** 88 **********
Average Fitness: 0.15266666666666664
Maximum Fitness: 0.3833333333333333
Average Pen Distance: 0.5587773156721891
Maximum Pen Distance: 0.9848889067729473
Average Dog Distance: 0.5900155836588481
Maximum Dog Distance: 0.9790201707434125
Average Sheep Distance: 0.356099842696443
Maximum Sheep Distance: 0.5328236667480577
Elapsed Time: 5m 50s
********** 89 **********
Average Fitness: 0.153
Maximum Fitness: 0.3833333333333333
Average Pen Distance: 0.5639266275237023
Maximum Pen Distance: 0.9783908784472573
Average Dog Distance: 0.589862230710182
Maximum Dog Distance: 0.9790201707434125
Average Sheep Distance: 0.3540078167346668
Maximum Sheep Distance: 0.5328236667480577
Elapsed Time: 5m 43s
********** 90 **********
Average Fitness: 0.15516666666666665
Maximum Fitness: 0.3833333333333333
Average Pen Distance: 0.5698425217959988
Maximum Pen Distance: 0.9783908784472573
Average Dog Distance: 0.5821778017800474
Maximum Dog Distance: 0.9790201707434125
Average Sheep Distance: 0.35464046021323525
Maximum Sheep Distance: 0.5328236667480577
Elapsed Time: 5m 49s
********** 91 **********
Average Fitness: 0.15433333333333332
Maximum Fitness: 0.3833333333333333
Average Pen Distance: 0.5689242600730521
Maximum Pen Distance: 0.9783908784472573
Average Dog Distance: 0.58068911779293
Maximum Dog Distance: 0.9790201707434125
Average Sheep Distance: 0.35664764043161823
Maximum Sheep Distance: 0.5328236667480577
Elapsed Time: 5m 31s
********** 92 **********
Average Fitness: 0.15166666666666667
Maximum Fitness: 0.3833333333333333
Average Pen Distance: 0.5628542083577335
Maximum Pen Distance: 0.9783908784472573
Average Dog Distance: 0.5881253443413338
Maximum Dog Distance: 0.9790201707434125
Average Sheep Distance: 0.359377068061834
Maximum Sheep Distance: 0.5328236667480577
Elapsed Time: 5m 46s
********** 93 **********
Average Fitness: 0.15883333333333333
Maximum Fitness: 0.4333333333333333
Average Pen Distance: 0.5659417418157245
Maximum Pen Distance: 1.0146035325194183
Average Dog Distance: 0.5874544043070442
Maximum Dog Distance: 0.9790201707434125
Average Sheep Distance: 0.357638148001475
Maximum Sheep Distance: 0.5328236667480577
Elapsed Time: 5m 42s
********** 94 **********
Average Fitness: 0.15933333333333335
Maximum Fitness: 0.4333333333333333
Average Pen Distance: 0.562382377028952
Maximum Pen Distance: 0.9783908784472573
Average Dog Distance: 0.5827344072732761
Maximum Dog Distance: 0.9790201707434125
Average Sheep Distance: 0.35798169905044197
Maximum Sheep Distance: 0.5328236667480577
Elapsed Time: 5m 37s
********** 95 **********
Average Fitness: 0.15900000000000003
Maximum Fitness: 0.4333333333333333
Average Pen Distance: 0.5679262053894039
Maximum Pen Distance: 0.9783908784472573
Average Dog Distance: 0.5917994794897597
Maximum Dog Distance: 0.9790201707434125
Average Sheep Distance: 0.3581661725575634
Maximum Sheep Distance: 0.5328236667480577
Elapsed Time: 5m 34s
********** 96 **********
Average Fitness: 0.159
Maximum Fitness: 0.4333333333333333
Average Pen Distance: 0.5644256255103312
Maximum Pen Distance: 0.9783908784472573
Average Dog Distance: 0.593917879812337
Maximum Dog Distance: 0.9790201707434125
Average Sheep Distance: 0.35680944281961585
Maximum Sheep Distance: 0.5328236667480577
Elapsed Time: 5m 34s
********** 97 **********
Average Fitness: 0.15683333333333338
Maximum Fitness: 0.4333333333333333
Average Pen Distance: 0.5670194633124361
Maximum Pen Distance: 0.9783908784472573
Average Dog Distance: 0.5908454168115838
Maximum Dog Distance: 0.9790201707434125
Average Sheep Distance: 0.35717659301504256
Maximum Sheep Distance: 0.5328236667480577
Elapsed Time: 5m 37s
********** 98 **********
Average Fitness: 0.16033333333333333
Maximum Fitness: 0.4333333333333333
Average Pen Distance: 0.5529069509292698
Maximum Pen Distance: 0.9783908784472573
Average Dog Distance: 0.5979595902419269
Maximum Dog Distance: 0.9790201707434125
Average Sheep Distance: 0.3553121884729153
Maximum Sheep Distance: 0.5328236667480577
Elapsed Time: 5m 36s
********** 99 **********
Average Fitness: 0.15900000000000003
Maximum Fitness: 0.4333333333333333
Average Pen Distance: 0.563772744073152
Maximum Pen Distance: 0.9783908784472573
Average Dog Distance: 0.5999418141989421
Maximum Dog Distance: 0.9790201707434125
Average Sheep Distance: 0.3558538895066827
Maximum Sheep Distance: 0.5328236667480577
Elapsed Time: 5m 34s
********** 100 **********
Average Fitness: 0.15966666666666668
Maximum Fitness: 0.4333333333333333
Average Pen Distance: 0.5476396291202816
Maximum Pen Distance: 0.9783908784472573
Average Dog Distance: 0.5883815729186067
Maximum Dog Distance: 0.9790201707434125
Average Sheep Distance: 0.35554859867324895
Maximum Sheep Distance: 0.49079980960857417
Elapsed Time: 5m 55s
********** 1 **********
Average Fitness: 0.05266666666666667
Maximum Fitness: 0.15
Average Pen Distance: 0.4986564255598994
Maximum Pen Distance: 0.9572726386563041
Average Dog Distance: 0.7075849289815295
Maximum Dog Distance: 0.971809257791111
Average Sheep Distance: 0.36671195972871395
Maximum Sheep Distance: 0.4768869641933297
Elapsed Time: 11m 31s
********** 2 **********
Average Fitness: 0.06683333333333334
Maximum Fitness: 0.2333333333333333
Average Pen Distance: 0.5093031857741717
Maximum Pen Distance: 0.9572726386563041
Average Dog Distance: 0.6901178211064952
Maximum Dog Distance: 0.971809257791111
Average Sheep Distance: 0.3650803590456664
Maximum Sheep Distance: 0.4768869641933297
Elapsed Time: 5m 38s
********** 3 **********
Average Fitness: 0.07549999999999998
Maximum Fitness: 0.26666666666666666
Average Pen Distance: 0.5011422598883495
Maximum Pen Distance: 0.9572726386563041
Average Dog Distance: 0.6586588532636642
Maximum Dog Distance: 0.971809257791111
Average Sheep Distance: 0.3702406950800227
Maximum Sheep Distance: 0.48595140212222776
Elapsed Time: 5m 42s
********** 4 **********
Average Fitness: 0.07883333333333334
Maximum Fitness: 0.26666666666666666
Average Pen Distance: 0.5087002065060734
Maximum Pen Distance: 0.9572726386563041
Average Dog Distance: 0.6654484045256094
Maximum Dog Distance: 0.971809257791111
Average Sheep Distance: 0.3695510393914776
Maximum Sheep Distance: 0.48595140212222776
Elapsed Time: 5m 41s
********** 5 **********
Average Fitness: 0.0805
Maximum Fitness: 0.26666666666666666
Average Pen Distance: 0.5182457656952241
Maximum Pen Distance: 0.9572726386563041
Average Dog Distance: 0.6532119060265401
Maximum Dog Distance: 0.971809257791111
Average Sheep Distance: 0.36997853133072867
Maximum Sheep Distance: 0.5380736165956586
Elapsed Time: 5m 47s
********** 6 **********
Average Fitness: 0.08716666666666667
Maximum Fitness: 0.26666666666666666
Average Pen Distance: 0.5027664491217996
Maximum Pen Distance: 0.9572726386563041
Average Dog Distance: 0.6472777829382101
Maximum Dog Distance: 0.971809257791111
Average Sheep Distance: 0.36913056758515345
Maximum Sheep Distance: 0.5380736165956586
Elapsed Time: 5m 51s
********** 7 **********
Average Fitness: 0.092
Maximum Fitness: 0.26666666666666666
Average Pen Distance: 0.5037283956564232
Maximum Pen Distance: 0.9572726386563041
Average Dog Distance: 0.6403037847202525
Maximum Dog Distance: 0.971809257791111
Average Sheep Distance: 0.3653784945077428
Maximum Sheep Distance: 0.5380736165956586
Elapsed Time: 5m 44s
********** 8 **********
Average Fitness: 0.09266666666666667
Maximum Fitness: 0.26666666666666666
Average Pen Distance: 0.5064919851644759
Maximum Pen Distance: 0.9572726386563041
Average Dog Distance: 0.6360968877280451
Maximum Dog Distance: 0.971809257791111
Average Sheep Distance: 0.3673954519791514
Maximum Sheep Distance: 0.5380736165956586
Elapsed Time: 5m 43s
********** 9 **********
Average Fitness: 0.0915
Maximum Fitness: 0.26666666666666666
Average Pen Distance: 0.5130796271045746
Maximum Pen Distance: 0.9572726386563041
Average Dog Distance: 0.6270151362124938
Maximum Dog Distance: 0.971809257791111
Average Sheep Distance: 0.3670666218055896
Maximum Sheep Distance: 0.5380736165956586
Elapsed Time: 5m 45s
********** 10 **********
Average Fitness: 0.09033333333333333
Maximum Fitness: 0.26666666666666666
Average Pen Distance: 0.5328953752682893
Maximum Pen Distance: 0.9184352329150721
Average Dog Distance: 0.6282209228312016
Maximum Dog Distance: 0.971809257791111
Average Sheep Distance: 0.3652057563007927
Maximum Sheep Distance: 0.5380736165956586
Elapsed Time: 5m 52s
********** 11 **********
Average Fitness: 0.08949999999999997
Maximum Fitness: 0.26666666666666666
Average Pen Distance: 0.5411741089888396
Maximum Pen Distance: 0.9184352329150721
Average Dog Distance: 0.6268685169892714
Maximum Dog Distance: 0.971809257791111
Average Sheep Distance: 0.37055892166975046
Maximum Sheep Distance: 0.5380736165956586
Elapsed Time: 5m 35s
********** 12 **********
Average Fitness: 0.08500000000000002
Maximum Fitness: 0.2833333333333334
Average Pen Distance: 0.5483976492242604
Maximum Pen Distance: 0.9484999550878244
Average Dog Distance: 0.6114504416476018
Maximum Dog Distance: 0.971809257791111
Average Sheep Distance: 0.3696090380408647
Maximum Sheep Distance: 0.5380736165956586
Elapsed Time: 5m 50s
********** 13 **********
Average Fitness: 0.08800000000000001
Maximum Fitness: 0.2833333333333334
Average Pen Distance: 0.5389392551324204
Maximum Pen Distance: 0.9484999550878244
Average Dog Distance: 0.6165550043296697
Maximum Dog Distance: 0.971809257791111
Average Sheep Distance: 0.3643503463673143
Maximum Sheep Distance: 0.5380736165956586
Elapsed Time: 5m 45s
********** 14 **********
Average Fitness: 0.09250000000000001
Maximum Fitness: 0.2833333333333334
Average Pen Distance: 0.5356829200191463
Maximum Pen Distance: 0.9484999550878244
Average Dog Distance: 0.6109069210132662
Maximum Dog Distance: 0.971809257791111
Average Sheep Distance: 0.364175219954874
Maximum Sheep Distance: 0.5380736165956586
Elapsed Time: 5m 42s
********** 15 **********
Average Fitness: 0.09633333333333333
Maximum Fitness: 0.2833333333333334
Average Pen Distance: 0.523980145280892
Maximum Pen Distance: 0.9484999550878244
Average Dog Distance: 0.6020703894830496
Maximum Dog Distance: 0.971809257791111
Average Sheep Distance: 0.36447113549902654
Maximum Sheep Distance: 0.5380736165956586
Elapsed Time: 5m 43s
********** 16 **********
Average Fitness: 0.09783333333333333
Maximum Fitness: 0.2833333333333334
Average Pen Distance: 0.5156945799719573
Maximum Pen Distance: 0.9484999550878244
Average Dog Distance: 0.5907615132861492
Maximum Dog Distance: 0.971809257791111
Average Sheep Distance: 0.36134208526197964
Maximum Sheep Distance: 0.5380736165956586
Elapsed Time: 5m 38s
********** 17 **********
Average Fitness: 0.09933333333333333
Maximum Fitness: 0.2833333333333334
Average Pen Distance: 0.5174913142632758
Maximum Pen Distance: 0.9484999550878244
Average Dog Distance: 0.5945944584985405
Maximum Dog Distance: 0.971809257791111
Average Sheep Distance: 0.3627566127826388
Maximum Sheep Distance: 0.5380736165956586
Elapsed Time: 5m 40s
********** 18 **********
Average Fitness: 0.09966666666666668
Maximum Fitness: 0.2833333333333334
Average Pen Distance: 0.5272010233104709
Maximum Pen Distance: 0.9484999550878244
Average Dog Distance: 0.6021090451466007
Maximum Dog Distance: 0.971809257791111
Average Sheep Distance: 0.36644687806186893
Maximum Sheep Distance: 0.5380736165956586
Elapsed Time: 5m 47s
********** 19 **********
Average Fitness: 0.09699999999999999
Maximum Fitness: 0.2833333333333334
Average Pen Distance: 0.5433598264896563
Maximum Pen Distance: 0.9567194066796816
Average Dog Distance: 0.5938051297159634
Maximum Dog Distance: 0.971809257791111
Average Sheep Distance: 0.36744474487438644
Maximum Sheep Distance: 0.5380736165956586
Elapsed Time: 5m 55s
********** 20 **********
Average Fitness: 0.09616666666666668
Maximum Fitness: 0.2833333333333334
Average Pen Distance: 0.5430129008095627
Maximum Pen Distance: 0.9567194066796816
Average Dog Distance: 0.5764755842818527
Maximum Dog Distance: 0.971809257791111
Average Sheep Distance: 0.3691055792050766
Maximum Sheep Distance: 0.5380736165956586
Elapsed Time: 5m 45s
********** 21 **********
Average Fitness: 0.09750000000000002
Maximum Fitness: 0.2833333333333334
Average Pen Distance: 0.5489273406439984
Maximum Pen Distance: 0.9567194066796816
Average Dog Distance: 0.5881161075479757
Maximum Dog Distance: 0.971809257791111
Average Sheep Distance: 0.3698443545922763
Maximum Sheep Distance: 0.5380736165956586
Elapsed Time: 5m 43s
********** 22 **********
Average Fitness: 0.102
Maximum Fitness: 0.2833333333333334
Average Pen Distance: 0.5327303017978879
Maximum Pen Distance: 0.9567194066796816
Average Dog Distance: 0.5951117652842555
Maximum Dog Distance: 0.971809257791111
Average Sheep Distance: 0.3673205225549559
Maximum Sheep Distance: 0.5380736165956586
Elapsed Time: 5m 45s
********** 23 **********
Average Fitness: 0.10500000000000002
Maximum Fitness: 0.2833333333333334
Average Pen Distance: 0.5258753184811861
Maximum Pen Distance: 0.9567194066796816
Average Dog Distance: 0.5992776002195052
Maximum Dog Distance: 0.971809257791111
Average Sheep Distance: 0.36911943853213464
Maximum Sheep Distance: 0.5380736165956586
Elapsed Time: 5m 40s
********** 24 **********
Average Fitness: 0.10999999999999999
Maximum Fitness: 0.2833333333333334
Average Pen Distance: 0.5168325442652533
Maximum Pen Distance: 0.9567194066796816
Average Dog Distance: 0.6008479911974032
Maximum Dog Distance: 0.971809257791111
Average Sheep Distance: 0.36776692758707996
Maximum Sheep Distance: 0.5380736165956586
Elapsed Time: 5m 44s
********** 25 **********
Average Fitness: 0.10949999999999999
Maximum Fitness: 0.2833333333333334
Average Pen Distance: 0.5225937897746529
Maximum Pen Distance: 0.9567194066796816
Average Dog Distance: 0.5971136269797424
Maximum Dog Distance: 0.971809257791111
Average Sheep Distance: 0.36620939233474326
Maximum Sheep Distance: 0.5380736165956586
Elapsed Time: 5m 39s
********** 26 **********
Average Fitness: 0.10983333333333334
Maximum Fitness: 0.2833333333333334
Average Pen Distance: 0.5207926219828234
Maximum Pen Distance: 0.9567194066796816
Average Dog Distance: 0.5956961140732886
Maximum Dog Distance: 0.971809257791111
Average Sheep Distance: 0.3688892169285791
Maximum Sheep Distance: 0.5380736165956586
Elapsed Time: 5m 53s
********** 27 **********
Average Fitness: 0.11066666666666668
Maximum Fitness: 0.2833333333333334
Average Pen Distance: 0.519761432649766
Maximum Pen Distance: 0.9567194066796816
Average Dog Distance: 0.5896617668504562
Maximum Dog Distance: 0.971809257791111
Average Sheep Distance: 0.3695457435371553
Maximum Sheep Distance: 0.5380736165956586
Elapsed Time: 5m 41s
********** 28 **********
Average Fitness: 0.11266666666666668
Maximum Fitness: 0.2833333333333334
Average Pen Distance: 0.5228112076203648
Maximum Pen Distance: 0.9567194066796816
Average Dog Distance: 0.5769365452962716
Maximum Dog Distance: 0.971809257791111
Average Sheep Distance: 0.3694837489739313
Maximum Sheep Distance: 0.5380736165956586
Elapsed Time: 5m 45s
********** 29 **********
Average Fitness: 0.11533333333333334
Maximum Fitness: 0.2833333333333334
Average Pen Distance: 0.5200424911105583
Maximum Pen Distance: 0.9567194066796816
Average Dog Distance: 0.5751561359257381
Maximum Dog Distance: 0.9451671694437144
Average Sheep Distance: 0.36782747978858366
Maximum Sheep Distance: 0.5380736165956586
Elapsed Time: 5m 44s
********** 30 **********
Average Fitness: 0.11633333333333334
Maximum Fitness: 0.2833333333333334
Average Pen Distance: 0.5294080778344391
Maximum Pen Distance: 0.9567194066796816
Average Dog Distance: 0.5712785268088393
Maximum Dog Distance: 0.9389016059261438
Average Sheep Distance: 0.36985931291352
Maximum Sheep Distance: 0.5380736165956586
Elapsed Time: 5m 46s
********** 31 **********
Average Fitness: 0.11633333333333333
Maximum Fitness: 0.2833333333333334
Average Pen Distance: 0.5320802268091558
Maximum Pen Distance: 0.9567194066796816
Average Dog Distance: 0.5694825605966083
Maximum Dog Distance: 0.9389016059261438
Average Sheep Distance: 0.3660798923570031
Maximum Sheep Distance: 0.5380736165956586
Elapsed Time: 5m 43s
********** 32 **********
Average Fitness: 0.11633333333333333
Maximum Fitness: 0.2833333333333334
Average Pen Distance: 0.5256718622689289
Maximum Pen Distance: 0.9567194066796816
Average Dog Distance: 0.5718137062059772
Maximum Dog Distance: 0.9389016059261438
Average Sheep Distance: 0.368997738309946
Maximum Sheep Distance: 0.5380736165956586
Elapsed Time: 5m 45s
********** 33 **********
Average Fitness: 0.11416666666666668
Maximum Fitness: 0.2833333333333334
Average Pen Distance: 0.5245595069555717
Maximum Pen Distance: 0.9567194066796816
Average Dog Distance: 0.5609166181394879
Maximum Dog Distance: 0.9389016059261438
Average Sheep Distance: 0.3687763890261305
Maximum Sheep Distance: 0.5380736165956586
Elapsed Time: 5m 49s
********** 34 **********
Average Fitness: 0.11333333333333334
Maximum Fitness: 0.2833333333333334
Average Pen Distance: 0.53430490200824
Maximum Pen Distance: 0.9567194066796816
Average Dog Distance: 0.5590394842457085
Maximum Dog Distance: 0.9389016059261438
Average Sheep Distance: 0.36865174918418586
Maximum Sheep Distance: 0.5380736165956586
Elapsed Time: 5m 45s
********** 35 **********
Average Fitness: 0.11483333333333334
Maximum Fitness: 0.2833333333333334
Average Pen Distance: 0.5405659899050872
Maximum Pen Distance: 0.9567194066796816
Average Dog Distance: 0.5566340533883498
Maximum Dog Distance: 0.9389016059261438
Average Sheep Distance: 0.3681820161460504
Maximum Sheep Distance: 0.5380736165956586
Elapsed Time: 5m 45s
********** 36 **********
Average Fitness: 0.1136666666666667
Maximum Fitness: 0.2833333333333334
Average Pen Distance: 0.5435387721689142
Maximum Pen Distance: 0.9567194066796816
Average Dog Distance: 0.5579610218456474
Maximum Dog Distance: 0.9389016059261438
Average Sheep Distance: 0.36798329713644873
Maximum Sheep Distance: 0.5380736165956586
Elapsed Time: 5m 50s
********** 37 **********
Average Fitness: 0.1145
Maximum Fitness: 0.2833333333333334
Average Pen Distance: 0.536168217653814
Maximum Pen Distance: 0.9567194066796816
Average Dog Distance: 0.5533245615119189
Maximum Dog Distance: 0.9389016059261438
Average Sheep Distance: 0.369664100086939
Maximum Sheep Distance: 0.5380736165956586
Elapsed Time: 5m 45s
********** 38 **********
Average Fitness: 0.11833333333333335
Maximum Fitness: 0.2833333333333334
Average Pen Distance: 0.5217653518163613
Maximum Pen Distance: 0.9567194066796816
Average Dog Distance: 0.5564474227941623
Maximum Dog Distance: 0.9389016059261438
Average Sheep Distance: 0.36803526915128953
Maximum Sheep Distance: 0.5380736165956586
Elapsed Time: 5m 40s
********** 39 **********
Average Fitness: 0.11933333333333333
Maximum Fitness: 0.2833333333333334
Average Pen Distance: 0.516836187705354
Maximum Pen Distance: 0.9567194066796816
Average Dog Distance: 0.553790039114935
Maximum Dog Distance: 0.9389016059261438
Average Sheep Distance: 0.3696405137097553
Maximum Sheep Distance: 0.5380736165956586
Elapsed Time: 5m 47s
********** 40 **********
Average Fitness: 0.1191666666666667
Maximum Fitness: 0.2833333333333334
Average Pen Distance: 0.5158473196175979
Maximum Pen Distance: 0.9567194066796816
Average Dog Distance: 0.5688428479193397
Maximum Dog Distance: 0.9758213693445189
Average Sheep Distance: 0.3678498701284825
Maximum Sheep Distance: 0.5380736165956586
Elapsed Time: 5m 42s
********** 41 **********
Average Fitness: 0.12266666666666667
Maximum Fitness: 0.2833333333333334
Average Pen Distance: 0.5028931097358879
Maximum Pen Distance: 0.9567194066796816
Average Dog Distance: 0.5732934400949786
Maximum Dog Distance: 0.9758213693445189
Average Sheep Distance: 0.37048539883460885
Maximum Sheep Distance: 0.5380736165956586
Elapsed Time: 5m 44s
********** 42 **********
Average Fitness: 0.11850000000000001
Maximum Fitness: 0.2833333333333334
Average Pen Distance: 0.5146807287911178
Maximum Pen Distance: 0.9567194066796816
Average Dog Distance: 0.5516452321954189
Maximum Dog Distance: 0.9389016059261438
Average Sheep Distance: 0.37120506956433724
Maximum Sheep Distance: 0.5380736165956586
Elapsed Time: 5m 43s
********** 43 **********
Average Fitness: 0.11883333333333335
Maximum Fitness: 0.2833333333333334
Average Pen Distance: 0.5177845802110422
Maximum Pen Distance: 0.9567194066796816
Average Dog Distance: 0.5448056230413784
Maximum Dog Distance: 0.9389016059261438
Average Sheep Distance: 0.36679308349956635
Maximum Sheep Distance: 0.5249309560986276
Elapsed Time: 5m 46s
********** 44 **********
Average Fitness: 0.12283333333333334
Maximum Fitness: 0.2833333333333334
Average Pen Distance: 0.5112190426267016
Maximum Pen Distance: 0.9567194066796816
Average Dog Distance: 0.5530340403560524
Maximum Dog Distance: 0.9389016059261438
Average Sheep Distance: 0.3689949372784802
Maximum Sheep Distance: 0.5249309560986276
Elapsed Time: 5m 45s
********** 45 **********
Average Fitness: 0.12316666666666666
Maximum Fitness: 0.2833333333333334
Average Pen Distance: 0.512478888431652
Maximum Pen Distance: 0.9567194066796816
Average Dog Distance: 0.5576792808343946
Maximum Dog Distance: 0.9389016059261438
Average Sheep Distance: 0.36760637586639516
Maximum Sheep Distance: 0.5249309560986276
Elapsed Time: 5m 43s
********** 46 **********
Average Fitness: 0.12333333333333334
Maximum Fitness: 0.2833333333333334
Average Pen Distance: 0.511649747583743
Maximum Pen Distance: 0.9567194066796816
Average Dog Distance: 0.5590757417437783
Maximum Dog Distance: 0.9389016059261438
Average Sheep Distance: 0.3661217208435744
Maximum Sheep Distance: 0.5249309560986276
Elapsed Time: 5m 46s
********** 47 **********
Average Fitness: 0.12116666666666667
Maximum Fitness: 0.2833333333333334
Average Pen Distance: 0.5157489724504637
Maximum Pen Distance: 0.9567194066796816
Average Dog Distance: 0.5527912523259139
Maximum Dog Distance: 0.9389016059261438
Average Sheep Distance: 0.36674556197940006
Maximum Sheep Distance: 0.5249309560986276
Elapsed Time: 5m 41s
********** 48 **********
Average Fitness: 0.121
Maximum Fitness: 0.2833333333333334
Average Pen Distance: 0.516260144051618
Maximum Pen Distance: 0.9567194066796816
Average Dog Distance: 0.55054181641043
Maximum Dog Distance: 0.9389016059261438
Average Sheep Distance: 0.368128224426266
Maximum Sheep Distance: 0.5249309560986276
Elapsed Time: 5m 48s
********** 49 **********
Average Fitness: 0.121
Maximum Fitness: 0.2833333333333334
Average Pen Distance: 0.5191052594257026
Maximum Pen Distance: 0.9567194066796816
Average Dog Distance: 0.5525695107434563
Maximum Dog Distance: 0.9389016059261438
Average Sheep Distance: 0.36914398576787427
Maximum Sheep Distance: 0.5249309560986276
Elapsed Time: 6m 2s
********** 50 **********
Average Fitness: 0.121
Maximum Fitness: 0.2833333333333334
Average Pen Distance: 0.5212533862641052
Maximum Pen Distance: 0.9567194066796816
Average Dog Distance: 0.5563010938335189
Maximum Dog Distance: 0.9389016059261438
Average Sheep Distance: 0.3668812729123295
Maximum Sheep Distance: 0.5249309560986276
Elapsed Time: 5m 38s
********** 51 **********
Average Fitness: 0.12150000000000004
Maximum Fitness: 0.2833333333333334
Average Pen Distance: 0.5163562296283365
Maximum Pen Distance: 0.9567194066796816
Average Dog Distance: 0.5590496257800001
Maximum Dog Distance: 0.9389016059261438
Average Sheep Distance: 0.366473940450905
Maximum Sheep Distance: 0.5249309560986276
Elapsed Time: 5m 42s
********** 52 **********
Average Fitness: 0.12266666666666667
Maximum Fitness: 0.2833333333333334
Average Pen Distance: 0.5078409522557096
Maximum Pen Distance: 0.9567194066796816
Average Dog Distance: 0.5567168854706086
Maximum Dog Distance: 0.9462908173810688
Average Sheep Distance: 0.36570425387933025
Maximum Sheep Distance: 0.5249309560986276
Elapsed Time: 5m 44s
********** 53 **********
Average Fitness: 0.12216666666666669
Maximum Fitness: 0.2833333333333334
Average Pen Distance: 0.5229526825464165
Maximum Pen Distance: 0.9567194066796816
Average Dog Distance: 0.5687744055695573
Maximum Dog Distance: 0.9462908173810688
Average Sheep Distance: 0.36476523458390653
Maximum Sheep Distance: 0.5249309560986276
Elapsed Time: 5m 45s
********** 54 **********
Average Fitness: 0.12266666666666667
Maximum Fitness: 0.2833333333333334
Average Pen Distance: 0.5196122697839457
Maximum Pen Distance: 0.9567194066796816
Average Dog Distance: 0.5685211482858532
Maximum Dog Distance: 0.9462908173810688
Average Sheep Distance: 0.3645015725747488
Maximum Sheep Distance: 0.5249309560986276
Elapsed Time: 5m 47s
********** 55 **********
Average Fitness: 0.126
Maximum Fitness: 0.2833333333333334
Average Pen Distance: 0.5163259947677288
Maximum Pen Distance: 0.9567194066796816
Average Dog Distance: 0.5726906533214159
Maximum Dog Distance: 0.9462908173810688
Average Sheep Distance: 0.3645924164733578
Maximum Sheep Distance: 0.5249309560986276
Elapsed Time: 5m 48s
********** 56 **********
Average Fitness: 0.1285
Maximum Fitness: 0.2833333333333334
Average Pen Distance: 0.5074270292673561
Maximum Pen Distance: 0.9567194066796816
Average Dog Distance: 0.5716611597576479
Maximum Dog Distance: 0.9389016059261438
Average Sheep Distance: 0.3685273579681207
Maximum Sheep Distance: 0.5249309560986276
Elapsed Time: 5m 51s
********** 57 **********
Average Fitness: 0.13116666666666668
Maximum Fitness: 0.2833333333333334
Average Pen Distance: 0.5127858548215074
Maximum Pen Distance: 0.9114427700069205
Average Dog Distance: 0.574335338927993
Maximum Dog Distance: 0.9389016059261438
Average Sheep Distance: 0.36580869185592557
Maximum Sheep Distance: 0.5249309560986276
Elapsed Time: 5m 44s
********** 58 **********
Average Fitness: 0.13
Maximum Fitness: 0.2833333333333334
Average Pen Distance: 0.5164971450546495
Maximum Pen Distance: 0.9114427700069205
Average Dog Distance: 0.572925143867214
Maximum Dog Distance: 0.9389016059261438
Average Sheep Distance: 0.3671615052704815
Maximum Sheep Distance: 0.5249309560986276
Elapsed Time: 5m 52s
********** 59 **********
Average Fitness: 0.12883333333333336
Maximum Fitness: 0.2833333333333334
Average Pen Distance: 0.5157968770380502
Maximum Pen Distance: 0.9114427700069205
Average Dog Distance: 0.5689996558277476
Maximum Dog Distance: 0.9389016059261438
Average Sheep Distance: 0.36879729899732294
Maximum Sheep Distance: 0.5249309560986276
Elapsed Time: 5m 49s
********** 60 **********
Average Fitness: 0.1285
Maximum Fitness: 0.2833333333333334
Average Pen Distance: 0.5164919716145561
Maximum Pen Distance: 0.9114427700069205
Average Dog Distance: 0.569581304129889
Maximum Dog Distance: 0.9389016059261438
Average Sheep Distance: 0.36930579793567747
Maximum Sheep Distance: 0.5249309560986276
Elapsed Time: 5m 50s
********** 61 **********
Average Fitness: 0.13
Maximum Fitness: 0.2833333333333334
Average Pen Distance: 0.5194638591666128
Maximum Pen Distance: 0.9162521191111607
Average Dog Distance: 0.574873137385738
Maximum Dog Distance: 0.9389016059261438
Average Sheep Distance: 0.3691806846191637
Maximum Sheep Distance: 0.5249309560986276
Elapsed Time: 5m 48s
********** 62 **********
Average Fitness: 0.134
Maximum Fitness: 0.2833333333333334
Average Pen Distance: 0.5125104295906405
Maximum Pen Distance: 0.9162521191111607
Average Dog Distance: 0.5702269487979663
Maximum Dog Distance: 0.9389016059261438
Average Sheep Distance: 0.36785691300044454
Maximum Sheep Distance: 0.5249309560986276
Elapsed Time: 5m 44s
********** 63 **********
Average Fitness: 0.13066666666666668
Maximum Fitness: 0.2833333333333334
Average Pen Distance: 0.5187290054759567
Maximum Pen Distance: 0.9162521191111607
Average Dog Distance: 0.5701787280726324
Maximum Dog Distance: 0.9389016059261438
Average Sheep Distance: 0.3695489881508005
Maximum Sheep Distance: 0.5249309560986276
Elapsed Time: 5m 44s
********** 64 **********
Average Fitness: 0.1335
Maximum Fitness: 0.2833333333333334
Average Pen Distance: 0.5176485447024085
Maximum Pen Distance: 0.9162521191111607
Average Dog Distance: 0.5762913607142971
Maximum Dog Distance: 0.9389016059261438
Average Sheep Distance: 0.36995172800433673
Maximum Sheep Distance: 0.5249309560986276
Elapsed Time: 5m 43s
********** 65 **********
Average Fitness: 0.13266666666666668
Maximum Fitness: 0.2833333333333334
Average Pen Distance: 0.5201592969768719
Maximum Pen Distance: 0.9162521191111607
Average Dog Distance: 0.5789139593972386
Maximum Dog Distance: 0.9389016059261438
Average Sheep Distance: 0.3694186137574293
Maximum Sheep Distance: 0.5249309560986276
Elapsed Time: 5m 47s
********** 66 **********
Average Fitness: 0.13366666666666668
Maximum Fitness: 0.2833333333333334
Average Pen Distance: 0.5168636936767416
Maximum Pen Distance: 0.9162521191111607
Average Dog Distance: 0.5794898487440416
Maximum Dog Distance: 0.9389016059261438
Average Sheep Distance: 0.37097835453191325
Maximum Sheep Distance: 0.5249309560986276
Elapsed Time: 5m 50s
********** 67 **********
Average Fitness: 0.13199999999999998
Maximum Fitness: 0.2833333333333334
Average Pen Distance: 0.5215033769714882
Maximum Pen Distance: 0.9162521191111607
Average Dog Distance: 0.5717159097022226
Maximum Dog Distance: 0.9389016059261438
Average Sheep Distance: 0.37087154220948576
Maximum Sheep Distance: 0.5249309560986276
Elapsed Time: 5m 46s
********** 68 **********
Average Fitness: 0.1355
Maximum Fitness: 0.3
Average Pen Distance: 0.5094042529745328
Maximum Pen Distance: 0.9162521191111607
Average Dog Distance: 0.5745390723090037
Maximum Dog Distance: 0.9389016059261438
Average Sheep Distance: 0.373161381769496
Maximum Sheep Distance: 0.5249309560986276
Elapsed Time: 5m 43s
********** 69 **********
Average Fitness: 0.13483333333333333
Maximum Fitness: 0.3
Average Pen Distance: 0.50801652462082
Maximum Pen Distance: 0.9162521191111607
Average Dog Distance: 0.5686380592673697
Maximum Dog Distance: 0.9389016059261438
Average Sheep Distance: 0.37179401238357507
Maximum Sheep Distance: 0.5249309560986276
Elapsed Time: 5m 45s
********** 70 **********
Average Fitness: 0.136
Maximum Fitness: 0.3
Average Pen Distance: 0.5146382175711193
Maximum Pen Distance: 0.9162521191111607
Average Dog Distance: 0.5683245825295583
Maximum Dog Distance: 0.9389016059261438
Average Sheep Distance: 0.36875267908188014
Maximum Sheep Distance: 0.5249309560986276
Elapsed Time: 5m 43s
********** 71 **********
Average Fitness: 0.13150000000000003
Maximum Fitness: 0.3
Average Pen Distance: 0.5222064694413757
Maximum Pen Distance: 0.9162521191111607
Average Dog Distance: 0.567352166725158
Maximum Dog Distance: 0.9389016059261438
Average Sheep Distance: 0.37269332447756076
Maximum Sheep Distance: 0.5249309560986276
Elapsed Time: 5m 40s
********** 72 **********
Average Fitness: 0.13316666666666666
Maximum Fitness: 0.3
Average Pen Distance: 0.5236198588781207
Maximum Pen Distance: 0.9162521191111607
Average Dog Distance: 0.5670323368364975
Maximum Dog Distance: 0.9389016059261438
Average Sheep Distance: 0.36898069413314877
Maximum Sheep Distance: 0.5249309560986276
Elapsed Time: 5m 44s
********** 73 **********
Average Fitness: 0.1343333333333333
Maximum Fitness: 0.3
Average Pen Distance: 0.5180751997651114
Maximum Pen Distance: 0.9609936163193541
Average Dog Distance: 0.5640994008047788
Maximum Dog Distance: 0.9389016059261438
Average Sheep Distance: 0.3685295484014513
Maximum Sheep Distance: 0.5249309560986276
Elapsed Time: 5m 39s
********** 74 **********
Average Fitness: 0.135
Maximum Fitness: 0.3
Average Pen Distance: 0.5245898476867265
Maximum Pen Distance: 0.9609936163193541
Average Dog Distance: 0.5665113546905267
Maximum Dog Distance: 0.9300529221202254
Average Sheep Distance: 0.36932612031789097
Maximum Sheep Distance: 0.5249309560986276
Elapsed Time: 5m 43s
********** 75 **********
Average Fitness: 0.13566666666666669
Maximum Fitness: 0.3
Average Pen Distance: 0.5275413062643753
Maximum Pen Distance: 0.9609936163193541
Average Dog Distance: 0.56800128774199
Maximum Dog Distance: 0.9300529221202254
Average Sheep Distance: 0.3696887109787351
Maximum Sheep Distance: 0.5249309560986276
Elapsed Time: 5m 47s
********** 76 **********
Average Fitness: 0.13316666666666666
Maximum Fitness: 0.3
Average Pen Distance: 0.5371568378754771
Maximum Pen Distance: 0.9609936163193541
Average Dog Distance: 0.5712351495773634
Maximum Dog Distance: 0.939040720837518
Average Sheep Distance: 0.37180746577511625
Maximum Sheep Distance: 0.5249309560986276
Elapsed Time: 5m 45s
********** 77 **********
Average Fitness: 0.13550000000000004
Maximum Fitness: 0.3
Average Pen Distance: 0.5330396993094765
Maximum Pen Distance: 0.9609936163193541
Average Dog Distance: 0.5661042589045775
Maximum Dog Distance: 0.939040720837518
Average Sheep Distance: 0.37094486154954937
Maximum Sheep Distance: 0.5249309560986276
Elapsed Time: 5m 44s
********** 78 **********
Average Fitness: 0.13533333333333333
Maximum Fitness: 0.3
Average Pen Distance: 0.5342356859648366
Maximum Pen Distance: 0.9609936163193541
Average Dog Distance: 0.5702245824073143
Maximum Dog Distance: 0.939040720837518
Average Sheep Distance: 0.3706389808967463
Maximum Sheep Distance: 0.5249309560986276
Elapsed Time: 5m 38s
********** 79 **********
Average Fitness: 0.13399999999999998
Maximum Fitness: 0.3
Average Pen Distance: 0.5456345785963571
Maximum Pen Distance: 0.9609936163193541
Average Dog Distance: 0.5777448027215111
Maximum Dog Distance: 0.9470867675800468
Average Sheep Distance: 0.37036976062686955
Maximum Sheep Distance: 0.5249309560986276
Elapsed Time: 5m 42s
********** 80 **********
Average Fitness: 0.13333333333333333
Maximum Fitness: 0.3
Average Pen Distance: 0.5478009193187863
Maximum Pen Distance: 0.9609936163193541
Average Dog Distance: 0.5634586957021849
Maximum Dog Distance: 0.939040720837518
Average Sheep Distance: 0.37130160767047554
Maximum Sheep Distance: 0.5249309560986276
Elapsed Time: 5m 48s
********** 81 **********
Average Fitness: 0.13616666666666666
Maximum Fitness: 0.3
Average Pen Distance: 0.5347676134788464
Maximum Pen Distance: 0.9609936163193541
Average Dog Distance: 0.560547600264213
Maximum Dog Distance: 0.9206492715369636
Average Sheep Distance: 0.36999920528284563
Maximum Sheep Distance: 0.5249309560986276
Elapsed Time: 5m 46s
********** 82 **********
Average Fitness: 0.1366666666666667
Maximum Fitness: 0.3
Average Pen Distance: 0.5300472597417124
Maximum Pen Distance: 0.9609936163193541
Average Dog Distance: 0.5599476874341862
Maximum Dog Distance: 0.9451980707333748
Average Sheep Distance: 0.3714964563610198
Maximum Sheep Distance: 0.5249309560986276
Elapsed Time: 5m 48s
********** 83 **********
Average Fitness: 0.1391666666666667
Maximum Fitness: 0.3
Average Pen Distance: 0.5267384209872169
Maximum Pen Distance: 0.9609936163193541
Average Dog Distance: 0.5599104247590566
Maximum Dog Distance: 0.9451980707333748
Average Sheep Distance: 0.37072553415173415
Maximum Sheep Distance: 0.5249309560986276
Elapsed Time: 5m 46s
********** 84 **********
Average Fitness: 0.13766666666666666
Maximum Fitness: 0.3
Average Pen Distance: 0.535321224935512
Maximum Pen Distance: 0.9609936163193541
Average Dog Distance: 0.5724967684499284
Maximum Dog Distance: 0.9701060251154274
Average Sheep Distance: 0.37104393328321367
Maximum Sheep Distance: 0.5249309560986276
Elapsed Time: 5m 38s
********** 85 **********
Average Fitness: 0.13849999999999998
Maximum Fitness: 0.3
Average Pen Distance: 0.5382978171252728
Maximum Pen Distance: 0.9609936163193541
Average Dog Distance: 0.5626069436961173
Maximum Dog Distance: 0.9701060251154274
Average Sheep Distance: 0.3693732421118358
Maximum Sheep Distance: 0.5249309560986276
Elapsed Time: 5m 45s
********** 86 **********
Average Fitness: 0.13899999999999998
Maximum Fitness: 0.3
Average Pen Distance: 0.5291758474147131
Maximum Pen Distance: 0.9609936163193541
Average Dog Distance: 0.5564916460641143
Maximum Dog Distance: 0.9701060251154274
Average Sheep Distance: 0.36854612746049903
Maximum Sheep Distance: 0.5249309560986276
Elapsed Time: 5m 49s
********** 87 **********
Average Fitness: 0.1375
Maximum Fitness: 0.3
Average Pen Distance: 0.5332564678007732
Maximum Pen Distance: 0.9609936163193541
Average Dog Distance: 0.5627055540785899
Maximum Dog Distance: 0.9701060251154274
Average Sheep Distance: 0.36696362351868933
Maximum Sheep Distance: 0.5249309560986276
Elapsed Time: 5m 55s
********** 88 **********
Average Fitness: 0.14116666666666666
Maximum Fitness: 0.3
Average Pen Distance: 0.5300394433745523
Maximum Pen Distance: 0.9725550214290456
Average Dog Distance: 0.5565746493066054
Maximum Dog Distance: 0.9701060251154274
Average Sheep Distance: 0.36779932676423593
Maximum Sheep Distance: 0.5249309560986276
Elapsed Time: 5m 47s
********** 89 **********
Average Fitness: 0.143
Maximum Fitness: 0.3
Average Pen Distance: 0.5248602101555869
Maximum Pen Distance: 0.9725550214290456
Average Dog Distance: 0.5664274405479393
Maximum Dog Distance: 0.9701060251154274
Average Sheep Distance: 0.3667585555898363
Maximum Sheep Distance: 0.5249309560986276
Elapsed Time: 5m 52s
********** 90 **********
Average Fitness: 0.1471666666666667
Maximum Fitness: 0.3
Average Pen Distance: 0.5296282241686832
Maximum Pen Distance: 0.9725550214290456
Average Dog Distance: 0.5653656164907875
Maximum Dog Distance: 0.9701060251154274
Average Sheep Distance: 0.36160380943057435
Maximum Sheep Distance: 0.5249309560986276
Elapsed Time: 5m 41s
********** 91 **********
Average Fitness: 0.15066666666666667
Maximum Fitness: 0.4000000000000001
Average Pen Distance: 0.5141773191902127
Maximum Pen Distance: 0.9725550214290456
Average Dog Distance: 0.5649446748799165
Maximum Dog Distance: 0.9701060251154274
Average Sheep Distance: 0.36147149196900485
Maximum Sheep Distance: 0.5249309560986276
Elapsed Time: 5m 40s
********** 92 **********
Average Fitness: 0.15133333333333332
Maximum Fitness: 0.4000000000000001
Average Pen Distance: 0.5227335393665046
Maximum Pen Distance: 0.9725550214290456
Average Dog Distance: 0.5637161588428001
Maximum Dog Distance: 0.9196994011869757
Average Sheep Distance: 0.3615834490313833
Maximum Sheep Distance: 0.5249309560986276
Elapsed Time: 5m 42s
********** 93 **********
Average Fitness: 0.15499999999999997
Maximum Fitness: 0.4000000000000001
Average Pen Distance: 0.5219040759929667
Maximum Pen Distance: 0.9725550214290456
Average Dog Distance: 0.5658784810103069
Maximum Dog Distance: 0.9196994011869757
Average Sheep Distance: 0.3608938020781382
Maximum Sheep Distance: 0.5249309560986276
Elapsed Time: 5m 44s
********** 94 **********
Average Fitness: 0.15283333333333335
Maximum Fitness: 0.4000000000000001
Average Pen Distance: 0.5204663668845503
Maximum Pen Distance: 0.9725550214290456
Average Dog Distance: 0.5710149233083481
Maximum Dog Distance: 0.9196994011869757
Average Sheep Distance: 0.36361072663870486
Maximum Sheep Distance: 0.5249309560986276
Elapsed Time: 5m 39s
********** 95 **********
Average Fitness: 0.15116666666666664
Maximum Fitness: 0.4000000000000001
Average Pen Distance: 0.522108096200621
Maximum Pen Distance: 0.9725550214290456
Average Dog Distance: 0.5689884475067469
Maximum Dog Distance: 0.9196994011869757
Average Sheep Distance: 0.3656545124142527
Maximum Sheep Distance: 0.5249309560986276
Elapsed Time: 5m 47s
********** 96 **********
Average Fitness: 0.15166666666666667
Maximum Fitness: 0.4000000000000001
Average Pen Distance: 0.5187076694013754
Maximum Pen Distance: 0.9725550214290456
Average Dog Distance: 0.573390787754301
Maximum Dog Distance: 0.9503714816679247
Average Sheep Distance: 0.365276923155431
Maximum Sheep Distance: 0.5249309560986276
Elapsed Time: 5m 45s
********** 97 **********
Average Fitness: 0.15200000000000002
Maximum Fitness: 0.4000000000000001
Average Pen Distance: 0.5220098495738184
Maximum Pen Distance: 0.9725550214290456
Average Dog Distance: 0.5748313564865346
Maximum Dog Distance: 0.9503714816679247
Average Sheep Distance: 0.3659179729272178
Maximum Sheep Distance: 0.5249309560986276
Elapsed Time: 5m 37s
********** 98 **********
Average Fitness: 0.14816666666666667
Maximum Fitness: 0.4000000000000001
Average Pen Distance: 0.5334874686220273
Maximum Pen Distance: 0.9725550214290456
Average Dog Distance: 0.5636210851871462
Maximum Dog Distance: 0.9196994011869757
Average Sheep Distance: 0.3632679288083179
Maximum Sheep Distance: 0.5249309560986276
Elapsed Time: 5m 43s
********** 99 **********
Average Fitness: 0.14883333333333335
Maximum Fitness: 0.4000000000000001
Average Pen Distance: 0.535243282616035
Maximum Pen Distance: 0.9725550214290456
Average Dog Distance: 0.5660804338476495
Maximum Dog Distance: 0.9196994011869757
Average Sheep Distance: 0.36030940390655347
Maximum Sheep Distance: 0.5249309560986276
Elapsed Time: 5m 47s
********** 100 **********
Average Fitness: 0.14900000000000002
Maximum Fitness: 0.4000000000000001
Average Pen Distance: 0.519297912998836
Maximum Pen Distance: 0.9725550214290456
Average Dog Distance: 0.5541985136616145
Maximum Dog Distance: 0.9196994011869757
Average Sheep Distance: 0.36103692810702825
Maximum Sheep Distance: 0.5249309560986276
Elapsed Time: 5m 50s
