nproc is 1
cnode0963.cm.cluster
********** 1 **********
Average Fitness: 0.1133333333333333
Maximum Fitness: 0.26666666666666666
Average Pen Distance: 0.5138126147800891
Maximum Pen Distance: 0.8846993936117656
Average Dog Distance: 0.5657827424513275
Maximum Dog Distance: 0.810506676618301
Average Sheep Distance: 0.4241082232038599
Maximum Sheep Distance: 0.5663066338887957
Elapsed Time: 10m 4s
********** 2 **********
Average Fitness: 0.125
Maximum Fitness: 0.3333333333333333
Average Pen Distance: 0.5066795387254914
Maximum Pen Distance: 0.8846993936117656
Average Dog Distance: 0.5423921170188145
Maximum Dog Distance: 0.8319157855917766
Average Sheep Distance: 0.4285193195412279
Maximum Sheep Distance: 0.5663066338887957
Elapsed Time: 5m 2s
********** 3 **********
Average Fitness: 0.136
Maximum Fitness: 0.3333333333333333
Average Pen Distance: 0.4894995825480343
Maximum Pen Distance: 0.8846993936117656
Average Dog Distance: 0.5365252166458494
Maximum Dog Distance: 0.8319157855917766
Average Sheep Distance: 0.43149002338212084
Maximum Sheep Distance: 0.5288175615001026
Elapsed Time: 5m 9s
********** 4 **********
Average Fitness: 0.14766666666666667
Maximum Fitness: 0.3333333333333333
Average Pen Distance: 0.48060772605347374
Maximum Pen Distance: 0.8846993936117656
Average Dog Distance: 0.5357338768805984
Maximum Dog Distance: 0.8644597807037276
Average Sheep Distance: 0.4265386955857495
Maximum Sheep Distance: 0.5619500318145589
Elapsed Time: 5m 0s
********** 5 **********
Average Fitness: 0.153
Maximum Fitness: 0.3333333333333333
Average Pen Distance: 0.49515350106573064
Maximum Pen Distance: 0.8846993936117656
Average Dog Distance: 0.5229933633755236
Maximum Dog Distance: 0.8644597807037276
Average Sheep Distance: 0.4301167163633869
Maximum Sheep Distance: 0.5619500318145589
Elapsed Time: 5m 0s
********** 6 **********
Average Fitness: 0.166
Maximum Fitness: 0.43333333333333335
Average Pen Distance: 0.49950287014335565
Maximum Pen Distance: 0.8846993936117656
Average Dog Distance: 0.5227425269211982
Maximum Dog Distance: 0.8644597807037276
Average Sheep Distance: 0.43191827326744653
Maximum Sheep Distance: 0.5619500318145589
Elapsed Time: 5m 5s
********** 7 **********
Average Fitness: 0.171
Maximum Fitness: 0.43333333333333335
Average Pen Distance: 0.5028688162054223
Maximum Pen Distance: 0.8846993936117656
Average Dog Distance: 0.5254989348831028
Maximum Dog Distance: 0.8644597807037276
Average Sheep Distance: 0.42923774268464804
Maximum Sheep Distance: 0.5619500318145589
Elapsed Time: 5m 7s
********** 8 **********
Average Fitness: 0.18100000000000002
Maximum Fitness: 0.43333333333333335
Average Pen Distance: 0.4946833356028379
Maximum Pen Distance: 0.8837135990051473
Average Dog Distance: 0.5155880361081887
Maximum Dog Distance: 0.8506861111429588
Average Sheep Distance: 0.42712060278981745
Maximum Sheep Distance: 0.5619500318145589
Elapsed Time: 5m 3s
********** 9 **********
Average Fitness: 0.18100000000000002
Maximum Fitness: 0.43333333333333335
Average Pen Distance: 0.49270358269978876
Maximum Pen Distance: 0.8837135990051473
Average Dog Distance: 0.5033863051267803
Maximum Dog Distance: 0.8630609719107648
Average Sheep Distance: 0.42579289912521906
Maximum Sheep Distance: 0.5619500318145589
Elapsed Time: 5m 11s
********** 10 **********
Average Fitness: 0.18633333333333332
Maximum Fitness: 0.43333333333333335
Average Pen Distance: 0.4943692159576948
Maximum Pen Distance: 0.8837135990051473
Average Dog Distance: 0.5132468816703954
Maximum Dog Distance: 0.8630609719107648
Average Sheep Distance: 0.42301773242263385
Maximum Sheep Distance: 0.5619500318145589
Elapsed Time: 5m 8s
********** 11 **********
Average Fitness: 0.188
Maximum Fitness: 0.43333333333333335
Average Pen Distance: 0.5030951318388
Maximum Pen Distance: 0.8837135990051473
Average Dog Distance: 0.5206237009736789
Maximum Dog Distance: 0.8630609719107648
Average Sheep Distance: 0.4262335024167602
Maximum Sheep Distance: 0.5619500318145589
Elapsed Time: 5m 10s
********** 12 **********
Average Fitness: 0.1946666666666667
Maximum Fitness: 0.43333333333333335
Average Pen Distance: 0.49886825777164306
Maximum Pen Distance: 0.8837135990051473
Average Dog Distance: 0.5268444970867574
Maximum Dog Distance: 0.9086029952693782
Average Sheep Distance: 0.4214309828728847
Maximum Sheep Distance: 0.5619500318145589
Elapsed Time: 5m 5s
********** 13 **********
Average Fitness: 0.20366666666666666
Maximum Fitness: 0.43333333333333335
Average Pen Distance: 0.5009081784296587
Maximum Pen Distance: 0.8837135990051473
Average Dog Distance: 0.5306878764059314
Maximum Dog Distance: 0.9026172173094141
Average Sheep Distance: 0.4189735355048649
Maximum Sheep Distance: 0.5619500318145589
Elapsed Time: 5m 5s
********** 14 **********
Average Fitness: 0.19866666666666666
Maximum Fitness: 0.43333333333333335
Average Pen Distance: 0.5088677942441899
Maximum Pen Distance: 0.8837135990051473
Average Dog Distance: 0.5326614563300108
Maximum Dog Distance: 0.9026172173094141
Average Sheep Distance: 0.4211965741914646
Maximum Sheep Distance: 0.5619500318145589
Elapsed Time: 5m 1s
********** 15 **********
Average Fitness: 0.19666666666666668
Maximum Fitness: 0.43333333333333335
Average Pen Distance: 0.5159657944329606
Maximum Pen Distance: 0.8837135990051473
Average Dog Distance: 0.5355950955611619
Maximum Dog Distance: 0.9144008109193145
Average Sheep Distance: 0.42052637696497036
Maximum Sheep Distance: 0.5619500318145589
Elapsed Time: 5m 1s
********** 16 **********
Average Fitness: 0.19633333333333336
Maximum Fitness: 0.4666666666666666
Average Pen Distance: 0.5167358417932617
Maximum Pen Distance: 0.9131485004728187
Average Dog Distance: 0.5171555111002915
Maximum Dog Distance: 0.9026172173094141
Average Sheep Distance: 0.4256102403107681
Maximum Sheep Distance: 0.5929943992632276
Elapsed Time: 5m 10s
********** 17 **********
Average Fitness: 0.1916666666666667
Maximum Fitness: 0.4666666666666666
Average Pen Distance: 0.5253636639771186
Maximum Pen Distance: 0.9131485004728187
Average Dog Distance: 0.5088641024899302
Maximum Dog Distance: 0.9026172173094141
Average Sheep Distance: 0.4286331303605918
Maximum Sheep Distance: 0.5929943992632276
Elapsed Time: 5m 9s
********** 18 **********
Average Fitness: 0.1946666666666667
Maximum Fitness: 0.4666666666666666
Average Pen Distance: 0.5217145305380363
Maximum Pen Distance: 0.9131485004728187
Average Dog Distance: 0.5181601579539881
Maximum Dog Distance: 0.9026172173094141
Average Sheep Distance: 0.4280185751676289
Maximum Sheep Distance: 0.5929943992632276
Elapsed Time: 5m 11s
********** 19 **********
Average Fitness: 0.19699999999999998
Maximum Fitness: 0.4666666666666666
Average Pen Distance: 0.5131098103198437
Maximum Pen Distance: 0.9131485004728187
Average Dog Distance: 0.5124734049217323
Maximum Dog Distance: 0.9026172173094141
Average Sheep Distance: 0.4269558844586343
Maximum Sheep Distance: 0.5929943992632276
Elapsed Time: 5m 0s
********** 20 **********
Average Fitness: 0.19699999999999998
Maximum Fitness: 0.4666666666666666
Average Pen Distance: 0.5307139866833767
Maximum Pen Distance: 0.9131485004728187
Average Dog Distance: 0.5227501332469341
Maximum Dog Distance: 0.9026172173094141
Average Sheep Distance: 0.4293585038480216
Maximum Sheep Distance: 0.5929943992632276
Elapsed Time: 5m 7s
********** 21 **********
Average Fitness: 0.2026666666666667
Maximum Fitness: 0.4666666666666666
Average Pen Distance: 0.5225652638125968
Maximum Pen Distance: 0.9131485004728187
Average Dog Distance: 0.528782552627224
Maximum Dog Distance: 0.9228402204940624
Average Sheep Distance: 0.42591575248659647
Maximum Sheep Distance: 0.5929943992632276
Elapsed Time: 5m 6s
********** 22 **********
Average Fitness: 0.1936666666666667
Maximum Fitness: 0.4666666666666666
Average Pen Distance: 0.5241671831890062
Maximum Pen Distance: 0.9131485004728187
Average Dog Distance: 0.5147914770113386
Maximum Dog Distance: 0.9228402204940624
Average Sheep Distance: 0.42563481397395014
Maximum Sheep Distance: 0.5929943992632276
Elapsed Time: 5m 8s
********** 23 **********
Average Fitness: 0.203
Maximum Fitness: 0.4666666666666666
Average Pen Distance: 0.5127442754089239
Maximum Pen Distance: 0.9131485004728187
Average Dog Distance: 0.5123402881198769
Maximum Dog Distance: 0.9228402204940624
Average Sheep Distance: 0.4267882342782096
Maximum Sheep Distance: 0.5929943992632276
Elapsed Time: 5m 0s
********** 24 **********
Average Fitness: 0.2016666666666667
Maximum Fitness: 0.4666666666666666
Average Pen Distance: 0.5098249931646173
Maximum Pen Distance: 0.9131485004728187
Average Dog Distance: 0.508639545809354
Maximum Dog Distance: 0.9026172173094141
Average Sheep Distance: 0.42713028986345214
Maximum Sheep Distance: 0.5929943992632276
Elapsed Time: 5m 8s
********** 25 **********
Average Fitness: 0.19633333333333333
Maximum Fitness: 0.4666666666666666
Average Pen Distance: 0.5350279509240192
Maximum Pen Distance: 0.9131485004728187
Average Dog Distance: 0.5098762907703117
Maximum Dog Distance: 0.9343378981444124
Average Sheep Distance: 0.4283739386575753
Maximum Sheep Distance: 0.5929943992632276
Elapsed Time: 5m 9s
********** 26 **********
Average Fitness: 0.19666666666666668
Maximum Fitness: 0.4666666666666666
Average Pen Distance: 0.5463234079944149
Maximum Pen Distance: 0.9131485004728187
Average Dog Distance: 0.5166741593941127
Maximum Dog Distance: 0.9131388175139805
Average Sheep Distance: 0.4316113208171031
Maximum Sheep Distance: 0.5929943992632276
Elapsed Time: 5m 2s
********** 27 **********
Average Fitness: 0.19766666666666666
Maximum Fitness: 0.4666666666666666
Average Pen Distance: 0.5456016389201136
Maximum Pen Distance: 0.9131485004728187
Average Dog Distance: 0.5354308425524688
Maximum Dog Distance: 0.9131388175139805
Average Sheep Distance: 0.4321743145468976
Maximum Sheep Distance: 0.5929943992632276
Elapsed Time: 5m 9s
********** 28 **********
Average Fitness: 0.201
Maximum Fitness: 0.4666666666666666
Average Pen Distance: 0.5280416799189492
Maximum Pen Distance: 0.9131485004728187
Average Dog Distance: 0.5204969553721049
Maximum Dog Distance: 0.9131388175139805
Average Sheep Distance: 0.43216031579219816
Maximum Sheep Distance: 0.5929943992632276
Elapsed Time: 5m 1s
********** 29 **********
Average Fitness: 0.2016666666666667
Maximum Fitness: 0.4666666666666666
Average Pen Distance: 0.5403983467153511
Maximum Pen Distance: 0.9131485004728187
Average Dog Distance: 0.5292190180058318
Maximum Dog Distance: 0.9131388175139805
Average Sheep Distance: 0.4322881359362329
Maximum Sheep Distance: 0.5929943992632276
Elapsed Time: 5m 4s
********** 30 **********
Average Fitness: 0.20466666666666672
Maximum Fitness: 0.4666666666666666
Average Pen Distance: 0.5255203510442287
Maximum Pen Distance: 0.9131485004728187
Average Dog Distance: 0.5133765232242669
Maximum Dog Distance: 0.8807623032663869
Average Sheep Distance: 0.43235681869209264
Maximum Sheep Distance: 0.5929943992632276
Elapsed Time: 5m 4s
********** 31 **********
Average Fitness: 0.2126666666666667
Maximum Fitness: 0.4666666666666666
Average Pen Distance: 0.5261653235982012
Maximum Pen Distance: 0.9131485004728187
Average Dog Distance: 0.5242999503419561
Maximum Dog Distance: 0.8807623032663869
Average Sheep Distance: 0.4345368411797888
Maximum Sheep Distance: 0.5929943992632276
Elapsed Time: 5m 1s
********** 32 **********
Average Fitness: 0.21533333333333338
Maximum Fitness: 0.4666666666666666
Average Pen Distance: 0.5242624823702053
Maximum Pen Distance: 0.9131485004728187
Average Dog Distance: 0.5217453082078807
Maximum Dog Distance: 0.8807623032663869
Average Sheep Distance: 0.43348503824096296
Maximum Sheep Distance: 0.5929943992632276
Elapsed Time: 4m 58s
********** 33 **********
Average Fitness: 0.21533333333333335
Maximum Fitness: 0.4666666666666666
Average Pen Distance: 0.5315039901363388
Maximum Pen Distance: 0.9131485004728187
Average Dog Distance: 0.5240571968113522
Maximum Dog Distance: 0.9064341384734161
Average Sheep Distance: 0.43547951468205814
Maximum Sheep Distance: 0.5929943992632276
Elapsed Time: 5m 8s
********** 34 **********
Average Fitness: 0.20900000000000002
Maximum Fitness: 0.4666666666666666
Average Pen Distance: 0.5376187862587128
Maximum Pen Distance: 0.9131485004728187
Average Dog Distance: 0.5177707672086804
Maximum Dog Distance: 0.9064341384734161
Average Sheep Distance: 0.43588355641962745
Maximum Sheep Distance: 0.5929943992632276
Elapsed Time: 5m 1s
********** 35 **********
Average Fitness: 0.21500000000000002
Maximum Fitness: 0.4666666666666666
Average Pen Distance: 0.5335521430947331
Maximum Pen Distance: 0.9131485004728187
Average Dog Distance: 0.5176320641053189
Maximum Dog Distance: 0.9064341384734161
Average Sheep Distance: 0.43453486014085635
Maximum Sheep Distance: 0.5929943992632276
Elapsed Time: 5m 2s
********** 36 **********
Average Fitness: 0.21866666666666668
Maximum Fitness: 0.4666666666666666
Average Pen Distance: 0.5163825120654483
Maximum Pen Distance: 0.9131485004728187
Average Dog Distance: 0.5105642097196741
Maximum Dog Distance: 0.9064341384734161
Average Sheep Distance: 0.43679795876913347
Maximum Sheep Distance: 0.5929943992632276
Elapsed Time: 5m 1s
********** 37 **********
Average Fitness: 0.21500000000000002
Maximum Fitness: 0.4666666666666666
Average Pen Distance: 0.5231142336780454
Maximum Pen Distance: 0.9131485004728187
Average Dog Distance: 0.5032906158677302
Maximum Dog Distance: 0.9064341384734161
Average Sheep Distance: 0.4376859468594154
Maximum Sheep Distance: 0.5929943992632276
Elapsed Time: 5m 2s
********** 38 **********
Average Fitness: 0.21733333333333335
Maximum Fitness: 0.4666666666666666
Average Pen Distance: 0.5185958457223158
Maximum Pen Distance: 0.9131485004728187
Average Dog Distance: 0.4884875522814046
Maximum Dog Distance: 0.8807623032663869
Average Sheep Distance: 0.43866517937778754
Maximum Sheep Distance: 0.5929943992632276
Elapsed Time: 5m 5s
********** 39 **********
Average Fitness: 0.22200000000000003
Maximum Fitness: 0.4666666666666666
Average Pen Distance: 0.5138817829925927
Maximum Pen Distance: 0.9131485004728187
Average Dog Distance: 0.4957497876211584
Maximum Dog Distance: 0.8807623032663869
Average Sheep Distance: 0.4368745513374809
Maximum Sheep Distance: 0.5929943992632276
Elapsed Time: 5m 1s
********** 40 **********
Average Fitness: 0.22466666666666665
Maximum Fitness: 0.4666666666666666
Average Pen Distance: 0.5199043483965037
Maximum Pen Distance: 0.9131485004728187
Average Dog Distance: 0.4973786419097852
Maximum Dog Distance: 0.8807623032663869
Average Sheep Distance: 0.4348150464130769
Maximum Sheep Distance: 0.5929943992632276
Elapsed Time: 5m 10s
********** 41 **********
Average Fitness: 0.22466666666666668
Maximum Fitness: 0.4666666666666666
Average Pen Distance: 0.5188639101719478
Maximum Pen Distance: 0.9131485004728187
Average Dog Distance: 0.4916524822853626
Maximum Dog Distance: 0.8807623032663869
Average Sheep Distance: 0.43328484166480713
Maximum Sheep Distance: 0.5929943992632276
Elapsed Time: 5m 3s
********** 42 **********
Average Fitness: 0.23166666666666663
Maximum Fitness: 0.4666666666666666
Average Pen Distance: 0.5119273804748016
Maximum Pen Distance: 0.9131485004728187
Average Dog Distance: 0.4927736586031115
Maximum Dog Distance: 0.8807623032663869
Average Sheep Distance: 0.43221487418319815
Maximum Sheep Distance: 0.5929943992632276
Elapsed Time: 5m 1s
********** 43 **********
Average Fitness: 0.22833333333333336
Maximum Fitness: 0.4666666666666666
Average Pen Distance: 0.5162728032096009
Maximum Pen Distance: 0.9131485004728187
Average Dog Distance: 0.4863496078947278
Maximum Dog Distance: 0.8807623032663869
Average Sheep Distance: 0.4285258035761806
Maximum Sheep Distance: 0.5929943992632276
Elapsed Time: 5m 2s
********** 44 **********
Average Fitness: 0.23133333333333334
Maximum Fitness: 0.5
Average Pen Distance: 0.5224218010765767
Maximum Pen Distance: 0.9131485004728187
Average Dog Distance: 0.4826435446841699
Maximum Dog Distance: 0.8664590840790992
Average Sheep Distance: 0.4304352920557535
Maximum Sheep Distance: 0.5929943992632276
Elapsed Time: 5m 9s
********** 45 **********
Average Fitness: 0.223
Maximum Fitness: 0.5
Average Pen Distance: 0.5344160968582846
Maximum Pen Distance: 0.9131485004728187
Average Dog Distance: 0.4788464137725497
Maximum Dog Distance: 0.8664590840790992
Average Sheep Distance: 0.4319128552481245
Maximum Sheep Distance: 0.5929943992632276
Elapsed Time: 5m 3s
********** 46 **********
Average Fitness: 0.22133333333333335
Maximum Fitness: 0.5
Average Pen Distance: 0.5424986779861877
Maximum Pen Distance: 0.9131485004728187
Average Dog Distance: 0.4882866298409714
Maximum Dog Distance: 0.8664590840790992
Average Sheep Distance: 0.4329745416757653
Maximum Sheep Distance: 0.5929943992632276
Elapsed Time: 5m 5s
********** 47 **********
Average Fitness: 0.22233333333333336
Maximum Fitness: 0.5
Average Pen Distance: 0.5405732559732912
Maximum Pen Distance: 0.9131485004728187
Average Dog Distance: 0.4876889052929082
Maximum Dog Distance: 0.8664590840790992
Average Sheep Distance: 0.4323642196074482
Maximum Sheep Distance: 0.5929943992632276
Elapsed Time: 5m 2s
********** 48 **********
Average Fitness: 0.2186666666666667
Maximum Fitness: 0.5
Average Pen Distance: 0.5382629376816953
Maximum Pen Distance: 0.9131485004728187
Average Dog Distance: 0.48987178972462603
Maximum Dog Distance: 0.8664590840790992
Average Sheep Distance: 0.43003119097565845
Maximum Sheep Distance: 0.5929943992632276
Elapsed Time: 5m 2s
********** 49 **********
Average Fitness: 0.2173333333333333
Maximum Fitness: 0.5
Average Pen Distance: 0.5391149545090462
Maximum Pen Distance: 0.9131485004728187
Average Dog Distance: 0.4936792969708767
Maximum Dog Distance: 0.8711861030744341
Average Sheep Distance: 0.4323854419765801
Maximum Sheep Distance: 0.5929943992632276
Elapsed Time: 5m 4s
********** 50 **********
Average Fitness: 0.225
Maximum Fitness: 0.5
Average Pen Distance: 0.5361103096629274
Maximum Pen Distance: 0.9131485004728187
Average Dog Distance: 0.4904019622157395
Maximum Dog Distance: 0.8782567641424066
Average Sheep Distance: 0.4315774615469883
Maximum Sheep Distance: 0.5929943992632276
Elapsed Time: 5m 7s
********** 51 **********
Average Fitness: 0.21966666666666673
Maximum Fitness: 0.5
Average Pen Distance: 0.5445348503262122
Maximum Pen Distance: 0.9131485004728187
Average Dog Distance: 0.4891556055853046
Maximum Dog Distance: 0.8782567641424066
Average Sheep Distance: 0.42980743599260096
Maximum Sheep Distance: 0.5929943992632276
Elapsed Time: 4m 58s
********** 52 **********
Average Fitness: 0.22366666666666668
Maximum Fitness: 0.5
Average Pen Distance: 0.535069472104641
Maximum Pen Distance: 0.9131485004728187
Average Dog Distance: 0.4858316971272238
Maximum Dog Distance: 0.866954358641156
Average Sheep Distance: 0.4330173947465885
Maximum Sheep Distance: 0.5929943992632276
Elapsed Time: 4m 51s
********** 53 **********
Average Fitness: 0.22766666666666668
Maximum Fitness: 0.5
Average Pen Distance: 0.5306522872075184
Maximum Pen Distance: 0.9131485004728187
Average Dog Distance: 0.487261560029571
Maximum Dog Distance: 0.9092166032199703
Average Sheep Distance: 0.435919281836132
Maximum Sheep Distance: 0.5929943992632276
Elapsed Time: 4m 52s
********** 54 **********
Average Fitness: 0.22933333333333333
Maximum Fitness: 0.5
Average Pen Distance: 0.5332347795321882
Maximum Pen Distance: 0.9131485004728187
Average Dog Distance: 0.4826506391323235
Maximum Dog Distance: 0.9092166032199703
Average Sheep Distance: 0.4372947352878181
Maximum Sheep Distance: 0.5929943992632276
Elapsed Time: 4m 51s
********** 55 **********
Average Fitness: 0.23199999999999996
Maximum Fitness: 0.5
Average Pen Distance: 0.5322975428769456
Maximum Pen Distance: 0.9131485004728187
Average Dog Distance: 0.4806418831613024
Maximum Dog Distance: 0.9092166032199703
Average Sheep Distance: 0.4370183649150157
Maximum Sheep Distance: 0.5929943992632276
Elapsed Time: 5m 0s
********** 56 **********
Average Fitness: 0.22700000000000004
Maximum Fitness: 0.5
Average Pen Distance: 0.5336053671283577
Maximum Pen Distance: 0.9131485004728187
Average Dog Distance: 0.48372865568242623
Maximum Dog Distance: 0.9092166032199703
Average Sheep Distance: 0.43475417787783727
Maximum Sheep Distance: 0.5929943992632276
Elapsed Time: 4m 52s
********** 57 **********
Average Fitness: 0.23199999999999998
Maximum Fitness: 0.5
Average Pen Distance: 0.5214296991486923
Maximum Pen Distance: 0.9131485004728187
Average Dog Distance: 0.4742504788284432
Maximum Dog Distance: 0.9092166032199703
Average Sheep Distance: 0.43299092727034955
Maximum Sheep Distance: 0.5889456732749369
Elapsed Time: 4m 53s
********** 58 **********
Average Fitness: 0.23399999999999999
Maximum Fitness: 0.5
Average Pen Distance: 0.5293749042358222
Maximum Pen Distance: 0.9131485004728187
Average Dog Distance: 0.48517340222520894
Maximum Dog Distance: 0.9092166032199703
Average Sheep Distance: 0.4319654526670782
Maximum Sheep Distance: 0.5889456732749369
Elapsed Time: 5m 4s
********** 59 **********
Average Fitness: 0.23133333333333336
Maximum Fitness: 0.5
Average Pen Distance: 0.532655419492089
Maximum Pen Distance: 0.9131485004728187
Average Dog Distance: 0.48323830408207336
Maximum Dog Distance: 0.9092166032199703
Average Sheep Distance: 0.43445728769247566
Maximum Sheep Distance: 0.5889456732749369
Elapsed Time: 5m 8s
********** 60 **********
Average Fitness: 0.2316666666666667
Maximum Fitness: 0.5
Average Pen Distance: 0.5349651275912785
Maximum Pen Distance: 0.9131485004728187
Average Dog Distance: 0.49133559045064124
Maximum Dog Distance: 0.9092166032199703
Average Sheep Distance: 0.43237368759698325
Maximum Sheep Distance: 0.5889456732749369
Elapsed Time: 5m 2s
********** 61 **********
Average Fitness: 0.23833333333333337
Maximum Fitness: 0.5
Average Pen Distance: 0.5352002477226886
Maximum Pen Distance: 0.9131485004728187
Average Dog Distance: 0.4838114523905853
Maximum Dog Distance: 0.9092166032199703
Average Sheep Distance: 0.43069976274940613
Maximum Sheep Distance: 0.5889456732749369
Elapsed Time: 5m 6s
********** 62 **********
Average Fitness: 0.24400000000000002
Maximum Fitness: 0.5
Average Pen Distance: 0.5323045103338268
Maximum Pen Distance: 0.9131485004728187
Average Dog Distance: 0.47973899251346486
Maximum Dog Distance: 0.9092166032199703
Average Sheep Distance: 0.4303267289482353
Maximum Sheep Distance: 0.5889456732749369
Elapsed Time: 5m 2s
********** 63 **********
Average Fitness: 0.23333333333333336
Maximum Fitness: 0.5
Average Pen Distance: 0.5428962590935463
Maximum Pen Distance: 0.9131485004728187
Average Dog Distance: 0.4824454315618248
Maximum Dog Distance: 0.9092166032199703
Average Sheep Distance: 0.43073023514957504
Maximum Sheep Distance: 0.5889456732749369
Elapsed Time: 4m 58s
********** 64 **********
Average Fitness: 0.23
Maximum Fitness: 0.5
Average Pen Distance: 0.5371832564107067
Maximum Pen Distance: 0.9131485004728187
Average Dog Distance: 0.47859918492334513
Maximum Dog Distance: 0.9092166032199703
Average Sheep Distance: 0.4309216447662022
Maximum Sheep Distance: 0.5889456732749369
Elapsed Time: 5m 1s
********** 65 **********
Average Fitness: 0.22800000000000004
Maximum Fitness: 0.5
Average Pen Distance: 0.5400228286400153
Maximum Pen Distance: 0.9825002948580397
Average Dog Distance: 0.4781806373691616
Maximum Dog Distance: 0.9092166032199703
Average Sheep Distance: 0.42940827508345925
Maximum Sheep Distance: 0.5889456732749369
Elapsed Time: 5m 7s
********** 66 **********
Average Fitness: 0.2316666666666667
Maximum Fitness: 0.5
Average Pen Distance: 0.5463668967956253
Maximum Pen Distance: 0.9825002948580397
Average Dog Distance: 0.47758965067820425
Maximum Dog Distance: 0.9092166032199703
Average Sheep Distance: 0.4283305048965842
Maximum Sheep Distance: 0.5889456732749369
Elapsed Time: 5m 5s
********** 67 **********
Average Fitness: 0.2346666666666667
Maximum Fitness: 0.5
Average Pen Distance: 0.5419086272640726
Maximum Pen Distance: 0.9825002948580397
Average Dog Distance: 0.46880856047715136
Maximum Dog Distance: 0.9092166032199703
Average Sheep Distance: 0.43052753037732666
Maximum Sheep Distance: 0.5889456732749369
Elapsed Time: 5m 0s
********** 68 **********
Average Fitness: 0.22766666666666666
Maximum Fitness: 0.5
Average Pen Distance: 0.5547968924376354
Maximum Pen Distance: 0.9825002948580397
Average Dog Distance: 0.4586154061658984
Maximum Dog Distance: 0.9092166032199703
Average Sheep Distance: 0.43308109062459876
Maximum Sheep Distance: 0.5889456732749369
Elapsed Time: 5m 7s
********** 69 **********
Average Fitness: 0.23199999999999996
Maximum Fitness: 0.5
Average Pen Distance: 0.547518364371241
Maximum Pen Distance: 0.9825002948580397
Average Dog Distance: 0.46155804159846886
Maximum Dog Distance: 0.9092166032199703
Average Sheep Distance: 0.43134073043910626
Maximum Sheep Distance: 0.5889456732749369
Elapsed Time: 5m 5s
********** 70 **********
Average Fitness: 0.23633333333333328
Maximum Fitness: 0.5
Average Pen Distance: 0.5496039602645013
Maximum Pen Distance: 0.9825002948580397
Average Dog Distance: 0.4622828663932881
Maximum Dog Distance: 0.9092166032199703
Average Sheep Distance: 0.429828679415167
Maximum Sheep Distance: 0.5889456732749369
Elapsed Time: 5m 7s
********** 71 **********
Average Fitness: 0.23333333333333336
Maximum Fitness: 0.5
Average Pen Distance: 0.5503552372838398
Maximum Pen Distance: 0.9825002948580397
Average Dog Distance: 0.47801340468188513
Maximum Dog Distance: 0.9092166032199703
Average Sheep Distance: 0.42772470167125864
Maximum Sheep Distance: 0.5889456732749369
Elapsed Time: 5m 16s
********** 72 **********
Average Fitness: 0.2333333333333333
Maximum Fitness: 0.5
Average Pen Distance: 0.5531859871810899
Maximum Pen Distance: 0.9825002948580397
Average Dog Distance: 0.4726077418547051
Maximum Dog Distance: 0.9092166032199703
Average Sheep Distance: 0.426795805800902
Maximum Sheep Distance: 0.5889456732749369
Elapsed Time: 5m 15s
********** 73 **********
Average Fitness: 0.23300000000000007
Maximum Fitness: 0.5
Average Pen Distance: 0.5581222227410657
Maximum Pen Distance: 0.9825002948580397
Average Dog Distance: 0.4621213751767334
Maximum Dog Distance: 0.9092166032199703
Average Sheep Distance: 0.42781401961509535
Maximum Sheep Distance: 0.5889456732749369
Elapsed Time: 5m 4s
********** 74 **********
Average Fitness: 0.23733333333333342
Maximum Fitness: 0.5
Average Pen Distance: 0.5614830486773643
Maximum Pen Distance: 0.9825002948580397
Average Dog Distance: 0.4650552639112709
Maximum Dog Distance: 0.9092166032199703
Average Sheep Distance: 0.42770452680884413
Maximum Sheep Distance: 0.5889456732749369
Elapsed Time: 5m 4s
********** 75 **********
Average Fitness: 0.23733333333333334
Maximum Fitness: 0.5
Average Pen Distance: 0.5581322950057852
Maximum Pen Distance: 0.9867271574013032
Average Dog Distance: 0.4792436565015752
Maximum Dog Distance: 0.9092166032199703
Average Sheep Distance: 0.42615886891692867
Maximum Sheep Distance: 0.5889456732749369
Elapsed Time: 5m 20s
********** 76 **********
Average Fitness: 0.24233333333333335
Maximum Fitness: 0.5
Average Pen Distance: 0.5529217127321373
Maximum Pen Distance: 0.9825002948580397
Average Dog Distance: 0.47440801812182687
Maximum Dog Distance: 0.9092166032199703
Average Sheep Distance: 0.4248503970328478
Maximum Sheep Distance: 0.5889456732749369
Elapsed Time: 5m 2s
********** 77 **********
Average Fitness: 0.25100000000000006
Maximum Fitness: 0.5
Average Pen Distance: 0.5317645400746783
Maximum Pen Distance: 0.9825002948580397
Average Dog Distance: 0.46989353790891186
Maximum Dog Distance: 0.9092166032199703
Average Sheep Distance: 0.4203983907286777
Maximum Sheep Distance: 0.5889456732749369
Elapsed Time: 4m 59s
********** 78 **********
Average Fitness: 0.2546666666666667
Maximum Fitness: 0.5
Average Pen Distance: 0.5337271915984222
Maximum Pen Distance: 0.9825002948580397
Average Dog Distance: 0.478205819433994
Maximum Dog Distance: 0.9180992034619432
Average Sheep Distance: 0.4190703890033782
Maximum Sheep Distance: 0.5889456732749369
Elapsed Time: 5m 6s
********** 79 **********
Average Fitness: 0.25833333333333336
Maximum Fitness: 0.5
Average Pen Distance: 0.5261186932185367
Maximum Pen Distance: 0.9825002948580397
Average Dog Distance: 0.4864308763309475
Maximum Dog Distance: 0.9092166032199703
Average Sheep Distance: 0.4218511887293647
Maximum Sheep Distance: 0.5889456732749369
Elapsed Time: 5m 1s
********** 80 **********
Average Fitness: 0.25366666666666665
Maximum Fitness: 0.5
Average Pen Distance: 0.5325552820587842
Maximum Pen Distance: 0.9825002948580397
Average Dog Distance: 0.4858918052557227
Maximum Dog Distance: 0.9092166032199703
Average Sheep Distance: 0.4231961769286955
Maximum Sheep Distance: 0.5889456732749369
Elapsed Time: 5m 6s
********** 81 **********
Average Fitness: 0.25566666666666665
Maximum Fitness: 0.5
Average Pen Distance: 0.5275598392886767
Maximum Pen Distance: 0.9825002948580397
Average Dog Distance: 0.49162399773919313
Maximum Dog Distance: 0.9092166032199703
Average Sheep Distance: 0.42054378155997213
Maximum Sheep Distance: 0.5889456732749369
Elapsed Time: 5m 2s
********** 82 **********
Average Fitness: 0.2503333333333333
Maximum Fitness: 0.5
Average Pen Distance: 0.5416824387146832
Maximum Pen Distance: 0.9825002948580397
Average Dog Distance: 0.49443077666384183
Maximum Dog Distance: 0.9092166032199703
Average Sheep Distance: 0.41943277097188264
Maximum Sheep Distance: 0.5889456732749369
Elapsed Time: 5m 3s
********** 83 **********
Average Fitness: 0.25733333333333336
Maximum Fitness: 0.5
Average Pen Distance: 0.5326018804544032
Maximum Pen Distance: 0.9825002948580397
Average Dog Distance: 0.4800877909936546
Maximum Dog Distance: 0.9092166032199703
Average Sheep Distance: 0.4223349849334986
Maximum Sheep Distance: 0.5889456732749369
Elapsed Time: 5m 3s
********** 84 **********
Average Fitness: 0.254
Maximum Fitness: 0.5
Average Pen Distance: 0.5354523409717552
Maximum Pen Distance: 0.9825002948580397
Average Dog Distance: 0.475657483330332
Maximum Dog Distance: 0.9092166032199703
Average Sheep Distance: 0.4215013459960748
Maximum Sheep Distance: 0.5889456732749369
Elapsed Time: 4m 55s
********** 85 **********
Average Fitness: 0.24966666666666673
Maximum Fitness: 0.5
Average Pen Distance: 0.5411224281762079
Maximum Pen Distance: 0.9825002948580397
Average Dog Distance: 0.4849562086424777
Maximum Dog Distance: 0.9092166032199703
Average Sheep Distance: 0.4231080786491171
Maximum Sheep Distance: 0.5889456732749369
Elapsed Time: 5m 8s
********** 86 **********
Average Fitness: 0.24733333333333335
Maximum Fitness: 0.5
Average Pen Distance: 0.5482171975856254
Maximum Pen Distance: 0.9825002948580397
Average Dog Distance: 0.4812307942161796
Maximum Dog Distance: 0.9092166032199703
Average Sheep Distance: 0.4208357243819807
Maximum Sheep Distance: 0.5889456732749369
Elapsed Time: 5m 2s
********** 87 **********
Average Fitness: 0.24966666666666665
Maximum Fitness: 0.5
Average Pen Distance: 0.5458271598817389
Maximum Pen Distance: 0.9825002948580397
Average Dog Distance: 0.4918908226669621
Maximum Dog Distance: 0.9092166032199703
Average Sheep Distance: 0.4204756700665729
Maximum Sheep Distance: 0.5889456732749369
Elapsed Time: 5m 7s
********** 88 **********
Average Fitness: 0.25133333333333335
Maximum Fitness: 0.5
Average Pen Distance: 0.5461700452577398
Maximum Pen Distance: 0.9825002948580397
Average Dog Distance: 0.4829010897925179
Maximum Dog Distance: 0.9092166032199703
Average Sheep Distance: 0.4224756808915429
Maximum Sheep Distance: 0.5889456732749369
Elapsed Time: 4m 59s
********** 89 **********
Average Fitness: 0.24700000000000005
Maximum Fitness: 0.5
Average Pen Distance: 0.5542551307260214
Maximum Pen Distance: 0.9825002948580397
Average Dog Distance: 0.4832732628268832
Maximum Dog Distance: 0.9117456938290855
Average Sheep Distance: 0.4257653453791218
Maximum Sheep Distance: 0.5889456732749369
Elapsed Time: 5m 4s
********** 90 **********
Average Fitness: 0.25333333333333335
Maximum Fitness: 0.5
Average Pen Distance: 0.5375918102863227
Maximum Pen Distance: 0.9825002948580397
Average Dog Distance: 0.4793614472484245
Maximum Dog Distance: 0.9092166032199703
Average Sheep Distance: 0.42793760673792486
Maximum Sheep Distance: 0.5889456732749369
Elapsed Time: 5m 3s
********** 91 **********
Average Fitness: 0.2613333333333333
Maximum Fitness: 0.5
Average Pen Distance: 0.5428761965715996
Maximum Pen Distance: 0.9825002948580397
Average Dog Distance: 0.49305115209573197
Maximum Dog Distance: 0.9092166032199703
Average Sheep Distance: 0.42383950418202654
Maximum Sheep Distance: 0.5889456732749369
Elapsed Time: 5m 9s
********** 92 **********
Average Fitness: 0.26566666666666666
Maximum Fitness: 0.5333333333333333
Average Pen Distance: 0.539696768325001
Maximum Pen Distance: 0.9825002948580397
Average Dog Distance: 0.48134386573826626
Maximum Dog Distance: 0.9092166032199703
Average Sheep Distance: 0.42655063737723803
Maximum Sheep Distance: 0.5889456732749369
Elapsed Time: 5m 6s
********** 93 **********
Average Fitness: 0.2693333333333333
Maximum Fitness: 0.5333333333333333
Average Pen Distance: 0.535526635960923
Maximum Pen Distance: 0.9825002948580397
Average Dog Distance: 0.48775957319883545
Maximum Dog Distance: 0.9092166032199703
Average Sheep Distance: 0.4208337929378596
Maximum Sheep Distance: 0.5753673515512608
Elapsed Time: 5m 4s
********** 94 **********
Average Fitness: 0.26866666666666666
Maximum Fitness: 0.5333333333333333
Average Pen Distance: 0.5407687873042665
Maximum Pen Distance: 0.9825002948580397
Average Dog Distance: 0.4864194568363152
Maximum Dog Distance: 0.9092166032199703
Average Sheep Distance: 0.42047016182545
Maximum Sheep Distance: 0.5753673515512608
Elapsed Time: 5m 5s
********** 95 **********
Average Fitness: 0.27133333333333337
Maximum Fitness: 0.5666666666666667
Average Pen Distance: 0.5397136224646536
Maximum Pen Distance: 0.9825002948580397
Average Dog Distance: 0.4808310373975355
Maximum Dog Distance: 0.9092166032199703
Average Sheep Distance: 0.42237696318750406
Maximum Sheep Distance: 0.6377995848562118
Elapsed Time: 5m 10s
********** 96 **********
Average Fitness: 0.2683333333333333
Maximum Fitness: 0.5666666666666667
Average Pen Distance: 0.5562162201260207
Maximum Pen Distance: 0.9825002948580397
Average Dog Distance: 0.4692161783819887
Maximum Dog Distance: 0.9092166032199703
Average Sheep Distance: 0.42306216761249327
Maximum Sheep Distance: 0.6377995848562118
Elapsed Time: 5m 5s
********** 97 **********
Average Fitness: 0.2763333333333334
Maximum Fitness: 0.5666666666666667
Average Pen Distance: 0.5375224456848418
Maximum Pen Distance: 1.0119631097036892
Average Dog Distance: 0.4674550241578607
Maximum Dog Distance: 0.9092166032199703
Average Sheep Distance: 0.4202311558781824
Maximum Sheep Distance: 0.6377995848562118
Elapsed Time: 5m 6s
********** 98 **********
Average Fitness: 0.27866666666666673
Maximum Fitness: 0.5666666666666667
Average Pen Distance: 0.520694836825164
Maximum Pen Distance: 1.0119631097036892
Average Dog Distance: 0.4785863278791057
Maximum Dog Distance: 0.9092166032199703
Average Sheep Distance: 0.42455873452896337
Maximum Sheep Distance: 0.6377995848562118
Elapsed Time: 4m 59s
********** 99 **********
Average Fitness: 0.2733333333333334
Maximum Fitness: 0.5666666666666667
Average Pen Distance: 0.5347437007118712
Maximum Pen Distance: 1.0119631097036892
Average Dog Distance: 0.4774332110492295
Maximum Dog Distance: 0.9092166032199703
Average Sheep Distance: 0.42630501424352085
Maximum Sheep Distance: 0.6377995848562118
Elapsed Time: 5m 6s
********** 100 **********
Average Fitness: 0.2753333333333334
Maximum Fitness: 0.5666666666666667
Average Pen Distance: 0.5404919635765804
Maximum Pen Distance: 1.0119631097036892
Average Dog Distance: 0.47830881262826025
Maximum Dog Distance: 0.9092166032199703
Average Sheep Distance: 0.42526371300926435
Maximum Sheep Distance: 0.6377995848562118
Elapsed Time: 5m 6s
********** 1 **********
Average Fitness: 0.10033333333333333
Maximum Fitness: 0.36666666666666664
Average Pen Distance: 0.5116166335737626
Maximum Pen Distance: 0.9093564448918632
Average Dog Distance: 0.5591112241823951
Maximum Dog Distance: 0.8348411781054854
Average Sheep Distance: 0.422444197968162
Maximum Sheep Distance: 0.5254760707691316
Elapsed Time: 10m 8s
********** 2 **********
Average Fitness: 0.11966666666666667
Maximum Fitness: 0.36666666666666664
Average Pen Distance: 0.5129472911817967
Maximum Pen Distance: 0.9093564448918632
Average Dog Distance: 0.5414546260707168
Maximum Dog Distance: 0.8348411781054854
Average Sheep Distance: 0.41999694680792465
Maximum Sheep Distance: 0.5254760707691316
Elapsed Time: 5m 9s
********** 3 **********
Average Fitness: 0.14866666666666664
Maximum Fitness: 0.6333333333333333
Average Pen Distance: 0.49413524381733126
Maximum Pen Distance: 0.9093564448918632
Average Dog Distance: 0.5271770911904284
Maximum Dog Distance: 0.8686502387951225
Average Sheep Distance: 0.41929501160549626
Maximum Sheep Distance: 0.5254760707691316
Elapsed Time: 5m 2s
********** 4 **********
Average Fitness: 0.15466666666666665
Maximum Fitness: 0.6333333333333333
Average Pen Distance: 0.5106756331845703
Maximum Pen Distance: 0.9579629485663403
Average Dog Distance: 0.5277816464497452
Maximum Dog Distance: 0.8686502387951225
Average Sheep Distance: 0.41978322378777333
Maximum Sheep Distance: 0.5254760707691316
Elapsed Time: 5m 5s
********** 5 **********
Average Fitness: 0.16566666666666666
Maximum Fitness: 0.6333333333333333
Average Pen Distance: 0.4995287270768855
Maximum Pen Distance: 0.9579629485663403
Average Dog Distance: 0.5212409244432427
Maximum Dog Distance: 0.8447873303993917
Average Sheep Distance: 0.419733590011
Maximum Sheep Distance: 0.5154276182395336
Elapsed Time: 5m 7s
********** 6 **********
Average Fitness: 0.17
Maximum Fitness: 0.6333333333333333
Average Pen Distance: 0.5004280125931906
Maximum Pen Distance: 0.9579629485663403
Average Dog Distance: 0.514660024032899
Maximum Dog Distance: 0.8447873303993917
Average Sheep Distance: 0.42433366112403065
Maximum Sheep Distance: 0.5154276182395336
Elapsed Time: 5m 3s
********** 7 **********
Average Fitness: 0.17300000000000004
Maximum Fitness: 0.6333333333333333
Average Pen Distance: 0.4996107322483296
Maximum Pen Distance: 0.9579629485663403
Average Dog Distance: 0.5064416802014343
Maximum Dog Distance: 0.8447873303993917
Average Sheep Distance: 0.4267941882182996
Maximum Sheep Distance: 0.5178005941118341
Elapsed Time: 5m 14s
********** 8 **********
Average Fitness: 0.18466666666666667
Maximum Fitness: 0.6333333333333333
Average Pen Distance: 0.503087532058664
Maximum Pen Distance: 0.9579629485663403
Average Dog Distance: 0.507136107719004
Maximum Dog Distance: 0.8447873303993917
Average Sheep Distance: 0.424955291281437
Maximum Sheep Distance: 0.5324209791915545
Elapsed Time: 5m 9s
********** 9 **********
Average Fitness: 0.19600000000000006
Maximum Fitness: 0.6333333333333333
Average Pen Distance: 0.4880766672043169
Maximum Pen Distance: 0.9579629485663403
Average Dog Distance: 0.5125730251753154
Maximum Dog Distance: 0.8463419614093942
Average Sheep Distance: 0.4226468822363667
Maximum Sheep Distance: 0.5154276182395336
Elapsed Time: 5m 7s
********** 10 **********
Average Fitness: 0.2013333333333334
Maximum Fitness: 0.6333333333333333
Average Pen Distance: 0.4718899948737447
Maximum Pen Distance: 0.9579629485663403
Average Dog Distance: 0.5070962376980694
Maximum Dog Distance: 0.8463419614093942
Average Sheep Distance: 0.4231853050592882
Maximum Sheep Distance: 0.5362605776674026
Elapsed Time: 5m 14s
********** 11 **********
Average Fitness: 0.19733333333333333
Maximum Fitness: 0.6333333333333333
Average Pen Distance: 0.4875856077901386
Maximum Pen Distance: 0.9579629485663403
Average Dog Distance: 0.5059040089604544
Maximum Dog Distance: 0.8463419614093942
Average Sheep Distance: 0.42650614131824854
Maximum Sheep Distance: 0.5362605776674026
Elapsed Time: 5m 7s
********** 12 **********
Average Fitness: 0.20033333333333336
Maximum Fitness: 0.6333333333333333
Average Pen Distance: 0.4869303006774387
Maximum Pen Distance: 0.9579629485663403
Average Dog Distance: 0.5023611742985704
Maximum Dog Distance: 0.8463419614093942
Average Sheep Distance: 0.4265026320738254
Maximum Sheep Distance: 0.5362605776674026
Elapsed Time: 5m 15s
********** 13 **********
Average Fitness: 0.20233333333333334
Maximum Fitness: 0.6333333333333333
Average Pen Distance: 0.49341580664616863
Maximum Pen Distance: 0.9579629485663403
Average Dog Distance: 0.49321212840358336
Maximum Dog Distance: 0.8463419614093942
Average Sheep Distance: 0.424838104571436
Maximum Sheep Distance: 0.5523961668251478
Elapsed Time: 5m 6s
********** 14 **********
Average Fitness: 0.2096666666666667
Maximum Fitness: 0.6333333333333333
Average Pen Distance: 0.5063029929184594
Maximum Pen Distance: 0.9579629485663403
Average Dog Distance: 0.5015110577763708
Maximum Dog Distance: 0.8463419614093942
Average Sheep Distance: 0.42661997168367477
Maximum Sheep Distance: 0.5523961668251478
Elapsed Time: 5m 9s
********** 15 **********
Average Fitness: 0.20800000000000002
Maximum Fitness: 0.6333333333333333
Average Pen Distance: 0.49769238368901014
Maximum Pen Distance: 0.9579629485663403
Average Dog Distance: 0.48546505827403813
Maximum Dog Distance: 0.8463419614093942
Average Sheep Distance: 0.42747085321431205
Maximum Sheep Distance: 0.5523961668251478
Elapsed Time: 5m 3s
********** 16 **********
Average Fitness: 0.21300000000000005
Maximum Fitness: 0.6333333333333333
Average Pen Distance: 0.5090161516993781
Maximum Pen Distance: 0.9579629485663403
Average Dog Distance: 0.4979188460090183
Maximum Dog Distance: 0.8463419614093942
Average Sheep Distance: 0.42569003862867083
Maximum Sheep Distance: 0.5523961668251478
Elapsed Time: 5m 13s
********** 17 **********
Average Fitness: 0.2106666666666667
Maximum Fitness: 0.6333333333333333
Average Pen Distance: 0.5300577338067625
Maximum Pen Distance: 0.9579629485663403
Average Dog Distance: 0.5117288505605349
Maximum Dog Distance: 0.8463419614093942
Average Sheep Distance: 0.4254498325822246
Maximum Sheep Distance: 0.5523961668251478
Elapsed Time: 5m 3s
********** 18 **********
Average Fitness: 0.21166666666666673
Maximum Fitness: 0.6333333333333333
Average Pen Distance: 0.533281008999904
Maximum Pen Distance: 0.9626594379103809
Average Dog Distance: 0.5032871858853623
Maximum Dog Distance: 0.8463419614093942
Average Sheep Distance: 0.42727820932756166
Maximum Sheep Distance: 0.5630822473706859
Elapsed Time: 5m 20s
********** 19 **********
Average Fitness: 0.2096666666666667
Maximum Fitness: 0.6333333333333333
Average Pen Distance: 0.5383100101684581
Maximum Pen Distance: 0.9626594379103809
Average Dog Distance: 0.5000350551977788
Maximum Dog Distance: 0.8463419614093942
Average Sheep Distance: 0.42945103700050397
Maximum Sheep Distance: 0.5630822473706859
Elapsed Time: 5m 2s
********** 20 **********
Average Fitness: 0.21433333333333335
Maximum Fitness: 0.6333333333333333
Average Pen Distance: 0.5372016332922237
Maximum Pen Distance: 0.9626594379103809
Average Dog Distance: 0.49223015739442716
Maximum Dog Distance: 0.8447873303993917
Average Sheep Distance: 0.4278490053361461
Maximum Sheep Distance: 0.5630822473706859
Elapsed Time: 5m 0s
********** 21 **********
Average Fitness: 0.22566666666666665
Maximum Fitness: 0.6333333333333333
Average Pen Distance: 0.5314717271976991
Maximum Pen Distance: 0.9626594379103809
Average Dog Distance: 0.4921681842871536
Maximum Dog Distance: 0.8447873303993917
Average Sheep Distance: 0.4251958028074639
Maximum Sheep Distance: 0.5630822473706859
Elapsed Time: 5m 6s
********** 22 **********
Average Fitness: 0.222
Maximum Fitness: 0.6333333333333333
Average Pen Distance: 0.5400480726474884
Maximum Pen Distance: 0.9626594379103809
Average Dog Distance: 0.5052935428541027
Maximum Dog Distance: 0.8447873303993917
Average Sheep Distance: 0.4258286982000303
Maximum Sheep Distance: 0.5630822473706859
Elapsed Time: 4m 58s
********** 23 **********
Average Fitness: 0.22766666666666666
Maximum Fitness: 0.6333333333333333
Average Pen Distance: 0.5347021816139133
Maximum Pen Distance: 0.9626594379103809
Average Dog Distance: 0.49994411969730757
Maximum Dog Distance: 0.8447873303993917
Average Sheep Distance: 0.4216185270899212
Maximum Sheep Distance: 0.5630822473706859
Elapsed Time: 5m 0s
********** 24 **********
Average Fitness: 0.23199999999999996
Maximum Fitness: 0.6333333333333333
Average Pen Distance: 0.5288599580842996
Maximum Pen Distance: 0.9626594379103809
Average Dog Distance: 0.49608519126825856
Maximum Dog Distance: 0.8447873303993917
Average Sheep Distance: 0.4187875234090486
Maximum Sheep Distance: 0.5630822473706859
Elapsed Time: 5m 0s
********** 25 **********
Average Fitness: 0.235
Maximum Fitness: 0.6333333333333333
Average Pen Distance: 0.5185136449229302
Maximum Pen Distance: 0.9626594379103809
Average Dog Distance: 0.501267580768472
Maximum Dog Distance: 0.9060529886480754
Average Sheep Distance: 0.419429362551496
Maximum Sheep Distance: 0.5630822473706859
Elapsed Time: 5m 3s
********** 26 **********
Average Fitness: 0.24100000000000002
Maximum Fitness: 0.6333333333333333
Average Pen Distance: 0.49828871361411203
Maximum Pen Distance: 0.9626594379103809
Average Dog Distance: 0.4880916909321342
Maximum Dog Distance: 0.9060529886480754
Average Sheep Distance: 0.4222495499688633
Maximum Sheep Distance: 0.5630822473706859
Elapsed Time: 4m 59s
********** 27 **********
Average Fitness: 0.2476666666666667
Maximum Fitness: 0.6333333333333333
Average Pen Distance: 0.49480812949292796
Maximum Pen Distance: 0.9626594379103809
Average Dog Distance: 0.5032517359909859
Maximum Dog Distance: 0.9060529886480754
Average Sheep Distance: 0.41786331944711996
Maximum Sheep Distance: 0.5630822473706859
Elapsed Time: 5m 3s
********** 28 **********
Average Fitness: 0.247
Maximum Fitness: 0.6333333333333333
Average Pen Distance: 0.4894321548875342
Maximum Pen Distance: 0.9626594379103809
Average Dog Distance: 0.5013756314989514
Maximum Dog Distance: 0.9060529886480754
Average Sheep Distance: 0.42142895744013226
Maximum Sheep Distance: 0.5630822473706859
Elapsed Time: 5m 2s
********** 29 **********
Average Fitness: 0.245
Maximum Fitness: 0.6333333333333333
Average Pen Distance: 0.4901617275632691
Maximum Pen Distance: 0.9626594379103809
Average Dog Distance: 0.49698012477765807
Maximum Dog Distance: 0.9060529886480754
Average Sheep Distance: 0.4203742898556248
Maximum Sheep Distance: 0.5630822473706859
Elapsed Time: 5m 11s
********** 30 **********
Average Fitness: 0.2443333333333333
Maximum Fitness: 0.6333333333333333
Average Pen Distance: 0.49724889514686077
Maximum Pen Distance: 0.9626594379103809
Average Dog Distance: 0.49661565613990866
Maximum Dog Distance: 0.9060529886480754
Average Sheep Distance: 0.42040761744254174
Maximum Sheep Distance: 0.5630822473706859
Elapsed Time: 5m 8s
********** 31 **********
Average Fitness: 0.243
Maximum Fitness: 0.6333333333333333
Average Pen Distance: 0.4929597296932057
Maximum Pen Distance: 0.9626594379103809
Average Dog Distance: 0.49150006376964195
Maximum Dog Distance: 0.9060529886480754
Average Sheep Distance: 0.42394296559912675
Maximum Sheep Distance: 0.5630822473706859
Elapsed Time: 4m 58s
********** 32 **********
Average Fitness: 0.24066666666666667
Maximum Fitness: 0.6333333333333333
Average Pen Distance: 0.49796499533324284
Maximum Pen Distance: 0.9626594379103809
Average Dog Distance: 0.4991951418604611
Maximum Dog Distance: 0.9137839615575887
Average Sheep Distance: 0.4255133112027584
Maximum Sheep Distance: 0.5630822473706859
Elapsed Time: 5m 3s
********** 33 **********
Average Fitness: 0.2326666666666667
Maximum Fitness: 0.6333333333333333
Average Pen Distance: 0.517363765778456
Maximum Pen Distance: 0.9626594379103809
Average Dog Distance: 0.5072536743250088
Maximum Dog Distance: 0.9137839615575887
Average Sheep Distance: 0.42639819170741516
Maximum Sheep Distance: 0.5630822473706859
Elapsed Time: 5m 5s
********** 34 **********
Average Fitness: 0.23766666666666666
Maximum Fitness: 0.6333333333333333
Average Pen Distance: 0.49646706147946773
Maximum Pen Distance: 0.9626594379103809
Average Dog Distance: 0.49578488619838806
Maximum Dog Distance: 0.9137839615575887
Average Sheep Distance: 0.42175407213775556
Maximum Sheep Distance: 0.5630822473706859
Elapsed Time: 5m 10s
********** 35 **********
Average Fitness: 0.23666666666666672
Maximum Fitness: 0.6333333333333333
Average Pen Distance: 0.5127419618274979
Maximum Pen Distance: 0.9626594379103809
Average Dog Distance: 0.5010590591506084
Maximum Dog Distance: 0.9137839615575887
Average Sheep Distance: 0.42265622619326676
Maximum Sheep Distance: 0.5630822473706859
Elapsed Time: 4m 59s
********** 36 **********
Average Fitness: 0.241
Maximum Fitness: 0.6333333333333333
Average Pen Distance: 0.5061376972611924
Maximum Pen Distance: 0.9626594379103809
Average Dog Distance: 0.5038542489572744
Maximum Dog Distance: 0.9137839615575887
Average Sheep Distance: 0.4225405182726961
Maximum Sheep Distance: 0.5630822473706859
Elapsed Time: 5m 5s
********** 37 **********
Average Fitness: 0.2443333333333333
Maximum Fitness: 0.6333333333333333
Average Pen Distance: 0.49568912242536506
Maximum Pen Distance: 0.9626594379103809
Average Dog Distance: 0.5025862340567435
Maximum Dog Distance: 0.9137839615575887
Average Sheep Distance: 0.42331687193100076
Maximum Sheep Distance: 0.5630822473706859
Elapsed Time: 5m 2s
********** 38 **********
Average Fitness: 0.24533333333333332
Maximum Fitness: 0.6333333333333333
Average Pen Distance: 0.4986186073022487
Maximum Pen Distance: 0.9626594379103809
Average Dog Distance: 0.5069958723938491
Maximum Dog Distance: 0.9137839615575887
Average Sheep Distance: 0.4216729176920549
Maximum Sheep Distance: 0.5630822473706859
Elapsed Time: 5m 5s
********** 39 **********
Average Fitness: 0.255
Maximum Fitness: 0.6333333333333333
Average Pen Distance: 0.4898026331876305
Maximum Pen Distance: 0.9626594379103809
Average Dog Distance: 0.5091474416677965
Maximum Dog Distance: 0.9060529886480754
Average Sheep Distance: 0.42101004053708607
Maximum Sheep Distance: 0.5630822473706859
Elapsed Time: 5m 10s
********** 40 **********
Average Fitness: 0.253
Maximum Fitness: 0.6333333333333333
Average Pen Distance: 0.5057400346259125
Maximum Pen Distance: 0.9626594379103809
Average Dog Distance: 0.5164692423360593
Maximum Dog Distance: 0.9156197467992747
Average Sheep Distance: 0.41817972350540755
Maximum Sheep Distance: 0.5630822473706859
Elapsed Time: 5m 6s
********** 41 **********
Average Fitness: 0.2473333333333333
Maximum Fitness: 0.6333333333333333
Average Pen Distance: 0.5143946668361061
Maximum Pen Distance: 0.9626594379103809
Average Dog Distance: 0.5099180218708868
Maximum Dog Distance: 0.9156197467992747
Average Sheep Distance: 0.4226897864648066
Maximum Sheep Distance: 0.5862892569614369
Elapsed Time: 5m 1s
********** 42 **********
Average Fitness: 0.24566666666666667
Maximum Fitness: 0.6333333333333333
Average Pen Distance: 0.5266593640585048
Maximum Pen Distance: 0.9626594379103809
Average Dog Distance: 0.5025681787366505
Maximum Dog Distance: 0.9156197467992747
Average Sheep Distance: 0.4252406815486771
Maximum Sheep Distance: 0.5862892569614369
Elapsed Time: 5m 1s
********** 43 **********
Average Fitness: 0.25033333333333335
Maximum Fitness: 0.6333333333333333
Average Pen Distance: 0.5114848511671221
Maximum Pen Distance: 0.9626594379103809
Average Dog Distance: 0.5045406760576887
Maximum Dog Distance: 0.9450061747722036
Average Sheep Distance: 0.4264678040978349
Maximum Sheep Distance: 0.5862892569614369
Elapsed Time: 5m 5s
********** 44 **********
Average Fitness: 0.25066666666666665
Maximum Fitness: 0.6333333333333333
Average Pen Distance: 0.5081798609907388
Maximum Pen Distance: 0.9626594379103809
Average Dog Distance: 0.5032963374717466
Maximum Dog Distance: 0.9282450578140496
Average Sheep Distance: 0.4267588570109909
Maximum Sheep Distance: 0.5862892569614369
Elapsed Time: 4m 58s
********** 45 **********
Average Fitness: 0.24900000000000003
Maximum Fitness: 0.6333333333333333
Average Pen Distance: 0.5169488395891727
Maximum Pen Distance: 0.9626594379103809
Average Dog Distance: 0.4994041952881798
Maximum Dog Distance: 0.9282450578140496
Average Sheep Distance: 0.42539492647693367
Maximum Sheep Distance: 0.5862892569614369
Elapsed Time: 5m 8s
********** 46 **********
Average Fitness: 0.25
Maximum Fitness: 0.6333333333333333
Average Pen Distance: 0.5198245801194504
Maximum Pen Distance: 0.9626594379103809
Average Dog Distance: 0.4998568122518702
Maximum Dog Distance: 0.9282450578140496
Average Sheep Distance: 0.4241827034274131
Maximum Sheep Distance: 0.5862892569614369
Elapsed Time: 5m 5s
********** 47 **********
Average Fitness: 0.25400000000000006
Maximum Fitness: 0.6333333333333333
Average Pen Distance: 0.5172297776146982
Maximum Pen Distance: 0.9626594379103809
Average Dog Distance: 0.4993706258230727
Maximum Dog Distance: 0.9282450578140496
Average Sheep Distance: 0.4235086266511997
Maximum Sheep Distance: 0.5862892569614369
Elapsed Time: 5m 5s
********** 48 **********
Average Fitness: 0.2533333333333333
Maximum Fitness: 0.6333333333333333
Average Pen Distance: 0.5194164459417708
Maximum Pen Distance: 0.9626594379103809
Average Dog Distance: 0.5046835312506185
Maximum Dog Distance: 0.9282450578140496
Average Sheep Distance: 0.4209582604391738
Maximum Sheep Distance: 0.576549410560524
Elapsed Time: 5m 7s
********** 49 **********
Average Fitness: 0.25566666666666665
Maximum Fitness: 0.6333333333333333
Average Pen Distance: 0.5221237015807373
Maximum Pen Distance: 0.9626594379103809
Average Dog Distance: 0.5089019509300607
Maximum Dog Distance: 0.9282450578140496
Average Sheep Distance: 0.4227064990923792
Maximum Sheep Distance: 0.576549410560524
Elapsed Time: 5m 6s
********** 50 **********
Average Fitness: 0.2546666666666667
Maximum Fitness: 0.6333333333333333
Average Pen Distance: 0.5261831919501277
Maximum Pen Distance: 0.9677638288215334
Average Dog Distance: 0.5164890275580403
Maximum Dog Distance: 0.9458366494651665
Average Sheep Distance: 0.42386503813955906
Maximum Sheep Distance: 0.576549410560524
Elapsed Time: 5m 5s
********** 51 **********
Average Fitness: 0.2563333333333333
Maximum Fitness: 0.6333333333333333
Average Pen Distance: 0.5143087689442926
Maximum Pen Distance: 0.9677638288215334
Average Dog Distance: 0.5067646513824892
Maximum Dog Distance: 0.9458366494651665
Average Sheep Distance: 0.4205043112270031
Maximum Sheep Distance: 0.576549410560524
Elapsed Time: 5m 4s
********** 52 **********
Average Fitness: 0.2543333333333333
Maximum Fitness: 0.6333333333333333
Average Pen Distance: 0.5336233929819695
Maximum Pen Distance: 0.9677638288215334
Average Dog Distance: 0.5082389334635975
Maximum Dog Distance: 0.9282450578140496
Average Sheep Distance: 0.4216517486925605
Maximum Sheep Distance: 0.576549410560524
Elapsed Time: 5m 0s
********** 53 **********
Average Fitness: 0.2533333333333333
Maximum Fitness: 0.6333333333333333
Average Pen Distance: 0.5404507851488842
Maximum Pen Distance: 0.9677638288215334
Average Dog Distance: 0.5033910215168992
Maximum Dog Distance: 0.9282450578140496
Average Sheep Distance: 0.41872751300034994
Maximum Sheep Distance: 0.576549410560524
Elapsed Time: 5m 4s
********** 54 **********
Average Fitness: 0.24466666666666664
Maximum Fitness: 0.6333333333333333
Average Pen Distance: 0.5582888438164489
Maximum Pen Distance: 0.9677638288215334
Average Dog Distance: 0.484268467981874
Maximum Dog Distance: 0.9282450578140496
Average Sheep Distance: 0.4211532585129348
Maximum Sheep Distance: 0.576549410560524
Elapsed Time: 5m 6s
********** 55 **********
Average Fitness: 0.2486666666666667
Maximum Fitness: 0.6333333333333333
Average Pen Distance: 0.5497224050601744
Maximum Pen Distance: 0.9677638288215334
Average Dog Distance: 0.5018759627313616
Maximum Dog Distance: 0.9282450578140496
Average Sheep Distance: 0.42116517453286484
Maximum Sheep Distance: 0.576549410560524
Elapsed Time: 5m 0s
********** 56 **********
Average Fitness: 0.24666666666666667
Maximum Fitness: 0.6333333333333333
Average Pen Distance: 0.5409666330158889
Maximum Pen Distance: 0.9677638288215334
Average Dog Distance: 0.5100187327164564
Maximum Dog Distance: 0.9282450578140496
Average Sheep Distance: 0.42524531549895206
Maximum Sheep Distance: 0.576549410560524
Elapsed Time: 5m 4s
********** 57 **********
Average Fitness: 0.2516666666666667
Maximum Fitness: 0.6333333333333333
Average Pen Distance: 0.5413459645309576
Maximum Pen Distance: 0.9677638288215334
Average Dog Distance: 0.5022326668094422
Maximum Dog Distance: 0.9282450578140496
Average Sheep Distance: 0.4237596416235608
Maximum Sheep Distance: 0.576549410560524
Elapsed Time: 5m 2s
********** 58 **********
Average Fitness: 0.25300000000000006
Maximum Fitness: 0.6333333333333333
Average Pen Distance: 0.5308884160356787
Maximum Pen Distance: 0.9626594379103809
Average Dog Distance: 0.4986341447160296
Maximum Dog Distance: 0.9282450578140496
Average Sheep Distance: 0.42509287712344856
Maximum Sheep Distance: 0.576549410560524
Elapsed Time: 5m 3s
********** 59 **********
Average Fitness: 0.2526666666666667
Maximum Fitness: 0.6333333333333333
Average Pen Distance: 0.5181385977642601
Maximum Pen Distance: 0.9626594379103809
Average Dog Distance: 0.5016923379712064
Maximum Dog Distance: 0.9322479890603242
Average Sheep Distance: 0.42394619349380874
Maximum Sheep Distance: 0.576549410560524
Elapsed Time: 5m 0s
********** 60 **********
Average Fitness: 0.256
Maximum Fitness: 0.6333333333333333
Average Pen Distance: 0.5273975432648424
Maximum Pen Distance: 0.9626594379103809
Average Dog Distance: 0.5034926851283023
Maximum Dog Distance: 0.9282450578140496
Average Sheep Distance: 0.4242658329210968
Maximum Sheep Distance: 0.576549410560524
Elapsed Time: 4m 59s
********** 61 **********
Average Fitness: 0.25533333333333336
Maximum Fitness: 0.6333333333333333
Average Pen Distance: 0.5471963667305294
Maximum Pen Distance: 0.9626594379103809
Average Dog Distance: 0.5074994586626767
Maximum Dog Distance: 0.9282450578140496
Average Sheep Distance: 0.4215895402571643
Maximum Sheep Distance: 0.576549410560524
Elapsed Time: 5m 7s
********** 62 **********
Average Fitness: 0.2536666666666667
Maximum Fitness: 0.6333333333333333
Average Pen Distance: 0.5418234052836619
Maximum Pen Distance: 0.9443198000676102
Average Dog Distance: 0.5037639136443606
Maximum Dog Distance: 0.9282450578140496
Average Sheep Distance: 0.4205629992273737
Maximum Sheep Distance: 0.576549410560524
Elapsed Time: 5m 8s
********** 63 **********
Average Fitness: 0.25566666666666665
Maximum Fitness: 0.6333333333333333
Average Pen Distance: 0.5294143292655101
Maximum Pen Distance: 0.9388937618479841
Average Dog Distance: 0.5125198541427163
Maximum Dog Distance: 0.9282450578140496
Average Sheep Distance: 0.42175522244566854
Maximum Sheep Distance: 0.576549410560524
Elapsed Time: 4m 59s
********** 64 **********
Average Fitness: 0.253
Maximum Fitness: 0.6333333333333333
Average Pen Distance: 0.5295325787604598
Maximum Pen Distance: 0.9388937618479841
Average Dog Distance: 0.5115873322669403
Maximum Dog Distance: 0.9282450578140496
Average Sheep Distance: 0.42251192575398433
Maximum Sheep Distance: 0.576549410560524
Elapsed Time: 5m 10s
********** 65 **********
Average Fitness: 0.2556666666666667
Maximum Fitness: 0.6333333333333333
Average Pen Distance: 0.5306948243726152
Maximum Pen Distance: 0.9388937618479841
Average Dog Distance: 0.5080794886476556
Maximum Dog Distance: 0.9282450578140496
Average Sheep Distance: 0.4179994614083361
Maximum Sheep Distance: 0.576549410560524
Elapsed Time: 5m 12s
********** 66 **********
Average Fitness: 0.2596666666666667
Maximum Fitness: 0.6333333333333333
Average Pen Distance: 0.5270954351914203
Maximum Pen Distance: 0.9388937618479841
Average Dog Distance: 0.5104948201626698
Maximum Dog Distance: 0.9282450578140496
Average Sheep Distance: 0.42227327780415885
Maximum Sheep Distance: 0.576549410560524
Elapsed Time: 5m 4s
********** 67 **********
Average Fitness: 0.254
Maximum Fitness: 0.6333333333333333
Average Pen Distance: 0.5357012850276461
Maximum Pen Distance: 0.9388937618479841
Average Dog Distance: 0.5206853767364915
Maximum Dog Distance: 0.9282450578140496
Average Sheep Distance: 0.42132475656087126
Maximum Sheep Distance: 0.576549410560524
Elapsed Time: 5m 3s
********** 68 **********
Average Fitness: 0.255
Maximum Fitness: 0.6333333333333333
Average Pen Distance: 0.546458655136854
Maximum Pen Distance: 0.9388937618479841
Average Dog Distance: 0.5260735627000757
Maximum Dog Distance: 0.9282450578140496
Average Sheep Distance: 0.4208115787739157
Maximum Sheep Distance: 0.576549410560524
Elapsed Time: 5m 9s
********** 69 **********
Average Fitness: 0.26599999999999996
Maximum Fitness: 0.6333333333333333
Average Pen Distance: 0.5416124547379219
Maximum Pen Distance: 0.9388937618479841
Average Dog Distance: 0.523431489782679
Maximum Dog Distance: 0.9282450578140496
Average Sheep Distance: 0.4207691883850431
Maximum Sheep Distance: 0.576549410560524
Elapsed Time: 5m 2s
********** 70 **********
Average Fitness: 0.26100000000000007
Maximum Fitness: 0.6333333333333333
Average Pen Distance: 0.5500803411194114
Maximum Pen Distance: 0.9388937618479841
Average Dog Distance: 0.5185225359252196
Maximum Dog Distance: 0.9282450578140496
Average Sheep Distance: 0.42262091526521933
Maximum Sheep Distance: 0.576549410560524
Elapsed Time: 5m 10s
********** 71 **********
Average Fitness: 0.2583333333333333
Maximum Fitness: 0.6333333333333333
Average Pen Distance: 0.5501560328965026
Maximum Pen Distance: 0.9388937618479841
Average Dog Distance: 0.510910419811449
Maximum Dog Distance: 0.9282450578140496
Average Sheep Distance: 0.4249553268086151
Maximum Sheep Distance: 0.576549410560524
Elapsed Time: 4m 59s
********** 72 **********
Average Fitness: 0.26766666666666666
Maximum Fitness: 0.6333333333333333
Average Pen Distance: 0.5357494863098337
Maximum Pen Distance: 0.9388937618479841
Average Dog Distance: 0.5084053334314652
Maximum Dog Distance: 0.9282450578140496
Average Sheep Distance: 0.41827672740930616
Maximum Sheep Distance: 0.576549410560524
Elapsed Time: 5m 1s
********** 73 **********
Average Fitness: 0.268
Maximum Fitness: 0.6333333333333333
Average Pen Distance: 0.5312501072848711
Maximum Pen Distance: 0.9388937618479841
Average Dog Distance: 0.5036780074202428
Maximum Dog Distance: 0.9282450578140496
Average Sheep Distance: 0.41968574645386303
Maximum Sheep Distance: 0.576549410560524
Elapsed Time: 4m 58s
********** 74 **********
Average Fitness: 0.26966666666666667
Maximum Fitness: 0.6333333333333333
Average Pen Distance: 0.5262443667272874
Maximum Pen Distance: 0.9388937618479841
Average Dog Distance: 0.510092845643942
Maximum Dog Distance: 0.9282450578140496
Average Sheep Distance: 0.4224098291255193
Maximum Sheep Distance: 0.576549410560524
Elapsed Time: 4m 59s
********** 75 **********
Average Fitness: 0.26599999999999996
Maximum Fitness: 0.6333333333333333
Average Pen Distance: 0.5276337179740136
Maximum Pen Distance: 0.9543873846990016
Average Dog Distance: 0.5094447032716731
Maximum Dog Distance: 0.9528226917353163
Average Sheep Distance: 0.42208362097605145
Maximum Sheep Distance: 0.576549410560524
Elapsed Time: 5m 2s
********** 76 **********
Average Fitness: 0.2626666666666667
Maximum Fitness: 0.6333333333333333
Average Pen Distance: 0.5383834073622739
Maximum Pen Distance: 0.9388937618479841
Average Dog Distance: 0.5171012643619723
Maximum Dog Distance: 0.9528226917353163
Average Sheep Distance: 0.42254513833840085
Maximum Sheep Distance: 0.576549410560524
Elapsed Time: 5m 6s
********** 77 **********
Average Fitness: 0.2686666666666666
Maximum Fitness: 0.6333333333333333
Average Pen Distance: 0.5390113123730136
Maximum Pen Distance: 0.9388937618479841
Average Dog Distance: 0.5202723816729983
Maximum Dog Distance: 0.9282450578140496
Average Sheep Distance: 0.42152399001339114
Maximum Sheep Distance: 0.576549410560524
Elapsed Time: 5m 9s
********** 78 **********
Average Fitness: 0.2806666666666666
Maximum Fitness: 0.6333333333333333
Average Pen Distance: 0.5271266948578471
Maximum Pen Distance: 0.9388937618479841
Average Dog Distance: 0.5138632786834617
Maximum Dog Distance: 0.9282450578140496
Average Sheep Distance: 0.4181052254698097
Maximum Sheep Distance: 0.576549410560524
Elapsed Time: 5m 5s
********** 79 **********
Average Fitness: 0.2816666666666666
Maximum Fitness: 0.6333333333333333
Average Pen Distance: 0.523810384844775
Maximum Pen Distance: 0.9310063363575583
Average Dog Distance: 0.5160815240790843
Maximum Dog Distance: 0.9375298045736763
Average Sheep Distance: 0.4171879025491238
Maximum Sheep Distance: 0.576549410560524
Elapsed Time: 5m 5s
********** 80 **********
Average Fitness: 0.2823333333333334
Maximum Fitness: 0.6333333333333333
Average Pen Distance: 0.5205930970854683
Maximum Pen Distance: 0.9310063363575583
Average Dog Distance: 0.5200181809956378
Maximum Dog Distance: 0.9375298045736763
Average Sheep Distance: 0.4219981403015131
Maximum Sheep Distance: 0.576549410560524
Elapsed Time: 5m 0s
********** 81 **********
Average Fitness: 0.2843333333333333
Maximum Fitness: 0.6333333333333333
Average Pen Distance: 0.518415800931045
Maximum Pen Distance: 0.9310063363575583
Average Dog Distance: 0.5212280768732337
Maximum Dog Distance: 0.9375298045736763
Average Sheep Distance: 0.42146016727736746
Maximum Sheep Distance: 0.576549410560524
Elapsed Time: 5m 4s
********** 82 **********
Average Fitness: 0.2813333333333333
Maximum Fitness: 0.6333333333333333
Average Pen Distance: 0.5242940141155497
Maximum Pen Distance: 0.9607864086883168
Average Dog Distance: 0.5097281146568691
Maximum Dog Distance: 0.9375298045736763
Average Sheep Distance: 0.42061119487109866
Maximum Sheep Distance: 0.576549410560524
Elapsed Time: 5m 21s
********** 83 **********
Average Fitness: 0.27499999999999997
Maximum Fitness: 0.6333333333333333
Average Pen Distance: 0.5342370666823374
Maximum Pen Distance: 0.9607864086883168
Average Dog Distance: 0.5115742507518386
Maximum Dog Distance: 0.9375298045736763
Average Sheep Distance: 0.42345305982983583
Maximum Sheep Distance: 0.576549410560524
Elapsed Time: 4m 59s
********** 84 **********
Average Fitness: 0.2773333333333333
Maximum Fitness: 0.6333333333333333
Average Pen Distance: 0.5272242989755292
Maximum Pen Distance: 0.9607864086883168
Average Dog Distance: 0.5200840102128111
Maximum Dog Distance: 0.9375298045736763
Average Sheep Distance: 0.4243546757381524
Maximum Sheep Distance: 0.576549410560524
Elapsed Time: 5m 2s
********** 85 **********
Average Fitness: 0.27499999999999997
Maximum Fitness: 0.6333333333333333
Average Pen Distance: 0.5398084571539132
Maximum Pen Distance: 0.9607864086883168
Average Dog Distance: 0.5211947232483997
Maximum Dog Distance: 0.9375298045736763
Average Sheep Distance: 0.4237838303163002
Maximum Sheep Distance: 0.576549410560524
Elapsed Time: 5m 2s
********** 86 **********
Average Fitness: 0.2733333333333333
Maximum Fitness: 0.6333333333333333
Average Pen Distance: 0.5370051062765896
Maximum Pen Distance: 0.9607864086883168
Average Dog Distance: 0.5119827435256731
Maximum Dog Distance: 0.9375298045736763
Average Sheep Distance: 0.4265740464800048
Maximum Sheep Distance: 0.576549410560524
Elapsed Time: 5m 8s
********** 87 **********
Average Fitness: 0.2756666666666667
Maximum Fitness: 0.6333333333333333
Average Pen Distance: 0.5371643927549534
Maximum Pen Distance: 0.9721158412491441
Average Dog Distance: 0.5034997595887548
Maximum Dog Distance: 0.9375298045736763
Average Sheep Distance: 0.42610026298840564
Maximum Sheep Distance: 0.576549410560524
Elapsed Time: 5m 3s
********** 88 **********
Average Fitness: 0.2763333333333333
Maximum Fitness: 0.6333333333333333
Average Pen Distance: 0.5300770262156663
Maximum Pen Distance: 0.9360761534647911
Average Dog Distance: 0.5061732931069176
Maximum Dog Distance: 0.9375298045736763
Average Sheep Distance: 0.42620248077434647
Maximum Sheep Distance: 0.576549410560524
Elapsed Time: 5m 3s
********** 89 **********
Average Fitness: 0.279
Maximum Fitness: 0.6333333333333333
Average Pen Distance: 0.5216911398448145
Maximum Pen Distance: 0.9360761534647911
Average Dog Distance: 0.5144370207440803
Maximum Dog Distance: 0.9375298045736763
Average Sheep Distance: 0.4210284291565952
Maximum Sheep Distance: 0.576549410560524
Elapsed Time: 5m 9s
********** 90 **********
Average Fitness: 0.28633333333333333
Maximum Fitness: 0.6333333333333333
Average Pen Distance: 0.5301434085582337
Maximum Pen Distance: 0.9360761534647911
Average Dog Distance: 0.5182189850453695
Maximum Dog Distance: 0.9375298045736763
Average Sheep Distance: 0.42055431880959127
Maximum Sheep Distance: 0.576549410560524
Elapsed Time: 4m 58s
********** 91 **********
Average Fitness: 0.292
Maximum Fitness: 0.6333333333333333
Average Pen Distance: 0.5198438297596248
Maximum Pen Distance: 0.927304935184415
Average Dog Distance: 0.5176681559682558
Maximum Dog Distance: 0.9375298045736763
Average Sheep Distance: 0.41850864207163135
Maximum Sheep Distance: 0.576549410560524
Elapsed Time: 5m 3s
********** 92 **********
Average Fitness: 0.28300000000000003
Maximum Fitness: 0.6333333333333333
Average Pen Distance: 0.5326108369346343
Maximum Pen Distance: 0.9309837450516619
Average Dog Distance: 0.5177198241167132
Maximum Dog Distance: 0.9375298045736763
Average Sheep Distance: 0.4206578005677551
Maximum Sheep Distance: 0.576549410560524
Elapsed Time: 5m 0s
********** 93 **********
Average Fitness: 0.2870000000000001
Maximum Fitness: 0.6333333333333333
Average Pen Distance: 0.5274176063248156
Maximum Pen Distance: 0.9309837450516619
Average Dog Distance: 0.5082671805063733
Maximum Dog Distance: 0.9375298045736763
Average Sheep Distance: 0.4252983163714269
Maximum Sheep Distance: 0.576549410560524
Elapsed Time: 4m 59s
********** 94 **********
Average Fitness: 0.2856666666666667
Maximum Fitness: 0.6333333333333333
Average Pen Distance: 0.5342588037392239
Maximum Pen Distance: 0.9309837450516619
Average Dog Distance: 0.515015535691239
Maximum Dog Distance: 0.9375298045736763
Average Sheep Distance: 0.42474808509271567
Maximum Sheep Distance: 0.576549410560524
Elapsed Time: 5m 6s
********** 95 **********
Average Fitness: 0.286
Maximum Fitness: 0.6333333333333333
Average Pen Distance: 0.5335549718762261
Maximum Pen Distance: 0.9309837450516619
Average Dog Distance: 0.5191648147403345
Maximum Dog Distance: 0.9375298045736763
Average Sheep Distance: 0.4261365278198052
Maximum Sheep Distance: 0.576549410560524
Elapsed Time: 5m 0s
********** 96 **********
Average Fitness: 0.2886666666666667
Maximum Fitness: 0.6333333333333333
Average Pen Distance: 0.532463501811072
Maximum Pen Distance: 0.9309837450516619
Average Dog Distance: 0.5253895745238701
Maximum Dog Distance: 0.9375298045736763
Average Sheep Distance: 0.4252494434922559
Maximum Sheep Distance: 0.576549410560524
Elapsed Time: 5m 3s
********** 97 **********
Average Fitness: 0.29266666666666663
Maximum Fitness: 0.6333333333333333
Average Pen Distance: 0.5271917740308484
Maximum Pen Distance: 0.9309837450516619
Average Dog Distance: 0.5248829784056628
Maximum Dog Distance: 0.9375298045736763
Average Sheep Distance: 0.4224754931440172
Maximum Sheep Distance: 0.576549410560524
Elapsed Time: 5m 2s
********** 98 **********
Average Fitness: 0.29600000000000004
Maximum Fitness: 0.6333333333333333
Average Pen Distance: 0.5248451272232014
Maximum Pen Distance: 0.9309837450516619
Average Dog Distance: 0.5212224585745581
Maximum Dog Distance: 0.9375298045736763
Average Sheep Distance: 0.4239017719866915
Maximum Sheep Distance: 0.576549410560524
Elapsed Time: 5m 2s
********** 99 **********
Average Fitness: 0.29833333333333334
Maximum Fitness: 0.6333333333333333
Average Pen Distance: 0.5310345298137801
Maximum Pen Distance: 0.9309837450516619
Average Dog Distance: 0.5217644180638756
Maximum Dog Distance: 0.9375298045736763
Average Sheep Distance: 0.424694352991812
Maximum Sheep Distance: 0.576549410560524
Elapsed Time: 4m 57s
********** 100 **********
Average Fitness: 0.2986666666666667
Maximum Fitness: 0.6333333333333333
Average Pen Distance: 0.5375326119513233
Maximum Pen Distance: 0.9309837450516619
Average Dog Distance: 0.5261204994024398
Maximum Dog Distance: 0.9375298045736763
Average Sheep Distance: 0.4199326130375405
Maximum Sheep Distance: 0.576549410560524
Elapsed Time: 4m 59s
********** 1 **********
Average Fitness: 0.12
Maximum Fitness: 0.4000000000000001
Average Pen Distance: 0.49659681671693606
Maximum Pen Distance: 0.8564955390611555
Average Dog Distance: 0.5660361272773188
Maximum Dog Distance: 0.8508345714835056
Average Sheep Distance: 0.4218192236508006
Maximum Sheep Distance: 0.5460644466275681
Elapsed Time: 9m 58s
********** 2 **********
Average Fitness: 0.139
Maximum Fitness: 0.4000000000000001
Average Pen Distance: 0.47012091967847297
Maximum Pen Distance: 0.8656579478804417
Average Dog Distance: 0.5382105058446315
Maximum Dog Distance: 0.8866862275674777
Average Sheep Distance: 0.4308861957856534
Maximum Sheep Distance: 0.5460644466275681
Elapsed Time: 5m 6s
********** 3 **********
Average Fitness: 0.14766666666666667
Maximum Fitness: 0.4000000000000001
Average Pen Distance: 0.47152882655615164
Maximum Pen Distance: 0.8672967638339627
Average Dog Distance: 0.5264405943502979
Maximum Dog Distance: 0.8866862275674777
Average Sheep Distance: 0.4301006589000337
Maximum Sheep Distance: 0.5460644466275681
Elapsed Time: 5m 3s
********** 4 **********
Average Fitness: 0.15233333333333332
Maximum Fitness: 0.46666666666666673
Average Pen Distance: 0.5017300900164703
Maximum Pen Distance: 0.8690333830350552
Average Dog Distance: 0.5295743795018479
Maximum Dog Distance: 0.8866862275674777
Average Sheep Distance: 0.4324440937544161
Maximum Sheep Distance: 0.5460644466275681
Elapsed Time: 4m 57s
********** 5 **********
Average Fitness: 0.15733333333333335
Maximum Fitness: 0.46666666666666673
Average Pen Distance: 0.4924913791714395
Maximum Pen Distance: 0.8690333830350552
Average Dog Distance: 0.5143514611394447
Maximum Dog Distance: 0.8866862275674777
Average Sheep Distance: 0.4329102482309407
Maximum Sheep Distance: 0.5460644466275681
Elapsed Time: 4m 59s
********** 6 **********
Average Fitness: 0.16800000000000004
Maximum Fitness: 0.46666666666666673
Average Pen Distance: 0.4741609849318174
Maximum Pen Distance: 0.867779768023173
Average Dog Distance: 0.5154899162468203
Maximum Dog Distance: 0.8866862275674777
Average Sheep Distance: 0.4300699862004177
Maximum Sheep Distance: 0.5460644466275681
Elapsed Time: 5m 3s
********** 7 **********
Average Fitness: 0.17200000000000004
Maximum Fitness: 0.46666666666666673
Average Pen Distance: 0.4822225475135727
Maximum Pen Distance: 0.867779768023173
Average Dog Distance: 0.5131894584947073
Maximum Dog Distance: 0.8640971925515301
Average Sheep Distance: 0.4305295574107963
Maximum Sheep Distance: 0.5513113304279195
Elapsed Time: 5m 4s
********** 8 **********
Average Fitness: 0.17500000000000004
Maximum Fitness: 0.46666666666666673
Average Pen Distance: 0.49761193036312357
Maximum Pen Distance: 0.867779768023173
Average Dog Distance: 0.5203958235477742
Maximum Dog Distance: 0.8640971925515301
Average Sheep Distance: 0.42986270855976605
Maximum Sheep Distance: 0.5513113304279195
Elapsed Time: 5m 5s
********** 9 **********
Average Fitness: 0.18366666666666664
Maximum Fitness: 0.46666666666666673
Average Pen Distance: 0.49412913205735054
Maximum Pen Distance: 0.867779768023173
Average Dog Distance: 0.5132244121091037
Maximum Dog Distance: 0.8675918743554233
Average Sheep Distance: 0.43030123448105934
Maximum Sheep Distance: 0.5513113304279195
Elapsed Time: 5m 7s
********** 10 **********
Average Fitness: 0.18433333333333338
Maximum Fitness: 0.46666666666666673
Average Pen Distance: 0.509722638325567
Maximum Pen Distance: 0.867779768023173
Average Dog Distance: 0.5211510021862726
Maximum Dog Distance: 0.8675918743554233
Average Sheep Distance: 0.4337050704739849
Maximum Sheep Distance: 0.5513113304279195
Elapsed Time: 5m 11s
********** 11 **********
Average Fitness: 0.18700000000000003
Maximum Fitness: 0.46666666666666673
Average Pen Distance: 0.5132602302111371
Maximum Pen Distance: 0.867779768023173
Average Dog Distance: 0.5271148450340835
Maximum Dog Distance: 0.8675918743554233
Average Sheep Distance: 0.43182768538740995
Maximum Sheep Distance: 0.5513113304279195
Elapsed Time: 5m 5s
********** 12 **********
Average Fitness: 0.18966666666666668
Maximum Fitness: 0.46666666666666673
Average Pen Distance: 0.5163353160746085
Maximum Pen Distance: 0.8777913406132519
Average Dog Distance: 0.508611382314159
Maximum Dog Distance: 0.8675918743554233
Average Sheep Distance: 0.4323198817285372
Maximum Sheep Distance: 0.5513113304279195
Elapsed Time: 5m 7s
********** 13 **********
Average Fitness: 0.1953333333333334
Maximum Fitness: 0.46666666666666673
Average Pen Distance: 0.49648237492414643
Maximum Pen Distance: 0.9001925568749942
Average Dog Distance: 0.5207934724065568
Maximum Dog Distance: 0.8707689173085837
Average Sheep Distance: 0.4337516970044993
Maximum Sheep Distance: 0.5513113304279195
Elapsed Time: 5m 6s
********** 14 **********
Average Fitness: 0.19333333333333338
Maximum Fitness: 0.46666666666666673
Average Pen Distance: 0.5124595175881952
Maximum Pen Distance: 0.9251308709616574
Average Dog Distance: 0.5069052623814767
Maximum Dog Distance: 0.8675918743554233
Average Sheep Distance: 0.4341402186523192
Maximum Sheep Distance: 0.5464514628273195
Elapsed Time: 5m 0s
********** 15 **********
Average Fitness: 0.18766666666666673
Maximum Fitness: 0.46666666666666673
Average Pen Distance: 0.5233404223733831
Maximum Pen Distance: 0.9251308709616574
Average Dog Distance: 0.4875646080322026
Maximum Dog Distance: 0.8675918743554233
Average Sheep Distance: 0.43723268907178464
Maximum Sheep Distance: 0.5464514628273195
Elapsed Time: 5m 8s
********** 16 **********
Average Fitness: 0.18933333333333333
Maximum Fitness: 0.46666666666666673
Average Pen Distance: 0.5086102504193134
Maximum Pen Distance: 0.901970001174892
Average Dog Distance: 0.49227887797130954
Maximum Dog Distance: 0.8675918743554233
Average Sheep Distance: 0.43056176469671953
Maximum Sheep Distance: 0.5460644466275681
Elapsed Time: 5m 0s
********** 17 **********
Average Fitness: 0.1843333333333334
Maximum Fitness: 0.46666666666666673
Average Pen Distance: 0.537026998769107
Maximum Pen Distance: 0.9093300635659626
Average Dog Distance: 0.4916275089975299
Maximum Dog Distance: 0.8787312091664027
Average Sheep Distance: 0.4296567624873566
Maximum Sheep Distance: 0.5670143397093242
Elapsed Time: 5m 13s
********** 18 **********
Average Fitness: 0.18733333333333335
Maximum Fitness: 0.46666666666666673
Average Pen Distance: 0.5341410399498637
Maximum Pen Distance: 0.930576448737153
Average Dog Distance: 0.4799591425503396
Maximum Dog Distance: 0.8787312091664027
Average Sheep Distance: 0.43096323508972234
Maximum Sheep Distance: 0.5670143397093242
Elapsed Time: 4m 58s
********** 19 **********
Average Fitness: 0.1946666666666667
Maximum Fitness: 0.5
Average Pen Distance: 0.5243340088238747
Maximum Pen Distance: 0.930576448737153
Average Dog Distance: 0.486196901182944
Maximum Dog Distance: 0.8787312091664027
Average Sheep Distance: 0.4285248874545558
Maximum Sheep Distance: 0.5460644466275681
Elapsed Time: 5m 3s
********** 20 **********
Average Fitness: 0.19366666666666674
Maximum Fitness: 0.5
Average Pen Distance: 0.537703302776213
Maximum Pen Distance: 0.930576448737153
Average Dog Distance: 0.4952300857396048
Maximum Dog Distance: 0.8787312091664027
Average Sheep Distance: 0.42660663163350904
Maximum Sheep Distance: 0.5460644466275681
Elapsed Time: 5m 7s
********** 21 **********
Average Fitness: 0.18800000000000008
Maximum Fitness: 0.5
Average Pen Distance: 0.5346883283455244
Maximum Pen Distance: 0.930576448737153
Average Dog Distance: 0.47871519563752607
Maximum Dog Distance: 0.8787312091664027
Average Sheep Distance: 0.4261843671987309
Maximum Sheep Distance: 0.5460644466275681
Elapsed Time: 5m 9s
********** 22 **********
Average Fitness: 0.19266666666666674
Maximum Fitness: 0.5
Average Pen Distance: 0.5236107444790657
Maximum Pen Distance: 0.930576448737153
Average Dog Distance: 0.4771991674559225
Maximum Dog Distance: 0.8787312091664027
Average Sheep Distance: 0.4317978176783297
Maximum Sheep Distance: 0.5460644466275681
Elapsed Time: 5m 9s
********** 23 **********
Average Fitness: 0.1966666666666667
Maximum Fitness: 0.5
Average Pen Distance: 0.5169340718875959
Maximum Pen Distance: 0.930576448737153
Average Dog Distance: 0.47243243997183376
Maximum Dog Distance: 0.8787312091664027
Average Sheep Distance: 0.43009347500337747
Maximum Sheep Distance: 0.5460644466275681
Elapsed Time: 5m 11s
********** 24 **********
Average Fitness: 0.19866666666666674
Maximum Fitness: 0.5
Average Pen Distance: 0.529128418101321
Maximum Pen Distance: 0.930576448737153
Average Dog Distance: 0.47062304758826146
Maximum Dog Distance: 0.8787312091664027
Average Sheep Distance: 0.429396942679042
Maximum Sheep Distance: 0.5460644466275681
Elapsed Time: 5m 7s
********** 25 **********
Average Fitness: 0.19833333333333336
Maximum Fitness: 0.5
Average Pen Distance: 0.5356216397021462
Maximum Pen Distance: 0.930576448737153
Average Dog Distance: 0.4699068422149888
Maximum Dog Distance: 0.8787312091664027
Average Sheep Distance: 0.4295238459013181
Maximum Sheep Distance: 0.5460644466275681
Elapsed Time: 5m 3s
********** 26 **********
Average Fitness: 0.19633333333333336
Maximum Fitness: 0.5
Average Pen Distance: 0.529659646405893
Maximum Pen Distance: 0.9321177568262651
Average Dog Distance: 0.4609771564535871
Maximum Dog Distance: 0.8787312091664027
Average Sheep Distance: 0.4308544383628628
Maximum Sheep Distance: 0.5460644466275681
Elapsed Time: 5m 5s
********** 27 **********
Average Fitness: 0.20033333333333336
Maximum Fitness: 0.5
Average Pen Distance: 0.5325573698991519
Maximum Pen Distance: 0.9321177568262651
Average Dog Distance: 0.4549533660458518
Maximum Dog Distance: 0.8787312091664027
Average Sheep Distance: 0.4316497710713783
Maximum Sheep Distance: 0.5688364441297472
Elapsed Time: 5m 2s
********** 28 **********
Average Fitness: 0.20200000000000004
Maximum Fitness: 0.5
Average Pen Distance: 0.5298681048612492
Maximum Pen Distance: 0.9321177568262651
Average Dog Distance: 0.46623967518464854
Maximum Dog Distance: 0.8787312091664027
Average Sheep Distance: 0.4311914831054394
Maximum Sheep Distance: 0.5688364441297472
Elapsed Time: 5m 6s
********** 29 **********
Average Fitness: 0.20366666666666666
Maximum Fitness: 0.5
Average Pen Distance: 0.5204203734523933
Maximum Pen Distance: 0.9321177568262651
Average Dog Distance: 0.4625393830172442
Maximum Dog Distance: 0.8787312091664027
Average Sheep Distance: 0.43315136142893756
Maximum Sheep Distance: 0.5688364441297472
Elapsed Time: 5m 3s
********** 30 **********
Average Fitness: 0.20800000000000002
Maximum Fitness: 0.5
Average Pen Distance: 0.5251072813116641
Maximum Pen Distance: 0.9321177568262651
Average Dog Distance: 0.47016973835503717
Maximum Dog Distance: 0.8787312091664027
Average Sheep Distance: 0.43441401729805607
Maximum Sheep Distance: 0.5688364441297472
Elapsed Time: 5m 4s
********** 31 **********
Average Fitness: 0.20366666666666672
Maximum Fitness: 0.5
Average Pen Distance: 0.5405583598440928
Maximum Pen Distance: 0.9321177568262651
Average Dog Distance: 0.468905907571901
Maximum Dog Distance: 0.8787312091664027
Average Sheep Distance: 0.435223427202884
Maximum Sheep Distance: 0.6185698386693611
Elapsed Time: 5m 9s
********** 32 **********
Average Fitness: 0.2016666666666667
Maximum Fitness: 0.5
Average Pen Distance: 0.5428618974150426
Maximum Pen Distance: 0.9321177568262651
Average Dog Distance: 0.4769366044506411
Maximum Dog Distance: 0.8787312091664027
Average Sheep Distance: 0.4380837920334136
Maximum Sheep Distance: 0.6185698386693611
Elapsed Time: 5m 2s
********** 33 **********
Average Fitness: 0.20266666666666666
Maximum Fitness: 0.5
Average Pen Distance: 0.5328442909533684
Maximum Pen Distance: 0.930576448737153
Average Dog Distance: 0.4639535899734565
Maximum Dog Distance: 0.8651383823803611
Average Sheep Distance: 0.4372475443577969
Maximum Sheep Distance: 0.6185698386693611
Elapsed Time: 5m 2s
********** 34 **********
Average Fitness: 0.20000000000000004
Maximum Fitness: 0.5
Average Pen Distance: 0.5452203698480085
Maximum Pen Distance: 0.930576448737153
Average Dog Distance: 0.4693565821261346
Maximum Dog Distance: 0.8651383823803611
Average Sheep Distance: 0.439163792866744
Maximum Sheep Distance: 0.6185698386693611
Elapsed Time: 5m 22s
********** 35 **********
Average Fitness: 0.20300000000000004
Maximum Fitness: 0.5
Average Pen Distance: 0.539227496507119
Maximum Pen Distance: 0.930576448737153
Average Dog Distance: 0.4714652337186828
Maximum Dog Distance: 0.8651383823803611
Average Sheep Distance: 0.43611883059904166
Maximum Sheep Distance: 0.6185698386693611
Elapsed Time: 5m 7s
********** 36 **********
Average Fitness: 0.20900000000000002
Maximum Fitness: 0.5
Average Pen Distance: 0.5370641563140336
Maximum Pen Distance: 0.930576448737153
Average Dog Distance: 0.47583606649416255
Maximum Dog Distance: 0.8651383823803611
Average Sheep Distance: 0.4378545683273287
Maximum Sheep Distance: 0.6185698386693611
Elapsed Time: 5m 0s
********** 37 **********
Average Fitness: 0.20433333333333334
Maximum Fitness: 0.6333333333333334
Average Pen Distance: 0.5383797489053891
Maximum Pen Distance: 0.930576448737153
Average Dog Distance: 0.46571348342729274
Maximum Dog Distance: 0.8651383823803611
Average Sheep Distance: 0.4401168245062124
Maximum Sheep Distance: 0.6185698386693611
Elapsed Time: 5m 3s
********** 38 **********
Average Fitness: 0.20633333333333334
Maximum Fitness: 0.6333333333333334
Average Pen Distance: 0.543397601366293
Maximum Pen Distance: 0.91784125386156
Average Dog Distance: 0.4715832651973612
Maximum Dog Distance: 0.8651383823803611
Average Sheep Distance: 0.43559536449180436
Maximum Sheep Distance: 0.6185698386693611
Elapsed Time: 5m 3s
********** 39 **********
Average Fitness: 0.20999999999999996
Maximum Fitness: 0.6333333333333334
Average Pen Distance: 0.535565235700563
Maximum Pen Distance: 0.91784125386156
Average Dog Distance: 0.47167491281256196
Maximum Dog Distance: 0.8651383823803611
Average Sheep Distance: 0.4337384367336138
Maximum Sheep Distance: 0.6185698386693611
Elapsed Time: 5m 6s
********** 40 **********
Average Fitness: 0.21133333333333332
Maximum Fitness: 0.6333333333333334
Average Pen Distance: 0.5377244962959938
Maximum Pen Distance: 0.91784125386156
Average Dog Distance: 0.4701544543839817
Maximum Dog Distance: 0.8651383823803611
Average Sheep Distance: 0.4369846615453134
Maximum Sheep Distance: 0.6185698386693611
Elapsed Time: 5m 9s
********** 41 **********
Average Fitness: 0.21200000000000008
Maximum Fitness: 0.6333333333333334
Average Pen Distance: 0.5357172754169723
Maximum Pen Distance: 0.91784125386156
Average Dog Distance: 0.45354971692263446
Maximum Dog Distance: 0.8651383823803611
Average Sheep Distance: 0.43823030127878776
Maximum Sheep Distance: 0.6185698386693611
Elapsed Time: 5m 7s
********** 42 **********
Average Fitness: 0.217
Maximum Fitness: 0.6333333333333334
Average Pen Distance: 0.53035145627007
Maximum Pen Distance: 0.9484710657773056
Average Dog Distance: 0.46453150394657317
Maximum Dog Distance: 0.8651383823803611
Average Sheep Distance: 0.43694924119282014
Maximum Sheep Distance: 0.6185698386693611
Elapsed Time: 5m 12s
********** 43 **********
Average Fitness: 0.22000000000000003
Maximum Fitness: 0.6333333333333334
Average Pen Distance: 0.5341099999021738
Maximum Pen Distance: 0.9484710657773056
Average Dog Distance: 0.47136549667002603
Maximum Dog Distance: 0.8651383823803611
Average Sheep Distance: 0.43541936425236444
Maximum Sheep Distance: 0.6185698386693611
Elapsed Time: 5m 2s
********** 44 **********
Average Fitness: 0.21733333333333335
Maximum Fitness: 0.6333333333333334
Average Pen Distance: 0.5419420185876437
Maximum Pen Distance: 0.9484710657773056
Average Dog Distance: 0.46077334320469654
Maximum Dog Distance: 0.8812962966073821
Average Sheep Distance: 0.4350484194056455
Maximum Sheep Distance: 0.6185698386693611
Elapsed Time: 5m 14s
********** 45 **********
Average Fitness: 0.21666666666666665
Maximum Fitness: 0.6333333333333334
Average Pen Distance: 0.5401944204096665
Maximum Pen Distance: 0.9484710657773056
Average Dog Distance: 0.45682909839021285
Maximum Dog Distance: 0.8812962966073821
Average Sheep Distance: 0.4368069981975563
Maximum Sheep Distance: 0.6185698386693611
Elapsed Time: 5m 16s
********** 46 **********
Average Fitness: 0.2193333333333333
Maximum Fitness: 0.6333333333333334
Average Pen Distance: 0.5488113348912248
Maximum Pen Distance: 0.9484710657773056
Average Dog Distance: 0.46325983467354037
Maximum Dog Distance: 0.8812962966073821
Average Sheep Distance: 0.43604789832812385
Maximum Sheep Distance: 0.6185698386693611
Elapsed Time: 5m 11s
********** 47 **********
Average Fitness: 0.218
Maximum Fitness: 0.6333333333333334
Average Pen Distance: 0.5613874780641249
Maximum Pen Distance: 0.9550811284394009
Average Dog Distance: 0.4704435695635625
Maximum Dog Distance: 0.8812962966073821
Average Sheep Distance: 0.4376735778626814
Maximum Sheep Distance: 0.6185698386693611
Elapsed Time: 5m 6s
********** 48 **********
Average Fitness: 0.2186666666666667
Maximum Fitness: 0.6333333333333334
Average Pen Distance: 0.5558344929594944
Maximum Pen Distance: 0.9550811284394009
Average Dog Distance: 0.4599590760766477
Maximum Dog Distance: 0.8812962966073821
Average Sheep Distance: 0.4341741687574154
Maximum Sheep Distance: 0.6185698386693611
Elapsed Time: 5m 2s
********** 49 **********
Average Fitness: 0.21566666666666667
Maximum Fitness: 0.6333333333333334
Average Pen Distance: 0.557591735705384
Maximum Pen Distance: 0.9550811284394009
Average Dog Distance: 0.4568791136886621
Maximum Dog Distance: 0.8812962966073821
Average Sheep Distance: 0.43525422534433117
Maximum Sheep Distance: 0.6185698386693611
Elapsed Time: 5m 7s
********** 50 **********
Average Fitness: 0.22133333333333335
Maximum Fitness: 0.6333333333333334
Average Pen Distance: 0.546824667229335
Maximum Pen Distance: 0.9550811284394009
Average Dog Distance: 0.4569946169154154
Maximum Dog Distance: 0.8812962966073821
Average Sheep Distance: 0.4328700188363964
Maximum Sheep Distance: 0.6185698386693611
Elapsed Time: 5m 6s
********** 51 **********
Average Fitness: 0.21833333333333332
Maximum Fitness: 0.6333333333333334
Average Pen Distance: 0.5594327737868163
Maximum Pen Distance: 0.9550811284394009
Average Dog Distance: 0.4574425751092778
Maximum Dog Distance: 0.8934877430535115
Average Sheep Distance: 0.43385423907784637
Maximum Sheep Distance: 0.6185698386693611
Elapsed Time: 5m 6s
********** 52 **********
Average Fitness: 0.21733333333333335
Maximum Fitness: 0.6333333333333334
Average Pen Distance: 0.5521143830127376
Maximum Pen Distance: 0.9550811284394009
Average Dog Distance: 0.4559435797332034
Maximum Dog Distance: 0.8934877430535115
Average Sheep Distance: 0.43358583217558416
Maximum Sheep Distance: 0.6185698386693611
Elapsed Time: 5m 7s
********** 53 **********
Average Fitness: 0.22033333333333333
Maximum Fitness: 0.6333333333333334
Average Pen Distance: 0.5439091501188417
Maximum Pen Distance: 0.9550811284394009
Average Dog Distance: 0.4580148723074418
Maximum Dog Distance: 0.8934877430535115
Average Sheep Distance: 0.4340464517345706
Maximum Sheep Distance: 0.6185698386693611
Elapsed Time: 5m 2s
********** 54 **********
Average Fitness: 0.221
Maximum Fitness: 0.6333333333333334
Average Pen Distance: 0.5487855456814414
Maximum Pen Distance: 0.9893203969106051
Average Dog Distance: 0.45353494105213493
Maximum Dog Distance: 0.8934877430535115
Average Sheep Distance: 0.43354507745263116
Maximum Sheep Distance: 0.6185698386693611
Elapsed Time: 5m 7s
********** 55 **********
Average Fitness: 0.21933333333333332
Maximum Fitness: 0.6333333333333334
Average Pen Distance: 0.5609070619220279
Maximum Pen Distance: 0.9893203969106051
Average Dog Distance: 0.4439041460635822
Maximum Dog Distance: 0.9077053359549598
Average Sheep Distance: 0.4332924366888146
Maximum Sheep Distance: 0.6185698386693611
Elapsed Time: 5m 6s
********** 56 **********
Average Fitness: 0.21133333333333337
Maximum Fitness: 0.6333333333333334
Average Pen Distance: 0.5622637578711955
Maximum Pen Distance: 0.9893203969106051
Average Dog Distance: 0.4388364683081388
Maximum Dog Distance: 0.9077053359549598
Average Sheep Distance: 0.43214523954986184
Maximum Sheep Distance: 0.6185698386693611
Elapsed Time: 5m 14s
********** 57 **********
Average Fitness: 0.21233333333333335
Maximum Fitness: 0.6333333333333334
Average Pen Distance: 0.5665382374464853
Maximum Pen Distance: 0.9893203969106051
Average Dog Distance: 0.42501014342896815
Maximum Dog Distance: 0.9077053359549598
Average Sheep Distance: 0.43198810903011586
Maximum Sheep Distance: 0.6185698386693611
Elapsed Time: 5m 10s
********** 58 **********
Average Fitness: 0.2166666666666667
Maximum Fitness: 0.6333333333333334
Average Pen Distance: 0.5610693886566371
Maximum Pen Distance: 0.9893203969106051
Average Dog Distance: 0.4358661263530374
Maximum Dog Distance: 0.9077053359549598
Average Sheep Distance: 0.4329899229326379
Maximum Sheep Distance: 0.6185698386693611
Elapsed Time: 5m 17s
********** 59 **********
Average Fitness: 0.21566666666666667
Maximum Fitness: 0.6333333333333334
Average Pen Distance: 0.5625526036299231
Maximum Pen Distance: 0.9893203969106051
Average Dog Distance: 0.4287308194687811
Maximum Dog Distance: 0.9077053359549598
Average Sheep Distance: 0.4334422723595439
Maximum Sheep Distance: 0.6185698386693611
Elapsed Time: 5m 7s
********** 60 **********
Average Fitness: 0.22033333333333338
Maximum Fitness: 0.6333333333333334
Average Pen Distance: 0.5482987884734427
Maximum Pen Distance: 0.9893203969106051
Average Dog Distance: 0.4350728449765128
Maximum Dog Distance: 0.9077053359549598
Average Sheep Distance: 0.432420765715594
Maximum Sheep Distance: 0.6185698386693611
Elapsed Time: 5m 8s
********** 61 **********
Average Fitness: 0.22366666666666662
Maximum Fitness: 0.6333333333333334
Average Pen Distance: 0.536597424130285
Maximum Pen Distance: 0.9893203969106051
Average Dog Distance: 0.42587019035301504
Maximum Dog Distance: 0.9077053359549598
Average Sheep Distance: 0.4324793773937197
Maximum Sheep Distance: 0.6185698386693611
Elapsed Time: 5m 2s
********** 62 **********
Average Fitness: 0.22300000000000003
Maximum Fitness: 0.6333333333333334
Average Pen Distance: 0.5489470074347864
Maximum Pen Distance: 0.9893203969106051
Average Dog Distance: 0.4322695843912674
Maximum Dog Distance: 0.9077053359549598
Average Sheep Distance: 0.43341633984282424
Maximum Sheep Distance: 0.6185698386693611
Elapsed Time: 5m 4s
********** 63 **********
Average Fitness: 0.22233333333333336
Maximum Fitness: 0.6333333333333334
Average Pen Distance: 0.5525224075225906
Maximum Pen Distance: 0.9893203969106051
Average Dog Distance: 0.43130679751457585
Maximum Dog Distance: 0.9077053359549598
Average Sheep Distance: 0.4317038977458001
Maximum Sheep Distance: 0.6185698386693611
Elapsed Time: 5m 3s
********** 64 **********
Average Fitness: 0.22566666666666665
Maximum Fitness: 0.6333333333333334
Average Pen Distance: 0.5495287581594012
Maximum Pen Distance: 0.9893203969106051
Average Dog Distance: 0.4477519476422555
Maximum Dog Distance: 0.9077053359549598
Average Sheep Distance: 0.4335874159845087
Maximum Sheep Distance: 0.6185698386693611
Elapsed Time: 5m 8s
********** 65 **********
Average Fitness: 0.2273333333333334
Maximum Fitness: 0.6333333333333334
Average Pen Distance: 0.541961850444911
Maximum Pen Distance: 0.9893203969106051
Average Dog Distance: 0.44894670824914024
Maximum Dog Distance: 0.9077053359549598
Average Sheep Distance: 0.43108966121023395
Maximum Sheep Distance: 0.6185698386693611
Elapsed Time: 5m 2s
********** 66 **********
Average Fitness: 0.226
Maximum Fitness: 0.6333333333333334
Average Pen Distance: 0.5377850433661294
Maximum Pen Distance: 0.9893203969106051
Average Dog Distance: 0.4512319047152099
Maximum Dog Distance: 0.9077053359549598
Average Sheep Distance: 0.4327460209430746
Maximum Sheep Distance: 0.6185698386693611
Elapsed Time: 5m 2s
********** 67 **********
Average Fitness: 0.23199999999999998
Maximum Fitness: 0.6333333333333334
Average Pen Distance: 0.5351654325251807
Maximum Pen Distance: 0.9893203969106051
Average Dog Distance: 0.45234252337354824
Maximum Dog Distance: 0.9077053359549598
Average Sheep Distance: 0.4315455412232647
Maximum Sheep Distance: 0.6185698386693611
Elapsed Time: 5m 5s
********** 68 **********
Average Fitness: 0.23366666666666666
Maximum Fitness: 0.6333333333333334
Average Pen Distance: 0.5343011930528896
Maximum Pen Distance: 0.9893203969106051
Average Dog Distance: 0.4392368649484963
Maximum Dog Distance: 0.9077053359549598
Average Sheep Distance: 0.43003161994542155
Maximum Sheep Distance: 0.6185698386693611
Elapsed Time: 5m 4s
********** 69 **********
Average Fitness: 0.23166666666666663
Maximum Fitness: 0.6333333333333334
Average Pen Distance: 0.5291874470482125
Maximum Pen Distance: 0.9893203969106051
Average Dog Distance: 0.44099569678593586
Maximum Dog Distance: 0.9077053359549598
Average Sheep Distance: 0.429898120622491
Maximum Sheep Distance: 0.6185698386693611
Elapsed Time: 4m 59s
********** 70 **********
Average Fitness: 0.2346666666666667
Maximum Fitness: 0.6333333333333334
Average Pen Distance: 0.5293621536789352
Maximum Pen Distance: 0.9893203969106051
Average Dog Distance: 0.45176319055269304
Maximum Dog Distance: 0.9077053359549598
Average Sheep Distance: 0.4296179344656995
Maximum Sheep Distance: 0.6185698386693611
Elapsed Time: 5m 5s
********** 71 **********
Average Fitness: 0.22866666666666668
Maximum Fitness: 0.6333333333333334
Average Pen Distance: 0.5306024767610741
Maximum Pen Distance: 0.9893203969106051
Average Dog Distance: 0.4463758808599554
Maximum Dog Distance: 0.9077053359549598
Average Sheep Distance: 0.43253213207028773
Maximum Sheep Distance: 0.6185698386693611
Elapsed Time: 5m 17s
********** 72 **********
Average Fitness: 0.22700000000000006
Maximum Fitness: 0.6333333333333334
Average Pen Distance: 0.5384546112705814
Maximum Pen Distance: 0.9893203969106051
Average Dog Distance: 0.4513323915620813
Maximum Dog Distance: 0.9077053359549598
Average Sheep Distance: 0.43145269947817527
Maximum Sheep Distance: 0.6185698386693611
Elapsed Time: 5m 3s
********** 73 **********
Average Fitness: 0.23
Maximum Fitness: 0.6333333333333334
Average Pen Distance: 0.5362728304308348
Maximum Pen Distance: 0.9893203969106051
Average Dog Distance: 0.44859985803237756
Maximum Dog Distance: 0.8960809729611533
Average Sheep Distance: 0.4334113730629353
Maximum Sheep Distance: 0.6185698386693611
Elapsed Time: 5m 2s
********** 74 **********
Average Fitness: 0.22366666666666668
Maximum Fitness: 0.6333333333333334
Average Pen Distance: 0.5530366713503319
Maximum Pen Distance: 0.9893203969106051
Average Dog Distance: 0.4591543244383816
Maximum Dog Distance: 0.8960809729611533
Average Sheep Distance: 0.4325150971883152
Maximum Sheep Distance: 0.6185698386693611
Elapsed Time: 5m 9s
********** 75 **********
Average Fitness: 0.22133333333333333
Maximum Fitness: 0.6333333333333334
Average Pen Distance: 0.553675978205499
Maximum Pen Distance: 0.9893203969106051
Average Dog Distance: 0.46366994997863886
Maximum Dog Distance: 0.8960809729611533
Average Sheep Distance: 0.4323682222851417
Maximum Sheep Distance: 0.6185698386693611
Elapsed Time: 5m 7s
********** 76 **********
Average Fitness: 0.2256666666666667
Maximum Fitness: 0.6333333333333334
Average Pen Distance: 0.5523086666771071
Maximum Pen Distance: 0.9893203969106051
Average Dog Distance: 0.4518197171552196
Maximum Dog Distance: 0.8692965644703333
Average Sheep Distance: 0.42920140349877073
Maximum Sheep Distance: 0.6185698386693611
Elapsed Time: 5m 5s
********** 77 **********
Average Fitness: 0.2286666666666667
Maximum Fitness: 0.6333333333333334
Average Pen Distance: 0.5520010003581671
Maximum Pen Distance: 0.9893203969106051
Average Dog Distance: 0.4519962258815977
Maximum Dog Distance: 0.8692965644703333
Average Sheep Distance: 0.42889699649694324
Maximum Sheep Distance: 0.6185698386693611
Elapsed Time: 5m 7s
********** 78 **********
Average Fitness: 0.22400000000000006
Maximum Fitness: 0.6333333333333334
Average Pen Distance: 0.5523801745060518
Maximum Pen Distance: 0.9893203969106051
Average Dog Distance: 0.45070185395602175
Maximum Dog Distance: 0.8692965644703333
Average Sheep Distance: 0.43083252433743646
Maximum Sheep Distance: 0.6185698386693611
Elapsed Time: 5m 9s
********** 79 **********
Average Fitness: 0.22233333333333336
Maximum Fitness: 0.6333333333333334
Average Pen Distance: 0.55853659638771
Maximum Pen Distance: 0.9893203969106051
Average Dog Distance: 0.44320043778385304
Maximum Dog Distance: 0.8692965644703333
Average Sheep Distance: 0.43262856324552507
Maximum Sheep Distance: 0.6185698386693611
Elapsed Time: 5m 11s
********** 80 **********
Average Fitness: 0.22766666666666668
Maximum Fitness: 0.6333333333333334
Average Pen Distance: 0.5505248820624755
Maximum Pen Distance: 0.9893203969106051
Average Dog Distance: 0.45330193110030836
Maximum Dog Distance: 0.8548443407592156
Average Sheep Distance: 0.42983942098858835
Maximum Sheep Distance: 0.6185698386693611
Elapsed Time: 5m 4s
********** 81 **********
Average Fitness: 0.2273333333333334
Maximum Fitness: 0.6333333333333334
Average Pen Distance: 0.5542274953295034
Maximum Pen Distance: 0.9893203969106051
Average Dog Distance: 0.4453564055967971
Maximum Dog Distance: 0.8548443407592156
Average Sheep Distance: 0.432013509792932
Maximum Sheep Distance: 0.6185698386693611
Elapsed Time: 5m 0s
********** 82 **********
Average Fitness: 0.23366666666666666
Maximum Fitness: 0.6333333333333334
Average Pen Distance: 0.5443295202186992
Maximum Pen Distance: 0.9893203969106051
Average Dog Distance: 0.4505519420543036
Maximum Dog Distance: 0.8548443407592156
Average Sheep Distance: 0.43227722648276573
Maximum Sheep Distance: 0.6185698386693611
Elapsed Time: 5m 3s
********** 83 **********
Average Fitness: 0.2346666666666667
Maximum Fitness: 0.6333333333333334
Average Pen Distance: 0.5494086753531695
Maximum Pen Distance: 0.9893203969106051
Average Dog Distance: 0.4496305541684624
Maximum Dog Distance: 0.8548443407592156
Average Sheep Distance: 0.431320699827002
Maximum Sheep Distance: 0.6185698386693611
Elapsed Time: 5m 5s
********** 84 **********
Average Fitness: 0.23566666666666666
Maximum Fitness: 0.6333333333333334
Average Pen Distance: 0.5504940047208438
Maximum Pen Distance: 0.9893203969106051
Average Dog Distance: 0.4526963655219195
Maximum Dog Distance: 0.9169178732391517
Average Sheep Distance: 0.42881903419238293
Maximum Sheep Distance: 0.6185698386693611
Elapsed Time: 5m 10s
********** 85 **********
Average Fitness: 0.237
Maximum Fitness: 0.6333333333333334
Average Pen Distance: 0.5473187349399345
Maximum Pen Distance: 0.9893203969106051
Average Dog Distance: 0.4597538613188841
Maximum Dog Distance: 0.895220560587788
Average Sheep Distance: 0.429619685151406
Maximum Sheep Distance: 0.6185698386693611
Elapsed Time: 5m 0s
********** 86 **********
Average Fitness: 0.2366666666666667
Maximum Fitness: 0.6333333333333334
Average Pen Distance: 0.5549686382771732
Maximum Pen Distance: 0.9893203969106051
Average Dog Distance: 0.47035207943830804
Maximum Dog Distance: 0.895220560587788
Average Sheep Distance: 0.4302440516784045
Maximum Sheep Distance: 0.6185698386693611
Elapsed Time: 5m 5s
********** 87 **********
Average Fitness: 0.23933333333333337
Maximum Fitness: 0.6333333333333334
Average Pen Distance: 0.545679037801095
Maximum Pen Distance: 0.9893203969106051
Average Dog Distance: 0.46633471612064875
Maximum Dog Distance: 0.895220560587788
Average Sheep Distance: 0.4303791787720251
Maximum Sheep Distance: 0.6185698386693611
Elapsed Time: 5m 8s
********** 88 **********
Average Fitness: 0.24300000000000005
Maximum Fitness: 0.6333333333333334
Average Pen Distance: 0.5350567713169261
Maximum Pen Distance: 0.9893203969106051
Average Dog Distance: 0.46972759123673136
Maximum Dog Distance: 0.895220560587788
Average Sheep Distance: 0.4279337791262041
Maximum Sheep Distance: 0.6185698386693611
Elapsed Time: 5m 5s
********** 89 **********
Average Fitness: 0.2443333333333334
Maximum Fitness: 0.6333333333333334
Average Pen Distance: 0.5360052885406845
Maximum Pen Distance: 0.9893203969106051
Average Dog Distance: 0.46843648961657874
Maximum Dog Distance: 0.895220560587788
Average Sheep Distance: 0.4282182703299475
Maximum Sheep Distance: 0.6185698386693611
Elapsed Time: 5m 5s
********** 90 **********
Average Fitness: 0.24033333333333332
Maximum Fitness: 0.6333333333333334
Average Pen Distance: 0.5427653456231906
Maximum Pen Distance: 0.9893203969106051
Average Dog Distance: 0.471031100172167
Maximum Dog Distance: 0.895220560587788
Average Sheep Distance: 0.43086991638984623
Maximum Sheep Distance: 0.6185698386693611
Elapsed Time: 5m 7s
********** 91 **********
Average Fitness: 0.24
Maximum Fitness: 0.6333333333333334
Average Pen Distance: 0.5340567949192205
Maximum Pen Distance: 0.9893203969106051
Average Dog Distance: 0.4639095676896914
Maximum Dog Distance: 0.895220560587788
Average Sheep Distance: 0.429975428997023
Maximum Sheep Distance: 0.6185698386693611
Elapsed Time: 5m 6s
********** 92 **********
Average Fitness: 0.2396666666666667
Maximum Fitness: 0.6333333333333334
Average Pen Distance: 0.5479653028706679
Maximum Pen Distance: 0.9893203969106051
Average Dog Distance: 0.4608862084414706
Maximum Dog Distance: 0.895220560587788
Average Sheep Distance: 0.43301038602546044
Maximum Sheep Distance: 0.6185698386693611
Elapsed Time: 5m 1s
********** 93 **********
Average Fitness: 0.243
Maximum Fitness: 0.6333333333333334
Average Pen Distance: 0.546281369779358
Maximum Pen Distance: 0.9893203969106051
Average Dog Distance: 0.4671426167278944
Maximum Dog Distance: 0.895220560587788
Average Sheep Distance: 0.43264357724379776
Maximum Sheep Distance: 0.6185698386693611
Elapsed Time: 5m 3s
********** 94 **********
Average Fitness: 0.24700000000000005
Maximum Fitness: 0.6333333333333334
Average Pen Distance: 0.5374636141342544
Maximum Pen Distance: 0.9893203969106051
Average Dog Distance: 0.4651095402635106
Maximum Dog Distance: 0.9453962395116697
Average Sheep Distance: 0.4310756170380914
Maximum Sheep Distance: 0.6185698386693611
Elapsed Time: 5m 9s
********** 95 **********
Average Fitness: 0.24733333333333338
Maximum Fitness: 0.6333333333333334
Average Pen Distance: 0.5392281541500268
Maximum Pen Distance: 0.9893203969106051
Average Dog Distance: 0.46558621121441635
Maximum Dog Distance: 0.9453962395116697
Average Sheep Distance: 0.43257310341800725
Maximum Sheep Distance: 0.6185698386693611
Elapsed Time: 5m 8s
********** 96 **********
Average Fitness: 0.24900000000000003
Maximum Fitness: 0.6333333333333334
Average Pen Distance: 0.5388538041865771
Maximum Pen Distance: 0.9893203969106051
Average Dog Distance: 0.46603922792031854
Maximum Dog Distance: 0.9453962395116697
Average Sheep Distance: 0.43205225931523367
Maximum Sheep Distance: 0.6185698386693611
Elapsed Time: 5m 6s
********** 97 **********
Average Fitness: 0.24166666666666667
Maximum Fitness: 0.6333333333333334
Average Pen Distance: 0.5384252145083788
Maximum Pen Distance: 0.9893203969106051
Average Dog Distance: 0.46082879865081433
Maximum Dog Distance: 0.9453962395116697
Average Sheep Distance: 0.43161238290812476
Maximum Sheep Distance: 0.6185698386693611
Elapsed Time: 5m 6s
********** 98 **********
Average Fitness: 0.24366666666666667
Maximum Fitness: 0.6333333333333334
Average Pen Distance: 0.5319099173270239
Maximum Pen Distance: 0.9893203969106051
Average Dog Distance: 0.44707341963099223
Maximum Dog Distance: 0.9453962395116697
Average Sheep Distance: 0.42850496915741654
Maximum Sheep Distance: 0.6185698386693611
Elapsed Time: 5m 5s
********** 99 **********
Average Fitness: 0.24333333333333332
Maximum Fitness: 0.6333333333333334
Average Pen Distance: 0.5382252271646483
Maximum Pen Distance: 0.9893203969106051
Average Dog Distance: 0.4501363117206104
Maximum Dog Distance: 0.9453962395116697
Average Sheep Distance: 0.42665307776908845
Maximum Sheep Distance: 0.6185698386693611
Elapsed Time: 5m 13s
********** 100 **********
Average Fitness: 0.24333333333333332
Maximum Fitness: 0.6333333333333334
Average Pen Distance: 0.532786105050302
Maximum Pen Distance: 0.9893203969106051
Average Dog Distance: 0.45270740464033105
Maximum Dog Distance: 0.9453962395116697
Average Sheep Distance: 0.42937022187092455
Maximum Sheep Distance: 0.6185698386693611
Elapsed Time: 5m 5s
********** 1 **********
Average Fitness: 0.1276666666666667
Maximum Fitness: 0.3666666666666667
Average Pen Distance: 0.47067924991546783
Maximum Pen Distance: 0.9115583971318596
Average Dog Distance: 0.5452172297542426
Maximum Dog Distance: 0.8921264589168644
Average Sheep Distance: 0.42551250183339673
Maximum Sheep Distance: 0.5441855196561461
Elapsed Time: 10m 22s
********** 2 **********
Average Fitness: 0.14733333333333332
Maximum Fitness: 0.43333333333333335
Average Pen Distance: 0.4643117067807754
Maximum Pen Distance: 0.9115583971318596
Average Dog Distance: 0.5353163311206077
Maximum Dog Distance: 0.8921264589168644
Average Sheep Distance: 0.43108472203935877
Maximum Sheep Distance: 0.5441855196561461
Elapsed Time: 5m 4s
********** 3 **********
Average Fitness: 0.16233333333333333
Maximum Fitness: 0.43333333333333335
Average Pen Distance: 0.49133486919836966
Maximum Pen Distance: 0.9115583971318596
Average Dog Distance: 0.5451208701816256
Maximum Dog Distance: 0.8921264589168644
Average Sheep Distance: 0.42466669030527077
Maximum Sheep Distance: 0.5441855196561461
Elapsed Time: 5m 2s
********** 4 **********
Average Fitness: 0.1716666666666667
Maximum Fitness: 0.43333333333333335
Average Pen Distance: 0.4853322442059597
Maximum Pen Distance: 0.9115583971318596
Average Dog Distance: 0.5362376991404233
Maximum Dog Distance: 0.8921264589168644
Average Sheep Distance: 0.429760692597766
Maximum Sheep Distance: 0.5441855196561461
Elapsed Time: 5m 5s
********** 5 **********
Average Fitness: 0.1703333333333334
Maximum Fitness: 0.43333333333333335
Average Pen Distance: 0.47730662421086256
Maximum Pen Distance: 0.9115583971318596
Average Dog Distance: 0.5261002587013112
Maximum Dog Distance: 0.8522646774788466
Average Sheep Distance: 0.43156093388936845
Maximum Sheep Distance: 0.5441855196561461
Elapsed Time: 5m 4s
********** 6 **********
Average Fitness: 0.17500000000000004
Maximum Fitness: 0.46666666666666673
Average Pen Distance: 0.49756791733906847
Maximum Pen Distance: 0.9115583971318596
Average Dog Distance: 0.5416485087370743
Maximum Dog Distance: 0.8522646774788466
Average Sheep Distance: 0.4308505875008896
Maximum Sheep Distance: 0.519163304731086
Elapsed Time: 4m 59s
********** 7 **********
Average Fitness: 0.18766666666666665
Maximum Fitness: 0.46666666666666673
Average Pen Distance: 0.48603459842544355
Maximum Pen Distance: 0.9143189901602207
Average Dog Distance: 0.5374907499236283
Maximum Dog Distance: 0.8522646774788466
Average Sheep Distance: 0.43066873208724327
Maximum Sheep Distance: 0.5517044566404927
Elapsed Time: 5m 7s
********** 8 **********
Average Fitness: 0.18966666666666665
Maximum Fitness: 0.46666666666666673
Average Pen Distance: 0.49520798398994953
Maximum Pen Distance: 0.9115583971318596
Average Dog Distance: 0.5372623677083581
Maximum Dog Distance: 0.8516540143853347
Average Sheep Distance: 0.4356495785678095
Maximum Sheep Distance: 0.5781922991662848
Elapsed Time: 5m 7s
********** 9 **********
Average Fitness: 0.192
Maximum Fitness: 0.46666666666666673
Average Pen Distance: 0.5033692931476965
Maximum Pen Distance: 0.9115583971318596
Average Dog Distance: 0.5335770170454206
Maximum Dog Distance: 0.8988630889286461
Average Sheep Distance: 0.43726294792267434
Maximum Sheep Distance: 0.5781922991662848
Elapsed Time: 5m 10s
********** 10 **********
Average Fitness: 0.19166666666666668
Maximum Fitness: 0.46666666666666673
Average Pen Distance: 0.5085867767452771
Maximum Pen Distance: 0.9115583971318596
Average Dog Distance: 0.5308346350217082
Maximum Dog Distance: 0.8988630889286461
Average Sheep Distance: 0.4383208698117352
Maximum Sheep Distance: 0.6036218726844854
Elapsed Time: 5m 13s
********** 11 **********
Average Fitness: 0.1876666666666667
Maximum Fitness: 0.46666666666666673
Average Pen Distance: 0.5158390428784236
Maximum Pen Distance: 0.9115583971318596
Average Dog Distance: 0.5133264389905284
Maximum Dog Distance: 0.8988630889286461
Average Sheep Distance: 0.44145205958862327
Maximum Sheep Distance: 0.6036218726844854
Elapsed Time: 4m 58s
********** 12 **********
Average Fitness: 0.18666666666666668
Maximum Fitness: 0.46666666666666673
Average Pen Distance: 0.5145564082521763
Maximum Pen Distance: 0.9115583971318596
Average Dog Distance: 0.5195049132595029
Maximum Dog Distance: 0.8988630889286461
Average Sheep Distance: 0.4383077266567624
Maximum Sheep Distance: 0.6036218726844854
Elapsed Time: 5m 3s
********** 13 **********
Average Fitness: 0.18466666666666667
Maximum Fitness: 0.46666666666666673
Average Pen Distance: 0.5259537334897453
Maximum Pen Distance: 0.9115583971318596
Average Dog Distance: 0.5152807022897291
Maximum Dog Distance: 0.899885659138857
Average Sheep Distance: 0.4405576972452476
Maximum Sheep Distance: 0.6036218726844854
Elapsed Time: 5m 0s
********** 14 **********
Average Fitness: 0.19100000000000006
Maximum Fitness: 0.46666666666666673
Average Pen Distance: 0.5191910867542299
Maximum Pen Distance: 0.9115583971318596
Average Dog Distance: 0.5156884482543308
Maximum Dog Distance: 0.899885659138857
Average Sheep Distance: 0.43515329372156836
Maximum Sheep Distance: 0.6036218726844854
Elapsed Time: 5m 4s
********** 15 **********
Average Fitness: 0.19700000000000004
Maximum Fitness: 0.46666666666666673
Average Pen Distance: 0.5167328410799812
Maximum Pen Distance: 0.9115583971318596
Average Dog Distance: 0.5139536957827588
Maximum Dog Distance: 0.899885659138857
Average Sheep Distance: 0.43240089053809355
Maximum Sheep Distance: 0.6036218726844854
Elapsed Time: 5m 1s
********** 16 **********
Average Fitness: 0.1966666666666667
Maximum Fitness: 0.46666666666666673
Average Pen Distance: 0.5129531616437644
Maximum Pen Distance: 0.9115583971318596
Average Dog Distance: 0.5004071666545024
Maximum Dog Distance: 0.899885659138857
Average Sheep Distance: 0.4313380360728427
Maximum Sheep Distance: 0.6036218726844854
Elapsed Time: 5m 6s
********** 17 **********
Average Fitness: 0.18899999999999997
Maximum Fitness: 0.46666666666666673
Average Pen Distance: 0.5208355226398804
Maximum Pen Distance: 0.9115583971318596
Average Dog Distance: 0.49243139349887877
Maximum Dog Distance: 0.8997530134158526
Average Sheep Distance: 0.430995206017163
Maximum Sheep Distance: 0.6036218726844854
Elapsed Time: 5m 9s
********** 18 **********
Average Fitness: 0.19333333333333333
Maximum Fitness: 0.46666666666666673
Average Pen Distance: 0.5118086146559749
Maximum Pen Distance: 0.9115583971318596
Average Dog Distance: 0.49516165727547135
Maximum Dog Distance: 0.8997530134158526
Average Sheep Distance: 0.4318820723092791
Maximum Sheep Distance: 0.6036218726844854
Elapsed Time: 5m 8s
********** 19 **********
Average Fitness: 0.201
Maximum Fitness: 0.46666666666666673
Average Pen Distance: 0.5034051674737152
Maximum Pen Distance: 0.9115583971318596
Average Dog Distance: 0.5006063614842432
Maximum Dog Distance: 0.8997530134158526
Average Sheep Distance: 0.430811743144127
Maximum Sheep Distance: 0.6036218726844854
Elapsed Time: 5m 10s
********** 20 **********
Average Fitness: 0.20933333333333334
Maximum Fitness: 0.46666666666666673
Average Pen Distance: 0.49525058718504156
Maximum Pen Distance: 0.9115583971318596
Average Dog Distance: 0.49652826116794363
Maximum Dog Distance: 0.8997530134158526
Average Sheep Distance: 0.42904595567884735
Maximum Sheep Distance: 0.6036218726844854
Elapsed Time: 5m 2s
********** 21 **********
Average Fitness: 0.20633333333333337
Maximum Fitness: 0.46666666666666673
Average Pen Distance: 0.5080251071553525
Maximum Pen Distance: 0.9115583971318596
Average Dog Distance: 0.4966336167046837
Maximum Dog Distance: 0.8997530134158526
Average Sheep Distance: 0.432360182533423
Maximum Sheep Distance: 0.6036218726844854
Elapsed Time: 5m 4s
********** 22 **********
Average Fitness: 0.20833333333333331
Maximum Fitness: 0.46666666666666673
Average Pen Distance: 0.5033480792216266
Maximum Pen Distance: 0.9115583971318596
Average Dog Distance: 0.4956476679887821
Maximum Dog Distance: 0.8997530134158526
Average Sheep Distance: 0.4290293388450405
Maximum Sheep Distance: 0.6036218726844854
Elapsed Time: 5m 6s
********** 23 **********
Average Fitness: 0.20800000000000005
Maximum Fitness: 0.46666666666666673
Average Pen Distance: 0.5011641082647339
Maximum Pen Distance: 0.9115583971318596
Average Dog Distance: 0.4895393580256224
Maximum Dog Distance: 0.8997530134158526
Average Sheep Distance: 0.4305434374302793
Maximum Sheep Distance: 0.6036218726844854
Elapsed Time: 5m 5s
********** 24 **********
Average Fitness: 0.21600000000000005
Maximum Fitness: 0.46666666666666673
Average Pen Distance: 0.49814717381809287
Maximum Pen Distance: 0.9115583971318596
Average Dog Distance: 0.48710493692736273
Maximum Dog Distance: 0.8997530134158526
Average Sheep Distance: 0.4316331539319354
Maximum Sheep Distance: 0.6036218726844854
Elapsed Time: 5m 12s
********** 25 **********
Average Fitness: 0.21733333333333338
Maximum Fitness: 0.46666666666666673
Average Pen Distance: 0.4969089017410488
Maximum Pen Distance: 0.9115583971318596
Average Dog Distance: 0.4909045258994587
Maximum Dog Distance: 0.8997530134158526
Average Sheep Distance: 0.4303303054553485
Maximum Sheep Distance: 0.6036218726844854
Elapsed Time: 5m 7s
********** 26 **********
Average Fitness: 0.22766666666666668
Maximum Fitness: 0.46666666666666673
Average Pen Distance: 0.5127749068199754
Maximum Pen Distance: 0.9129442293180405
Average Dog Distance: 0.5027254352590541
Maximum Dog Distance: 0.8997530134158526
Average Sheep Distance: 0.4240280111895679
Maximum Sheep Distance: 0.6036218726844854
Elapsed Time: 5m 8s
********** 27 **********
Average Fitness: 0.2263333333333333
Maximum Fitness: 0.46666666666666673
Average Pen Distance: 0.5121213136779275
Maximum Pen Distance: 0.9158011628606926
Average Dog Distance: 0.49903469311122933
Maximum Dog Distance: 0.8859840076347364
Average Sheep Distance: 0.42720039722894143
Maximum Sheep Distance: 0.6036218726844854
Elapsed Time: 5m 4s
********** 28 **********
Average Fitness: 0.22766666666666668
Maximum Fitness: 0.46666666666666673
Average Pen Distance: 0.5069789060902622
Maximum Pen Distance: 0.9158011628606926
Average Dog Distance: 0.4917121060036111
Maximum Dog Distance: 0.8859840076347364
Average Sheep Distance: 0.4290954640366465
Maximum Sheep Distance: 0.6036218726844854
Elapsed Time: 4m 59s
********** 29 **********
Average Fitness: 0.22233333333333336
Maximum Fitness: 0.46666666666666673
Average Pen Distance: 0.5097027480670914
Maximum Pen Distance: 0.9158011628606926
Average Dog Distance: 0.47919123577231654
Maximum Dog Distance: 0.8859840076347364
Average Sheep Distance: 0.43096168554119524
Maximum Sheep Distance: 0.6036218726844854
Elapsed Time: 5m 6s
********** 30 **********
Average Fitness: 0.22533333333333336
Maximum Fitness: 0.46666666666666673
Average Pen Distance: 0.5108486285892436
Maximum Pen Distance: 0.9158011628606926
Average Dog Distance: 0.48712286968362173
Maximum Dog Distance: 0.8859840076347364
Average Sheep Distance: 0.4289636030534383
Maximum Sheep Distance: 0.6036218726844854
Elapsed Time: 4m 58s
********** 31 **********
Average Fitness: 0.2256666666666667
Maximum Fitness: 0.46666666666666673
Average Pen Distance: 0.5225361432806741
Maximum Pen Distance: 0.9158011628606926
Average Dog Distance: 0.48887630335260246
Maximum Dog Distance: 0.8859840076347364
Average Sheep Distance: 0.4297724714819085
Maximum Sheep Distance: 0.6036218726844854
Elapsed Time: 5m 6s
********** 32 **********
Average Fitness: 0.22000000000000003
Maximum Fitness: 0.46666666666666673
Average Pen Distance: 0.5321325996140551
Maximum Pen Distance: 0.9158011628606926
Average Dog Distance: 0.48051864099546415
Maximum Dog Distance: 0.8859840076347364
Average Sheep Distance: 0.43004380166721323
Maximum Sheep Distance: 0.6036218726844854
Elapsed Time: 5m 5s
********** 33 **********
Average Fitness: 0.22500000000000003
Maximum Fitness: 0.46666666666666673
Average Pen Distance: 0.52713605049871
Maximum Pen Distance: 0.9158011628606926
Average Dog Distance: 0.4754308590238112
Maximum Dog Distance: 0.8859840076347364
Average Sheep Distance: 0.42504246383271216
Maximum Sheep Distance: 0.6036218726844854
Elapsed Time: 5m 4s
********** 34 **********
Average Fitness: 0.22500000000000003
Maximum Fitness: 0.46666666666666673
Average Pen Distance: 0.5244301528818098
Maximum Pen Distance: 0.9158011628606926
Average Dog Distance: 0.4726909058280318
Maximum Dog Distance: 0.8859840076347364
Average Sheep Distance: 0.4232033848483765
Maximum Sheep Distance: 0.6036218726844854
Elapsed Time: 5m 10s
********** 35 **********
Average Fitness: 0.23733333333333334
Maximum Fitness: 0.46666666666666673
Average Pen Distance: 0.5191116847670039
Maximum Pen Distance: 0.9158011628606926
Average Dog Distance: 0.4859310298455864
Maximum Dog Distance: 0.8859840076347364
Average Sheep Distance: 0.4250792654375814
Maximum Sheep Distance: 0.6036218726844854
Elapsed Time: 5m 2s
********** 36 **********
Average Fitness: 0.2353333333333334
Maximum Fitness: 0.46666666666666673
Average Pen Distance: 0.5188582366583195
Maximum Pen Distance: 0.9158011628606926
Average Dog Distance: 0.48030438040830153
Maximum Dog Distance: 0.8859840076347364
Average Sheep Distance: 0.4277027835822982
Maximum Sheep Distance: 0.6036218726844854
Elapsed Time: 5m 0s
********** 37 **********
Average Fitness: 0.22766666666666666
Maximum Fitness: 0.46666666666666673
Average Pen Distance: 0.5204497980427125
Maximum Pen Distance: 0.9158011628606926
Average Dog Distance: 0.48272371257223
Maximum Dog Distance: 0.8859840076347364
Average Sheep Distance: 0.43170735822426903
Maximum Sheep Distance: 0.6036218726844854
Elapsed Time: 5m 7s
********** 38 **********
Average Fitness: 0.23200000000000004
Maximum Fitness: 0.46666666666666673
Average Pen Distance: 0.526995038795663
Maximum Pen Distance: 0.9158011628606926
Average Dog Distance: 0.4763381566076432
Maximum Dog Distance: 0.8859840076347364
Average Sheep Distance: 0.4309300545778897
Maximum Sheep Distance: 0.6036218726844854
Elapsed Time: 5m 8s
********** 39 **********
Average Fitness: 0.23433333333333337
Maximum Fitness: 0.46666666666666673
Average Pen Distance: 0.5245391220630384
Maximum Pen Distance: 0.9158011628606926
Average Dog Distance: 0.48648982252468215
Maximum Dog Distance: 0.8859840076347364
Average Sheep Distance: 0.4282920750925385
Maximum Sheep Distance: 0.6036218726844854
Elapsed Time: 5m 13s
********** 40 **********
Average Fitness: 0.23733333333333337
Maximum Fitness: 0.5666666666666667
Average Pen Distance: 0.5337409041692267
Maximum Pen Distance: 0.9158011628606926
Average Dog Distance: 0.5000462062338539
Maximum Dog Distance: 0.8859840076347364
Average Sheep Distance: 0.42654672286003853
Maximum Sheep Distance: 0.6036218726844854
Elapsed Time: 5m 8s
********** 41 **********
Average Fitness: 0.2356666666666667
Maximum Fitness: 0.5666666666666667
Average Pen Distance: 0.5344839506434812
Maximum Pen Distance: 0.9158011628606926
Average Dog Distance: 0.48800043523023917
Maximum Dog Distance: 0.8859840076347364
Average Sheep Distance: 0.4279878387351297
Maximum Sheep Distance: 0.6036218726844854
Elapsed Time: 5m 7s
********** 42 **********
Average Fitness: 0.23300000000000004
Maximum Fitness: 0.5666666666666667
Average Pen Distance: 0.5289508209013962
Maximum Pen Distance: 0.9158011628606926
Average Dog Distance: 0.4882001612582668
Maximum Dog Distance: 0.9386827077808951
Average Sheep Distance: 0.4292767326310495
Maximum Sheep Distance: 0.6036218726844854
Elapsed Time: 5m 4s
********** 43 **********
Average Fitness: 0.235
Maximum Fitness: 0.5666666666666667
Average Pen Distance: 0.5216528055951528
Maximum Pen Distance: 0.9158011628606926
Average Dog Distance: 0.47981837428275476
Maximum Dog Distance: 0.9386827077808951
Average Sheep Distance: 0.4297772778707079
Maximum Sheep Distance: 0.6036218726844854
Elapsed Time: 4m 58s
********** 44 **********
Average Fitness: 0.23433333333333337
Maximum Fitness: 0.5666666666666667
Average Pen Distance: 0.5199056284527366
Maximum Pen Distance: 0.9158011628606926
Average Dog Distance: 0.48030140694183354
Maximum Dog Distance: 0.9302642232106845
Average Sheep Distance: 0.42852526618402537
Maximum Sheep Distance: 0.6036218726844854
Elapsed Time: 5m 2s
********** 45 **********
Average Fitness: 0.23200000000000004
Maximum Fitness: 0.5666666666666667
Average Pen Distance: 0.5374694926946973
Maximum Pen Distance: 0.9158011628606926
Average Dog Distance: 0.4765814194590314
Maximum Dog Distance: 0.8859840076347364
Average Sheep Distance: 0.4294040150754256
Maximum Sheep Distance: 0.6036218726844854
Elapsed Time: 5m 2s
********** 46 **********
Average Fitness: 0.23100000000000004
Maximum Fitness: 0.5666666666666667
Average Pen Distance: 0.5423749154030663
Maximum Pen Distance: 0.9158011628606926
Average Dog Distance: 0.46982249213309096
Maximum Dog Distance: 0.8859840076347364
Average Sheep Distance: 0.4266461807243479
Maximum Sheep Distance: 0.6036218726844854
Elapsed Time: 5m 8s
********** 47 **********
Average Fitness: 0.231
Maximum Fitness: 0.5666666666666667
Average Pen Distance: 0.5324850051409399
Maximum Pen Distance: 0.9158011628606926
Average Dog Distance: 0.46684734550724594
Maximum Dog Distance: 0.8859840076347364
Average Sheep Distance: 0.43008117322254735
Maximum Sheep Distance: 0.6036218726844854
Elapsed Time: 5m 12s
********** 48 **********
Average Fitness: 0.235
Maximum Fitness: 0.5666666666666667
Average Pen Distance: 0.5260245948135227
Maximum Pen Distance: 0.9158011628606926
Average Dog Distance: 0.46690210800403603
Maximum Dog Distance: 0.8859840076347364
Average Sheep Distance: 0.42704683614200817
Maximum Sheep Distance: 0.6036218726844854
Elapsed Time: 5m 5s
********** 49 **********
Average Fitness: 0.23466666666666666
Maximum Fitness: 0.5666666666666667
Average Pen Distance: 0.541727120027007
Maximum Pen Distance: 0.9158011628606926
Average Dog Distance: 0.4761275961136315
Maximum Dog Distance: 0.8859840076347364
Average Sheep Distance: 0.42271867896076865
Maximum Sheep Distance: 0.6036218726844854
Elapsed Time: 5m 30s
********** 50 **********
Average Fitness: 0.2346666666666667
Maximum Fitness: 0.5666666666666667
Average Pen Distance: 0.5509467603645338
Maximum Pen Distance: 0.9158011628606926
Average Dog Distance: 0.4688593432871342
Maximum Dog Distance: 0.8859840076347364
Average Sheep Distance: 0.424190489579132
Maximum Sheep Distance: 0.6036218726844854
Elapsed Time: 5m 5s
********** 51 **********
Average Fitness: 0.23433333333333334
Maximum Fitness: 0.5666666666666667
Average Pen Distance: 0.5457479382073921
Maximum Pen Distance: 0.9158011628606926
Average Dog Distance: 0.473768855707637
Maximum Dog Distance: 0.8859840076347364
Average Sheep Distance: 0.42576780112949253
Maximum Sheep Distance: 0.6036218726844854
Elapsed Time: 5m 4s
********** 52 **********
Average Fitness: 0.23766666666666666
Maximum Fitness: 0.5666666666666667
Average Pen Distance: 0.5412083842424463
Maximum Pen Distance: 0.9158011628606926
Average Dog Distance: 0.48089456352956034
Maximum Dog Distance: 0.8859840076347364
Average Sheep Distance: 0.4293107437716024
Maximum Sheep Distance: 0.6036218726844854
Elapsed Time: 5m 5s
********** 53 **********
Average Fitness: 0.2486666666666667
Maximum Fitness: 0.5666666666666667
Average Pen Distance: 0.5267874846850821
Maximum Pen Distance: 0.9158011628606926
Average Dog Distance: 0.4845147646779058
Maximum Dog Distance: 0.8859840076347364
Average Sheep Distance: 0.425700967217794
Maximum Sheep Distance: 0.6036218726844854
Elapsed Time: 5m 7s
********** 54 **********
Average Fitness: 0.24333333333333332
Maximum Fitness: 0.5666666666666667
Average Pen Distance: 0.5298279032222297
Maximum Pen Distance: 0.9158011628606926
Average Dog Distance: 0.47997879793211273
Maximum Dog Distance: 0.8859840076347364
Average Sheep Distance: 0.42727023902246697
Maximum Sheep Distance: 0.6036218726844854
Elapsed Time: 5m 8s
********** 55 **********
Average Fitness: 0.243
Maximum Fitness: 0.5666666666666667
Average Pen Distance: 0.5262535490655729
Maximum Pen Distance: 0.9158011628606926
Average Dog Distance: 0.47475985471376847
Maximum Dog Distance: 0.8859840076347364
Average Sheep Distance: 0.42639503917123145
Maximum Sheep Distance: 0.6036218726844854
Elapsed Time: 5m 3s
********** 56 **********
Average Fitness: 0.2476666666666667
Maximum Fitness: 0.5666666666666667
Average Pen Distance: 0.5283312454303866
Maximum Pen Distance: 0.9158011628606926
Average Dog Distance: 0.48976384015475466
Maximum Dog Distance: 0.8859840076347364
Average Sheep Distance: 0.42647805048000853
Maximum Sheep Distance: 0.6036218726844854
Elapsed Time: 5m 7s
********** 57 **********
Average Fitness: 0.2476666666666667
Maximum Fitness: 0.5666666666666667
Average Pen Distance: 0.5174238690415919
Maximum Pen Distance: 0.9115583971318596
Average Dog Distance: 0.487966703975597
Maximum Dog Distance: 0.8859840076347364
Average Sheep Distance: 0.4245847481216881
Maximum Sheep Distance: 0.6036218726844854
Elapsed Time: 5m 9s
********** 58 **********
Average Fitness: 0.2526666666666667
Maximum Fitness: 0.5666666666666667
Average Pen Distance: 0.5114267319995601
Maximum Pen Distance: 0.9115583971318596
Average Dog Distance: 0.49114147647390705
Maximum Dog Distance: 0.8859840076347364
Average Sheep Distance: 0.42629361642747404
Maximum Sheep Distance: 0.6036218726844854
Elapsed Time: 5m 16s
********** 59 **********
Average Fitness: 0.25066666666666665
Maximum Fitness: 0.5666666666666667
Average Pen Distance: 0.5171622713119783
Maximum Pen Distance: 0.9115583971318596
Average Dog Distance: 0.4847282926158886
Maximum Dog Distance: 0.8859840076347364
Average Sheep Distance: 0.4259742695224742
Maximum Sheep Distance: 0.6036218726844854
Elapsed Time: 5m 6s
********** 60 **********
Average Fitness: 0.257
Maximum Fitness: 0.5666666666666667
Average Pen Distance: 0.5174318268172194
Maximum Pen Distance: 0.9115583971318596
Average Dog Distance: 0.4882793864035326
Maximum Dog Distance: 0.8859840076347364
Average Sheep Distance: 0.41881634471488705
Maximum Sheep Distance: 0.6036218726844854
Elapsed Time: 5m 3s
********** 61 **********
Average Fitness: 0.25800000000000006
Maximum Fitness: 0.5666666666666667
Average Pen Distance: 0.5218927014109217
Maximum Pen Distance: 0.9115583971318596
Average Dog Distance: 0.4969132125798981
Maximum Dog Distance: 0.8859840076347364
Average Sheep Distance: 0.4211872999338955
Maximum Sheep Distance: 0.6036218726844854
Elapsed Time: 5m 3s
********** 62 **********
Average Fitness: 0.26833333333333337
Maximum Fitness: 0.5666666666666667
Average Pen Distance: 0.5102295081416284
Maximum Pen Distance: 0.9115583971318596
Average Dog Distance: 0.4954061965602946
Maximum Dog Distance: 0.8859840076347364
Average Sheep Distance: 0.42079741783820945
Maximum Sheep Distance: 0.6036218726844854
Elapsed Time: 5m 1s
********** 63 **********
Average Fitness: 0.267
Maximum Fitness: 0.5666666666666667
Average Pen Distance: 0.5141260906887888
Maximum Pen Distance: 0.9115583971318596
Average Dog Distance: 0.5014201454286181
Maximum Dog Distance: 0.8859840076347364
Average Sheep Distance: 0.42168387990582823
Maximum Sheep Distance: 0.6036218726844854
Elapsed Time: 4m 58s
********** 64 **********
Average Fitness: 0.2606666666666667
Maximum Fitness: 0.5666666666666667
Average Pen Distance: 0.5050393105603941
Maximum Pen Distance: 0.9115583971318596
Average Dog Distance: 0.492463471430388
Maximum Dog Distance: 0.8856155026694573
Average Sheep Distance: 0.42442955169539276
Maximum Sheep Distance: 0.6036218726844854
Elapsed Time: 5m 3s
********** 65 **********
Average Fitness: 0.26733333333333337
Maximum Fitness: 0.5666666666666667
Average Pen Distance: 0.5156046634763445
Maximum Pen Distance: 0.9115583971318596
Average Dog Distance: 0.4991562968108801
Maximum Dog Distance: 0.9117806484068014
Average Sheep Distance: 0.4235104520889374
Maximum Sheep Distance: 0.6036218726844854
Elapsed Time: 5m 1s
********** 66 **********
Average Fitness: 0.252
Maximum Fitness: 0.5666666666666667
Average Pen Distance: 0.5166689088611236
Maximum Pen Distance: 0.9535159939074157
Average Dog Distance: 0.48150939529981085
Maximum Dog Distance: 0.9117806484068014
Average Sheep Distance: 0.4270370734100808
Maximum Sheep Distance: 0.6036218726844854
Elapsed Time: 5m 1s
********** 67 **********
Average Fitness: 0.25533333333333336
Maximum Fitness: 0.5666666666666667
Average Pen Distance: 0.5306679634059394
Maximum Pen Distance: 0.9535159939074157
Average Dog Distance: 0.4940487532812283
Maximum Dog Distance: 0.9117806484068014
Average Sheep Distance: 0.4236455513196206
Maximum Sheep Distance: 0.6036218726844854
Elapsed Time: 5m 11s
********** 68 **********
Average Fitness: 0.25766666666666665
Maximum Fitness: 0.5666666666666667
Average Pen Distance: 0.5351452695062904
Maximum Pen Distance: 0.9605942615041764
Average Dog Distance: 0.4935766331011385
Maximum Dog Distance: 0.9117806484068014
Average Sheep Distance: 0.424490854571835
Maximum Sheep Distance: 0.6036218726844854
Elapsed Time: 5m 2s
********** 69 **********
Average Fitness: 0.2596666666666667
Maximum Fitness: 0.5666666666666667
Average Pen Distance: 0.5385705360300657
Maximum Pen Distance: 0.9605942615041764
Average Dog Distance: 0.4986186393289579
Maximum Dog Distance: 0.9117806484068014
Average Sheep Distance: 0.42258804072223005
Maximum Sheep Distance: 0.6036218726844854
Elapsed Time: 4m 57s
********** 70 **********
Average Fitness: 0.2593333333333333
Maximum Fitness: 0.5666666666666667
Average Pen Distance: 0.5325139399733263
Maximum Pen Distance: 0.9605942615041764
Average Dog Distance: 0.492764659487778
Maximum Dog Distance: 0.9117806484068014
Average Sheep Distance: 0.4245087479424685
Maximum Sheep Distance: 0.6036218726844854
Elapsed Time: 5m 10s
********** 71 **********
Average Fitness: 0.27066666666666667
Maximum Fitness: 0.5666666666666667
Average Pen Distance: 0.5298944545204991
Maximum Pen Distance: 0.9605942615041764
Average Dog Distance: 0.4932224276864759
Maximum Dog Distance: 0.8856155026694573
Average Sheep Distance: 0.4183050064849517
Maximum Sheep Distance: 0.6036218726844854
Elapsed Time: 5m 2s
********** 72 **********
Average Fitness: 0.26666666666666666
Maximum Fitness: 0.5666666666666667
Average Pen Distance: 0.5331891416515653
Maximum Pen Distance: 0.9605942615041764
Average Dog Distance: 0.49540028995746666
Maximum Dog Distance: 0.8856155026694573
Average Sheep Distance: 0.4211295878596441
Maximum Sheep Distance: 0.6036218726844854
Elapsed Time: 5m 4s
********** 73 **********
Average Fitness: 0.269
Maximum Fitness: 0.5666666666666668
Average Pen Distance: 0.5274616525404122
Maximum Pen Distance: 0.9598631369672682
Average Dog Distance: 0.4810189696507963
Maximum Dog Distance: 0.8856155026694573
Average Sheep Distance: 0.41851684857100496
Maximum Sheep Distance: 0.6036218726844854
Elapsed Time: 4m 59s
********** 74 **********
Average Fitness: 0.26133333333333336
Maximum Fitness: 0.5666666666666668
Average Pen Distance: 0.5376984487040114
Maximum Pen Distance: 0.964318701398156
Average Dog Distance: 0.470657489346255
Maximum Dog Distance: 0.8856155026694573
Average Sheep Distance: 0.4176813419215788
Maximum Sheep Distance: 0.6036218726844854
Elapsed Time: 5m 2s
********** 75 **********
Average Fitness: 0.27166666666666667
Maximum Fitness: 0.5666666666666668
Average Pen Distance: 0.5352233569409268
Maximum Pen Distance: 0.9702089538849311
Average Dog Distance: 0.47244813953996223
Maximum Dog Distance: 0.8856155026694573
Average Sheep Distance: 0.4188957898748862
Maximum Sheep Distance: 0.6036218726844854
Elapsed Time: 4m 59s
********** 76 **********
Average Fitness: 0.27233333333333337
Maximum Fitness: 0.5666666666666668
Average Pen Distance: 0.5549946621272541
Maximum Pen Distance: 0.9702089538849311
Average Dog Distance: 0.48946670132941816
Maximum Dog Distance: 0.8856155026694573
Average Sheep Distance: 0.41365576692877326
Maximum Sheep Distance: 0.6036218726844854
Elapsed Time: 5m 13s
********** 77 **********
Average Fitness: 0.274
Maximum Fitness: 0.5666666666666668
Average Pen Distance: 0.5645886847692209
Maximum Pen Distance: 0.9702089538849311
Average Dog Distance: 0.4910437004833095
Maximum Dog Distance: 0.8856155026694573
Average Sheep Distance: 0.4162040205251326
Maximum Sheep Distance: 0.6036218726844854
Elapsed Time: 4m 59s
********** 78 **********
Average Fitness: 0.278
Maximum Fitness: 0.5666666666666668
Average Pen Distance: 0.5401571068349985
Maximum Pen Distance: 0.9702089538849311
Average Dog Distance: 0.49367408538540253
Maximum Dog Distance: 0.8856155026694573
Average Sheep Distance: 0.413887655160052
Maximum Sheep Distance: 0.6036218726844854
Elapsed Time: 5m 1s
********** 79 **********
Average Fitness: 0.27666666666666667
Maximum Fitness: 0.5666666666666668
Average Pen Distance: 0.5352866523425094
Maximum Pen Distance: 0.9702089538849311
Average Dog Distance: 0.4885030203798097
Maximum Dog Distance: 0.8856155026694573
Average Sheep Distance: 0.4147805010763911
Maximum Sheep Distance: 0.6036218726844854
Elapsed Time: 5m 2s
********** 80 **********
Average Fitness: 0.2776666666666667
Maximum Fitness: 0.5666666666666668
Average Pen Distance: 0.5540192012936607
Maximum Pen Distance: 0.9702089538849311
Average Dog Distance: 0.49080767594446006
Maximum Dog Distance: 0.8992172467882501
Average Sheep Distance: 0.41287606820525197
Maximum Sheep Distance: 0.6036218726844854
Elapsed Time: 4m 56s
********** 81 **********
Average Fitness: 0.27799999999999997
Maximum Fitness: 0.5666666666666668
Average Pen Distance: 0.5518065631456424
Maximum Pen Distance: 0.9702089538849311
Average Dog Distance: 0.4959715978652849
Maximum Dog Distance: 0.8992172467882501
Average Sheep Distance: 0.4197428202760319
Maximum Sheep Distance: 0.6036218726844854
Elapsed Time: 4m 58s
********** 82 **********
Average Fitness: 0.2836666666666667
Maximum Fitness: 0.5666666666666668
Average Pen Distance: 0.5399065217450252
Maximum Pen Distance: 0.9702089538849311
Average Dog Distance: 0.49468514877968706
Maximum Dog Distance: 0.8992172467882501
Average Sheep Distance: 0.4195089688275217
Maximum Sheep Distance: 0.6036218726844854
Elapsed Time: 5m 1s
********** 83 **********
Average Fitness: 0.28300000000000003
Maximum Fitness: 0.5666666666666668
Average Pen Distance: 0.5393163990724174
Maximum Pen Distance: 0.9702089538849311
Average Dog Distance: 0.5025959631253786
Maximum Dog Distance: 0.9134650912541987
Average Sheep Distance: 0.42051649347278586
Maximum Sheep Distance: 0.6036218726844854
Elapsed Time: 5m 4s
********** 84 **********
Average Fitness: 0.27333333333333326
Maximum Fitness: 0.5666666666666668
Average Pen Distance: 0.559197338902199
Maximum Pen Distance: 0.9945928878151037
Average Dog Distance: 0.49085152669680665
Maximum Dog Distance: 0.9134650912541987
Average Sheep Distance: 0.4182515442361474
Maximum Sheep Distance: 0.6036218726844854
Elapsed Time: 5m 5s
********** 85 **********
Average Fitness: 0.2786666666666667
Maximum Fitness: 0.5666666666666668
Average Pen Distance: 0.5447999806573035
Maximum Pen Distance: 0.9945928878151037
Average Dog Distance: 0.498124158688061
Maximum Dog Distance: 0.9134650912541987
Average Sheep Distance: 0.42127547592379017
Maximum Sheep Distance: 0.6036218726844854
Elapsed Time: 5m 1s
********** 86 **********
Average Fitness: 0.28366666666666673
Maximum Fitness: 0.5666666666666668
Average Pen Distance: 0.5470496065285193
Maximum Pen Distance: 0.9945928878151037
Average Dog Distance: 0.49118009365249454
Maximum Dog Distance: 0.9134650912541987
Average Sheep Distance: 0.4166456950463391
Maximum Sheep Distance: 0.6036218726844854
Elapsed Time: 4m 59s
********** 87 **********
Average Fitness: 0.284
Maximum Fitness: 0.5666666666666668
Average Pen Distance: 0.549920434785408
Maximum Pen Distance: 0.9945928878151037
Average Dog Distance: 0.49475962888043545
Maximum Dog Distance: 0.9397916321415942
Average Sheep Distance: 0.41791065104573727
Maximum Sheep Distance: 0.6036218726844854
Elapsed Time: 4m 59s
********** 88 **********
Average Fitness: 0.2906666666666667
Maximum Fitness: 0.5666666666666668
Average Pen Distance: 0.5418310733094259
Maximum Pen Distance: 0.9945928878151037
Average Dog Distance: 0.4790714967498771
Maximum Dog Distance: 0.9397916321415942
Average Sheep Distance: 0.41599764358347285
Maximum Sheep Distance: 0.6036218726844854
Elapsed Time: 4m 59s
********** 89 **********
Average Fitness: 0.2876666666666667
Maximum Fitness: 0.5666666666666668
Average Pen Distance: 0.5468878183575289
Maximum Pen Distance: 0.9945928878151037
Average Dog Distance: 0.4819760214339922
Maximum Dog Distance: 0.9397916321415942
Average Sheep Distance: 0.4204029939227694
Maximum Sheep Distance: 0.6036218726844854
Elapsed Time: 5m 0s
********** 90 **********
Average Fitness: 0.29433333333333334
Maximum Fitness: 0.5666666666666668
Average Pen Distance: 0.5342473742624952
Maximum Pen Distance: 0.9945928878151037
Average Dog Distance: 0.4834704693414709
Maximum Dog Distance: 0.9397916321415942
Average Sheep Distance: 0.4186731907310707
Maximum Sheep Distance: 0.6036218726844854
Elapsed Time: 5m 1s
********** 91 **********
Average Fitness: 0.29533333333333334
Maximum Fitness: 0.5666666666666668
Average Pen Distance: 0.5452635972598421
Maximum Pen Distance: 0.9945928878151037
Average Dog Distance: 0.49340986439335116
Maximum Dog Distance: 0.9148439327288388
Average Sheep Distance: 0.4142410284609294
Maximum Sheep Distance: 0.6036218726844854
Elapsed Time: 5m 2s
********** 92 **********
Average Fitness: 0.29333333333333333
Maximum Fitness: 0.5666666666666668
Average Pen Distance: 0.5531351423529806
Maximum Pen Distance: 0.9945928878151037
Average Dog Distance: 0.48648997422035306
Maximum Dog Distance: 0.8992172467882501
Average Sheep Distance: 0.4153454600340756
Maximum Sheep Distance: 0.6036218726844854
Elapsed Time: 5m 3s
********** 93 **********
Average Fitness: 0.29200000000000004
Maximum Fitness: 0.5666666666666668
Average Pen Distance: 0.5542372864830434
Maximum Pen Distance: 0.9945928878151037
Average Dog Distance: 0.48876267154509295
Maximum Dog Distance: 0.8992172467882501
Average Sheep Distance: 0.4172788030031902
Maximum Sheep Distance: 0.6036218726844854
Elapsed Time: 4m 56s
********** 94 **********
Average Fitness: 0.295
Maximum Fitness: 0.5666666666666668
Average Pen Distance: 0.545818699349894
Maximum Pen Distance: 0.9702089538849311
Average Dog Distance: 0.48614745094424167
Maximum Dog Distance: 0.9390559648635648
Average Sheep Distance: 0.4136258886643682
Maximum Sheep Distance: 0.6036218726844854
Elapsed Time: 5m 12s
********** 95 **********
Average Fitness: 0.28733333333333333
Maximum Fitness: 0.5666666666666668
Average Pen Distance: 0.5489542625428815
Maximum Pen Distance: 0.9702089538849311
Average Dog Distance: 0.4834674366105307
Maximum Dog Distance: 0.9390559648635648
Average Sheep Distance: 0.41019538518409965
Maximum Sheep Distance: 0.6036218726844854
Elapsed Time: 5m 2s
********** 96 **********
Average Fitness: 0.28833333333333333
Maximum Fitness: 0.5666666666666668
Average Pen Distance: 0.5597572711975398
Maximum Pen Distance: 0.9702089538849311
Average Dog Distance: 0.47629340360032474
Maximum Dog Distance: 0.9390559648635648
Average Sheep Distance: 0.4144092338532988
Maximum Sheep Distance: 0.6036218726844854
Elapsed Time: 4m 58s
********** 97 **********
Average Fitness: 0.29400000000000004
Maximum Fitness: 0.5666666666666668
Average Pen Distance: 0.5535331872080314
Maximum Pen Distance: 0.9702089538849311
Average Dog Distance: 0.4713409705281103
Maximum Dog Distance: 0.8992172467882501
Average Sheep Distance: 0.41540556324994343
Maximum Sheep Distance: 0.6036218726844854
Elapsed Time: 4m 59s
********** 98 **********
Average Fitness: 0.2936666666666667
Maximum Fitness: 0.5666666666666668
Average Pen Distance: 0.5518323830815813
Maximum Pen Distance: 0.9702089538849311
Average Dog Distance: 0.4807021904503591
Maximum Dog Distance: 0.8992172467882501
Average Sheep Distance: 0.4175092424995941
Maximum Sheep Distance: 0.6036218726844854
Elapsed Time: 5m 2s
********** 99 **********
Average Fitness: 0.29400000000000004
Maximum Fitness: 0.5666666666666668
Average Pen Distance: 0.5488692169450161
Maximum Pen Distance: 0.9702089538849311
Average Dog Distance: 0.4805990833008301
Maximum Dog Distance: 0.8992172467882501
Average Sheep Distance: 0.41874209165044485
Maximum Sheep Distance: 0.6036218726844854
Elapsed Time: 5m 1s
********** 100 **********
Average Fitness: 0.29200000000000004
Maximum Fitness: 0.5666666666666668
Average Pen Distance: 0.5427330967983692
Maximum Pen Distance: 0.9880580072968645
Average Dog Distance: 0.4723536263267769
Maximum Dog Distance: 0.8992172467882501
Average Sheep Distance: 0.41592483909111905
Maximum Sheep Distance: 0.6036218726844854
Elapsed Time: 5m 0s
********** 1 **********
Average Fitness: 0.12133333333333333
Maximum Fitness: 0.3
Average Pen Distance: 0.4799972802705191
Maximum Pen Distance: 0.8423870816503615
Average Dog Distance: 0.5558253008768755
Maximum Dog Distance: 0.832881870400846
Average Sheep Distance: 0.4164605531972397
Maximum Sheep Distance: 0.5071276417001526
Elapsed Time: 10m 15s
********** 2 **********
Average Fitness: 0.13566666666666669
Maximum Fitness: 0.3333333333333333
Average Pen Distance: 0.4829118836866797
Maximum Pen Distance: 0.9143402627484457
Average Dog Distance: 0.5312254334519334
Maximum Dog Distance: 0.832881870400846
Average Sheep Distance: 0.4221957563714352
Maximum Sheep Distance: 0.5301821844677735
Elapsed Time: 5m 11s
********** 3 **********
Average Fitness: 0.13999999999999999
Maximum Fitness: 0.3666666666666667
Average Pen Distance: 0.5094117050312764
Maximum Pen Distance: 0.9143402627484457
Average Dog Distance: 0.5416035809768722
Maximum Dog Distance: 0.8651182714590885
Average Sheep Distance: 0.4254438580273851
Maximum Sheep Distance: 0.5336662919828781
Elapsed Time: 5m 3s
********** 4 **********
Average Fitness: 0.14333333333333334
Maximum Fitness: 0.3666666666666667
Average Pen Distance: 0.5178764001619233
Maximum Pen Distance: 0.9143402627484457
Average Dog Distance: 0.537240158371468
Maximum Dog Distance: 0.8651182714590885
Average Sheep Distance: 0.4227630013363903
Maximum Sheep Distance: 0.5336662919828781
Elapsed Time: 5m 5s
********** 5 **********
Average Fitness: 0.14766666666666667
Maximum Fitness: 0.3666666666666667
Average Pen Distance: 0.5378833589378268
Maximum Pen Distance: 0.9143402627484457
Average Dog Distance: 0.5242223468677595
Maximum Dog Distance: 0.859395991063482
Average Sheep Distance: 0.4297419593120423
Maximum Sheep Distance: 0.5336662919828781
Elapsed Time: 5m 4s
********** 6 **********
Average Fitness: 0.15233333333333332
Maximum Fitness: 0.3666666666666667
Average Pen Distance: 0.5340842573914036
Maximum Pen Distance: 0.9143402627484457
Average Dog Distance: 0.516719092283039
Maximum Dog Distance: 0.8733898300741108
Average Sheep Distance: 0.4336619252228723
Maximum Sheep Distance: 0.5336662919828781
Elapsed Time: 5m 7s
********** 7 **********
Average Fitness: 0.1646666666666667
Maximum Fitness: 0.3666666666666667
Average Pen Distance: 0.5219738288931486
Maximum Pen Distance: 0.9117146728369079
Average Dog Distance: 0.534193019549081
Maximum Dog Distance: 0.8900473909195985
Average Sheep Distance: 0.433750388047883
Maximum Sheep Distance: 0.5336662919828781
Elapsed Time: 5m 1s
********** 8 **********
Average Fitness: 0.17066666666666666
Maximum Fitness: 0.3666666666666667
Average Pen Distance: 0.5009181237376816
Maximum Pen Distance: 0.9000438821968436
Average Dog Distance: 0.528871435981303
Maximum Dog Distance: 0.8900473909195985
Average Sheep Distance: 0.42893162576935995
Maximum Sheep Distance: 0.5274359618250144
Elapsed Time: 5m 10s
********** 9 **********
Average Fitness: 0.17366666666666666
Maximum Fitness: 0.3666666666666667
Average Pen Distance: 0.5251625446048913
Maximum Pen Distance: 0.9000438821968436
Average Dog Distance: 0.5358448563212362
Maximum Dog Distance: 0.8900473909195985
Average Sheep Distance: 0.4299474036640018
Maximum Sheep Distance: 0.5274359618250144
Elapsed Time: 5m 9s
********** 10 **********
Average Fitness: 0.1783333333333334
Maximum Fitness: 0.3666666666666667
Average Pen Distance: 0.515535771561852
Maximum Pen Distance: 0.9000438821968436
Average Dog Distance: 0.539686477595961
Maximum Dog Distance: 0.8900473909195985
Average Sheep Distance: 0.4266760022382863
Maximum Sheep Distance: 0.5274359618250144
Elapsed Time: 5m 7s
********** 11 **********
Average Fitness: 0.17733333333333334
Maximum Fitness: 0.3666666666666667
Average Pen Distance: 0.5149227305236802
Maximum Pen Distance: 0.9000438821968436
Average Dog Distance: 0.5357623019313082
Maximum Dog Distance: 0.8900473909195985
Average Sheep Distance: 0.4319048569545661
Maximum Sheep Distance: 0.5682333763498608
Elapsed Time: 5m 7s
********** 12 **********
Average Fitness: 0.17966666666666672
Maximum Fitness: 0.3666666666666667
Average Pen Distance: 0.522258293627377
Maximum Pen Distance: 0.9000438821968436
Average Dog Distance: 0.5380063238395019
Maximum Dog Distance: 0.8900473909195985
Average Sheep Distance: 0.4308348922117474
Maximum Sheep Distance: 0.5682333763498608
Elapsed Time: 5m 8s
********** 13 **********
Average Fitness: 0.18700000000000003
Maximum Fitness: 0.3666666666666667
Average Pen Distance: 0.5132329117926457
Maximum Pen Distance: 0.9000438821968436
Average Dog Distance: 0.5176479114198484
Maximum Dog Distance: 0.8900473909195985
Average Sheep Distance: 0.434388259612211
Maximum Sheep Distance: 0.5682333763498608
Elapsed Time: 5m 9s
********** 14 **********
Average Fitness: 0.19633333333333336
Maximum Fitness: 0.4333333333333333
Average Pen Distance: 0.5049517190233166
Maximum Pen Distance: 0.9000438821968436
Average Dog Distance: 0.5032534081886301
Maximum Dog Distance: 0.8900473909195985
Average Sheep Distance: 0.43769638535717353
Maximum Sheep Distance: 0.5682333763498608
Elapsed Time: 5m 14s
********** 15 **********
Average Fitness: 0.19533333333333336
Maximum Fitness: 0.4333333333333333
Average Pen Distance: 0.5102180583348984
Maximum Pen Distance: 0.9000438821968436
Average Dog Distance: 0.5123955314993058
Maximum Dog Distance: 0.8900473909195985
Average Sheep Distance: 0.4368479105808871
Maximum Sheep Distance: 0.5682333763498608
Elapsed Time: 5m 11s
********** 16 **********
Average Fitness: 0.205
Maximum Fitness: 0.4333333333333333
Average Pen Distance: 0.5116019660403329
Maximum Pen Distance: 0.9000438821968436
Average Dog Distance: 0.5278731052230778
Maximum Dog Distance: 0.8900473909195985
Average Sheep Distance: 0.4367414382655814
Maximum Sheep Distance: 0.5682333763498608
Elapsed Time: 5m 8s
********** 17 **********
Average Fitness: 0.20933333333333337
Maximum Fitness: 0.4333333333333333
Average Pen Distance: 0.5115136077765396
Maximum Pen Distance: 0.9000438821968436
Average Dog Distance: 0.5166207380859672
Maximum Dog Distance: 0.8900473909195985
Average Sheep Distance: 0.43777240001281514
Maximum Sheep Distance: 0.5682333763498608
Elapsed Time: 5m 7s
********** 18 **********
Average Fitness: 0.21533333333333338
Maximum Fitness: 0.4333333333333333
Average Pen Distance: 0.5108079418338078
Maximum Pen Distance: 0.9000438821968436
Average Dog Distance: 0.5252677032870757
Maximum Dog Distance: 0.8900473909195985
Average Sheep Distance: 0.43561658075111814
Maximum Sheep Distance: 0.5682333763498608
Elapsed Time: 5m 3s
********** 19 **********
Average Fitness: 0.21033333333333337
Maximum Fitness: 0.4333333333333333
Average Pen Distance: 0.5209514291213315
Maximum Pen Distance: 0.9000438821968436
Average Dog Distance: 0.5325635425588888
Maximum Dog Distance: 0.8900473909195985
Average Sheep Distance: 0.43471827330310897
Maximum Sheep Distance: 0.5682333763498608
Elapsed Time: 5m 6s
********** 20 **********
Average Fitness: 0.2133333333333334
Maximum Fitness: 0.4333333333333333
Average Pen Distance: 0.5238336966912079
Maximum Pen Distance: 0.9191416409060484
Average Dog Distance: 0.5270102527633262
Maximum Dog Distance: 0.8900473909195985
Average Sheep Distance: 0.4359461733943267
Maximum Sheep Distance: 0.5682333763498608
Elapsed Time: 5m 2s
********** 21 **********
Average Fitness: 0.2143333333333333
Maximum Fitness: 0.4333333333333333
Average Pen Distance: 0.5259480225056116
Maximum Pen Distance: 0.9546490215684643
Average Dog Distance: 0.5231332317597661
Maximum Dog Distance: 0.8900473909195985
Average Sheep Distance: 0.43738720683518756
Maximum Sheep Distance: 0.5682333763498608
Elapsed Time: 5m 10s
********** 22 **********
Average Fitness: 0.2106666666666667
Maximum Fitness: 0.4666666666666666
Average Pen Distance: 0.5308475466246942
Maximum Pen Distance: 0.9546490215684643
Average Dog Distance: 0.5200839146616579
Maximum Dog Distance: 0.8900473909195985
Average Sheep Distance: 0.4370256561160428
Maximum Sheep Distance: 0.5682333763498608
Elapsed Time: 5m 3s
********** 23 **********
Average Fitness: 0.21133333333333337
Maximum Fitness: 0.4666666666666666
Average Pen Distance: 0.5467691037338451
Maximum Pen Distance: 0.9295120476075126
Average Dog Distance: 0.5233549223981817
Maximum Dog Distance: 0.8900473909195985
Average Sheep Distance: 0.4349391101321629
Maximum Sheep Distance: 0.5682333763498608
Elapsed Time: 5m 2s
********** 24 **********
Average Fitness: 0.21400000000000005
Maximum Fitness: 0.4666666666666666
Average Pen Distance: 0.5348172348889669
Maximum Pen Distance: 0.9295120476075126
Average Dog Distance: 0.5138807080502297
Maximum Dog Distance: 0.8900473909195985
Average Sheep Distance: 0.4333498631323783
Maximum Sheep Distance: 0.5682333763498608
Elapsed Time: 5m 9s
********** 25 **********
Average Fitness: 0.21266666666666673
Maximum Fitness: 0.4666666666666666
Average Pen Distance: 0.5414346294864347
Maximum Pen Distance: 0.9298473703713022
Average Dog Distance: 0.5263715173611131
Maximum Dog Distance: 0.8900473909195985
Average Sheep Distance: 0.431307268863203
Maximum Sheep Distance: 0.5682333763498608
Elapsed Time: 5m 7s
********** 26 **********
Average Fitness: 0.21433333333333335
Maximum Fitness: 0.4666666666666666
Average Pen Distance: 0.5298395582338145
Maximum Pen Distance: 0.9298473703713022
Average Dog Distance: 0.5224006691309552
Maximum Dog Distance: 0.8900473909195985
Average Sheep Distance: 0.4318463689757461
Maximum Sheep Distance: 0.5682333763498608
Elapsed Time: 4m 59s
********** 27 **********
Average Fitness: 0.21700000000000003
Maximum Fitness: 0.4666666666666666
Average Pen Distance: 0.5231431674250541
Maximum Pen Distance: 0.9298473703713022
Average Dog Distance: 0.5287542805495559
Maximum Dog Distance: 0.8900473909195985
Average Sheep Distance: 0.43349576125927863
Maximum Sheep Distance: 0.5682333763498608
Elapsed Time: 5m 9s
********** 28 **********
Average Fitness: 0.21966666666666668
Maximum Fitness: 0.4666666666666666
Average Pen Distance: 0.5262012849208104
Maximum Pen Distance: 0.9298473703713022
Average Dog Distance: 0.5167178111227019
Maximum Dog Distance: 0.8900473909195985
Average Sheep Distance: 0.4319943292004302
Maximum Sheep Distance: 0.5682333763498608
Elapsed Time: 5m 6s
********** 29 **********
Average Fitness: 0.2166666666666667
Maximum Fitness: 0.4666666666666666
Average Pen Distance: 0.53349946056032
Maximum Pen Distance: 0.9298473703713022
Average Dog Distance: 0.5127523835993888
Maximum Dog Distance: 0.9033788786570377
Average Sheep Distance: 0.43025884100372963
Maximum Sheep Distance: 0.5682333763498608
Elapsed Time: 4m 57s
********** 30 **********
Average Fitness: 0.22333333333333336
Maximum Fitness: 0.4666666666666666
Average Pen Distance: 0.5271828551375803
Maximum Pen Distance: 0.9298473703713022
Average Dog Distance: 0.5189724957274194
Maximum Dog Distance: 0.9033788786570377
Average Sheep Distance: 0.4296333331308911
Maximum Sheep Distance: 0.5682333763498608
Elapsed Time: 5m 3s
********** 31 **********
Average Fitness: 0.23133333333333334
Maximum Fitness: 0.4666666666666666
Average Pen Distance: 0.5190998311763994
Maximum Pen Distance: 0.9298473703713022
Average Dog Distance: 0.528477955832786
Maximum Dog Distance: 0.9033788786570377
Average Sheep Distance: 0.428857358984652
Maximum Sheep Distance: 0.5682333763498608
Elapsed Time: 5m 3s
********** 32 **********
Average Fitness: 0.2213333333333334
Maximum Fitness: 0.4666666666666666
Average Pen Distance: 0.5351290513912697
Maximum Pen Distance: 0.9298473703713022
Average Dog Distance: 0.5368701868651383
Maximum Dog Distance: 0.908027906215076
Average Sheep Distance: 0.4302904968785943
Maximum Sheep Distance: 0.5682333763498608
Elapsed Time: 5m 1s
********** 33 **********
Average Fitness: 0.22566666666666674
Maximum Fitness: 0.4666666666666666
Average Pen Distance: 0.5326130325487005
Maximum Pen Distance: 0.9298473703713022
Average Dog Distance: 0.5345063679276548
Maximum Dog Distance: 0.908027906215076
Average Sheep Distance: 0.42812841268476454
Maximum Sheep Distance: 0.5682333763498608
Elapsed Time: 5m 6s
********** 34 **********
Average Fitness: 0.2323333333333334
Maximum Fitness: 0.4666666666666666
Average Pen Distance: 0.5233736456711646
Maximum Pen Distance: 0.9298473703713022
Average Dog Distance: 0.5306291127106191
Maximum Dog Distance: 0.9082621552448332
Average Sheep Distance: 0.4252084622208781
Maximum Sheep Distance: 0.5682333763498608
Elapsed Time: 5m 5s
********** 35 **********
Average Fitness: 0.23366666666666666
Maximum Fitness: 0.4666666666666666
Average Pen Distance: 0.525856460573976
Maximum Pen Distance: 0.9298473703713022
Average Dog Distance: 0.5286899379247845
Maximum Dog Distance: 0.9082621552448332
Average Sheep Distance: 0.4279739562094942
Maximum Sheep Distance: 0.5682333763498608
Elapsed Time: 5m 1s
********** 36 **********
Average Fitness: 0.23300000000000004
Maximum Fitness: 0.4666666666666666
Average Pen Distance: 0.522715090756186
Maximum Pen Distance: 0.9298473703713022
Average Dog Distance: 0.5278235444770616
Maximum Dog Distance: 0.9082621552448332
Average Sheep Distance: 0.42918418790605917
Maximum Sheep Distance: 0.5682333763498608
Elapsed Time: 5m 1s
********** 37 **********
Average Fitness: 0.2366666666666667
Maximum Fitness: 0.4666666666666666
Average Pen Distance: 0.5141714602628177
Maximum Pen Distance: 0.9298473703713022
Average Dog Distance: 0.5283839060810152
Maximum Dog Distance: 0.9082621552448332
Average Sheep Distance: 0.43072284584801396
Maximum Sheep Distance: 0.5682333763498608
Elapsed Time: 5m 4s
********** 38 **********
Average Fitness: 0.2326666666666667
Maximum Fitness: 0.5
Average Pen Distance: 0.5093981954880744
Maximum Pen Distance: 0.9295120476075126
Average Dog Distance: 0.5244380159899712
Maximum Dog Distance: 0.9082621552448332
Average Sheep Distance: 0.43019954691125845
Maximum Sheep Distance: 0.5682333763498608
Elapsed Time: 5m 0s
********** 39 **********
Average Fitness: 0.23066666666666666
Maximum Fitness: 0.5
Average Pen Distance: 0.5141564878499989
Maximum Pen Distance: 0.9302907179965771
Average Dog Distance: 0.5201114308313493
Maximum Dog Distance: 0.908027906215076
Average Sheep Distance: 0.43060874155211415
Maximum Sheep Distance: 0.5682333763498608
Elapsed Time: 4m 59s
********** 40 **********
Average Fitness: 0.2306666666666667
Maximum Fitness: 0.5
Average Pen Distance: 0.5297124888385927
Maximum Pen Distance: 0.9302907179965771
Average Dog Distance: 0.5226990571177812
Maximum Dog Distance: 0.908027906215076
Average Sheep Distance: 0.42845902078675147
Maximum Sheep Distance: 0.5682333763498608
Elapsed Time: 5m 10s
********** 41 **********
Average Fitness: 0.23433333333333337
Maximum Fitness: 0.5
Average Pen Distance: 0.5331592940521639
Maximum Pen Distance: 0.9302907179965771
Average Dog Distance: 0.5349174533873192
Maximum Dog Distance: 0.908027906215076
Average Sheep Distance: 0.4272632538198842
Maximum Sheep Distance: 0.5682333763498608
Elapsed Time: 5m 4s
********** 42 **********
Average Fitness: 0.23199999999999998
Maximum Fitness: 0.5
Average Pen Distance: 0.5344206052165292
Maximum Pen Distance: 0.9302907179965771
Average Dog Distance: 0.5263139120310826
Maximum Dog Distance: 0.908027906215076
Average Sheep Distance: 0.4258152867190276
Maximum Sheep Distance: 0.5682333763498608
Elapsed Time: 5m 3s
********** 43 **********
Average Fitness: 0.23300000000000004
Maximum Fitness: 0.5
Average Pen Distance: 0.5314065290362564
Maximum Pen Distance: 0.9302907179965771
Average Dog Distance: 0.5294167111261825
Maximum Dog Distance: 0.908027906215076
Average Sheep Distance: 0.4254221109114986
Maximum Sheep Distance: 0.5682333763498608
Elapsed Time: 5m 10s
********** 44 **********
Average Fitness: 0.237
Maximum Fitness: 0.5
Average Pen Distance: 0.5273551028765318
Maximum Pen Distance: 0.9302907179965771
Average Dog Distance: 0.5309205442410025
Maximum Dog Distance: 0.908027906215076
Average Sheep Distance: 0.42958455430596637
Maximum Sheep Distance: 0.5682333763498608
Elapsed Time: 5m 5s
********** 45 **********
Average Fitness: 0.2366666666666667
Maximum Fitness: 0.5
Average Pen Distance: 0.535078648510733
Maximum Pen Distance: 0.9302907179965771
Average Dog Distance: 0.5317529087835041
Maximum Dog Distance: 0.908027906215076
Average Sheep Distance: 0.42684248128594804
Maximum Sheep Distance: 0.5682333763498608
Elapsed Time: 5m 1s
********** 46 **********
Average Fitness: 0.2373333333333333
Maximum Fitness: 0.5
Average Pen Distance: 0.5332176027048984
Maximum Pen Distance: 0.9302907179965771
Average Dog Distance: 0.5339094175529987
Maximum Dog Distance: 0.9207365328751186
Average Sheep Distance: 0.4268480200573044
Maximum Sheep Distance: 0.5682333763498608
Elapsed Time: 5m 7s
********** 47 **********
Average Fitness: 0.2366666666666667
Maximum Fitness: 0.5
Average Pen Distance: 0.5237582913391904
Maximum Pen Distance: 0.9302907179965771
Average Dog Distance: 0.526766376353518
Maximum Dog Distance: 0.9207365328751186
Average Sheep Distance: 0.4246797144451251
Maximum Sheep Distance: 0.5682333763498608
Elapsed Time: 5m 1s
********** 48 **********
Average Fitness: 0.23666666666666675
Maximum Fitness: 0.5
Average Pen Distance: 0.5164871008613486
Maximum Pen Distance: 0.9302907179965771
Average Dog Distance: 0.5153867397610427
Maximum Dog Distance: 0.908027906215076
Average Sheep Distance: 0.42286123813859605
Maximum Sheep Distance: 0.5682333763498608
Elapsed Time: 5m 1s
********** 49 **********
Average Fitness: 0.23800000000000002
Maximum Fitness: 0.5
Average Pen Distance: 0.5343668057230562
Maximum Pen Distance: 0.9302907179965771
Average Dog Distance: 0.5290278599273689
Maximum Dog Distance: 0.908027906215076
Average Sheep Distance: 0.42450736708039877
Maximum Sheep Distance: 0.5682333763498608
Elapsed Time: 5m 4s
********** 50 **********
Average Fitness: 0.24666666666666667
Maximum Fitness: 0.5
Average Pen Distance: 0.5205550646228921
Maximum Pen Distance: 0.9302907179965771
Average Dog Distance: 0.5159942630204138
Maximum Dog Distance: 0.908027906215076
Average Sheep Distance: 0.4225249330864247
Maximum Sheep Distance: 0.5682333763498608
Elapsed Time: 4m 59s
********** 51 **********
Average Fitness: 0.25033333333333335
Maximum Fitness: 0.5
Average Pen Distance: 0.5202075549692675
Maximum Pen Distance: 0.9302907179965771
Average Dog Distance: 0.5176447776783236
Maximum Dog Distance: 0.9321404152140235
Average Sheep Distance: 0.4215339928267588
Maximum Sheep Distance: 0.5682333763498608
Elapsed Time: 5m 0s
********** 52 **********
Average Fitness: 0.25566666666666665
Maximum Fitness: 0.5
Average Pen Distance: 0.5073552798337496
Maximum Pen Distance: 0.9302907179965771
Average Dog Distance: 0.5162987492277068
Maximum Dog Distance: 0.908027906215076
Average Sheep Distance: 0.4256984881353459
Maximum Sheep Distance: 0.6190825227403741
Elapsed Time: 5m 4s
********** 53 **********
Average Fitness: 0.2516666666666667
Maximum Fitness: 0.5
Average Pen Distance: 0.5181155368578721
Maximum Pen Distance: 0.9302907179965771
Average Dog Distance: 0.515523660797421
Maximum Dog Distance: 0.908027906215076
Average Sheep Distance: 0.4265740983476298
Maximum Sheep Distance: 0.6190825227403741
Elapsed Time: 5m 7s
********** 54 **********
Average Fitness: 0.24733333333333335
Maximum Fitness: 0.5
Average Pen Distance: 0.5179892221720482
Maximum Pen Distance: 0.9302907179965771
Average Dog Distance: 0.5130563785574558
Maximum Dog Distance: 0.9448017434679404
Average Sheep Distance: 0.4278614320797879
Maximum Sheep Distance: 0.6190825227403741
Elapsed Time: 5m 3s
********** 55 **********
Average Fitness: 0.24766666666666673
Maximum Fitness: 0.5
Average Pen Distance: 0.5134385824777995
Maximum Pen Distance: 0.9302907179965771
Average Dog Distance: 0.5055626399287342
Maximum Dog Distance: 0.9448017434679404
Average Sheep Distance: 0.42894437762592225
Maximum Sheep Distance: 0.6190825227403741
Elapsed Time: 5m 8s
********** 56 **********
Average Fitness: 0.24900000000000005
Maximum Fitness: 0.5
Average Pen Distance: 0.5087617186155684
Maximum Pen Distance: 0.9302907179965771
Average Dog Distance: 0.5005965683078641
Maximum Dog Distance: 0.908027906215076
Average Sheep Distance: 0.4305543945111739
Maximum Sheep Distance: 0.6190825227403741
Elapsed Time: 5m 0s
********** 57 **********
Average Fitness: 0.24833333333333343
Maximum Fitness: 0.5
Average Pen Distance: 0.5103467090886297
Maximum Pen Distance: 0.9302907179965771
Average Dog Distance: 0.5115573671790168
Maximum Dog Distance: 0.908027906215076
Average Sheep Distance: 0.4311965196387031
Maximum Sheep Distance: 0.6190825227403741
Elapsed Time: 4m 56s
********** 58 **********
Average Fitness: 0.2516666666666667
Maximum Fitness: 0.5
Average Pen Distance: 0.5076244154458294
Maximum Pen Distance: 0.9302907179965771
Average Dog Distance: 0.5202764171052737
Maximum Dog Distance: 0.9244341312035059
Average Sheep Distance: 0.42854006974163134
Maximum Sheep Distance: 0.6190825227403741
Elapsed Time: 5m 10s
********** 59 **********
Average Fitness: 0.2516666666666667
Maximum Fitness: 0.5
Average Pen Distance: 0.5081682266360534
Maximum Pen Distance: 0.9302907179965771
Average Dog Distance: 0.5124568925159904
Maximum Dog Distance: 0.908027906215076
Average Sheep Distance: 0.4303331525386277
Maximum Sheep Distance: 0.6190825227403741
Elapsed Time: 5m 3s
********** 60 **********
Average Fitness: 0.2516666666666667
Maximum Fitness: 0.5
Average Pen Distance: 0.5059068052366044
Maximum Pen Distance: 0.9302907179965771
Average Dog Distance: 0.5098543605112178
Maximum Dog Distance: 0.908027906215076
Average Sheep Distance: 0.430771592317854
Maximum Sheep Distance: 0.6190825227403741
Elapsed Time: 5m 11s
********** 61 **********
Average Fitness: 0.253
Maximum Fitness: 0.5
Average Pen Distance: 0.5159018619133354
Maximum Pen Distance: 0.9302907179965771
Average Dog Distance: 0.5060886844448274
Maximum Dog Distance: 0.8647542818904032
Average Sheep Distance: 0.43107640596523344
Maximum Sheep Distance: 0.6190825227403741
Elapsed Time: 5m 3s
********** 62 **********
Average Fitness: 0.25566666666666665
Maximum Fitness: 0.5
Average Pen Distance: 0.5138556060108533
Maximum Pen Distance: 0.9302907179965771
Average Dog Distance: 0.5105834934467004
Maximum Dog Distance: 0.8704485877569792
Average Sheep Distance: 0.4264894038226509
Maximum Sheep Distance: 0.6190825227403741
Elapsed Time: 5m 0s
********** 63 **********
Average Fitness: 0.254
Maximum Fitness: 0.5
Average Pen Distance: 0.5147381737754527
Maximum Pen Distance: 0.9302907179965771
Average Dog Distance: 0.5101607579767539
Maximum Dog Distance: 0.8704485877569792
Average Sheep Distance: 0.4284304482357644
Maximum Sheep Distance: 0.6190825227403741
Elapsed Time: 5m 3s
********** 64 **********
Average Fitness: 0.25733333333333336
Maximum Fitness: 0.5
Average Pen Distance: 0.5115273514217619
Maximum Pen Distance: 0.9302907179965771
Average Dog Distance: 0.5043414899416713
Maximum Dog Distance: 0.8704485877569792
Average Sheep Distance: 0.4276836642557966
Maximum Sheep Distance: 0.6190825227403741
Elapsed Time: 4m 58s
********** 65 **********
Average Fitness: 0.25533333333333336
Maximum Fitness: 0.5
Average Pen Distance: 0.5076317253283303
Maximum Pen Distance: 0.9302907179965771
Average Dog Distance: 0.4972199604089292
Maximum Dog Distance: 0.8647542818904032
Average Sheep Distance: 0.4287391754486311
Maximum Sheep Distance: 0.6190825227403741
Elapsed Time: 5m 1s
********** 66 **********
Average Fitness: 0.2583333333333333
Maximum Fitness: 0.5
Average Pen Distance: 0.5102497359046694
Maximum Pen Distance: 0.9302907179965771
Average Dog Distance: 0.4997267378358331
Maximum Dog Distance: 0.8647542818904032
Average Sheep Distance: 0.42902232043620797
Maximum Sheep Distance: 0.6190825227403741
Elapsed Time: 4m 58s
********** 67 **********
Average Fitness: 0.25566666666666665
Maximum Fitness: 0.5
Average Pen Distance: 0.5100947435885373
Maximum Pen Distance: 0.9302907179965771
Average Dog Distance: 0.49675824096460475
Maximum Dog Distance: 0.8647542818904032
Average Sheep Distance: 0.4315756515767265
Maximum Sheep Distance: 0.6190825227403741
Elapsed Time: 4m 59s
********** 68 **********
Average Fitness: 0.25566666666666665
Maximum Fitness: 0.5
Average Pen Distance: 0.5148921833200847
Maximum Pen Distance: 0.9302907179965771
Average Dog Distance: 0.5018251679530141
Maximum Dog Distance: 0.8647542818904032
Average Sheep Distance: 0.4307542671949048
Maximum Sheep Distance: 0.6190825227403741
Elapsed Time: 5m 5s
********** 69 **********
Average Fitness: 0.2526666666666667
Maximum Fitness: 0.5
Average Pen Distance: 0.5067486060600931
Maximum Pen Distance: 0.9302907179965771
Average Dog Distance: 0.4979718978686567
Maximum Dog Distance: 0.8839010960650694
Average Sheep Distance: 0.4315783906244351
Maximum Sheep Distance: 0.6190825227403741
Elapsed Time: 5m 4s
********** 70 **********
Average Fitness: 0.25400000000000006
Maximum Fitness: 0.5
Average Pen Distance: 0.5203046468139292
Maximum Pen Distance: 0.9302907179965771
Average Dog Distance: 0.5049811880178819
Maximum Dog Distance: 0.8647542818904032
Average Sheep Distance: 0.4290184159136911
Maximum Sheep Distance: 0.6190825227403741
Elapsed Time: 5m 8s
********** 71 **********
Average Fitness: 0.255
Maximum Fitness: 0.5
Average Pen Distance: 0.512905228635409
Maximum Pen Distance: 0.9302907179965771
Average Dog Distance: 0.5092628165694365
Maximum Dog Distance: 0.8647542818904032
Average Sheep Distance: 0.43163215895642965
Maximum Sheep Distance: 0.6190825227403741
Elapsed Time: 5m 5s
********** 72 **********
Average Fitness: 0.25433333333333336
Maximum Fitness: 0.5
Average Pen Distance: 0.5142979217799192
Maximum Pen Distance: 0.9302907179965771
Average Dog Distance: 0.5106876324645266
Maximum Dog Distance: 0.8647542818904032
Average Sheep Distance: 0.4306126009134945
Maximum Sheep Distance: 0.6190825227403741
Elapsed Time: 5m 4s
********** 73 **********
Average Fitness: 0.2476666666666667
Maximum Fitness: 0.5
Average Pen Distance: 0.5280587408272325
Maximum Pen Distance: 0.9302907179965771
Average Dog Distance: 0.5130805450909983
Maximum Dog Distance: 0.8647542818904032
Average Sheep Distance: 0.4311726390214791
Maximum Sheep Distance: 0.6190825227403741
Elapsed Time: 5m 0s
********** 74 **********
Average Fitness: 0.24933333333333338
Maximum Fitness: 0.5
Average Pen Distance: 0.5299070350652537
Maximum Pen Distance: 0.9302907179965771
Average Dog Distance: 0.5158548392100921
Maximum Dog Distance: 0.8669929034838993
Average Sheep Distance: 0.4314209314167637
Maximum Sheep Distance: 0.6190825227403741
Elapsed Time: 4m 55s
********** 75 **********
Average Fitness: 0.25000000000000006
Maximum Fitness: 0.5
Average Pen Distance: 0.5313931883360038
Maximum Pen Distance: 0.9302907179965771
Average Dog Distance: 0.5176758989902517
Maximum Dog Distance: 0.8669929034838993
Average Sheep Distance: 0.431009721261657
Maximum Sheep Distance: 0.6190825227403741
Elapsed Time: 5m 0s
********** 76 **********
Average Fitness: 0.25000000000000006
Maximum Fitness: 0.5
Average Pen Distance: 0.5320508484911516
Maximum Pen Distance: 0.9302907179965771
Average Dog Distance: 0.519790673023929
Maximum Dog Distance: 0.8895807132089547
Average Sheep Distance: 0.43353750326810664
Maximum Sheep Distance: 0.6190825227403741
Elapsed Time: 5m 10s
********** 77 **********
Average Fitness: 0.2513333333333334
Maximum Fitness: 0.5
Average Pen Distance: 0.5313879832216414
Maximum Pen Distance: 0.9302907179965771
Average Dog Distance: 0.5163922342163625
Maximum Dog Distance: 0.8895807132089547
Average Sheep Distance: 0.43437854097604583
Maximum Sheep Distance: 0.6190825227403741
Elapsed Time: 5m 10s
********** 78 **********
Average Fitness: 0.25600000000000006
Maximum Fitness: 0.5
Average Pen Distance: 0.5236435492696938
Maximum Pen Distance: 0.9302907179965771
Average Dog Distance: 0.5144257097766959
Maximum Dog Distance: 0.8895807132089547
Average Sheep Distance: 0.43570625904196114
Maximum Sheep Distance: 0.6190825227403741
Elapsed Time: 4m 59s
********** 79 **********
Average Fitness: 0.2533333333333334
Maximum Fitness: 0.5
Average Pen Distance: 0.522131726282607
Maximum Pen Distance: 0.9302907179965771
Average Dog Distance: 0.5162084469633057
Maximum Dog Distance: 0.8895807132089547
Average Sheep Distance: 0.4353785222098135
Maximum Sheep Distance: 0.6190825227403741
Elapsed Time: 5m 0s
********** 80 **********
Average Fitness: 0.25300000000000006
Maximum Fitness: 0.5
Average Pen Distance: 0.5340351738234825
Maximum Pen Distance: 0.9302907179965771
Average Dog Distance: 0.5157327922754821
Maximum Dog Distance: 0.8895807132089547
Average Sheep Distance: 0.4371658525445815
Maximum Sheep Distance: 0.6190825227403741
Elapsed Time: 4m 54s
********** 81 **********
Average Fitness: 0.2526666666666667
Maximum Fitness: 0.5
Average Pen Distance: 0.5342056681365057
Maximum Pen Distance: 0.9302907179965771
Average Dog Distance: 0.5030221737315161
Maximum Dog Distance: 0.8895807132089547
Average Sheep Distance: 0.43339461957987907
Maximum Sheep Distance: 0.6190825227403741
Elapsed Time: 4m 58s
********** 82 **********
Average Fitness: 0.25633333333333336
Maximum Fitness: 0.5
Average Pen Distance: 0.5338612997798506
Maximum Pen Distance: 0.9302907179965771
Average Dog Distance: 0.5046961016432778
Maximum Dog Distance: 0.8895807132089547
Average Sheep Distance: 0.43188168669799937
Maximum Sheep Distance: 0.6190825227403741
Elapsed Time: 5m 13s
********** 83 **********
Average Fitness: 0.25600000000000006
Maximum Fitness: 0.5
Average Pen Distance: 0.537098778135202
Maximum Pen Distance: 0.9302907179965771
Average Dog Distance: 0.5095995656213042
Maximum Dog Distance: 0.8895807132089547
Average Sheep Distance: 0.42864658576722997
Maximum Sheep Distance: 0.6190825227403741
Elapsed Time: 4m 59s
********** 84 **********
Average Fitness: 0.25066666666666676
Maximum Fitness: 0.5
Average Pen Distance: 0.542244117939868
Maximum Pen Distance: 0.9302907179965771
Average Dog Distance: 0.5083094328991837
Maximum Dog Distance: 0.8895807132089547
Average Sheep Distance: 0.4308538726900498
Maximum Sheep Distance: 0.6190825227403741
Elapsed Time: 4m 58s
********** 85 **********
Average Fitness: 0.24933333333333338
Maximum Fitness: 0.5
Average Pen Distance: 0.5446133730309557
Maximum Pen Distance: 0.9302907179965771
Average Dog Distance: 0.5100566146634232
Maximum Dog Distance: 0.8895807132089547
Average Sheep Distance: 0.4321995707753042
Maximum Sheep Distance: 0.6190825227403741
Elapsed Time: 5m 3s
********** 86 **********
Average Fitness: 0.26033333333333336
Maximum Fitness: 0.5
Average Pen Distance: 0.5353322206218946
Maximum Pen Distance: 0.9302907179965771
Average Dog Distance: 0.5085804079002034
Maximum Dog Distance: 0.8895807132089547
Average Sheep Distance: 0.4292568623237891
Maximum Sheep Distance: 0.6190825227403741
Elapsed Time: 5m 4s
********** 87 **********
Average Fitness: 0.26066666666666666
Maximum Fitness: 0.5
Average Pen Distance: 0.5356460197212034
Maximum Pen Distance: 0.9302907179965771
Average Dog Distance: 0.5123716452692374
Maximum Dog Distance: 0.8895807132089547
Average Sheep Distance: 0.43148903175515246
Maximum Sheep Distance: 0.6190825227403741
Elapsed Time: 4m 59s
********** 88 **********
Average Fitness: 0.25233333333333335
Maximum Fitness: 0.5
Average Pen Distance: 0.5454979421676106
Maximum Pen Distance: 0.9302907179965771
Average Dog Distance: 0.5105144229544768
Maximum Dog Distance: 0.8895807132089547
Average Sheep Distance: 0.4298746910386745
Maximum Sheep Distance: 0.6190825227403741
Elapsed Time: 5m 2s
********** 89 **********
Average Fitness: 0.2503333333333333
Maximum Fitness: 0.5
Average Pen Distance: 0.5457125043881674
Maximum Pen Distance: 0.9302907179965771
Average Dog Distance: 0.499973127972604
Maximum Dog Distance: 0.8895807132089547
Average Sheep Distance: 0.4348164195504814
Maximum Sheep Distance: 0.6190825227403741
Elapsed Time: 5m 0s
********** 90 **********
Average Fitness: 0.2553333333333333
Maximum Fitness: 0.5
Average Pen Distance: 0.5427666091510196
Maximum Pen Distance: 0.9302907179965771
Average Dog Distance: 0.5040574064457128
Maximum Dog Distance: 0.8895807132089547
Average Sheep Distance: 0.43376742886852676
Maximum Sheep Distance: 0.6190825227403741
Elapsed Time: 5m 5s
********** 91 **********
Average Fitness: 0.26033333333333336
Maximum Fitness: 0.5
Average Pen Distance: 0.540878789977796
Maximum Pen Distance: 0.9302907179965771
Average Dog Distance: 0.5117474517475581
Maximum Dog Distance: 0.8895807132089547
Average Sheep Distance: 0.43368092649307804
Maximum Sheep Distance: 0.6190825227403741
Elapsed Time: 4m 57s
********** 92 **********
Average Fitness: 0.25566666666666665
Maximum Fitness: 0.5
Average Pen Distance: 0.5471498554958717
Maximum Pen Distance: 0.9495213273209094
Average Dog Distance: 0.5065823929031192
Maximum Dog Distance: 0.8895807132089547
Average Sheep Distance: 0.43284033183283105
Maximum Sheep Distance: 0.6190825227403741
Elapsed Time: 4m 56s
********** 93 **********
Average Fitness: 0.2556666666666667
Maximum Fitness: 0.5
Average Pen Distance: 0.54987004226274
Maximum Pen Distance: 0.9495213273209094
Average Dog Distance: 0.5079445292276157
Maximum Dog Distance: 0.8895807132089547
Average Sheep Distance: 0.43116714394208216
Maximum Sheep Distance: 0.6190825227403741
Elapsed Time: 5m 4s
********** 94 **********
Average Fitness: 0.257
Maximum Fitness: 0.5
Average Pen Distance: 0.5474512450218572
Maximum Pen Distance: 0.9495213273209094
Average Dog Distance: 0.5036793821772183
Maximum Dog Distance: 0.8895807132089547
Average Sheep Distance: 0.4318847233288541
Maximum Sheep Distance: 0.6190825227403741
Elapsed Time: 5m 7s
********** 95 **********
Average Fitness: 0.25699999999999995
Maximum Fitness: 0.5333333333333333
Average Pen Distance: 0.553830323663614
Maximum Pen Distance: 0.9495213273209094
Average Dog Distance: 0.5044242760973967
Maximum Dog Distance: 0.8895807132089547
Average Sheep Distance: 0.4275251360497036
Maximum Sheep Distance: 0.6190825227403741
Elapsed Time: 5m 2s
********** 96 **********
Average Fitness: 0.258
Maximum Fitness: 0.5333333333333333
Average Pen Distance: 0.5483022496324167
Maximum Pen Distance: 0.9495213273209094
Average Dog Distance: 0.5030294111782357
Maximum Dog Distance: 0.8895807132089547
Average Sheep Distance: 0.43243394786508543
Maximum Sheep Distance: 0.6190825227403741
Elapsed Time: 5m 5s
********** 97 **********
Average Fitness: 0.26
Maximum Fitness: 0.5333333333333333
Average Pen Distance: 0.5401641475346608
Maximum Pen Distance: 0.9495213273209094
Average Dog Distance: 0.5018535753845622
Maximum Dog Distance: 0.8895807132089547
Average Sheep Distance: 0.4308118690965452
Maximum Sheep Distance: 0.6190825227403741
Elapsed Time: 5m 7s
********** 98 **********
Average Fitness: 0.2626666666666667
Maximum Fitness: 0.5333333333333333
Average Pen Distance: 0.535519457058828
Maximum Pen Distance: 0.9495213273209094
Average Dog Distance: 0.5079898868809292
Maximum Dog Distance: 0.8895807132089547
Average Sheep Distance: 0.4311690025141875
Maximum Sheep Distance: 0.6190825227403741
Elapsed Time: 5m 0s
********** 99 **********
Average Fitness: 0.25733333333333336
Maximum Fitness: 0.5333333333333333
Average Pen Distance: 0.5372790996470217
Maximum Pen Distance: 0.9495213273209094
Average Dog Distance: 0.5008128809592105
Maximum Dog Distance: 0.8895807132089547
Average Sheep Distance: 0.4300887089071315
Maximum Sheep Distance: 0.6190825227403741
Elapsed Time: 4m 57s
********** 100 **********
Average Fitness: 0.25533333333333336
Maximum Fitness: 0.5333333333333333
Average Pen Distance: 0.5549536469971585
Maximum Pen Distance: 0.9495213273209094
Average Dog Distance: 0.5076737591612867
Maximum Dog Distance: 0.8895807132089547
Average Sheep Distance: 0.4272673382120526
Maximum Sheep Distance: 0.6190825227403741
Elapsed Time: 5m 6s
