nproc is 1
cnode0993.cm.cluster
********** 1 **********
Average Fitness: 0.07333333333333332
Maximum Fitness: 0.3
Average Pen Distance: 0.5216494927762508
Maximum Pen Distance: 0.761900565722744
Average Dog Distance: 0.5903865178582012
Maximum Dog Distance: 0.8504998413756906
Average Sheep Distance: 0.3583767138469075
Maximum Sheep Distance: 0.46049060048545276
Elapsed Time: 10m 7s
********** 2 **********
Average Fitness: 0.08266666666666664
Maximum Fitness: 0.3333333333333333
Average Pen Distance: 0.523027759865805
Maximum Pen Distance: 0.761900565722744
Average Dog Distance: 0.5901463076758894
Maximum Dog Distance: 0.8504998413756906
Average Sheep Distance: 0.3621372630558327
Maximum Sheep Distance: 0.46424143259919387
Elapsed Time: 5m 0s
********** 3 **********
Average Fitness: 0.09033333333333333
Maximum Fitness: 0.3333333333333333
Average Pen Distance: 0.5289119418546561
Maximum Pen Distance: 0.761900565722744
Average Dog Distance: 0.587951438608983
Maximum Dog Distance: 0.8504998413756906
Average Sheep Distance: 0.36511371134506054
Maximum Sheep Distance: 0.46424143259919387
Elapsed Time: 5m 0s
********** 4 **********
Average Fitness: 0.09799999999999999
Maximum Fitness: 0.3333333333333333
Average Pen Distance: 0.5281643025668621
Maximum Pen Distance: 0.7945345117868171
Average Dog Distance: 0.5630756774910085
Maximum Dog Distance: 0.8504998413756906
Average Sheep Distance: 0.364347570348649
Maximum Sheep Distance: 0.48199500915286847
Elapsed Time: 5m 7s
********** 5 **********
Average Fitness: 0.10433333333333333
Maximum Fitness: 0.3333333333333333
Average Pen Distance: 0.5259178736571759
Maximum Pen Distance: 0.7945345117868171
Average Dog Distance: 0.5579678203076827
Maximum Dog Distance: 0.8504998413756906
Average Sheep Distance: 0.36809296963015986
Maximum Sheep Distance: 0.48199500915286847
Elapsed Time: 4m 58s
********** 6 **********
Average Fitness: 0.10799999999999998
Maximum Fitness: 0.3333333333333333
Average Pen Distance: 0.5288896183787245
Maximum Pen Distance: 0.7945345117868171
Average Dog Distance: 0.5544580841051864
Maximum Dog Distance: 0.8504998413756906
Average Sheep Distance: 0.3707766482505677
Maximum Sheep Distance: 0.48199500915286847
Elapsed Time: 4m 57s
********** 7 **********
Average Fitness: 0.10366666666666667
Maximum Fitness: 0.3333333333333333
Average Pen Distance: 0.5352022057271326
Maximum Pen Distance: 0.7945345117868171
Average Dog Distance: 0.5349164604858254
Maximum Dog Distance: 0.8504998413756906
Average Sheep Distance: 0.3735414380531223
Maximum Sheep Distance: 0.4915986687006601
Elapsed Time: 4m 56s
********** 8 **********
Average Fitness: 0.10833333333333332
Maximum Fitness: 0.3333333333333333
Average Pen Distance: 0.5404987511513637
Maximum Pen Distance: 0.7945345117868171
Average Dog Distance: 0.5446778512392253
Maximum Dog Distance: 0.8504998413756906
Average Sheep Distance: 0.3749241152089528
Maximum Sheep Distance: 0.5086654709018068
Elapsed Time: 5m 6s
********** 9 **********
Average Fitness: 0.10999999999999999
Maximum Fitness: 0.3333333333333333
Average Pen Distance: 0.5448867641508068
Maximum Pen Distance: 0.8015232579732344
Average Dog Distance: 0.5427926567388123
Maximum Dog Distance: 0.8504998413756906
Average Sheep Distance: 0.37509938870003984
Maximum Sheep Distance: 0.5086654709018068
Elapsed Time: 5m 6s
********** 10 **********
Average Fitness: 0.11333333333333333
Maximum Fitness: 0.3333333333333333
Average Pen Distance: 0.535830053423065
Maximum Pen Distance: 0.82491441182903
Average Dog Distance: 0.5380036689828901
Maximum Dog Distance: 0.8504998413756906
Average Sheep Distance: 0.374906633454985
Maximum Sheep Distance: 0.5086654709018068
Elapsed Time: 5m 8s
********** 11 **********
Average Fitness: 0.10966666666666666
Maximum Fitness: 0.3333333333333333
Average Pen Distance: 0.5460567814509738
Maximum Pen Distance: 0.82491441182903
Average Dog Distance: 0.529449024485185
Maximum Dog Distance: 0.857307462710483
Average Sheep Distance: 0.37549368304401187
Maximum Sheep Distance: 0.508868033317177
Elapsed Time: 5m 4s
********** 12 **********
Average Fitness: 0.11633333333333332
Maximum Fitness: 0.3333333333333333
Average Pen Distance: 0.5483347021165977
Maximum Pen Distance: 0.8334663949115614
Average Dog Distance: 0.540537954670708
Maximum Dog Distance: 0.857307462710483
Average Sheep Distance: 0.37418978443050527
Maximum Sheep Distance: 0.508868033317177
Elapsed Time: 5m 1s
********** 13 **********
Average Fitness: 0.11699999999999998
Maximum Fitness: 0.3333333333333333
Average Pen Distance: 0.5450410323763425
Maximum Pen Distance: 0.8334663949115614
Average Dog Distance: 0.5403078609024786
Maximum Dog Distance: 0.857307462710483
Average Sheep Distance: 0.37322534344300995
Maximum Sheep Distance: 0.508868033317177
Elapsed Time: 5m 3s
********** 14 **********
Average Fitness: 0.11633333333333333
Maximum Fitness: 0.3333333333333333
Average Pen Distance: 0.5470642481625897
Maximum Pen Distance: 0.8334663949115614
Average Dog Distance: 0.5373828207671196
Maximum Dog Distance: 0.857307462710483
Average Sheep Distance: 0.37322289911309847
Maximum Sheep Distance: 0.508868033317177
Elapsed Time: 4m 59s
********** 15 **********
Average Fitness: 0.11933333333333332
Maximum Fitness: 0.3333333333333333
Average Pen Distance: 0.5384937390531739
Maximum Pen Distance: 0.8334663949115614
Average Dog Distance: 0.5294449404853616
Maximum Dog Distance: 0.857307462710483
Average Sheep Distance: 0.371124544472649
Maximum Sheep Distance: 0.508868033317177
Elapsed Time: 5m 5s
********** 16 **********
Average Fitness: 0.12166666666666665
Maximum Fitness: 0.3333333333333333
Average Pen Distance: 0.539688146591527
Maximum Pen Distance: 0.8334663949115614
Average Dog Distance: 0.5329129397177406
Maximum Dog Distance: 0.8654696053102063
Average Sheep Distance: 0.373045842586724
Maximum Sheep Distance: 0.508868033317177
Elapsed Time: 4m 59s
********** 17 **********
Average Fitness: 0.12266666666666666
Maximum Fitness: 0.3333333333333333
Average Pen Distance: 0.54381947285832
Maximum Pen Distance: 0.8334663949115614
Average Dog Distance: 0.5349693622625264
Maximum Dog Distance: 0.8654696053102063
Average Sheep Distance: 0.3740813940759314
Maximum Sheep Distance: 0.508868033317177
Elapsed Time: 5m 3s
********** 18 **********
Average Fitness: 0.12899999999999998
Maximum Fitness: 0.3333333333333333
Average Pen Distance: 0.544081159030123
Maximum Pen Distance: 0.8334663949115614
Average Dog Distance: 0.5424928289318011
Maximum Dog Distance: 0.8654696053102063
Average Sheep Distance: 0.37392533935442673
Maximum Sheep Distance: 0.508868033317177
Elapsed Time: 5m 7s
********** 19 **********
Average Fitness: 0.12833333333333333
Maximum Fitness: 0.3333333333333333
Average Pen Distance: 0.549155714245289
Maximum Pen Distance: 0.8334663949115614
Average Dog Distance: 0.5379333353196591
Maximum Dog Distance: 0.8654696053102063
Average Sheep Distance: 0.37198827403564044
Maximum Sheep Distance: 0.508868033317177
Elapsed Time: 4m 56s
********** 20 **********
Average Fitness: 0.12899999999999998
Maximum Fitness: 0.3333333333333333
Average Pen Distance: 0.553579513883507
Maximum Pen Distance: 0.8334663949115614
Average Dog Distance: 0.532699571087905
Maximum Dog Distance: 0.8654696053102063
Average Sheep Distance: 0.3704300762066673
Maximum Sheep Distance: 0.508868033317177
Elapsed Time: 5m 2s
********** 21 **********
Average Fitness: 0.12866666666666665
Maximum Fitness: 0.3333333333333333
Average Pen Distance: 0.54118692682443
Maximum Pen Distance: 0.8334663949115614
Average Dog Distance: 0.5333936864288411
Maximum Dog Distance: 0.8689297572963611
Average Sheep Distance: 0.36985621167688626
Maximum Sheep Distance: 0.508868033317177
Elapsed Time: 5m 10s
********** 22 **********
Average Fitness: 0.12733333333333333
Maximum Fitness: 0.3333333333333333
Average Pen Distance: 0.549067251852464
Maximum Pen Distance: 0.8363950638781436
Average Dog Distance: 0.5292094276426744
Maximum Dog Distance: 0.8689297572963611
Average Sheep Distance: 0.3703284702893564
Maximum Sheep Distance: 0.508868033317177
Elapsed Time: 5m 1s
********** 23 **********
Average Fitness: 0.12899999999999998
Maximum Fitness: 0.3333333333333333
Average Pen Distance: 0.5340067591640871
Maximum Pen Distance: 0.8363950638781436
Average Dog Distance: 0.5238861843250852
Maximum Dog Distance: 0.8689297572963611
Average Sheep Distance: 0.3701033063172002
Maximum Sheep Distance: 0.508868033317177
Elapsed Time: 5m 6s
********** 24 **********
Average Fitness: 0.133
Maximum Fitness: 0.3333333333333333
Average Pen Distance: 0.5376334576209035
Maximum Pen Distance: 0.8363950638781436
Average Dog Distance: 0.5240328048008042
Maximum Dog Distance: 0.8654696053102063
Average Sheep Distance: 0.36972369687320294
Maximum Sheep Distance: 0.508868033317177
Elapsed Time: 4m 56s
********** 25 **********
Average Fitness: 0.136
Maximum Fitness: 0.3333333333333333
Average Pen Distance: 0.5300271992073275
Maximum Pen Distance: 0.8363950638781436
Average Dog Distance: 0.5177062847172537
Maximum Dog Distance: 0.8654696053102063
Average Sheep Distance: 0.3676020092623351
Maximum Sheep Distance: 0.508868033317177
Elapsed Time: 5m 1s
********** 26 **********
Average Fitness: 0.13699999999999998
Maximum Fitness: 0.3333333333333333
Average Pen Distance: 0.5203138042640764
Maximum Pen Distance: 0.8363950638781436
Average Dog Distance: 0.5085405004093648
Maximum Dog Distance: 0.8654696053102063
Average Sheep Distance: 0.3648720673379643
Maximum Sheep Distance: 0.508868033317177
Elapsed Time: 5m 3s
********** 27 **********
Average Fitness: 0.13299999999999998
Maximum Fitness: 0.3333333333333333
Average Pen Distance: 0.5323480121233595
Maximum Pen Distance: 0.8363950638781436
Average Dog Distance: 0.514955037292414
Maximum Dog Distance: 0.8654696053102063
Average Sheep Distance: 0.369801242869235
Maximum Sheep Distance: 0.508868033317177
Elapsed Time: 4m 59s
********** 28 **********
Average Fitness: 0.135
Maximum Fitness: 0.3333333333333333
Average Pen Distance: 0.5284369577643653
Maximum Pen Distance: 0.8363950638781436
Average Dog Distance: 0.5182709740153916
Maximum Dog Distance: 0.8654696053102063
Average Sheep Distance: 0.3688083495807439
Maximum Sheep Distance: 0.508868033317177
Elapsed Time: 5m 0s
********** 29 **********
Average Fitness: 0.13299999999999998
Maximum Fitness: 0.4333333333333333
Average Pen Distance: 0.5342346166472628
Maximum Pen Distance: 0.8363950638781436
Average Dog Distance: 0.5133282987543342
Maximum Dog Distance: 0.8654696053102063
Average Sheep Distance: 0.36987411333576437
Maximum Sheep Distance: 0.521135070500665
Elapsed Time: 5m 3s
********** 30 **********
Average Fitness: 0.14400000000000002
Maximum Fitness: 0.4333333333333333
Average Pen Distance: 0.5329840194531072
Maximum Pen Distance: 0.7920392227927833
Average Dog Distance: 0.524569785289529
Maximum Dog Distance: 0.8691799547596722
Average Sheep Distance: 0.37244824481640393
Maximum Sheep Distance: 0.521135070500665
Elapsed Time: 5m 7s
********** 31 **********
Average Fitness: 0.14266666666666664
Maximum Fitness: 0.4333333333333333
Average Pen Distance: 0.5252496915540195
Maximum Pen Distance: 0.7920392227927833
Average Dog Distance: 0.5134078956577439
Maximum Dog Distance: 0.8654696053102063
Average Sheep Distance: 0.3724856269308715
Maximum Sheep Distance: 0.521135070500665
Elapsed Time: 5m 0s
********** 32 **********
Average Fitness: 0.14533333333333331
Maximum Fitness: 0.4333333333333333
Average Pen Distance: 0.5291816330992924
Maximum Pen Distance: 0.7920392227927833
Average Dog Distance: 0.5154001315339045
Maximum Dog Distance: 0.8654696053102063
Average Sheep Distance: 0.3705795249755219
Maximum Sheep Distance: 0.521135070500665
Elapsed Time: 4m 58s
********** 33 **********
Average Fitness: 0.14266666666666666
Maximum Fitness: 0.4333333333333333
Average Pen Distance: 0.5308178870684749
Maximum Pen Distance: 0.7920392227927833
Average Dog Distance: 0.5126079884261242
Maximum Dog Distance: 0.8654696053102063
Average Sheep Distance: 0.37157986745717336
Maximum Sheep Distance: 0.521135070500665
Elapsed Time: 5m 3s
********** 34 **********
Average Fitness: 0.14466666666666667
Maximum Fitness: 0.4333333333333333
Average Pen Distance: 0.5423565601006541
Maximum Pen Distance: 0.8003443248590676
Average Dog Distance: 0.5277976409045599
Maximum Dog Distance: 0.8654696053102063
Average Sheep Distance: 0.3728988759089487
Maximum Sheep Distance: 0.521135070500665
Elapsed Time: 5m 0s
********** 35 **********
Average Fitness: 0.14600000000000002
Maximum Fitness: 0.4333333333333333
Average Pen Distance: 0.5460307024471209
Maximum Pen Distance: 0.8003443248590676
Average Dog Distance: 0.5237402014750776
Maximum Dog Distance: 0.8654696053102063
Average Sheep Distance: 0.3733688970003262
Maximum Sheep Distance: 0.521135070500665
Elapsed Time: 5m 3s
********** 36 **********
Average Fitness: 0.147
Maximum Fitness: 0.4333333333333333
Average Pen Distance: 0.5429785162698318
Maximum Pen Distance: 0.8003443248590676
Average Dog Distance: 0.5245800204759776
Maximum Dog Distance: 0.8654696053102063
Average Sheep Distance: 0.37387583435548644
Maximum Sheep Distance: 0.521135070500665
Elapsed Time: 5m 6s
********** 37 **********
Average Fitness: 0.149
Maximum Fitness: 0.4333333333333333
Average Pen Distance: 0.5414248733657677
Maximum Pen Distance: 0.8003443248590676
Average Dog Distance: 0.5256020246106845
Maximum Dog Distance: 0.8654696053102063
Average Sheep Distance: 0.37204993217815113
Maximum Sheep Distance: 0.521135070500665
Elapsed Time: 4m 59s
********** 38 **********
Average Fitness: 0.14933333333333335
Maximum Fitness: 0.4333333333333333
Average Pen Distance: 0.5406849763057797
Maximum Pen Distance: 0.8003443248590676
Average Dog Distance: 0.5205245244617186
Maximum Dog Distance: 0.8654696053102063
Average Sheep Distance: 0.37207617931985565
Maximum Sheep Distance: 0.521135070500665
Elapsed Time: 4m 59s
********** 39 **********
Average Fitness: 0.15200000000000002
Maximum Fitness: 0.4333333333333333
Average Pen Distance: 0.5336883300770843
Maximum Pen Distance: 0.8003443248590676
Average Dog Distance: 0.5202924915217609
Maximum Dog Distance: 0.8654696053102063
Average Sheep Distance: 0.3724949742149004
Maximum Sheep Distance: 0.521135070500665
Elapsed Time: 5m 7s
********** 40 **********
Average Fitness: 0.15333333333333332
Maximum Fitness: 0.4333333333333333
Average Pen Distance: 0.5291450611437323
Maximum Pen Distance: 0.8268933944045961
Average Dog Distance: 0.5224421811671361
Maximum Dog Distance: 0.8654696053102063
Average Sheep Distance: 0.369698174662667
Maximum Sheep Distance: 0.48199500915286847
Elapsed Time: 5m 6s
********** 41 **********
Average Fitness: 0.154
Maximum Fitness: 0.4333333333333333
Average Pen Distance: 0.5268813854038525
Maximum Pen Distance: 0.8268933944045961
Average Dog Distance: 0.5204167852777334
Maximum Dog Distance: 0.8654696053102063
Average Sheep Distance: 0.3694759858012315
Maximum Sheep Distance: 0.48199500915286847
Elapsed Time: 4m 59s
********** 42 **********
Average Fitness: 0.154
Maximum Fitness: 0.4333333333333333
Average Pen Distance: 0.5262322953067409
Maximum Pen Distance: 0.8268933944045961
Average Dog Distance: 0.5099124338585331
Maximum Dog Distance: 0.8654696053102063
Average Sheep Distance: 0.37089120324543545
Maximum Sheep Distance: 0.48199500915286847
Elapsed Time: 4m 58s
********** 43 **********
Average Fitness: 0.15533333333333332
Maximum Fitness: 0.4333333333333333
Average Pen Distance: 0.5191867140332088
Maximum Pen Distance: 0.8268933944045961
Average Dog Distance: 0.5133328410611935
Maximum Dog Distance: 0.8654696053102063
Average Sheep Distance: 0.3711314505612146
Maximum Sheep Distance: 0.48199500915286847
Elapsed Time: 5m 1s
********** 44 **********
Average Fitness: 0.15333333333333335
Maximum Fitness: 0.4333333333333333
Average Pen Distance: 0.5131309642544103
Maximum Pen Distance: 0.8268933944045961
Average Dog Distance: 0.5079987933357578
Maximum Dog Distance: 0.8654696053102063
Average Sheep Distance: 0.372395666741242
Maximum Sheep Distance: 0.48199500915286847
Elapsed Time: 5m 10s
********** 45 **********
Average Fitness: 0.15833333333333333
Maximum Fitness: 0.4333333333333333
Average Pen Distance: 0.5221823687427092
Maximum Pen Distance: 0.8268933944045961
Average Dog Distance: 0.5160933021770039
Maximum Dog Distance: 0.8654696053102063
Average Sheep Distance: 0.37302143767584595
Maximum Sheep Distance: 0.48199500915286847
Elapsed Time: 4m 57s
********** 46 **********
Average Fitness: 0.157
Maximum Fitness: 0.4333333333333333
Average Pen Distance: 0.5188563622487858
Maximum Pen Distance: 0.8268933944045961
Average Dog Distance: 0.5192712343033441
Maximum Dog Distance: 0.8654696053102063
Average Sheep Distance: 0.3741696237190667
Maximum Sheep Distance: 0.48199500915286847
Elapsed Time: 4m 57s
********** 47 **********
Average Fitness: 0.156
Maximum Fitness: 0.4333333333333333
Average Pen Distance: 0.5261888276718958
Maximum Pen Distance: 0.8268933944045961
Average Dog Distance: 0.5185193386000949
Maximum Dog Distance: 0.8654696053102063
Average Sheep Distance: 0.37521746512817694
Maximum Sheep Distance: 0.5018075705934364
Elapsed Time: 5m 0s
********** 48 **********
Average Fitness: 0.155
Maximum Fitness: 0.4333333333333333
Average Pen Distance: 0.52658640856494
Maximum Pen Distance: 0.8268933944045961
Average Dog Distance: 0.5169939053522483
Maximum Dog Distance: 0.8654696053102063
Average Sheep Distance: 0.37236153154003104
Maximum Sheep Distance: 0.5018075705934364
Elapsed Time: 5m 3s
********** 49 **********
Average Fitness: 0.15866666666666668
Maximum Fitness: 0.4333333333333333
Average Pen Distance: 0.5234628480097385
Maximum Pen Distance: 0.8268933944045961
Average Dog Distance: 0.5174832494934568
Maximum Dog Distance: 0.8654696053102063
Average Sheep Distance: 0.3712342396687001
Maximum Sheep Distance: 0.5018075705934364
Elapsed Time: 5m 0s
********** 50 **********
Average Fitness: 0.16266666666666674
Maximum Fitness: 0.4333333333333333
Average Pen Distance: 0.5242003026962329
Maximum Pen Distance: 0.8268933944045961
Average Dog Distance: 0.5174268964988546
Maximum Dog Distance: 0.8654696053102063
Average Sheep Distance: 0.3726384441866753
Maximum Sheep Distance: 0.5018075705934364
Elapsed Time: 5m 9s
********** 51 **********
Average Fitness: 0.16233333333333338
Maximum Fitness: 0.4333333333333333
Average Pen Distance: 0.5245292798045106
Maximum Pen Distance: 0.8268933944045961
Average Dog Distance: 0.5146583258126017
Maximum Dog Distance: 0.8654696053102063
Average Sheep Distance: 0.3723248281711284
Maximum Sheep Distance: 0.5018075705934364
Elapsed Time: 5m 3s
********** 52 **********
Average Fitness: 0.16300000000000003
Maximum Fitness: 0.4333333333333333
Average Pen Distance: 0.5297554611675551
Maximum Pen Distance: 0.8268933944045961
Average Dog Distance: 0.5083414113245205
Maximum Dog Distance: 0.8654696053102063
Average Sheep Distance: 0.3733718246307772
Maximum Sheep Distance: 0.5018075705934364
Elapsed Time: 5m 6s
********** 53 **********
Average Fitness: 0.1616666666666667
Maximum Fitness: 0.4333333333333333
Average Pen Distance: 0.5188074629874021
Maximum Pen Distance: 0.8268933944045961
Average Dog Distance: 0.5036767669816948
Maximum Dog Distance: 0.8654696053102063
Average Sheep Distance: 0.37155604093161465
Maximum Sheep Distance: 0.5018075705934364
Elapsed Time: 5m 1s
********** 54 **********
Average Fitness: 0.16666666666666674
Maximum Fitness: 0.4333333333333333
Average Pen Distance: 0.5161480569750352
Maximum Pen Distance: 0.8268933944045961
Average Dog Distance: 0.5074570701839504
Maximum Dog Distance: 0.8654696053102063
Average Sheep Distance: 0.37247855452948575
Maximum Sheep Distance: 0.5018075705934364
Elapsed Time: 5m 14s
********** 55 **********
Average Fitness: 0.16833333333333336
Maximum Fitness: 0.4333333333333333
Average Pen Distance: 0.5234840617618138
Maximum Pen Distance: 0.838035634899834
Average Dog Distance: 0.5108974862734883
Maximum Dog Distance: 0.8654696053102063
Average Sheep Distance: 0.3747005619517098
Maximum Sheep Distance: 0.5018075705934364
Elapsed Time: 5m 0s
********** 56 **********
Average Fitness: 0.1703333333333333
Maximum Fitness: 0.4333333333333333
Average Pen Distance: 0.5160035591907843
Maximum Pen Distance: 0.838035634899834
Average Dog Distance: 0.5098646432606511
Maximum Dog Distance: 0.8654696053102063
Average Sheep Distance: 0.3732492584293698
Maximum Sheep Distance: 0.5018075705934364
Elapsed Time: 5m 9s
********** 57 **********
Average Fitness: 0.17133333333333334
Maximum Fitness: 0.4333333333333333
Average Pen Distance: 0.5158237188141335
Maximum Pen Distance: 0.838035634899834
Average Dog Distance: 0.5133817293426857
Maximum Dog Distance: 0.8654696053102063
Average Sheep Distance: 0.37582112711640936
Maximum Sheep Distance: 0.5018075705934364
Elapsed Time: 5m 2s
********** 58 **********
Average Fitness: 0.16933333333333334
Maximum Fitness: 0.4333333333333333
Average Pen Distance: 0.5182596270391789
Maximum Pen Distance: 0.838035634899834
Average Dog Distance: 0.5147593942379726
Maximum Dog Distance: 0.8654696053102063
Average Sheep Distance: 0.3763016416155708
Maximum Sheep Distance: 0.5018075705934364
Elapsed Time: 4m 59s
********** 59 **********
Average Fitness: 0.16933333333333334
Maximum Fitness: 0.4333333333333333
Average Pen Distance: 0.5199909564892999
Maximum Pen Distance: 0.838035634899834
Average Dog Distance: 0.5103083985585652
Maximum Dog Distance: 0.8654696053102063
Average Sheep Distance: 0.3755138316751797
Maximum Sheep Distance: 0.5018075705934364
Elapsed Time: 5m 0s
********** 60 **********
Average Fitness: 0.171
Maximum Fitness: 0.4333333333333333
Average Pen Distance: 0.5153083388238754
Maximum Pen Distance: 0.8507663739423698
Average Dog Distance: 0.5043553521893379
Maximum Dog Distance: 0.8654696053102063
Average Sheep Distance: 0.3756263692479061
Maximum Sheep Distance: 0.5018075705934364
Elapsed Time: 5m 1s
********** 61 **********
Average Fitness: 0.16799999999999998
Maximum Fitness: 0.4333333333333333
Average Pen Distance: 0.5160052423144856
Maximum Pen Distance: 0.8507663739423698
Average Dog Distance: 0.511873466774059
Maximum Dog Distance: 0.8654696053102063
Average Sheep Distance: 0.3768767100299706
Maximum Sheep Distance: 0.5018075705934364
Elapsed Time: 5m 8s
********** 62 **********
Average Fitness: 0.1703333333333333
Maximum Fitness: 0.4333333333333333
Average Pen Distance: 0.5104061341898997
Maximum Pen Distance: 0.8507663739423698
Average Dog Distance: 0.5132086026715704
Maximum Dog Distance: 0.8654696053102063
Average Sheep Distance: 0.3761965918756227
Maximum Sheep Distance: 0.5018075705934364
Elapsed Time: 5m 4s
********** 63 **********
Average Fitness: 0.17066666666666666
Maximum Fitness: 0.4333333333333333
Average Pen Distance: 0.5158929533053672
Maximum Pen Distance: 0.8507663739423698
Average Dog Distance: 0.511495885085215
Maximum Dog Distance: 0.8654696053102063
Average Sheep Distance: 0.37354691716137756
Maximum Sheep Distance: 0.5018075705934364
Elapsed Time: 5m 3s
********** 64 **********
Average Fitness: 0.169
Maximum Fitness: 0.4333333333333333
Average Pen Distance: 0.521076268214333
Maximum Pen Distance: 0.8507663739423698
Average Dog Distance: 0.5126306456046481
Maximum Dog Distance: 0.8654696053102063
Average Sheep Distance: 0.3725890954320354
Maximum Sheep Distance: 0.5018075705934364
Elapsed Time: 5m 3s
********** 65 **********
Average Fitness: 0.171
Maximum Fitness: 0.4333333333333333
Average Pen Distance: 0.5231641691224234
Maximum Pen Distance: 0.8507663739423698
Average Dog Distance: 0.5155853158474163
Maximum Dog Distance: 0.8654696053102063
Average Sheep Distance: 0.3718306344930407
Maximum Sheep Distance: 0.5018075705934364
Elapsed Time: 5m 3s
********** 66 **********
Average Fitness: 0.16633333333333336
Maximum Fitness: 0.4333333333333333
Average Pen Distance: 0.5290790479386177
Maximum Pen Distance: 0.8507663739423698
Average Dog Distance: 0.5167424650326286
Maximum Dog Distance: 0.8654696053102063
Average Sheep Distance: 0.3730407666248391
Maximum Sheep Distance: 0.5018075705934364
Elapsed Time: 5m 2s
********** 67 **********
Average Fitness: 0.168
Maximum Fitness: 0.4333333333333333
Average Pen Distance: 0.5335023281137177
Maximum Pen Distance: 0.8507663739423698
Average Dog Distance: 0.5169903142647558
Maximum Dog Distance: 0.8654696053102063
Average Sheep Distance: 0.37126554105938153
Maximum Sheep Distance: 0.5018075705934364
Elapsed Time: 5m 4s
********** 68 **********
Average Fitness: 0.17033333333333334
Maximum Fitness: 0.4333333333333333
Average Pen Distance: 0.5309035732996469
Maximum Pen Distance: 0.8507663739423698
Average Dog Distance: 0.5140696742201151
Maximum Dog Distance: 0.8654696053102063
Average Sheep Distance: 0.3732352172459074
Maximum Sheep Distance: 0.5018075705934364
Elapsed Time: 5m 6s
********** 69 **********
Average Fitness: 0.17033333333333334
Maximum Fitness: 0.4333333333333333
Average Pen Distance: 0.5365559304184112
Maximum Pen Distance: 0.8507663739423698
Average Dog Distance: 0.5088936999060429
Maximum Dog Distance: 0.8654696053102063
Average Sheep Distance: 0.37307228141976984
Maximum Sheep Distance: 0.5018075705934364
Elapsed Time: 5m 4s
********** 70 **********
Average Fitness: 0.17166666666666672
Maximum Fitness: 0.4333333333333333
Average Pen Distance: 0.5337460715768971
Maximum Pen Distance: 0.8507663739423698
Average Dog Distance: 0.5105844015923029
Maximum Dog Distance: 0.8654696053102063
Average Sheep Distance: 0.3710064293248177
Maximum Sheep Distance: 0.5018075705934364
Elapsed Time: 4m 58s
********** 71 **********
Average Fitness: 0.17233333333333334
Maximum Fitness: 0.4333333333333333
Average Pen Distance: 0.532399240557322
Maximum Pen Distance: 0.8507663739423698
Average Dog Distance: 0.5087381178610653
Maximum Dog Distance: 0.8654696053102063
Average Sheep Distance: 0.37261347074399526
Maximum Sheep Distance: 0.5088506296721336
Elapsed Time: 5m 2s
********** 72 **********
Average Fitness: 0.169
Maximum Fitness: 0.4333333333333333
Average Pen Distance: 0.5425940255763997
Maximum Pen Distance: 0.8507663739423698
Average Dog Distance: 0.5105077775132644
Maximum Dog Distance: 0.8654696053102063
Average Sheep Distance: 0.3774512041047328
Maximum Sheep Distance: 0.5174046574050556
Elapsed Time: 5m 0s
********** 73 **********
Average Fitness: 0.1696666666666667
Maximum Fitness: 0.4333333333333333
Average Pen Distance: 0.5428127420866317
Maximum Pen Distance: 0.8507663739423698
Average Dog Distance: 0.50602603402834
Maximum Dog Distance: 0.8654696053102063
Average Sheep Distance: 0.3762073777879555
Maximum Sheep Distance: 0.5174046574050556
Elapsed Time: 4m 59s
********** 74 **********
Average Fitness: 0.1706666666666667
Maximum Fitness: 0.4333333333333333
Average Pen Distance: 0.5416771288377964
Maximum Pen Distance: 0.8507663739423698
Average Dog Distance: 0.5083433217389428
Maximum Dog Distance: 0.8654696053102063
Average Sheep Distance: 0.3774782201672426
Maximum Sheep Distance: 0.5174046574050556
Elapsed Time: 4m 57s
********** 75 **********
Average Fitness: 0.1716666666666667
Maximum Fitness: 0.43333333333333335
Average Pen Distance: 0.5459897575726133
Maximum Pen Distance: 0.8507663739423698
Average Dog Distance: 0.5129281783086107
Maximum Dog Distance: 0.8654696053102063
Average Sheep Distance: 0.3786090091784151
Maximum Sheep Distance: 0.5174046574050556
Elapsed Time: 5m 12s
********** 76 **********
Average Fitness: 0.1713333333333334
Maximum Fitness: 0.43333333333333335
Average Pen Distance: 0.5444117024251393
Maximum Pen Distance: 0.8507663739423698
Average Dog Distance: 0.514497263448068
Maximum Dog Distance: 0.8654696053102063
Average Sheep Distance: 0.3800850171669453
Maximum Sheep Distance: 0.5174046574050556
Elapsed Time: 5m 4s
********** 77 **********
Average Fitness: 0.171
Maximum Fitness: 0.43333333333333335
Average Pen Distance: 0.5395809219213633
Maximum Pen Distance: 0.8507663739423698
Average Dog Distance: 0.51706888129278
Maximum Dog Distance: 0.8654696053102063
Average Sheep Distance: 0.37632536931747296
Maximum Sheep Distance: 0.5174046574050556
Elapsed Time: 5m 0s
********** 78 **********
Average Fitness: 0.1683333333333334
Maximum Fitness: 0.43333333333333335
Average Pen Distance: 0.5473550734235652
Maximum Pen Distance: 0.8507663739423698
Average Dog Distance: 0.5189623119775566
Maximum Dog Distance: 0.8654696053102063
Average Sheep Distance: 0.37731448524572814
Maximum Sheep Distance: 0.5174046574050556
Elapsed Time: 5m 7s
********** 79 **********
Average Fitness: 0.16666666666666669
Maximum Fitness: 0.43333333333333335
Average Pen Distance: 0.5533419283097534
Maximum Pen Distance: 0.8507663739423698
Average Dog Distance: 0.5156959539430144
Maximum Dog Distance: 0.8654696053102063
Average Sheep Distance: 0.37827306266795774
Maximum Sheep Distance: 0.5174046574050556
Elapsed Time: 5m 2s
********** 80 **********
Average Fitness: 0.16766666666666669
Maximum Fitness: 0.43333333333333335
Average Pen Distance: 0.5501730638180962
Maximum Pen Distance: 0.8507663739423698
Average Dog Distance: 0.50450528223675
Maximum Dog Distance: 0.8654696053102063
Average Sheep Distance: 0.3757551899563463
Maximum Sheep Distance: 0.5174046574050556
Elapsed Time: 5m 1s
********** 81 **********
Average Fitness: 0.1716666666666667
Maximum Fitness: 0.43333333333333335
Average Pen Distance: 0.5374723583594272
Maximum Pen Distance: 0.8507663739423698
Average Dog Distance: 0.5117927548588911
Maximum Dog Distance: 0.8654696053102063
Average Sheep Distance: 0.3769272852740575
Maximum Sheep Distance: 0.5174046574050556
Elapsed Time: 5m 1s
********** 82 **********
Average Fitness: 0.17200000000000004
Maximum Fitness: 0.43333333333333335
Average Pen Distance: 0.5412430315065586
Maximum Pen Distance: 0.8507663739423698
Average Dog Distance: 0.5108159155133363
Maximum Dog Distance: 0.8654696053102063
Average Sheep Distance: 0.3759585950172233
Maximum Sheep Distance: 0.5174046574050556
Elapsed Time: 4m 57s
********** 83 **********
Average Fitness: 0.17366666666666672
Maximum Fitness: 0.43333333333333335
Average Pen Distance: 0.5396474643471992
Maximum Pen Distance: 0.8507663739423698
Average Dog Distance: 0.5142713072817271
Maximum Dog Distance: 0.8654696053102063
Average Sheep Distance: 0.3762438108795296
Maximum Sheep Distance: 0.5174046574050556
Elapsed Time: 4m 58s
********** 84 **********
Average Fitness: 0.1696666666666667
Maximum Fitness: 0.43333333333333335
Average Pen Distance: 0.5507865585414531
Maximum Pen Distance: 0.8507663739423698
Average Dog Distance: 0.5109683985930176
Maximum Dog Distance: 0.8654696053102063
Average Sheep Distance: 0.37469952307156684
Maximum Sheep Distance: 0.5174046574050556
Elapsed Time: 5m 3s
********** 85 **********
Average Fitness: 0.16933333333333336
Maximum Fitness: 0.43333333333333335
Average Pen Distance: 0.5515205989538722
Maximum Pen Distance: 0.8507663739423698
Average Dog Distance: 0.5114350941500584
Maximum Dog Distance: 0.8654696053102063
Average Sheep Distance: 0.37524651730558434
Maximum Sheep Distance: 0.5174046574050556
Elapsed Time: 5m 3s
********** 86 **********
Average Fitness: 0.16966666666666674
Maximum Fitness: 0.43333333333333335
Average Pen Distance: 0.5529524255914816
Maximum Pen Distance: 0.8507663739423698
Average Dog Distance: 0.5081993566033023
Maximum Dog Distance: 0.8428893788650234
Average Sheep Distance: 0.3750279747959518
Maximum Sheep Distance: 0.5174046574050556
Elapsed Time: 5m 4s
********** 87 **********
Average Fitness: 0.17100000000000004
Maximum Fitness: 0.43333333333333335
Average Pen Distance: 0.544453095961697
Maximum Pen Distance: 0.8507663739423698
Average Dog Distance: 0.5097073845234836
Maximum Dog Distance: 0.8428893788650234
Average Sheep Distance: 0.37488722140550196
Maximum Sheep Distance: 0.5342605466225286
Elapsed Time: 5m 3s
********** 88 **********
Average Fitness: 0.17166666666666672
Maximum Fitness: 0.43333333333333335
Average Pen Distance: 0.5488518373501148
Maximum Pen Distance: 0.8673677342624128
Average Dog Distance: 0.5069348916640088
Maximum Dog Distance: 0.8428893788650234
Average Sheep Distance: 0.37562077159498913
Maximum Sheep Distance: 0.5342605466225286
Elapsed Time: 5m 7s
********** 89 **********
Average Fitness: 0.17000000000000004
Maximum Fitness: 0.43333333333333335
Average Pen Distance: 0.552561616020925
Maximum Pen Distance: 0.8673677342624128
Average Dog Distance: 0.5072370984856263
Maximum Dog Distance: 0.8428893788650234
Average Sheep Distance: 0.37787870567758
Maximum Sheep Distance: 0.5352488303992826
Elapsed Time: 4m 59s
********** 90 **********
Average Fitness: 0.17200000000000004
Maximum Fitness: 0.43333333333333335
Average Pen Distance: 0.5380266709785942
Maximum Pen Distance: 0.8673677342624128
Average Dog Distance: 0.5049234068691236
Maximum Dog Distance: 0.8428893788650234
Average Sheep Distance: 0.3782636239835974
Maximum Sheep Distance: 0.5352488303992826
Elapsed Time: 5m 0s
********** 91 **********
Average Fitness: 0.17333333333333337
Maximum Fitness: 0.43333333333333335
Average Pen Distance: 0.5425276684640469
Maximum Pen Distance: 0.8673677342624128
Average Dog Distance: 0.5020394966973422
Maximum Dog Distance: 0.8428893788650234
Average Sheep Distance: 0.3768449807078033
Maximum Sheep Distance: 0.5352488303992826
Elapsed Time: 5m 9s
********** 92 **********
Average Fitness: 0.1733333333333334
Maximum Fitness: 0.43333333333333335
Average Pen Distance: 0.5438409845512056
Maximum Pen Distance: 0.8673677342624128
Average Dog Distance: 0.5053247189897504
Maximum Dog Distance: 0.8428893788650234
Average Sheep Distance: 0.376692749467797
Maximum Sheep Distance: 0.5342605466225286
Elapsed Time: 5m 4s
********** 93 **********
Average Fitness: 0.17433333333333337
Maximum Fitness: 0.43333333333333335
Average Pen Distance: 0.5483985066994334
Maximum Pen Distance: 0.8673677342624128
Average Dog Distance: 0.5042369771489021
Maximum Dog Distance: 0.8428893788650234
Average Sheep Distance: 0.37789015738252624
Maximum Sheep Distance: 0.5342605466225286
Elapsed Time: 5m 9s
********** 94 **********
Average Fitness: 0.17333333333333337
Maximum Fitness: 0.43333333333333335
Average Pen Distance: 0.54596042446137
Maximum Pen Distance: 0.8673677342624128
Average Dog Distance: 0.5043829993170997
Maximum Dog Distance: 0.8428893788650234
Average Sheep Distance: 0.378678707462817
Maximum Sheep Distance: 0.5342605466225286
Elapsed Time: 4m 58s
********** 95 **********
Average Fitness: 0.17666666666666672
Maximum Fitness: 0.43333333333333335
Average Pen Distance: 0.5441091698361401
Maximum Pen Distance: 0.8673677342624128
Average Dog Distance: 0.5004246837465604
Maximum Dog Distance: 0.8428893788650234
Average Sheep Distance: 0.37899598792807365
Maximum Sheep Distance: 0.5342605466225286
Elapsed Time: 5m 2s
********** 96 **********
Average Fitness: 0.17300000000000007
Maximum Fitness: 0.43333333333333335
Average Pen Distance: 0.5443541123686917
Maximum Pen Distance: 0.8673677342624128
Average Dog Distance: 0.496467232995743
Maximum Dog Distance: 0.8428893788650234
Average Sheep Distance: 0.3800373573887296
Maximum Sheep Distance: 0.5342605466225286
Elapsed Time: 5m 2s
********** 97 **********
Average Fitness: 0.17366666666666672
Maximum Fitness: 0.43333333333333335
Average Pen Distance: 0.539128696435346
Maximum Pen Distance: 0.8673677342624128
Average Dog Distance: 0.49675421526220453
Maximum Dog Distance: 0.8428893788650234
Average Sheep Distance: 0.3768594144039383
Maximum Sheep Distance: 0.5342605466225286
Elapsed Time: 5m 1s
********** 98 **********
Average Fitness: 0.17233333333333337
Maximum Fitness: 0.43333333333333335
Average Pen Distance: 0.5436087418055572
Maximum Pen Distance: 0.8673677342624128
Average Dog Distance: 0.4948573681150947
Maximum Dog Distance: 0.8428893788650234
Average Sheep Distance: 0.37759735171829656
Maximum Sheep Distance: 0.5342605466225286
Elapsed Time: 5m 7s
********** 99 **********
Average Fitness: 0.17233333333333337
Maximum Fitness: 0.43333333333333335
Average Pen Distance: 0.5407522046210202
Maximum Pen Distance: 0.8673677342624128
Average Dog Distance: 0.4993609483224064
Maximum Dog Distance: 0.8509401150858116
Average Sheep Distance: 0.37757930977770043
Maximum Sheep Distance: 0.5342605466225286
Elapsed Time: 5m 17s
********** 100 **********
Average Fitness: 0.17233333333333334
Maximum Fitness: 0.43333333333333335
Average Pen Distance: 0.5374004511340744
Maximum Pen Distance: 0.8673677342624128
Average Dog Distance: 0.4977562210063739
Maximum Dog Distance: 0.8509401150858116
Average Sheep Distance: 0.37706634019460084
Maximum Sheep Distance: 0.5342605466225286
Elapsed Time: 5m 4s
********** 1 **********
Average Fitness: 0.06966666666666665
Maximum Fitness: 0.3
Average Pen Distance: 0.5095045375482441
Maximum Pen Distance: 0.7462118077658829
Average Dog Distance: 0.5795465361351682
Maximum Dog Distance: 0.7712419287758312
Average Sheep Distance: 0.35556975456882645
Maximum Sheep Distance: 0.4513395377270359
Elapsed Time: 9m 59s
********** 2 **********
Average Fitness: 0.07666666666666666
Maximum Fitness: 0.3
Average Pen Distance: 0.5156299274709909
Maximum Pen Distance: 0.7708476610117382
Average Dog Distance: 0.5724351307097284
Maximum Dog Distance: 0.790902786462464
Average Sheep Distance: 0.3600751549672407
Maximum Sheep Distance: 0.4434936717824683
Elapsed Time: 5m 0s
********** 3 **********
Average Fitness: 0.08733333333333332
Maximum Fitness: 0.3
Average Pen Distance: 0.5125703239276579
Maximum Pen Distance: 0.7708476610117382
Average Dog Distance: 0.5620615902146657
Maximum Dog Distance: 0.7915609672539702
Average Sheep Distance: 0.36229923239421913
Maximum Sheep Distance: 0.45864046446711626
Elapsed Time: 5m 5s
********** 4 **********
Average Fitness: 0.08766666666666666
Maximum Fitness: 0.3
Average Pen Distance: 0.5068610185636853
Maximum Pen Distance: 0.7708476610117382
Average Dog Distance: 0.5546073575082938
Maximum Dog Distance: 0.7915609672539702
Average Sheep Distance: 0.3674895712525034
Maximum Sheep Distance: 0.45864046446711626
Elapsed Time: 5m 6s
********** 5 **********
Average Fitness: 0.09766666666666665
Maximum Fitness: 0.3
Average Pen Distance: 0.4977026362669869
Maximum Pen Distance: 0.7888174178919144
Average Dog Distance: 0.5478066731181225
Maximum Dog Distance: 0.8113252891624781
Average Sheep Distance: 0.366612087475636
Maximum Sheep Distance: 0.46724388170317743
Elapsed Time: 4m 59s
********** 6 **********
Average Fitness: 0.09733333333333333
Maximum Fitness: 0.3
Average Pen Distance: 0.5147646901045332
Maximum Pen Distance: 0.7888174178919144
Average Dog Distance: 0.5345744447335111
Maximum Dog Distance: 0.8113252891624781
Average Sheep Distance: 0.3705647616878618
Maximum Sheep Distance: 0.46724388170317743
Elapsed Time: 5m 1s
********** 7 **********
Average Fitness: 0.10066666666666667
Maximum Fitness: 0.3
Average Pen Distance: 0.5077272914394008
Maximum Pen Distance: 0.7888174178919144
Average Dog Distance: 0.5364826253242526
Maximum Dog Distance: 0.8113252891624781
Average Sheep Distance: 0.36987865232388656
Maximum Sheep Distance: 0.4642397128565308
Elapsed Time: 5m 4s
********** 8 **********
Average Fitness: 0.105
Maximum Fitness: 0.3
Average Pen Distance: 0.5021557221896682
Maximum Pen Distance: 0.7888174178919144
Average Dog Distance: 0.5390116318882221
Maximum Dog Distance: 0.8113252891624781
Average Sheep Distance: 0.37062059847114043
Maximum Sheep Distance: 0.4642397128565308
Elapsed Time: 5m 7s
********** 9 **********
Average Fitness: 0.109
Maximum Fitness: 0.3
Average Pen Distance: 0.4970952926917519
Maximum Pen Distance: 0.7888174178919144
Average Dog Distance: 0.5447418242415304
Maximum Dog Distance: 0.8113252891624781
Average Sheep Distance: 0.37071190823408784
Maximum Sheep Distance: 0.4642397128565308
Elapsed Time: 5m 0s
********** 10 **********
Average Fitness: 0.10966666666666665
Maximum Fitness: 0.3
Average Pen Distance: 0.4960998818361896
Maximum Pen Distance: 0.7888174178919144
Average Dog Distance: 0.5437944319786903
Maximum Dog Distance: 0.8322643799880688
Average Sheep Distance: 0.3688749319007462
Maximum Sheep Distance: 0.47589690540652607
Elapsed Time: 5m 1s
********** 11 **********
Average Fitness: 0.10333333333333332
Maximum Fitness: 0.3
Average Pen Distance: 0.5108966896322401
Maximum Pen Distance: 0.7916949208293759
Average Dog Distance: 0.5454162928902708
Maximum Dog Distance: 0.8451045138809512
Average Sheep Distance: 0.3716643976611357
Maximum Sheep Distance: 0.48583455715091156
Elapsed Time: 5m 4s
********** 12 **********
Average Fitness: 0.11333333333333333
Maximum Fitness: 0.3
Average Pen Distance: 0.5000980418610316
Maximum Pen Distance: 0.7916949208293759
Average Dog Distance: 0.53293442206932
Maximum Dog Distance: 0.8113252891624781
Average Sheep Distance: 0.37061221071691636
Maximum Sheep Distance: 0.48583455715091156
Elapsed Time: 4m 58s
********** 13 **********
Average Fitness: 0.11866666666666666
Maximum Fitness: 0.3
Average Pen Distance: 0.5065970255694789
Maximum Pen Distance: 0.811422752293896
Average Dog Distance: 0.5395285642033223
Maximum Dog Distance: 0.8064952486100219
Average Sheep Distance: 0.3718220234460326
Maximum Sheep Distance: 0.48583455715091156
Elapsed Time: 5m 0s
********** 14 **********
Average Fitness: 0.11966666666666664
Maximum Fitness: 0.3
Average Pen Distance: 0.49960362347684245
Maximum Pen Distance: 0.811422752293896
Average Dog Distance: 0.536623021403938
Maximum Dog Distance: 0.8064952486100219
Average Sheep Distance: 0.37331529157882465
Maximum Sheep Distance: 0.5102894599837327
Elapsed Time: 4m 58s
********** 15 **********
Average Fitness: 0.12499999999999999
Maximum Fitness: 0.3
Average Pen Distance: 0.5021236862766927
Maximum Pen Distance: 0.811422752293896
Average Dog Distance: 0.5355996988174577
Maximum Dog Distance: 0.8064952486100219
Average Sheep Distance: 0.3715534504429952
Maximum Sheep Distance: 0.5102894599837327
Elapsed Time: 5m 6s
********** 16 **********
Average Fitness: 0.12533333333333332
Maximum Fitness: 0.3
Average Pen Distance: 0.5039423779438007
Maximum Pen Distance: 0.8131525947099685
Average Dog Distance: 0.5240230245295865
Maximum Dog Distance: 0.8064952486100219
Average Sheep Distance: 0.3748955388718804
Maximum Sheep Distance: 0.5102894599837327
Elapsed Time: 4m 59s
********** 17 **********
Average Fitness: 0.12866666666666665
Maximum Fitness: 0.3
Average Pen Distance: 0.5009477342316577
Maximum Pen Distance: 0.8333040356159606
Average Dog Distance: 0.5255764463296044
Maximum Dog Distance: 0.8064952486100219
Average Sheep Distance: 0.37010378261881643
Maximum Sheep Distance: 0.5102894599837327
Elapsed Time: 5m 7s
********** 18 **********
Average Fitness: 0.12933333333333333
Maximum Fitness: 0.3
Average Pen Distance: 0.5000005358861909
Maximum Pen Distance: 0.8145842718811327
Average Dog Distance: 0.527900146694089
Maximum Dog Distance: 0.8064952486100219
Average Sheep Distance: 0.3677928502791968
Maximum Sheep Distance: 0.5102894599837327
Elapsed Time: 5m 1s
********** 19 **********
Average Fitness: 0.13666666666666666
Maximum Fitness: 0.3
Average Pen Distance: 0.49780010147078424
Maximum Pen Distance: 0.8145842718811327
Average Dog Distance: 0.5278947902691185
Maximum Dog Distance: 0.7887366146156803
Average Sheep Distance: 0.3702192722953729
Maximum Sheep Distance: 0.5102894599837327
Elapsed Time: 5m 7s
********** 20 **********
Average Fitness: 0.14166666666666664
Maximum Fitness: 0.46666666666666673
Average Pen Distance: 0.5034569659472496
Maximum Pen Distance: 0.8145842718811327
Average Dog Distance: 0.533923760508705
Maximum Dog Distance: 0.8265407401406852
Average Sheep Distance: 0.36907850684429133
Maximum Sheep Distance: 0.5102894599837327
Elapsed Time: 5m 8s
********** 21 **********
Average Fitness: 0.141
Maximum Fitness: 0.46666666666666673
Average Pen Distance: 0.5082211009015759
Maximum Pen Distance: 0.8145842718811327
Average Dog Distance: 0.5305900736031779
Maximum Dog Distance: 0.8265407401406852
Average Sheep Distance: 0.36906855261485755
Maximum Sheep Distance: 0.5102894599837327
Elapsed Time: 5m 4s
********** 22 **********
Average Fitness: 0.14400000000000002
Maximum Fitness: 0.46666666666666673
Average Pen Distance: 0.49235767492630017
Maximum Pen Distance: 0.8145842718811327
Average Dog Distance: 0.5226874440961512
Maximum Dog Distance: 0.8060648604462971
Average Sheep Distance: 0.37075568150216165
Maximum Sheep Distance: 0.5102894599837327
Elapsed Time: 5m 0s
********** 23 **********
Average Fitness: 0.145
Maximum Fitness: 0.46666666666666673
Average Pen Distance: 0.5001765000348649
Maximum Pen Distance: 0.8737897285025683
Average Dog Distance: 0.5254633902062757
Maximum Dog Distance: 0.8060648604462971
Average Sheep Distance: 0.37027768729967314
Maximum Sheep Distance: 0.5102894599837327
Elapsed Time: 5m 10s
********** 24 **********
Average Fitness: 0.14766666666666667
Maximum Fitness: 0.46666666666666673
Average Pen Distance: 0.4936509523289043
Maximum Pen Distance: 0.8737897285025683
Average Dog Distance: 0.5288173304867524
Maximum Dog Distance: 0.8060648604462971
Average Sheep Distance: 0.37170973527148776
Maximum Sheep Distance: 0.5102894599837327
Elapsed Time: 4m 59s
********** 25 **********
Average Fitness: 0.15
Maximum Fitness: 0.46666666666666673
Average Pen Distance: 0.4956984663482951
Maximum Pen Distance: 0.8737897285025683
Average Dog Distance: 0.5279088144773759
Maximum Dog Distance: 0.8089128898388741
Average Sheep Distance: 0.3719188709809595
Maximum Sheep Distance: 0.5102894599837327
Elapsed Time: 5m 2s
********** 26 **********
Average Fitness: 0.15200000000000002
Maximum Fitness: 0.46666666666666673
Average Pen Distance: 0.49851048852973207
Maximum Pen Distance: 0.8737897285025683
Average Dog Distance: 0.5325890226267362
Maximum Dog Distance: 0.8089128898388741
Average Sheep Distance: 0.36915938153902433
Maximum Sheep Distance: 0.5102894599837327
Elapsed Time: 5m 12s
********** 27 **********
Average Fitness: 0.147
Maximum Fitness: 0.46666666666666673
Average Pen Distance: 0.5037754074920604
Maximum Pen Distance: 0.8737897285025683
Average Dog Distance: 0.5228349591245176
Maximum Dog Distance: 0.7887366146156803
Average Sheep Distance: 0.3726237867649809
Maximum Sheep Distance: 0.5102894599837327
Elapsed Time: 5m 1s
********** 28 **********
Average Fitness: 0.15333333333333332
Maximum Fitness: 0.46666666666666673
Average Pen Distance: 0.49692334350709494
Maximum Pen Distance: 0.8737897285025683
Average Dog Distance: 0.5267837387085063
Maximum Dog Distance: 0.7973343995451292
Average Sheep Distance: 0.37515045723146767
Maximum Sheep Distance: 0.5102894599837327
Elapsed Time: 5m 0s
********** 29 **********
Average Fitness: 0.154
Maximum Fitness: 0.46666666666666673
Average Pen Distance: 0.4960282947652937
Maximum Pen Distance: 0.8737897285025683
Average Dog Distance: 0.525217874221873
Maximum Dog Distance: 0.8422537960961796
Average Sheep Distance: 0.373853070961804
Maximum Sheep Distance: 0.5102894599837327
Elapsed Time: 5m 3s
********** 30 **********
Average Fitness: 0.15533333333333332
Maximum Fitness: 0.46666666666666673
Average Pen Distance: 0.49902940407937024
Maximum Pen Distance: 0.8737897285025683
Average Dog Distance: 0.528686901129295
Maximum Dog Distance: 0.8422537960961796
Average Sheep Distance: 0.37389052905590847
Maximum Sheep Distance: 0.5102894599837327
Elapsed Time: 5m 0s
********** 31 **********
Average Fitness: 0.15833333333333333
Maximum Fitness: 0.46666666666666673
Average Pen Distance: 0.49809387505593394
Maximum Pen Distance: 0.8737897285025683
Average Dog Distance: 0.5296260565311005
Maximum Dog Distance: 0.8261523632196943
Average Sheep Distance: 0.37261404966898715
Maximum Sheep Distance: 0.5102894599837327
Elapsed Time: 5m 4s
********** 32 **********
Average Fitness: 0.15499999999999997
Maximum Fitness: 0.46666666666666673
Average Pen Distance: 0.49990670610966687
Maximum Pen Distance: 0.8737897285025683
Average Dog Distance: 0.5274071314453783
Maximum Dog Distance: 0.8289967433379332
Average Sheep Distance: 0.3714216524518051
Maximum Sheep Distance: 0.5102894599837327
Elapsed Time: 5m 5s
********** 33 **********
Average Fitness: 0.15266666666666664
Maximum Fitness: 0.46666666666666673
Average Pen Distance: 0.5097732494914725
Maximum Pen Distance: 0.8737897285025683
Average Dog Distance: 0.5305247362010822
Maximum Dog Distance: 0.8494651033902461
Average Sheep Distance: 0.3757004793342691
Maximum Sheep Distance: 0.5102894599837327
Elapsed Time: 5m 0s
********** 34 **********
Average Fitness: 0.15766666666666665
Maximum Fitness: 0.46666666666666673
Average Pen Distance: 0.5024626776560988
Maximum Pen Distance: 0.8737897285025683
Average Dog Distance: 0.5294840277430108
Maximum Dog Distance: 0.8143226788122159
Average Sheep Distance: 0.37483965492104443
Maximum Sheep Distance: 0.5102894599837327
Elapsed Time: 5m 3s
********** 35 **********
Average Fitness: 0.16233333333333338
Maximum Fitness: 0.46666666666666673
Average Pen Distance: 0.4945448589703323
Maximum Pen Distance: 0.8737897285025683
Average Dog Distance: 0.5214720794926873
Maximum Dog Distance: 0.8143226788122159
Average Sheep Distance: 0.3737627512728843
Maximum Sheep Distance: 0.5102894599837327
Elapsed Time: 5m 7s
********** 36 **********
Average Fitness: 0.1713333333333334
Maximum Fitness: 0.46666666666666673
Average Pen Distance: 0.49656524832424737
Maximum Pen Distance: 0.8737897285025683
Average Dog Distance: 0.5215462840990722
Maximum Dog Distance: 0.8143226788122159
Average Sheep Distance: 0.37225273333456455
Maximum Sheep Distance: 0.5102894599837327
Elapsed Time: 5m 4s
********** 37 **********
Average Fitness: 0.17433333333333337
Maximum Fitness: 0.46666666666666673
Average Pen Distance: 0.48985076217120066
Maximum Pen Distance: 0.8737897285025683
Average Dog Distance: 0.5154917024192109
Maximum Dog Distance: 0.8143226788122159
Average Sheep Distance: 0.3702144863690504
Maximum Sheep Distance: 0.5102894599837327
Elapsed Time: 5m 2s
********** 38 **********
Average Fitness: 0.17600000000000002
Maximum Fitness: 0.46666666666666673
Average Pen Distance: 0.49583951222038
Maximum Pen Distance: 0.8737897285025683
Average Dog Distance: 0.520299138258364
Maximum Dog Distance: 0.8143226788122159
Average Sheep Distance: 0.37304850439707715
Maximum Sheep Distance: 0.5102894599837327
Elapsed Time: 5m 1s
********** 39 **********
Average Fitness: 0.17400000000000002
Maximum Fitness: 0.46666666666666673
Average Pen Distance: 0.496194628080429
Maximum Pen Distance: 0.8737897285025683
Average Dog Distance: 0.5235246467986405
Maximum Dog Distance: 0.8254735012974673
Average Sheep Distance: 0.37304500260876156
Maximum Sheep Distance: 0.5102894599837327
Elapsed Time: 5m 0s
********** 40 **********
Average Fitness: 0.16766666666666669
Maximum Fitness: 0.46666666666666673
Average Pen Distance: 0.5089611582831215
Maximum Pen Distance: 0.8737897285025683
Average Dog Distance: 0.522449378175012
Maximum Dog Distance: 0.8254735012974673
Average Sheep Distance: 0.3767238711957594
Maximum Sheep Distance: 0.5102894599837327
Elapsed Time: 5m 2s
********** 41 **********
Average Fitness: 0.16766666666666666
Maximum Fitness: 0.46666666666666673
Average Pen Distance: 0.5031257582640665
Maximum Pen Distance: 0.8737897285025683
Average Dog Distance: 0.517162792464123
Maximum Dog Distance: 0.8143226788122159
Average Sheep Distance: 0.3774696842464325
Maximum Sheep Distance: 0.5102894599837327
Elapsed Time: 4m 59s
********** 42 **********
Average Fitness: 0.16866666666666666
Maximum Fitness: 0.46666666666666673
Average Pen Distance: 0.5024948083646193
Maximum Pen Distance: 0.8737897285025683
Average Dog Distance: 0.5109005251375828
Maximum Dog Distance: 0.8143226788122159
Average Sheep Distance: 0.37840508450440197
Maximum Sheep Distance: 0.5102894599837327
Elapsed Time: 5m 1s
********** 43 **********
Average Fitness: 0.16433333333333336
Maximum Fitness: 0.46666666666666673
Average Pen Distance: 0.5002194740552505
Maximum Pen Distance: 0.8737897285025683
Average Dog Distance: 0.5071272568429781
Maximum Dog Distance: 0.8143226788122159
Average Sheep Distance: 0.38201188892875537
Maximum Sheep Distance: 0.5102894599837327
Elapsed Time: 4m 59s
********** 44 **********
Average Fitness: 0.166
Maximum Fitness: 0.46666666666666673
Average Pen Distance: 0.4994037215247436
Maximum Pen Distance: 0.8737897285025683
Average Dog Distance: 0.503415340907778
Maximum Dog Distance: 0.8143226788122159
Average Sheep Distance: 0.38073366466068637
Maximum Sheep Distance: 0.5102894599837327
Elapsed Time: 5m 3s
********** 45 **********
Average Fitness: 0.16699999999999998
Maximum Fitness: 0.46666666666666673
Average Pen Distance: 0.5071657402742827
Maximum Pen Distance: 0.8737897285025683
Average Dog Distance: 0.5062270973615092
Maximum Dog Distance: 0.8143226788122159
Average Sheep Distance: 0.3800173317894048
Maximum Sheep Distance: 0.5102894599837327
Elapsed Time: 5m 5s
********** 46 **********
Average Fitness: 0.17633333333333334
Maximum Fitness: 0.46666666666666673
Average Pen Distance: 0.496146955832065
Maximum Pen Distance: 0.8737897285025683
Average Dog Distance: 0.5183328405794082
Maximum Dog Distance: 0.8470906161132934
Average Sheep Distance: 0.3766417026147895
Maximum Sheep Distance: 0.5102894599837327
Elapsed Time: 4m 58s
********** 47 **********
Average Fitness: 0.17466666666666664
Maximum Fitness: 0.46666666666666673
Average Pen Distance: 0.5033850040972699
Maximum Pen Distance: 0.8737897285025683
Average Dog Distance: 0.5112989356570588
Maximum Dog Distance: 0.8470906161132934
Average Sheep Distance: 0.37578727705354653
Maximum Sheep Distance: 0.5102894599837327
Elapsed Time: 5m 2s
********** 48 **********
Average Fitness: 0.18166666666666667
Maximum Fitness: 0.46666666666666673
Average Pen Distance: 0.49943749434727636
Maximum Pen Distance: 0.8737897285025683
Average Dog Distance: 0.5197535657113999
Maximum Dog Distance: 0.8470906161132934
Average Sheep Distance: 0.37575524144870714
Maximum Sheep Distance: 0.5102894599837327
Elapsed Time: 5m 2s
********** 49 **********
Average Fitness: 0.1826666666666667
Maximum Fitness: 0.46666666666666673
Average Pen Distance: 0.508033469422799
Maximum Pen Distance: 0.8737897285025683
Average Dog Distance: 0.5241830052606111
Maximum Dog Distance: 0.8510393268221654
Average Sheep Distance: 0.3767194490072385
Maximum Sheep Distance: 0.5102894599837327
Elapsed Time: 4m 59s
********** 50 **********
Average Fitness: 0.1856666666666667
Maximum Fitness: 0.46666666666666673
Average Pen Distance: 0.5061361526073188
Maximum Pen Distance: 0.8737897285025683
Average Dog Distance: 0.5251529678136935
Maximum Dog Distance: 0.8510393268221654
Average Sheep Distance: 0.3738139493615259
Maximum Sheep Distance: 0.5102894599837327
Elapsed Time: 5m 6s
********** 51 **********
Average Fitness: 0.1856666666666667
Maximum Fitness: 0.46666666666666673
Average Pen Distance: 0.5068398500678538
Maximum Pen Distance: 0.8737897285025683
Average Dog Distance: 0.5224769390443369
Maximum Dog Distance: 0.8510393268221654
Average Sheep Distance: 0.3723050861180512
Maximum Sheep Distance: 0.5102894599837327
Elapsed Time: 4m 56s
********** 52 **********
Average Fitness: 0.1856666666666667
Maximum Fitness: 0.46666666666666673
Average Pen Distance: 0.5049343332619819
Maximum Pen Distance: 0.8737897285025683
Average Dog Distance: 0.5169748493348959
Maximum Dog Distance: 0.8510393268221654
Average Sheep Distance: 0.3706538370503319
Maximum Sheep Distance: 0.5102894599837327
Elapsed Time: 5m 13s
********** 53 **********
Average Fitness: 0.18266666666666664
Maximum Fitness: 0.46666666666666673
Average Pen Distance: 0.5064520311441029
Maximum Pen Distance: 0.8737897285025683
Average Dog Distance: 0.5137660534544743
Maximum Dog Distance: 0.8510393268221654
Average Sheep Distance: 0.36853057112081034
Maximum Sheep Distance: 0.5102894599837327
Elapsed Time: 5m 3s
********** 54 **********
Average Fitness: 0.183
Maximum Fitness: 0.46666666666666673
Average Pen Distance: 0.508987829921336
Maximum Pen Distance: 0.8737897285025683
Average Dog Distance: 0.5226936176691249
Maximum Dog Distance: 0.8510393268221654
Average Sheep Distance: 0.36947222688500375
Maximum Sheep Distance: 0.5102894599837327
Elapsed Time: 5m 1s
********** 55 **********
Average Fitness: 0.17800000000000002
Maximum Fitness: 0.46666666666666673
Average Pen Distance: 0.5187430546024101
Maximum Pen Distance: 0.8737897285025683
Average Dog Distance: 0.5221366564527322
Maximum Dog Distance: 0.8510393268221654
Average Sheep Distance: 0.3683407452940404
Maximum Sheep Distance: 0.5102894599837327
Elapsed Time: 5m 7s
********** 56 **********
Average Fitness: 0.18133333333333332
Maximum Fitness: 0.46666666666666673
Average Pen Distance: 0.5147267346972502
Maximum Pen Distance: 0.8737897285025683
Average Dog Distance: 0.5172810735495914
Maximum Dog Distance: 0.8510393268221654
Average Sheep Distance: 0.36904696992151176
Maximum Sheep Distance: 0.5102894599837327
Elapsed Time: 5m 6s
********** 57 **********
Average Fitness: 0.17966666666666664
Maximum Fitness: 0.46666666666666673
Average Pen Distance: 0.5206443034780246
Maximum Pen Distance: 0.8737897285025683
Average Dog Distance: 0.5209847869798944
Maximum Dog Distance: 0.8510393268221654
Average Sheep Distance: 0.37281205559222663
Maximum Sheep Distance: 0.5102894599837327
Elapsed Time: 5m 2s
********** 58 **********
Average Fitness: 0.18099999999999997
Maximum Fitness: 0.46666666666666673
Average Pen Distance: 0.5243031089365378
Maximum Pen Distance: 0.8737897285025683
Average Dog Distance: 0.5148410812879828
Maximum Dog Distance: 0.8487322889427866
Average Sheep Distance: 0.37252062676311065
Maximum Sheep Distance: 0.5102894599837327
Elapsed Time: 5m 1s
********** 59 **********
Average Fitness: 0.18266666666666664
Maximum Fitness: 0.46666666666666673
Average Pen Distance: 0.526111258394154
Maximum Pen Distance: 0.8737897285025683
Average Dog Distance: 0.5074987091981168
Maximum Dog Distance: 0.8487322889427866
Average Sheep Distance: 0.3741291992159407
Maximum Sheep Distance: 0.5192164264201687
Elapsed Time: 5m 1s
********** 60 **********
Average Fitness: 0.18466666666666667
Maximum Fitness: 0.46666666666666673
Average Pen Distance: 0.529135831305097
Maximum Pen Distance: 0.8737897285025683
Average Dog Distance: 0.5063602480975801
Maximum Dog Distance: 0.8487322889427866
Average Sheep Distance: 0.3762842604830619
Maximum Sheep Distance: 0.5192164264201687
Elapsed Time: 5m 10s
********** 61 **********
Average Fitness: 0.1856666666666667
Maximum Fitness: 0.46666666666666673
Average Pen Distance: 0.5276984532199664
Maximum Pen Distance: 0.8737897285025683
Average Dog Distance: 0.5068332382345165
Maximum Dog Distance: 0.8487322889427866
Average Sheep Distance: 0.37273618059615155
Maximum Sheep Distance: 0.5192164264201687
Elapsed Time: 4m 59s
********** 62 **********
Average Fitness: 0.18200000000000002
Maximum Fitness: 0.46666666666666673
Average Pen Distance: 0.5273430109917835
Maximum Pen Distance: 0.8737897285025683
Average Dog Distance: 0.5186631111655233
Maximum Dog Distance: 0.8659067102930088
Average Sheep Distance: 0.3753313600984287
Maximum Sheep Distance: 0.5192164264201687
Elapsed Time: 5m 1s
********** 63 **********
Average Fitness: 0.18599999999999997
Maximum Fitness: 0.46666666666666673
Average Pen Distance: 0.5261560901737014
Maximum Pen Distance: 0.8737897285025683
Average Dog Distance: 0.5128574966651454
Maximum Dog Distance: 0.8659067102930088
Average Sheep Distance: 0.37236798110985114
Maximum Sheep Distance: 0.5192164264201687
Elapsed Time: 4m 55s
********** 64 **********
Average Fitness: 0.18400000000000002
Maximum Fitness: 0.46666666666666673
Average Pen Distance: 0.5324300562714135
Maximum Pen Distance: 0.8737897285025683
Average Dog Distance: 0.5142620153013182
Maximum Dog Distance: 0.905902983233848
Average Sheep Distance: 0.3736013478531904
Maximum Sheep Distance: 0.5192164264201687
Elapsed Time: 4m 59s
********** 65 **********
Average Fitness: 0.18533333333333335
Maximum Fitness: 0.5333333333333333
Average Pen Distance: 0.5365104257972784
Maximum Pen Distance: 0.8737897285025683
Average Dog Distance: 0.5152741263861105
Maximum Dog Distance: 0.905902983233848
Average Sheep Distance: 0.3721692853341856
Maximum Sheep Distance: 0.5192164264201687
Elapsed Time: 5m 1s
********** 66 **********
Average Fitness: 0.188
Maximum Fitness: 0.5333333333333333
Average Pen Distance: 0.5342909095987722
Maximum Pen Distance: 0.8737897285025683
Average Dog Distance: 0.5154114712863883
Maximum Dog Distance: 0.905902983233848
Average Sheep Distance: 0.3741623062764506
Maximum Sheep Distance: 0.5192164264201687
Elapsed Time: 5m 3s
********** 67 **********
Average Fitness: 0.18933333333333338
Maximum Fitness: 0.5333333333333333
Average Pen Distance: 0.5289708213955785
Maximum Pen Distance: 0.8737897285025683
Average Dog Distance: 0.5126186012817212
Maximum Dog Distance: 0.8487322889427866
Average Sheep Distance: 0.37091098799463096
Maximum Sheep Distance: 0.5192164264201687
Elapsed Time: 4m 57s
********** 68 **********
Average Fitness: 0.18966666666666668
Maximum Fitness: 0.5333333333333333
Average Pen Distance: 0.5379640606921365
Maximum Pen Distance: 0.8737897285025683
Average Dog Distance: 0.5236362550454432
Maximum Dog Distance: 0.8487322889427866
Average Sheep Distance: 0.37229840009944676
Maximum Sheep Distance: 0.5192164264201687
Elapsed Time: 5m 6s
********** 69 **********
Average Fitness: 0.19166666666666665
Maximum Fitness: 0.5333333333333333
Average Pen Distance: 0.5338411818147811
Maximum Pen Distance: 0.8737897285025683
Average Dog Distance: 0.5214407215805831
Maximum Dog Distance: 0.8487322889427866
Average Sheep Distance: 0.37584413303835157
Maximum Sheep Distance: 0.5192164264201687
Elapsed Time: 4m 57s
********** 70 **********
Average Fitness: 0.19200000000000003
Maximum Fitness: 0.5333333333333333
Average Pen Distance: 0.5237193630415551
Maximum Pen Distance: 0.8737897285025683
Average Dog Distance: 0.5138972134742616
Maximum Dog Distance: 0.8487322889427866
Average Sheep Distance: 0.37597688500585497
Maximum Sheep Distance: 0.5269698550772186
Elapsed Time: 5m 2s
********** 71 **********
Average Fitness: 0.18833333333333332
Maximum Fitness: 0.5333333333333333
Average Pen Distance: 0.5182424855932427
Maximum Pen Distance: 0.8737897285025683
Average Dog Distance: 0.5185519196617085
Maximum Dog Distance: 0.8691054890177684
Average Sheep Distance: 0.37633809056435885
Maximum Sheep Distance: 0.5269698550772186
Elapsed Time: 5m 12s
********** 72 **********
Average Fitness: 0.1953333333333334
Maximum Fitness: 0.5333333333333333
Average Pen Distance: 0.5098684044632735
Maximum Pen Distance: 0.8737897285025683
Average Dog Distance: 0.520985659022426
Maximum Dog Distance: 0.8808549340227577
Average Sheep Distance: 0.3733281542197876
Maximum Sheep Distance: 0.5269698550772186
Elapsed Time: 5m 7s
********** 73 **********
Average Fitness: 0.19433333333333333
Maximum Fitness: 0.5333333333333333
Average Pen Distance: 0.5212435699390914
Maximum Pen Distance: 0.8737897285025683
Average Dog Distance: 0.5203873396510987
Maximum Dog Distance: 0.8808549340227577
Average Sheep Distance: 0.3744182459074192
Maximum Sheep Distance: 0.5269698550772186
Elapsed Time: 4m 57s
********** 74 **********
Average Fitness: 0.19133333333333336
Maximum Fitness: 0.5333333333333333
Average Pen Distance: 0.5190442445052392
Maximum Pen Distance: 0.8737897285025683
Average Dog Distance: 0.5189186600450575
Maximum Dog Distance: 0.880980776596065
Average Sheep Distance: 0.3742369857923492
Maximum Sheep Distance: 0.5269698550772186
Elapsed Time: 5m 3s
********** 75 **********
Average Fitness: 0.1916666666666667
Maximum Fitness: 0.5333333333333333
Average Pen Distance: 0.5193392377511602
Maximum Pen Distance: 0.8737897285025683
Average Dog Distance: 0.5193532439488462
Maximum Dog Distance: 0.880980776596065
Average Sheep Distance: 0.3738766835941915
Maximum Sheep Distance: 0.5269698550772186
Elapsed Time: 5m 7s
********** 76 **********
Average Fitness: 0.19033333333333338
Maximum Fitness: 0.5333333333333333
Average Pen Distance: 0.5290338617874242
Maximum Pen Distance: 0.8737897285025683
Average Dog Distance: 0.5259996777492467
Maximum Dog Distance: 0.880980776596065
Average Sheep Distance: 0.37383867707142593
Maximum Sheep Distance: 0.5269698550772186
Elapsed Time: 5m 1s
********** 77 **********
Average Fitness: 0.19400000000000003
Maximum Fitness: 0.5333333333333333
Average Pen Distance: 0.5272526382370475
Maximum Pen Distance: 0.8737897285025683
Average Dog Distance: 0.5290969076489529
Maximum Dog Distance: 0.880980776596065
Average Sheep Distance: 0.37257633621530845
Maximum Sheep Distance: 0.5269698550772186
Elapsed Time: 5m 0s
********** 78 **********
Average Fitness: 0.19333333333333336
Maximum Fitness: 0.5333333333333333
Average Pen Distance: 0.5310514536301417
Maximum Pen Distance: 0.8737897285025683
Average Dog Distance: 0.5317831395033238
Maximum Dog Distance: 0.880980776596065
Average Sheep Distance: 0.3748342560939342
Maximum Sheep Distance: 0.5269698550772186
Elapsed Time: 5m 2s
********** 79 **********
Average Fitness: 0.1953333333333334
Maximum Fitness: 0.5333333333333333
Average Pen Distance: 0.5344976587169062
Maximum Pen Distance: 0.8737897285025683
Average Dog Distance: 0.5288776571018525
Maximum Dog Distance: 0.880980776596065
Average Sheep Distance: 0.3754430045895124
Maximum Sheep Distance: 0.5269698550772186
Elapsed Time: 4m 55s
********** 80 **********
Average Fitness: 0.20100000000000004
Maximum Fitness: 0.5333333333333333
Average Pen Distance: 0.5189294639513394
Maximum Pen Distance: 0.8737897285025683
Average Dog Distance: 0.5331475524032812
Maximum Dog Distance: 0.880980776596065
Average Sheep Distance: 0.3720879701481601
Maximum Sheep Distance: 0.5269698550772186
Elapsed Time: 5m 2s
********** 81 **********
Average Fitness: 0.20133333333333334
Maximum Fitness: 0.5333333333333333
Average Pen Distance: 0.5300054145895028
Maximum Pen Distance: 0.8737897285025683
Average Dog Distance: 0.5348666770321657
Maximum Dog Distance: 0.880980776596065
Average Sheep Distance: 0.3806446272920101
Maximum Sheep Distance: 0.5269698550772186
Elapsed Time: 4m 59s
********** 82 **********
Average Fitness: 0.21100000000000002
Maximum Fitness: 0.5333333333333333
Average Pen Distance: 0.5212113376029541
Maximum Pen Distance: 0.8737897285025683
Average Dog Distance: 0.5348575024179161
Maximum Dog Distance: 0.880980776596065
Average Sheep Distance: 0.3776443958352643
Maximum Sheep Distance: 0.5269698550772186
Elapsed Time: 5m 3s
********** 83 **********
Average Fitness: 0.21500000000000008
Maximum Fitness: 0.5333333333333333
Average Pen Distance: 0.5184406587907054
Maximum Pen Distance: 0.8737897285025683
Average Dog Distance: 0.5356732904968515
Maximum Dog Distance: 0.9115040736263534
Average Sheep Distance: 0.37621486926801845
Maximum Sheep Distance: 0.5269698550772186
Elapsed Time: 5m 2s
********** 84 **********
Average Fitness: 0.21366666666666667
Maximum Fitness: 0.5333333333333333
Average Pen Distance: 0.5210520898427766
Maximum Pen Distance: 0.8737897285025683
Average Dog Distance: 0.5361565789827252
Maximum Dog Distance: 0.9115040736263534
Average Sheep Distance: 0.3774987375729332
Maximum Sheep Distance: 0.5269698550772186
Elapsed Time: 5m 2s
********** 85 **********
Average Fitness: 0.21966666666666673
Maximum Fitness: 0.5333333333333333
Average Pen Distance: 0.5122694186222367
Maximum Pen Distance: 0.8737897285025683
Average Dog Distance: 0.5298951668259
Maximum Dog Distance: 0.873183828530093
Average Sheep Distance: 0.3736619599702267
Maximum Sheep Distance: 0.5269698550772186
Elapsed Time: 5m 6s
********** 86 **********
Average Fitness: 0.21433333333333338
Maximum Fitness: 0.5333333333333333
Average Pen Distance: 0.5220291002385614
Maximum Pen Distance: 0.8737897285025683
Average Dog Distance: 0.5242278528277595
Maximum Dog Distance: 0.873183828530093
Average Sheep Distance: 0.37733209768844506
Maximum Sheep Distance: 0.5269698550772186
Elapsed Time: 5m 3s
********** 87 **********
Average Fitness: 0.21833333333333332
Maximum Fitness: 0.5333333333333333
Average Pen Distance: 0.5242295605049228
Maximum Pen Distance: 0.8737897285025683
Average Dog Distance: 0.5177761994910788
Maximum Dog Distance: 0.8701341048661958
Average Sheep Distance: 0.3748428442625443
Maximum Sheep Distance: 0.527745134764715
Elapsed Time: 5m 2s
********** 88 **********
Average Fitness: 0.21600000000000003
Maximum Fitness: 0.5333333333333333
Average Pen Distance: 0.5244137172404418
Maximum Pen Distance: 0.8737897285025683
Average Dog Distance: 0.5145011222349746
Maximum Dog Distance: 0.8701341048661958
Average Sheep Distance: 0.3756687818617283
Maximum Sheep Distance: 0.527745134764715
Elapsed Time: 5m 3s
********** 89 **********
Average Fitness: 0.215
Maximum Fitness: 0.5333333333333333
Average Pen Distance: 0.5232355477652723
Maximum Pen Distance: 0.8737897285025683
Average Dog Distance: 0.5123998026426994
Maximum Dog Distance: 0.8701341048661958
Average Sheep Distance: 0.37638883278369134
Maximum Sheep Distance: 0.527745134764715
Elapsed Time: 4m 59s
********** 90 **********
Average Fitness: 0.21166666666666673
Maximum Fitness: 0.5333333333333333
Average Pen Distance: 0.5300217841644518
Maximum Pen Distance: 0.8737897285025683
Average Dog Distance: 0.5081281707760305
Maximum Dog Distance: 0.8701341048661958
Average Sheep Distance: 0.376829978929299
Maximum Sheep Distance: 0.527745134764715
Elapsed Time: 5m 1s
********** 91 **********
Average Fitness: 0.215
Maximum Fitness: 0.5333333333333333
Average Pen Distance: 0.5185842203402435
Maximum Pen Distance: 0.8737897285025683
Average Dog Distance: 0.514703757835047
Maximum Dog Distance: 0.8701341048661958
Average Sheep Distance: 0.37561806421511257
Maximum Sheep Distance: 0.527745134764715
Elapsed Time: 5m 27s
********** 92 **********
Average Fitness: 0.21166666666666667
Maximum Fitness: 0.5333333333333333
Average Pen Distance: 0.5209693043016991
Maximum Pen Distance: 0.8737897285025683
Average Dog Distance: 0.5088773915149143
Maximum Dog Distance: 0.870742613770917
Average Sheep Distance: 0.3730387192660806
Maximum Sheep Distance: 0.527745134764715
Elapsed Time: 5m 0s
********** 93 **********
Average Fitness: 0.21233333333333335
Maximum Fitness: 0.5333333333333333
Average Pen Distance: 0.5216786012750738
Maximum Pen Distance: 0.8737897285025683
Average Dog Distance: 0.5128414317100382
Maximum Dog Distance: 0.870742613770917
Average Sheep Distance: 0.37983655744441497
Maximum Sheep Distance: 0.527745134764715
Elapsed Time: 5m 6s
********** 94 **********
Average Fitness: 0.2126666666666667
Maximum Fitness: 0.5333333333333333
Average Pen Distance: 0.5182087018184838
Maximum Pen Distance: 0.8737897285025683
Average Dog Distance: 0.5110234998728225
Maximum Dog Distance: 0.870742613770917
Average Sheep Distance: 0.379211011028815
Maximum Sheep Distance: 0.527745134764715
Elapsed Time: 5m 10s
********** 95 **********
Average Fitness: 0.21133333333333337
Maximum Fitness: 0.5333333333333333
Average Pen Distance: 0.5213094757464709
Maximum Pen Distance: 0.8737897285025683
Average Dog Distance: 0.5088751122791337
Maximum Dog Distance: 0.870742613770917
Average Sheep Distance: 0.37997495173907886
Maximum Sheep Distance: 0.527745134764715
Elapsed Time: 5m 1s
********** 96 **********
Average Fitness: 0.2126666666666667
Maximum Fitness: 0.5333333333333333
Average Pen Distance: 0.523969683255008
Maximum Pen Distance: 0.8737897285025683
Average Dog Distance: 0.5160591823372576
Maximum Dog Distance: 0.8897830886028667
Average Sheep Distance: 0.3790705326331159
Maximum Sheep Distance: 0.527745134764715
Elapsed Time: 5m 3s
********** 97 **********
Average Fitness: 0.21966666666666665
Maximum Fitness: 0.5333333333333333
Average Pen Distance: 0.5179797597637658
Maximum Pen Distance: 0.8737897285025683
Average Dog Distance: 0.5203790895019325
Maximum Dog Distance: 0.8897830886028667
Average Sheep Distance: 0.37494085806062744
Maximum Sheep Distance: 0.527745134764715
Elapsed Time: 5m 8s
********** 98 **********
Average Fitness: 0.21966666666666662
Maximum Fitness: 0.5333333333333333
Average Pen Distance: 0.5225465718376254
Maximum Pen Distance: 0.8737897285025683
Average Dog Distance: 0.523700093164555
Maximum Dog Distance: 0.8897830886028667
Average Sheep Distance: 0.3744150955174713
Maximum Sheep Distance: 0.527745134764715
Elapsed Time: 5m 0s
********** 99 **********
Average Fitness: 0.22299999999999998
Maximum Fitness: 0.5333333333333333
Average Pen Distance: 0.5235945846463751
Maximum Pen Distance: 0.8737897285025683
Average Dog Distance: 0.5262110955830238
Maximum Dog Distance: 0.8897830886028667
Average Sheep Distance: 0.3742719098864088
Maximum Sheep Distance: 0.527745134764715
Elapsed Time: 5m 6s
********** 100 **********
Average Fitness: 0.2286666666666667
Maximum Fitness: 0.5333333333333333
Average Pen Distance: 0.5149265012177614
Maximum Pen Distance: 0.8737897285025683
Average Dog Distance: 0.5181209058243504
Maximum Dog Distance: 0.8897830886028667
Average Sheep Distance: 0.37038313029217
Maximum Sheep Distance: 0.527745134764715
Elapsed Time: 5m 3s
********** 1 **********
Average Fitness: 0.06799999999999999
Maximum Fitness: 0.19999999999999998
Average Pen Distance: 0.5158825178652618
Maximum Pen Distance: 0.7499383908353566
Average Dog Distance: 0.5799099138555023
Maximum Dog Distance: 0.771748634373551
Average Sheep Distance: 0.3624054782845528
Maximum Sheep Distance: 0.49739551871918436
Elapsed Time: 9m 57s
********** 2 **********
Average Fitness: 0.081
Maximum Fitness: 0.2333333333333333
Average Pen Distance: 0.5161078309563744
Maximum Pen Distance: 0.8232056540278122
Average Dog Distance: 0.5681878153042177
Maximum Dog Distance: 0.8210281096917588
Average Sheep Distance: 0.36264295655877277
Maximum Sheep Distance: 0.49739551871918436
Elapsed Time: 5m 8s
********** 3 **********
Average Fitness: 0.09033333333333332
Maximum Fitness: 0.3333333333333333
Average Pen Distance: 0.5206952657229413
Maximum Pen Distance: 0.8232056540278122
Average Dog Distance: 0.5658419464137355
Maximum Dog Distance: 0.8210281096917588
Average Sheep Distance: 0.36516256466930813
Maximum Sheep Distance: 0.49739551871918436
Elapsed Time: 4m 55s
********** 4 **********
Average Fitness: 0.09799999999999998
Maximum Fitness: 0.3333333333333333
Average Pen Distance: 0.5318035618741717
Maximum Pen Distance: 0.8232056540278122
Average Dog Distance: 0.5670851916170041
Maximum Dog Distance: 0.8210281096917588
Average Sheep Distance: 0.36388936671258576
Maximum Sheep Distance: 0.49739551871918436
Elapsed Time: 5m 3s
********** 5 **********
Average Fitness: 0.09966666666666667
Maximum Fitness: 0.3333333333333333
Average Pen Distance: 0.521952322489458
Maximum Pen Distance: 0.8232056540278122
Average Dog Distance: 0.5578404474944262
Maximum Dog Distance: 0.8210281096917588
Average Sheep Distance: 0.3652187503523636
Maximum Sheep Distance: 0.49739551871918436
Elapsed Time: 5m 5s
********** 6 **********
Average Fitness: 0.10733333333333332
Maximum Fitness: 0.3333333333333333
Average Pen Distance: 0.5154257985485338
Maximum Pen Distance: 0.8232056540278122
Average Dog Distance: 0.5575629878884553
Maximum Dog Distance: 0.895354800201038
Average Sheep Distance: 0.36747555400875426
Maximum Sheep Distance: 0.49739551871918436
Elapsed Time: 4m 56s
********** 7 **********
Average Fitness: 0.11199999999999999
Maximum Fitness: 0.3333333333333333
Average Pen Distance: 0.5138102965495256
Maximum Pen Distance: 0.8232056540278122
Average Dog Distance: 0.5565130637561618
Maximum Dog Distance: 0.895354800201038
Average Sheep Distance: 0.36694735878450346
Maximum Sheep Distance: 0.49739551871918436
Elapsed Time: 4m 54s
********** 8 **********
Average Fitness: 0.11433333333333331
Maximum Fitness: 0.3333333333333333
Average Pen Distance: 0.5115219724691603
Maximum Pen Distance: 0.8232056540278122
Average Dog Distance: 0.5586363433451367
Maximum Dog Distance: 0.895354800201038
Average Sheep Distance: 0.36984805258827863
Maximum Sheep Distance: 0.49739551871918436
Elapsed Time: 5m 8s
********** 9 **********
Average Fitness: 0.11833333333333332
Maximum Fitness: 0.3333333333333333
Average Pen Distance: 0.5048678083437732
Maximum Pen Distance: 0.8232056540278122
Average Dog Distance: 0.5527136286694933
Maximum Dog Distance: 0.895354800201038
Average Sheep Distance: 0.3704834392312106
Maximum Sheep Distance: 0.49739551871918436
Elapsed Time: 5m 3s
********** 10 **********
Average Fitness: 0.11800000000000002
Maximum Fitness: 0.3333333333333333
Average Pen Distance: 0.5002971174934584
Maximum Pen Distance: 0.8232056540278122
Average Dog Distance: 0.5502418754583939
Maximum Dog Distance: 0.895354800201038
Average Sheep Distance: 0.36781197112835123
Maximum Sheep Distance: 0.49739551871918436
Elapsed Time: 5m 2s
********** 11 **********
Average Fitness: 0.12366666666666667
Maximum Fitness: 0.3333333333333333
Average Pen Distance: 0.49365998334217037
Maximum Pen Distance: 0.8232056540278122
Average Dog Distance: 0.5570951954347638
Maximum Dog Distance: 0.895354800201038
Average Sheep Distance: 0.37006463327396333
Maximum Sheep Distance: 0.49739551871918436
Elapsed Time: 5m 4s
********** 12 **********
Average Fitness: 0.126
Maximum Fitness: 0.3333333333333333
Average Pen Distance: 0.506310630956087
Maximum Pen Distance: 0.8232056540278122
Average Dog Distance: 0.5577466579830008
Maximum Dog Distance: 0.895354800201038
Average Sheep Distance: 0.3742207934208492
Maximum Sheep Distance: 0.49739551871918436
Elapsed Time: 5m 0s
********** 13 **********
Average Fitness: 0.12666666666666665
Maximum Fitness: 0.3333333333333333
Average Pen Distance: 0.5073080255698821
Maximum Pen Distance: 0.8232056540278122
Average Dog Distance: 0.5555164644460975
Maximum Dog Distance: 0.895354800201038
Average Sheep Distance: 0.37251570329873174
Maximum Sheep Distance: 0.49739551871918436
Elapsed Time: 5m 1s
********** 14 **********
Average Fitness: 0.12566666666666665
Maximum Fitness: 0.3333333333333333
Average Pen Distance: 0.5129381689413566
Maximum Pen Distance: 0.8232056540278122
Average Dog Distance: 0.5463778110470835
Maximum Dog Distance: 0.895354800201038
Average Sheep Distance: 0.3744673654707451
Maximum Sheep Distance: 0.49739551871918436
Elapsed Time: 4m 59s
********** 15 **********
Average Fitness: 0.12333333333333334
Maximum Fitness: 0.3333333333333333
Average Pen Distance: 0.519362299274591
Maximum Pen Distance: 0.8232056540278122
Average Dog Distance: 0.5367763993378942
Maximum Dog Distance: 0.895354800201038
Average Sheep Distance: 0.3783898675419829
Maximum Sheep Distance: 0.5120654975870087
Elapsed Time: 5m 1s
********** 16 **********
Average Fitness: 0.12733333333333333
Maximum Fitness: 0.3333333333333333
Average Pen Distance: 0.5253125421150073
Maximum Pen Distance: 0.8232056540278122
Average Dog Distance: 0.5403265515789106
Maximum Dog Distance: 0.895354800201038
Average Sheep Distance: 0.379670857959763
Maximum Sheep Distance: 0.5120654975870087
Elapsed Time: 5m 1s
********** 17 **********
Average Fitness: 0.129
Maximum Fitness: 0.3333333333333333
Average Pen Distance: 0.5245736653948401
Maximum Pen Distance: 0.8467922401709708
Average Dog Distance: 0.5377510645695976
Maximum Dog Distance: 0.895354800201038
Average Sheep Distance: 0.37895756422544413
Maximum Sheep Distance: 0.5056369623989819
Elapsed Time: 4m 56s
********** 18 **********
Average Fitness: 0.13066666666666665
Maximum Fitness: 0.3333333333333333
Average Pen Distance: 0.5166585252757973
Maximum Pen Distance: 0.8467922401709708
Average Dog Distance: 0.5323493926975351
Maximum Dog Distance: 0.895354800201038
Average Sheep Distance: 0.37544034873612747
Maximum Sheep Distance: 0.5056369623989819
Elapsed Time: 4m 58s
********** 19 **********
Average Fitness: 0.13099999999999998
Maximum Fitness: 0.3333333333333333
Average Pen Distance: 0.517603211567352
Maximum Pen Distance: 0.8467922401709708
Average Dog Distance: 0.5259176061118381
Maximum Dog Distance: 0.895354800201038
Average Sheep Distance: 0.3752746963044913
Maximum Sheep Distance: 0.5056369623989819
Elapsed Time: 5m 2s
********** 20 **********
Average Fitness: 0.1303333333333333
Maximum Fitness: 0.3333333333333333
Average Pen Distance: 0.5227308966083598
Maximum Pen Distance: 0.8467922401709708
Average Dog Distance: 0.5216499035574145
Maximum Dog Distance: 0.895354800201038
Average Sheep Distance: 0.37650278947272936
Maximum Sheep Distance: 0.5056369623989819
Elapsed Time: 5m 4s
********** 21 **********
Average Fitness: 0.13399999999999998
Maximum Fitness: 0.3333333333333333
Average Pen Distance: 0.50758737098657
Maximum Pen Distance: 0.8467922401709708
Average Dog Distance: 0.5159161088922879
Maximum Dog Distance: 0.895354800201038
Average Sheep Distance: 0.37682316453514597
Maximum Sheep Distance: 0.5056369623989819
Elapsed Time: 4m 58s
********** 22 **********
Average Fitness: 0.13166666666666665
Maximum Fitness: 0.3333333333333333
Average Pen Distance: 0.510097824104275
Maximum Pen Distance: 0.8467922401709708
Average Dog Distance: 0.5081940900218946
Maximum Dog Distance: 0.895354800201038
Average Sheep Distance: 0.37687539096250366
Maximum Sheep Distance: 0.5056369623989819
Elapsed Time: 5m 0s
********** 23 **********
Average Fitness: 0.13399999999999998
Maximum Fitness: 0.3333333333333333
Average Pen Distance: 0.5061350706975398
Maximum Pen Distance: 0.8467922401709708
Average Dog Distance: 0.5057314636963323
Maximum Dog Distance: 0.895354800201038
Average Sheep Distance: 0.37423909713277764
Maximum Sheep Distance: 0.5056369623989819
Elapsed Time: 4m 58s
********** 24 **********
Average Fitness: 0.13333333333333333
Maximum Fitness: 0.3333333333333333
Average Pen Distance: 0.5134087702742618
Maximum Pen Distance: 0.8467922401709708
Average Dog Distance: 0.5089363136422047
Maximum Dog Distance: 0.895354800201038
Average Sheep Distance: 0.3705016603342937
Maximum Sheep Distance: 0.5056369623989819
Elapsed Time: 4m 56s
********** 25 **********
Average Fitness: 0.13133333333333333
Maximum Fitness: 0.3333333333333333
Average Pen Distance: 0.5088847586493626
Maximum Pen Distance: 0.8467922401709708
Average Dog Distance: 0.5000652275268093
Maximum Dog Distance: 0.895354800201038
Average Sheep Distance: 0.3724286882493317
Maximum Sheep Distance: 0.5056369623989819
Elapsed Time: 5m 5s
********** 26 **********
Average Fitness: 0.13899999999999998
Maximum Fitness: 0.3333333333333333
Average Pen Distance: 0.5035188049568439
Maximum Pen Distance: 0.8467922401709708
Average Dog Distance: 0.49984149198152716
Maximum Dog Distance: 0.895354800201038
Average Sheep Distance: 0.3728090555540078
Maximum Sheep Distance: 0.5056369623989819
Elapsed Time: 5m 3s
********** 27 **********
Average Fitness: 0.1406666666666667
Maximum Fitness: 0.3333333333333333
Average Pen Distance: 0.5045482653023922
Maximum Pen Distance: 0.8467922401709708
Average Dog Distance: 0.5005642707872453
Maximum Dog Distance: 0.895354800201038
Average Sheep Distance: 0.37227237658338524
Maximum Sheep Distance: 0.5056369623989819
Elapsed Time: 5m 14s
********** 28 **********
Average Fitness: 0.137
Maximum Fitness: 0.39999999999999997
Average Pen Distance: 0.5074428128728025
Maximum Pen Distance: 0.8467922401709708
Average Dog Distance: 0.4929722170396647
Maximum Dog Distance: 0.895354800201038
Average Sheep Distance: 0.37424885447009787
Maximum Sheep Distance: 0.5260394938211963
Elapsed Time: 5m 2s
********** 29 **********
Average Fitness: 0.14366666666666666
Maximum Fitness: 0.39999999999999997
Average Pen Distance: 0.5069281622147839
Maximum Pen Distance: 0.8467922401709708
Average Dog Distance: 0.5054478671660992
Maximum Dog Distance: 0.895354800201038
Average Sheep Distance: 0.37471545837991016
Maximum Sheep Distance: 0.5260394938211963
Elapsed Time: 5m 13s
********** 30 **********
Average Fitness: 0.1443333333333333
Maximum Fitness: 0.39999999999999997
Average Pen Distance: 0.5056880424949375
Maximum Pen Distance: 0.8467922401709708
Average Dog Distance: 0.4975914224216094
Maximum Dog Distance: 0.895354800201038
Average Sheep Distance: 0.3755823410322457
Maximum Sheep Distance: 0.5260394938211963
Elapsed Time: 5m 6s
********** 31 **********
Average Fitness: 0.14766666666666667
Maximum Fitness: 0.39999999999999997
Average Pen Distance: 0.5055958717239182
Maximum Pen Distance: 0.8467922401709708
Average Dog Distance: 0.493603793471548
Maximum Dog Distance: 0.895354800201038
Average Sheep Distance: 0.37200355126197954
Maximum Sheep Distance: 0.5260394938211963
Elapsed Time: 5m 2s
********** 32 **********
Average Fitness: 0.15033333333333332
Maximum Fitness: 0.39999999999999997
Average Pen Distance: 0.4893881516268542
Maximum Pen Distance: 0.82384034861632
Average Dog Distance: 0.48691681920628027
Maximum Dog Distance: 0.895354800201038
Average Sheep Distance: 0.37009365692827373
Maximum Sheep Distance: 0.5260394938211963
Elapsed Time: 5m 10s
********** 33 **********
Average Fitness: 0.157
Maximum Fitness: 0.39999999999999997
Average Pen Distance: 0.48936700224667895
Maximum Pen Distance: 0.8621818484319596
Average Dog Distance: 0.4917434566734174
Maximum Dog Distance: 0.895354800201038
Average Sheep Distance: 0.3722636962547984
Maximum Sheep Distance: 0.5260394938211963
Elapsed Time: 5m 2s
********** 34 **********
Average Fitness: 0.15733333333333335
Maximum Fitness: 0.39999999999999997
Average Pen Distance: 0.5024993600069432
Maximum Pen Distance: 0.8621818484319596
Average Dog Distance: 0.4904031444314825
Maximum Dog Distance: 0.895354800201038
Average Sheep Distance: 0.37477230472507983
Maximum Sheep Distance: 0.5260394938211963
Elapsed Time: 4m 56s
********** 35 **********
Average Fitness: 0.15166666666666667
Maximum Fitness: 0.39999999999999997
Average Pen Distance: 0.5134102104057309
Maximum Pen Distance: 0.8621818484319596
Average Dog Distance: 0.48843710108507393
Maximum Dog Distance: 0.895354800201038
Average Sheep Distance: 0.378667756424007
Maximum Sheep Distance: 0.5260394938211963
Elapsed Time: 5m 1s
********** 36 **********
Average Fitness: 0.152
Maximum Fitness: 0.39999999999999997
Average Pen Distance: 0.5060197029936621
Maximum Pen Distance: 0.82384034861632
Average Dog Distance: 0.48417151653806184
Maximum Dog Distance: 0.895354800201038
Average Sheep Distance: 0.3788837605974893
Maximum Sheep Distance: 0.5260394938211963
Elapsed Time: 5m 1s
********** 37 **********
Average Fitness: 0.15366666666666665
Maximum Fitness: 0.39999999999999997
Average Pen Distance: 0.5041073391574983
Maximum Pen Distance: 0.82384034861632
Average Dog Distance: 0.4861808293254779
Maximum Dog Distance: 0.895354800201038
Average Sheep Distance: 0.3805363492819806
Maximum Sheep Distance: 0.5056369623989819
Elapsed Time: 5m 1s
********** 38 **********
Average Fitness: 0.15533333333333332
Maximum Fitness: 0.39999999999999997
Average Pen Distance: 0.5029715324391552
Maximum Pen Distance: 0.82384034861632
Average Dog Distance: 0.48744422733276416
Maximum Dog Distance: 0.895354800201038
Average Sheep Distance: 0.3805069898197592
Maximum Sheep Distance: 0.5056369623989819
Elapsed Time: 5m 0s
********** 39 **********
Average Fitness: 0.15666666666666665
Maximum Fitness: 0.39999999999999997
Average Pen Distance: 0.5051826995601877
Maximum Pen Distance: 0.82384034861632
Average Dog Distance: 0.4852493603619062
Maximum Dog Distance: 0.895354800201038
Average Sheep Distance: 0.3777530952132022
Maximum Sheep Distance: 0.5293821468674427
Elapsed Time: 5m 12s
********** 40 **********
Average Fitness: 0.153
Maximum Fitness: 0.39999999999999997
Average Pen Distance: 0.5202695398361515
Maximum Pen Distance: 0.8300882846095846
Average Dog Distance: 0.4764896459111295
Maximum Dog Distance: 0.895354800201038
Average Sheep Distance: 0.3805979317771172
Maximum Sheep Distance: 0.5682363218199441
Elapsed Time: 5m 5s
********** 41 **********
Average Fitness: 0.15633333333333332
Maximum Fitness: 0.39999999999999997
Average Pen Distance: 0.5174478579758195
Maximum Pen Distance: 0.8300882846095846
Average Dog Distance: 0.4707085965176146
Maximum Dog Distance: 0.895354800201038
Average Sheep Distance: 0.38118922801399313
Maximum Sheep Distance: 0.5682363218199441
Elapsed Time: 5m 5s
********** 42 **********
Average Fitness: 0.155
Maximum Fitness: 0.39999999999999997
Average Pen Distance: 0.5246022001588427
Maximum Pen Distance: 0.8300882846095846
Average Dog Distance: 0.46440344203293504
Maximum Dog Distance: 0.895354800201038
Average Sheep Distance: 0.38087928306285596
Maximum Sheep Distance: 0.5682363218199441
Elapsed Time: 5m 12s
********** 43 **********
Average Fitness: 0.154
Maximum Fitness: 0.39999999999999997
Average Pen Distance: 0.5251075596961866
Maximum Pen Distance: 0.8436742987034238
Average Dog Distance: 0.45767658906478126
Maximum Dog Distance: 0.895354800201038
Average Sheep Distance: 0.3808946374247054
Maximum Sheep Distance: 0.5682363218199441
Elapsed Time: 5m 1s
********** 44 **********
Average Fitness: 0.15433333333333332
Maximum Fitness: 0.39999999999999997
Average Pen Distance: 0.5205981718393026
Maximum Pen Distance: 0.8436742987034238
Average Dog Distance: 0.46458428538719687
Maximum Dog Distance: 0.895354800201038
Average Sheep Distance: 0.3822654971503106
Maximum Sheep Distance: 0.5682363218199441
Elapsed Time: 5m 0s
********** 45 **********
Average Fitness: 0.154
Maximum Fitness: 0.39999999999999997
Average Pen Distance: 0.5287345306583093
Maximum Pen Distance: 0.8436742987034238
Average Dog Distance: 0.4642871592165664
Maximum Dog Distance: 0.8569607216932097
Average Sheep Distance: 0.38260971374379876
Maximum Sheep Distance: 0.5682363218199441
Elapsed Time: 5m 6s
********** 46 **********
Average Fitness: 0.15233333333333335
Maximum Fitness: 0.39999999999999997
Average Pen Distance: 0.5357461070764655
Maximum Pen Distance: 0.8436742987034238
Average Dog Distance: 0.4602328211738467
Maximum Dog Distance: 0.8569607216932097
Average Sheep Distance: 0.3823916933340618
Maximum Sheep Distance: 0.5682363218199441
Elapsed Time: 5m 6s
********** 47 **********
Average Fitness: 0.152
Maximum Fitness: 0.39999999999999997
Average Pen Distance: 0.5347000031280049
Maximum Pen Distance: 0.8519011887868134
Average Dog Distance: 0.4532702206428192
Maximum Dog Distance: 0.8569607216932097
Average Sheep Distance: 0.38125170936572295
Maximum Sheep Distance: 0.5682363218199441
Elapsed Time: 5m 6s
********** 48 **********
Average Fitness: 0.15666666666666668
Maximum Fitness: 0.39999999999999997
Average Pen Distance: 0.5373063327774297
Maximum Pen Distance: 0.8519011887868134
Average Dog Distance: 0.4570076352443771
Maximum Dog Distance: 0.8569607216932097
Average Sheep Distance: 0.382846919202661
Maximum Sheep Distance: 0.5682363218199441
Elapsed Time: 5m 3s
********** 49 **********
Average Fitness: 0.157
Maximum Fitness: 0.39999999999999997
Average Pen Distance: 0.5414098538336483
Maximum Pen Distance: 0.8519011887868134
Average Dog Distance: 0.4646176857222475
Maximum Dog Distance: 0.8569607216932097
Average Sheep Distance: 0.38483657928032633
Maximum Sheep Distance: 0.5682363218199441
Elapsed Time: 5m 11s
********** 50 **********
Average Fitness: 0.15366666666666665
Maximum Fitness: 0.39999999999999997
Average Pen Distance: 0.550347821474227
Maximum Pen Distance: 0.8519011887868134
Average Dog Distance: 0.46837604916573045
Maximum Dog Distance: 0.8569607216932097
Average Sheep Distance: 0.3885110065819628
Maximum Sheep Distance: 0.5682363218199441
Elapsed Time: 5m 6s
********** 51 **********
Average Fitness: 0.16
Maximum Fitness: 0.39999999999999997
Average Pen Distance: 0.5397045747271662
Maximum Pen Distance: 0.8519011887868134
Average Dog Distance: 0.46994563555115976
Maximum Dog Distance: 0.8569607216932097
Average Sheep Distance: 0.38570149784286656
Maximum Sheep Distance: 0.5682363218199441
Elapsed Time: 5m 12s
********** 52 **********
Average Fitness: 0.1616666666666667
Maximum Fitness: 0.39999999999999997
Average Pen Distance: 0.5330791784806546
Maximum Pen Distance: 0.8519011887868134
Average Dog Distance: 0.47688750738676056
Maximum Dog Distance: 0.8569607216932097
Average Sheep Distance: 0.383672849822919
Maximum Sheep Distance: 0.5682363218199441
Elapsed Time: 5m 8s
********** 53 **********
Average Fitness: 0.16266666666666668
Maximum Fitness: 0.39999999999999997
Average Pen Distance: 0.534478652726819
Maximum Pen Distance: 0.8519011887868134
Average Dog Distance: 0.4830622946429608
Maximum Dog Distance: 0.8569607216932097
Average Sheep Distance: 0.38424787015708206
Maximum Sheep Distance: 0.5682363218199441
Elapsed Time: 5m 7s
********** 54 **********
Average Fitness: 0.16400000000000003
Maximum Fitness: 0.39999999999999997
Average Pen Distance: 0.5385689725343545
Maximum Pen Distance: 0.8519011887868134
Average Dog Distance: 0.47598002221651536
Maximum Dog Distance: 0.821453572762724
Average Sheep Distance: 0.38628947808068126
Maximum Sheep Distance: 0.5682363218199441
Elapsed Time: 4m 58s
********** 55 **********
Average Fitness: 0.16500000000000004
Maximum Fitness: 0.39999999999999997
Average Pen Distance: 0.5392396141239902
Maximum Pen Distance: 0.8519011887868134
Average Dog Distance: 0.48228818435239185
Maximum Dog Distance: 0.821453572762724
Average Sheep Distance: 0.38714830301348924
Maximum Sheep Distance: 0.5682363218199441
Elapsed Time: 5m 5s
********** 56 **********
Average Fitness: 0.16400000000000006
Maximum Fitness: 0.39999999999999997
Average Pen Distance: 0.5411016653246642
Maximum Pen Distance: 0.8519011887868134
Average Dog Distance: 0.4837893879469899
Maximum Dog Distance: 0.821453572762724
Average Sheep Distance: 0.3902090625766923
Maximum Sheep Distance: 0.5682363218199441
Elapsed Time: 5m 0s
********** 57 **********
Average Fitness: 0.16333333333333339
Maximum Fitness: 0.39999999999999997
Average Pen Distance: 0.5442865249444924
Maximum Pen Distance: 0.8519011887868134
Average Dog Distance: 0.4790781151018754
Maximum Dog Distance: 0.8239453168747112
Average Sheep Distance: 0.3897097965745754
Maximum Sheep Distance: 0.5682363218199441
Elapsed Time: 5m 6s
********** 58 **********
Average Fitness: 0.16866666666666663
Maximum Fitness: 0.39999999999999997
Average Pen Distance: 0.5449958851461244
Maximum Pen Distance: 0.8519011887868134
Average Dog Distance: 0.4719191850099525
Maximum Dog Distance: 0.821453572762724
Average Sheep Distance: 0.38932451251321604
Maximum Sheep Distance: 0.5682363218199441
Elapsed Time: 5m 6s
********** 59 **********
Average Fitness: 0.1706666666666667
Maximum Fitness: 0.39999999999999997
Average Pen Distance: 0.540587490404161
Maximum Pen Distance: 0.8519011887868134
Average Dog Distance: 0.47687173938287936
Maximum Dog Distance: 0.821453572762724
Average Sheep Distance: 0.38789128937714223
Maximum Sheep Distance: 0.5682363218199441
Elapsed Time: 4m 57s
********** 60 **********
Average Fitness: 0.169
Maximum Fitness: 0.39999999999999997
Average Pen Distance: 0.5449175589151894
Maximum Pen Distance: 0.8519011887868134
Average Dog Distance: 0.47185035227849176
Maximum Dog Distance: 0.821453572762724
Average Sheep Distance: 0.38725031471359544
Maximum Sheep Distance: 0.5682363218199441
Elapsed Time: 5m 0s
********** 61 **********
Average Fitness: 0.16700000000000004
Maximum Fitness: 0.39999999999999997
Average Pen Distance: 0.5460270073557062
Maximum Pen Distance: 0.8519011887868134
Average Dog Distance: 0.4735211923330473
Maximum Dog Distance: 0.8516973457317686
Average Sheep Distance: 0.3861946974428795
Maximum Sheep Distance: 0.5682363218199441
Elapsed Time: 5m 7s
********** 62 **********
Average Fitness: 0.16466666666666668
Maximum Fitness: 0.39999999999999997
Average Pen Distance: 0.5465483919354507
Maximum Pen Distance: 0.8519011887868134
Average Dog Distance: 0.47833029446603964
Maximum Dog Distance: 0.8744981641075179
Average Sheep Distance: 0.38775547018495843
Maximum Sheep Distance: 0.5682363218199441
Elapsed Time: 5m 11s
********** 63 **********
Average Fitness: 0.1673333333333334
Maximum Fitness: 0.39999999999999997
Average Pen Distance: 0.5454628257574077
Maximum Pen Distance: 0.8519011887868134
Average Dog Distance: 0.48394955231434067
Maximum Dog Distance: 0.8817201994248385
Average Sheep Distance: 0.3862671787120739
Maximum Sheep Distance: 0.5682363218199441
Elapsed Time: 5m 10s
********** 64 **********
Average Fitness: 0.1666666666666667
Maximum Fitness: 0.39999999999999997
Average Pen Distance: 0.5468527553283444
Maximum Pen Distance: 0.8519011887868134
Average Dog Distance: 0.48183169316166946
Maximum Dog Distance: 0.8817201994248385
Average Sheep Distance: 0.3832965521276743
Maximum Sheep Distance: 0.5682363218199441
Elapsed Time: 5m 1s
********** 65 **********
Average Fitness: 0.16300000000000003
Maximum Fitness: 0.39999999999999997
Average Pen Distance: 0.5589771473856272
Maximum Pen Distance: 0.8519011887868134
Average Dog Distance: 0.4904278511534775
Maximum Dog Distance: 0.8959952832458319
Average Sheep Distance: 0.38390424459421785
Maximum Sheep Distance: 0.5682363218199441
Elapsed Time: 5m 9s
********** 66 **********
Average Fitness: 0.16866666666666671
Maximum Fitness: 0.39999999999999997
Average Pen Distance: 0.559273357093039
Maximum Pen Distance: 0.8519011887868134
Average Dog Distance: 0.48463086000697736
Maximum Dog Distance: 0.8959952832458319
Average Sheep Distance: 0.38451845960251496
Maximum Sheep Distance: 0.5682363218199441
Elapsed Time: 5m 2s
********** 67 **********
Average Fitness: 0.16700000000000007
Maximum Fitness: 0.39999999999999997
Average Pen Distance: 0.5502058320884133
Maximum Pen Distance: 0.8519011887868134
Average Dog Distance: 0.4756963679951418
Maximum Dog Distance: 0.8959952832458319
Average Sheep Distance: 0.3821510164453813
Maximum Sheep Distance: 0.5682363218199441
Elapsed Time: 5m 2s
********** 68 **********
Average Fitness: 0.16866666666666666
Maximum Fitness: 0.43333333333333335
Average Pen Distance: 0.5542816985865557
Maximum Pen Distance: 0.8531860826683663
Average Dog Distance: 0.4821522850146697
Maximum Dog Distance: 0.8959952832458319
Average Sheep Distance: 0.3835289224596509
Maximum Sheep Distance: 0.5682363218199441
Elapsed Time: 5m 3s
********** 69 **********
Average Fitness: 0.169
Maximum Fitness: 0.43333333333333335
Average Pen Distance: 0.5544590283059819
Maximum Pen Distance: 0.8531860826683663
Average Dog Distance: 0.478258401827162
Maximum Dog Distance: 0.8959952832458319
Average Sheep Distance: 0.38446210206803966
Maximum Sheep Distance: 0.5682363218199441
Elapsed Time: 5m 12s
********** 70 **********
Average Fitness: 0.1750000000000001
Maximum Fitness: 0.43333333333333335
Average Pen Distance: 0.5415771759890214
Maximum Pen Distance: 0.8531860826683663
Average Dog Distance: 0.47618285248716113
Maximum Dog Distance: 0.8959952832458319
Average Sheep Distance: 0.3815253754155568
Maximum Sheep Distance: 0.5682363218199441
Elapsed Time: 5m 7s
********** 71 **********
Average Fitness: 0.17700000000000007
Maximum Fitness: 0.43333333333333335
Average Pen Distance: 0.5376493917041997
Maximum Pen Distance: 0.8531860826683663
Average Dog Distance: 0.4693775382814031
Maximum Dog Distance: 0.8959952832458319
Average Sheep Distance: 0.3814868136080662
Maximum Sheep Distance: 0.5682363218199441
Elapsed Time: 5m 2s
********** 72 **********
Average Fitness: 0.17900000000000005
Maximum Fitness: 0.43333333333333335
Average Pen Distance: 0.5359406620317826
Maximum Pen Distance: 0.8531860826683663
Average Dog Distance: 0.4699407067298625
Maximum Dog Distance: 0.8959952832458319
Average Sheep Distance: 0.38419746180541076
Maximum Sheep Distance: 0.5682363218199441
Elapsed Time: 4m 57s
********** 73 **********
Average Fitness: 0.17933333333333334
Maximum Fitness: 0.43333333333333335
Average Pen Distance: 0.5349542813805093
Maximum Pen Distance: 0.8531860826683663
Average Dog Distance: 0.469651523473119
Maximum Dog Distance: 0.8959952832458319
Average Sheep Distance: 0.3824745742819357
Maximum Sheep Distance: 0.5682363218199441
Elapsed Time: 4m 56s
********** 74 **********
Average Fitness: 0.182
Maximum Fitness: 0.43333333333333335
Average Pen Distance: 0.5292265997804952
Maximum Pen Distance: 0.8531860826683663
Average Dog Distance: 0.47100377040586106
Maximum Dog Distance: 0.8959952832458319
Average Sheep Distance: 0.38186301821671653
Maximum Sheep Distance: 0.5682363218199441
Elapsed Time: 4m 59s
********** 75 **********
Average Fitness: 0.1806666666666667
Maximum Fitness: 0.43333333333333335
Average Pen Distance: 0.5313816672975931
Maximum Pen Distance: 0.8531860826683663
Average Dog Distance: 0.4677761133533448
Maximum Dog Distance: 0.8959952832458319
Average Sheep Distance: 0.38547823823222516
Maximum Sheep Distance: 0.5682363218199441
Elapsed Time: 5m 1s
********** 76 **********
Average Fitness: 0.18500000000000008
Maximum Fitness: 0.43333333333333335
Average Pen Distance: 0.5182926701104378
Maximum Pen Distance: 0.8531860826683663
Average Dog Distance: 0.4636192279098231
Maximum Dog Distance: 0.8959952832458319
Average Sheep Distance: 0.3824574344805041
Maximum Sheep Distance: 0.5682363218199441
Elapsed Time: 5m 1s
********** 77 **********
Average Fitness: 0.191
Maximum Fitness: 0.43333333333333335
Average Pen Distance: 0.5178206264037377
Maximum Pen Distance: 0.8531860826683663
Average Dog Distance: 0.4665362691606094
Maximum Dog Distance: 0.8959952832458319
Average Sheep Distance: 0.37545872244848505
Maximum Sheep Distance: 0.5682363218199441
Elapsed Time: 5m 6s
********** 78 **********
Average Fitness: 0.18833333333333335
Maximum Fitness: 0.43333333333333335
Average Pen Distance: 0.5233997354912848
Maximum Pen Distance: 0.8531860826683663
Average Dog Distance: 0.47832387064042864
Maximum Dog Distance: 0.8959952832458319
Average Sheep Distance: 0.3769912747466091
Maximum Sheep Distance: 0.5682363218199441
Elapsed Time: 5m 2s
********** 79 **********
Average Fitness: 0.19
Maximum Fitness: 0.43333333333333335
Average Pen Distance: 0.5445208747987388
Maximum Pen Distance: 0.8531860826683663
Average Dog Distance: 0.48173631417795754
Maximum Dog Distance: 0.8959952832458319
Average Sheep Distance: 0.3816013276146119
Maximum Sheep Distance: 0.5682363218199441
Elapsed Time: 5m 2s
********** 80 **********
Average Fitness: 0.19333333333333336
Maximum Fitness: 0.43333333333333335
Average Pen Distance: 0.5429992852261999
Maximum Pen Distance: 0.8531860826683663
Average Dog Distance: 0.47703358543345564
Maximum Dog Distance: 0.884700761182328
Average Sheep Distance: 0.38245059333851655
Maximum Sheep Distance: 0.5682363218199441
Elapsed Time: 5m 0s
********** 81 **********
Average Fitness: 0.18633333333333335
Maximum Fitness: 0.43333333333333335
Average Pen Distance: 0.5391911562425398
Maximum Pen Distance: 0.8531860826683663
Average Dog Distance: 0.4856533604641228
Maximum Dog Distance: 0.884700761182328
Average Sheep Distance: 0.38103766303518155
Maximum Sheep Distance: 0.5682363218199441
Elapsed Time: 5m 5s
********** 82 **********
Average Fitness: 0.1813333333333334
Maximum Fitness: 0.43333333333333335
Average Pen Distance: 0.5482813307544887
Maximum Pen Distance: 0.8531860826683663
Average Dog Distance: 0.4812522441382596
Maximum Dog Distance: 0.8861540803533409
Average Sheep Distance: 0.38341820978947544
Maximum Sheep Distance: 0.5682363218199441
Elapsed Time: 5m 3s
********** 83 **********
Average Fitness: 0.1863333333333334
Maximum Fitness: 0.43333333333333335
Average Pen Distance: 0.5372122228656725
Maximum Pen Distance: 0.8531860826683663
Average Dog Distance: 0.475067439361073
Maximum Dog Distance: 0.884700761182328
Average Sheep Distance: 0.3803863655689041
Maximum Sheep Distance: 0.5682363218199441
Elapsed Time: 5m 5s
********** 84 **********
Average Fitness: 0.19000000000000006
Maximum Fitness: 0.43333333333333335
Average Pen Distance: 0.5329121827444535
Maximum Pen Distance: 0.8531860826683663
Average Dog Distance: 0.4808693113475006
Maximum Dog Distance: 0.884700761182328
Average Sheep Distance: 0.37360133369404025
Maximum Sheep Distance: 0.5682363218199441
Elapsed Time: 5m 0s
********** 85 **********
Average Fitness: 0.18933333333333338
Maximum Fitness: 0.43333333333333335
Average Pen Distance: 0.5368725959840767
Maximum Pen Distance: 0.8531860826683663
Average Dog Distance: 0.4901276220780145
Maximum Dog Distance: 0.884700761182328
Average Sheep Distance: 0.3767390954170141
Maximum Sheep Distance: 0.5682363218199441
Elapsed Time: 4m 57s
********** 86 **********
Average Fitness: 0.18800000000000008
Maximum Fitness: 0.43333333333333335
Average Pen Distance: 0.5338699861027731
Maximum Pen Distance: 0.8531860826683663
Average Dog Distance: 0.49528506438918063
Maximum Dog Distance: 0.884700761182328
Average Sheep Distance: 0.3779108489646406
Maximum Sheep Distance: 0.5682363218199441
Elapsed Time: 5m 2s
********** 87 **********
Average Fitness: 0.19000000000000003
Maximum Fitness: 0.43333333333333335
Average Pen Distance: 0.5321209700995542
Maximum Pen Distance: 0.8531860826683663
Average Dog Distance: 0.5008572026618899
Maximum Dog Distance: 0.884700761182328
Average Sheep Distance: 0.3787549844951919
Maximum Sheep Distance: 0.5682363218199441
Elapsed Time: 4m 58s
********** 88 **********
Average Fitness: 0.19466666666666668
Maximum Fitness: 0.43333333333333335
Average Pen Distance: 0.530136187111713
Maximum Pen Distance: 0.8531860826683663
Average Dog Distance: 0.4976797797614605
Maximum Dog Distance: 0.91047763038965
Average Sheep Distance: 0.377303351604063
Maximum Sheep Distance: 0.5682363218199441
Elapsed Time: 5m 11s
********** 89 **********
Average Fitness: 0.1956666666666667
Maximum Fitness: 0.43333333333333335
Average Pen Distance: 0.5353779468077299
Maximum Pen Distance: 0.8531860826683663
Average Dog Distance: 0.48598526511165596
Maximum Dog Distance: 0.91047763038965
Average Sheep Distance: 0.37484977930016966
Maximum Sheep Distance: 0.5682363218199441
Elapsed Time: 5m 7s
********** 90 **********
Average Fitness: 0.19666666666666668
Maximum Fitness: 0.43333333333333335
Average Pen Distance: 0.5358552124238952
Maximum Pen Distance: 0.8531860826683663
Average Dog Distance: 0.4857907199327314
Maximum Dog Distance: 0.91047763038965
Average Sheep Distance: 0.3746942258201593
Maximum Sheep Distance: 0.5682363218199441
Elapsed Time: 5m 11s
********** 91 **********
Average Fitness: 0.19100000000000006
Maximum Fitness: 0.43333333333333335
Average Pen Distance: 0.5385588364867655
Maximum Pen Distance: 0.8531860826683663
Average Dog Distance: 0.4894728867151618
Maximum Dog Distance: 0.91047763038965
Average Sheep Distance: 0.37890125425368737
Maximum Sheep Distance: 0.5682363218199441
Elapsed Time: 5m 3s
********** 92 **********
Average Fitness: 0.19200000000000006
Maximum Fitness: 0.43333333333333335
Average Pen Distance: 0.5335393237225667
Maximum Pen Distance: 0.8531860826683663
Average Dog Distance: 0.48512888846484775
Maximum Dog Distance: 0.91047763038965
Average Sheep Distance: 0.378347606309402
Maximum Sheep Distance: 0.5682363218199441
Elapsed Time: 4m 58s
********** 93 **********
Average Fitness: 0.18933333333333338
Maximum Fitness: 0.43333333333333335
Average Pen Distance: 0.534635360002949
Maximum Pen Distance: 0.8531860826683663
Average Dog Distance: 0.4794925488859631
Maximum Dog Distance: 0.8803999865242256
Average Sheep Distance: 0.37952100687651724
Maximum Sheep Distance: 0.5682363218199441
Elapsed Time: 5m 6s
********** 94 **********
Average Fitness: 0.19100000000000006
Maximum Fitness: 0.43333333333333335
Average Pen Distance: 0.5373427728425686
Maximum Pen Distance: 0.8531860826683663
Average Dog Distance: 0.4739707265276163
Maximum Dog Distance: 0.8803999865242256
Average Sheep Distance: 0.37721750951351324
Maximum Sheep Distance: 0.5682363218199441
Elapsed Time: 5m 5s
********** 95 **********
Average Fitness: 0.18833333333333335
Maximum Fitness: 0.43333333333333335
Average Pen Distance: 0.5425112162891033
Maximum Pen Distance: 0.8531860826683663
Average Dog Distance: 0.476421080476026
Maximum Dog Distance: 0.8803999865242256
Average Sheep Distance: 0.37727587364771387
Maximum Sheep Distance: 0.5682363218199441
Elapsed Time: 5m 4s
********** 96 **********
Average Fitness: 0.19000000000000003
Maximum Fitness: 0.43333333333333335
Average Pen Distance: 0.5424377128618952
Maximum Pen Distance: 0.8531860826683663
Average Dog Distance: 0.4805962751349385
Maximum Dog Distance: 0.8803999865242256
Average Sheep Distance: 0.3756386037449666
Maximum Sheep Distance: 0.5682363218199441
Elapsed Time: 4m 59s
********** 97 **********
Average Fitness: 0.18533333333333338
Maximum Fitness: 0.43333333333333335
Average Pen Distance: 0.5624478137586073
Maximum Pen Distance: 0.8531860826683663
Average Dog Distance: 0.4767383962053019
Maximum Dog Distance: 0.8803999865242256
Average Sheep Distance: 0.37632585800847823
Maximum Sheep Distance: 0.5682363218199441
Elapsed Time: 4m 57s
********** 98 **********
Average Fitness: 0.183
Maximum Fitness: 0.43333333333333335
Average Pen Distance: 0.5459051030608923
Maximum Pen Distance: 0.8531860826683663
Average Dog Distance: 0.4747181799526777
Maximum Dog Distance: 0.8803999865242256
Average Sheep Distance: 0.3759551597219524
Maximum Sheep Distance: 0.5682363218199441
Elapsed Time: 5m 0s
********** 99 **********
Average Fitness: 0.18400000000000005
Maximum Fitness: 0.43333333333333335
Average Pen Distance: 0.5607261671110089
Maximum Pen Distance: 0.8531860826683663
Average Dog Distance: 0.4740189247898339
Maximum Dog Distance: 0.8803999865242256
Average Sheep Distance: 0.3769567839590278
Maximum Sheep Distance: 0.5682363218199441
Elapsed Time: 5m 8s
********** 100 **********
Average Fitness: 0.18433333333333338
Maximum Fitness: 0.43333333333333335
Average Pen Distance: 0.5620543192528189
Maximum Pen Distance: 0.8531860826683663
Average Dog Distance: 0.4728867676684129
Maximum Dog Distance: 0.8803999865242256
Average Sheep Distance: 0.37500465493817303
Maximum Sheep Distance: 0.5682363218199441
Elapsed Time: 5m 3s
********** 1 **********
Average Fitness: 0.06599999999999999
Maximum Fitness: 0.2333333333333333
Average Pen Distance: 0.5039471249208727
Maximum Pen Distance: 0.7920719503385129
Average Dog Distance: 0.5624425776879236
Maximum Dog Distance: 0.7831936848231721
Average Sheep Distance: 0.35808092645598855
Maximum Sheep Distance: 0.45083457911193275
Elapsed Time: 10m 1s
********** 2 **********
Average Fitness: 0.07966666666666666
Maximum Fitness: 0.3333333333333333
Average Pen Distance: 0.5024787554076346
Maximum Pen Distance: 0.7920719503385129
Average Dog Distance: 0.551301307278634
Maximum Dog Distance: 0.7831936848231721
Average Sheep Distance: 0.35983075676678433
Maximum Sheep Distance: 0.44798053323693693
Elapsed Time: 5m 7s
********** 3 **********
Average Fitness: 0.08666666666666666
Maximum Fitness: 0.3333333333333333
Average Pen Distance: 0.5062932486256693
Maximum Pen Distance: 0.7920719503385129
Average Dog Distance: 0.5434328568642236
Maximum Dog Distance: 0.7917122265707129
Average Sheep Distance: 0.3619830572989079
Maximum Sheep Distance: 0.5054084492848928
Elapsed Time: 5m 1s
********** 4 **********
Average Fitness: 0.087
Maximum Fitness: 0.3333333333333333
Average Pen Distance: 0.5195164993588575
Maximum Pen Distance: 0.8135450167169376
Average Dog Distance: 0.5426402616812983
Maximum Dog Distance: 0.7917122265707129
Average Sheep Distance: 0.3664896279870493
Maximum Sheep Distance: 0.5054084492848928
Elapsed Time: 4m 59s
********** 5 **********
Average Fitness: 0.09533333333333331
Maximum Fitness: 0.3333333333333333
Average Pen Distance: 0.5172834300046045
Maximum Pen Distance: 0.8135450167169376
Average Dog Distance: 0.5471222914853782
Maximum Dog Distance: 0.7917122265707129
Average Sheep Distance: 0.3689609875044777
Maximum Sheep Distance: 0.5054084492848928
Elapsed Time: 4m 57s
********** 6 **********
Average Fitness: 0.09933333333333332
Maximum Fitness: 0.3333333333333333
Average Pen Distance: 0.5251673777195065
Maximum Pen Distance: 0.8135450167169376
Average Dog Distance: 0.547393144534447
Maximum Dog Distance: 0.7917122265707129
Average Sheep Distance: 0.3718913884498107
Maximum Sheep Distance: 0.5054084492848928
Elapsed Time: 5m 1s
********** 7 **********
Average Fitness: 0.105
Maximum Fitness: 0.3333333333333333
Average Pen Distance: 0.5330196972810914
Maximum Pen Distance: 0.8135450167169376
Average Dog Distance: 0.5497817241827314
Maximum Dog Distance: 0.8230853000771391
Average Sheep Distance: 0.3772659693019207
Maximum Sheep Distance: 0.5113501782493164
Elapsed Time: 5m 2s
********** 8 **********
Average Fitness: 0.10499999999999998
Maximum Fitness: 0.3333333333333333
Average Pen Distance: 0.5372450803785884
Maximum Pen Distance: 0.8135450167169376
Average Dog Distance: 0.5413614449066443
Maximum Dog Distance: 0.8230853000771391
Average Sheep Distance: 0.3797859301941369
Maximum Sheep Distance: 0.5481542462060182
Elapsed Time: 5m 7s
********** 9 **********
Average Fitness: 0.10566666666666666
Maximum Fitness: 0.3333333333333333
Average Pen Distance: 0.5569075926278763
Maximum Pen Distance: 0.8135450167169376
Average Dog Distance: 0.5414954082609522
Maximum Dog Distance: 0.8230853000771391
Average Sheep Distance: 0.38199282266181567
Maximum Sheep Distance: 0.5481542462060182
Elapsed Time: 5m 1s
********** 10 **********
Average Fitness: 0.10799999999999998
Maximum Fitness: 0.3333333333333333
Average Pen Distance: 0.5509978436687747
Maximum Pen Distance: 0.8135450167169376
Average Dog Distance: 0.5437899612298012
Maximum Dog Distance: 0.8822958936027862
Average Sheep Distance: 0.38530003097588356
Maximum Sheep Distance: 0.5481542462060182
Elapsed Time: 5m 1s
********** 11 **********
Average Fitness: 0.11366666666666665
Maximum Fitness: 0.3333333333333333
Average Pen Distance: 0.5487032666515864
Maximum Pen Distance: 0.8135450167169376
Average Dog Distance: 0.5372805598962785
Maximum Dog Distance: 0.8822958936027862
Average Sheep Distance: 0.38778014948186745
Maximum Sheep Distance: 0.5481542462060182
Elapsed Time: 5m 1s
********** 12 **********
Average Fitness: 0.11566666666666667
Maximum Fitness: 0.3333333333333333
Average Pen Distance: 0.5471387552438984
Maximum Pen Distance: 0.8135450167169376
Average Dog Distance: 0.526318840074338
Maximum Dog Distance: 0.8822958936027862
Average Sheep Distance: 0.3813517135709209
Maximum Sheep Distance: 0.5481542462060182
Elapsed Time: 5m 7s
********** 13 **********
Average Fitness: 0.11966666666666664
Maximum Fitness: 0.3333333333333333
Average Pen Distance: 0.5425637223959067
Maximum Pen Distance: 0.8135450167169376
Average Dog Distance: 0.5210915518569432
Maximum Dog Distance: 0.8822958936027862
Average Sheep Distance: 0.3802363408996954
Maximum Sheep Distance: 0.5481542462060182
Elapsed Time: 4m 59s
********** 14 **********
Average Fitness: 0.12533333333333332
Maximum Fitness: 0.3333333333333333
Average Pen Distance: 0.5452409024151098
Maximum Pen Distance: 0.8296459020021657
Average Dog Distance: 0.5202680089318933
Maximum Dog Distance: 0.8822958936027862
Average Sheep Distance: 0.38147375159969643
Maximum Sheep Distance: 0.5481542462060182
Elapsed Time: 5m 2s
********** 15 **********
Average Fitness: 0.13033333333333333
Maximum Fitness: 0.3333333333333333
Average Pen Distance: 0.544002542609735
Maximum Pen Distance: 0.8296459020021657
Average Dog Distance: 0.5343432419144384
Maximum Dog Distance: 0.8822958936027862
Average Sheep Distance: 0.38042038295304276
Maximum Sheep Distance: 0.5481542462060182
Elapsed Time: 5m 5s
********** 16 **********
Average Fitness: 0.12733333333333333
Maximum Fitness: 0.3333333333333333
Average Pen Distance: 0.5520890107718539
Maximum Pen Distance: 0.8296459020021657
Average Dog Distance: 0.5335877761417834
Maximum Dog Distance: 0.8822958936027862
Average Sheep Distance: 0.3854297461960995
Maximum Sheep Distance: 0.5481542462060182
Elapsed Time: 5m 4s
********** 17 **********
Average Fitness: 0.124
Maximum Fitness: 0.3333333333333333
Average Pen Distance: 0.565731276451243
Maximum Pen Distance: 0.8296459020021657
Average Dog Distance: 0.5187014294031718
Maximum Dog Distance: 0.8822958936027862
Average Sheep Distance: 0.3878693703484915
Maximum Sheep Distance: 0.5481542462060182
Elapsed Time: 5m 3s
********** 18 **********
Average Fitness: 0.126
Maximum Fitness: 0.3333333333333333
Average Pen Distance: 0.5525618198880049
Maximum Pen Distance: 0.8497496673045433
Average Dog Distance: 0.5119097510225433
Maximum Dog Distance: 0.8822958936027862
Average Sheep Distance: 0.384355285423416
Maximum Sheep Distance: 0.5481542462060182
Elapsed Time: 5m 2s
********** 19 **********
Average Fitness: 0.1303333333333333
Maximum Fitness: 0.3333333333333333
Average Pen Distance: 0.5564534702847269
Maximum Pen Distance: 0.8675643875491185
Average Dog Distance: 0.5188827315236174
Maximum Dog Distance: 0.8822958936027862
Average Sheep Distance: 0.38429422892135645
Maximum Sheep Distance: 0.5481542462060182
Elapsed Time: 5m 3s
********** 20 **********
Average Fitness: 0.132
Maximum Fitness: 0.3333333333333333
Average Pen Distance: 0.5481244237524296
Maximum Pen Distance: 0.8675643875491185
Average Dog Distance: 0.5258969558198444
Maximum Dog Distance: 0.8822958936027862
Average Sheep Distance: 0.3834766208870532
Maximum Sheep Distance: 0.5481542462060182
Elapsed Time: 5m 8s
********** 21 **********
Average Fitness: 0.13
Maximum Fitness: 0.3333333333333333
Average Pen Distance: 0.553663259951451
Maximum Pen Distance: 0.8675643875491185
Average Dog Distance: 0.5206222203610147
Maximum Dog Distance: 0.8822958936027862
Average Sheep Distance: 0.39134005042818587
Maximum Sheep Distance: 0.5481542462060182
Elapsed Time: 5m 8s
********** 22 **********
Average Fitness: 0.136
Maximum Fitness: 0.3333333333333333
Average Pen Distance: 0.5484243816180664
Maximum Pen Distance: 0.8675643875491185
Average Dog Distance: 0.5136042073993696
Maximum Dog Distance: 0.8822958936027862
Average Sheep Distance: 0.3895408618369234
Maximum Sheep Distance: 0.5481542462060182
Elapsed Time: 5m 6s
********** 23 **********
Average Fitness: 0.13666666666666666
Maximum Fitness: 0.3333333333333333
Average Pen Distance: 0.559929719613611
Maximum Pen Distance: 0.8675643875491185
Average Dog Distance: 0.5136694307165811
Maximum Dog Distance: 0.8822958936027862
Average Sheep Distance: 0.3921085841374137
Maximum Sheep Distance: 0.5481542462060182
Elapsed Time: 4m 56s
********** 24 **********
Average Fitness: 0.13566666666666666
Maximum Fitness: 0.3333333333333333
Average Pen Distance: 0.5619562340494808
Maximum Pen Distance: 0.8675643875491185
Average Dog Distance: 0.5088724568452583
Maximum Dog Distance: 0.8274815989999927
Average Sheep Distance: 0.3910348734048632
Maximum Sheep Distance: 0.5166898060926592
Elapsed Time: 5m 2s
********** 25 **********
Average Fitness: 0.13566666666666666
Maximum Fitness: 0.3333333333333333
Average Pen Distance: 0.5654678446429192
Maximum Pen Distance: 0.8734650056117701
Average Dog Distance: 0.5173464960727593
Maximum Dog Distance: 0.8677994077235215
Average Sheep Distance: 0.38930137723720415
Maximum Sheep Distance: 0.5166898060926592
Elapsed Time: 4m 59s
********** 26 **********
Average Fitness: 0.14
Maximum Fitness: 0.3333333333333333
Average Pen Distance: 0.5628159374603301
Maximum Pen Distance: 0.8734650056117701
Average Dog Distance: 0.5135521241051759
Maximum Dog Distance: 0.8633520439481724
Average Sheep Distance: 0.3901304298904399
Maximum Sheep Distance: 0.5166898060926592
Elapsed Time: 5m 4s
********** 27 **********
Average Fitness: 0.143
Maximum Fitness: 0.3333333333333333
Average Pen Distance: 0.5587293342872883
Maximum Pen Distance: 0.8734650056117701
Average Dog Distance: 0.5187118463308016
Maximum Dog Distance: 0.8633520439481724
Average Sheep Distance: 0.3891419680604355
Maximum Sheep Distance: 0.5166898060926592
Elapsed Time: 5m 2s
********** 28 **********
Average Fitness: 0.14400000000000002
Maximum Fitness: 0.3333333333333333
Average Pen Distance: 0.5608955827935488
Maximum Pen Distance: 0.8734650056117701
Average Dog Distance: 0.5150804087798075
Maximum Dog Distance: 0.8633520439481724
Average Sheep Distance: 0.3891460699601823
Maximum Sheep Distance: 0.5166898060926592
Elapsed Time: 4m 58s
********** 29 **********
Average Fitness: 0.14466666666666664
Maximum Fitness: 0.3333333333333333
Average Pen Distance: 0.5627111982753948
Maximum Pen Distance: 0.8734650056117701
Average Dog Distance: 0.5158868964432126
Maximum Dog Distance: 0.8633520439481724
Average Sheep Distance: 0.3900784658599569
Maximum Sheep Distance: 0.5166898060926592
Elapsed Time: 4m 57s
********** 30 **********
Average Fitness: 0.1393333333333333
Maximum Fitness: 0.3333333333333333
Average Pen Distance: 0.5780931780137142
Maximum Pen Distance: 0.8734650056117701
Average Dog Distance: 0.5066862474025956
Maximum Dog Distance: 0.8633520439481724
Average Sheep Distance: 0.3919996409888624
Maximum Sheep Distance: 0.5166898060926592
Elapsed Time: 5m 2s
********** 31 **********
Average Fitness: 0.143
Maximum Fitness: 0.3333333333333333
Average Pen Distance: 0.5716312978007939
Maximum Pen Distance: 0.8734650056117701
Average Dog Distance: 0.5134645103015136
Maximum Dog Distance: 0.8633520439481724
Average Sheep Distance: 0.39047756847027065
Maximum Sheep Distance: 0.5166898060926592
Elapsed Time: 5m 0s
********** 32 **********
Average Fitness: 0.148
Maximum Fitness: 0.3333333333333333
Average Pen Distance: 0.5622536265320837
Maximum Pen Distance: 0.8734650056117701
Average Dog Distance: 0.5140220518388805
Maximum Dog Distance: 0.8633520439481724
Average Sheep Distance: 0.384290428475746
Maximum Sheep Distance: 0.5166898060926592
Elapsed Time: 5m 4s
********** 33 **********
Average Fitness: 0.15
Maximum Fitness: 0.3333333333333333
Average Pen Distance: 0.5581207926265002
Maximum Pen Distance: 0.8734650056117701
Average Dog Distance: 0.5158050252595338
Maximum Dog Distance: 0.8633520439481724
Average Sheep Distance: 0.3837815766755723
Maximum Sheep Distance: 0.5195389398860941
Elapsed Time: 5m 2s
********** 34 **********
Average Fitness: 0.147
Maximum Fitness: 0.3333333333333333
Average Pen Distance: 0.5685795600302569
Maximum Pen Distance: 0.8734650056117701
Average Dog Distance: 0.5160373117391579
Maximum Dog Distance: 0.8633520439481724
Average Sheep Distance: 0.3858079741509057
Maximum Sheep Distance: 0.5195389398860941
Elapsed Time: 5m 5s
********** 35 **********
Average Fitness: 0.147
Maximum Fitness: 0.3333333333333333
Average Pen Distance: 0.5694493096539542
Maximum Pen Distance: 0.8734650056117701
Average Dog Distance: 0.5077115055398401
Maximum Dog Distance: 0.8633520439481724
Average Sheep Distance: 0.38813454605306547
Maximum Sheep Distance: 0.5281566992165438
Elapsed Time: 5m 4s
********** 36 **********
Average Fitness: 0.15099999999999997
Maximum Fitness: 0.3333333333333333
Average Pen Distance: 0.5628650322162865
Maximum Pen Distance: 0.8734650056117701
Average Dog Distance: 0.4979512206817284
Maximum Dog Distance: 0.8633520439481724
Average Sheep Distance: 0.3878826718188009
Maximum Sheep Distance: 0.5281566992165438
Elapsed Time: 4m 58s
********** 37 **********
Average Fitness: 0.14966666666666667
Maximum Fitness: 0.3333333333333333
Average Pen Distance: 0.567755418793287
Maximum Pen Distance: 0.8734650056117701
Average Dog Distance: 0.49355190538217586
Maximum Dog Distance: 0.8633520439481724
Average Sheep Distance: 0.39015819353152975
Maximum Sheep Distance: 0.5707989064550967
Elapsed Time: 5m 5s
********** 38 **********
Average Fitness: 0.14800000000000002
Maximum Fitness: 0.3333333333333333
Average Pen Distance: 0.5670798927774315
Maximum Pen Distance: 0.8734650056117701
Average Dog Distance: 0.49039735913582105
Maximum Dog Distance: 0.8633520439481724
Average Sheep Distance: 0.3889106759094146
Maximum Sheep Distance: 0.5707989064550967
Elapsed Time: 5m 7s
********** 39 **********
Average Fitness: 0.14866666666666664
Maximum Fitness: 0.3333333333333333
Average Pen Distance: 0.5659413859516065
Maximum Pen Distance: 0.85065396197004
Average Dog Distance: 0.4944473246047972
Maximum Dog Distance: 0.8633520439481724
Average Sheep Distance: 0.3886028307101952
Maximum Sheep Distance: 0.5707989064550967
Elapsed Time: 5m 4s
********** 40 **********
Average Fitness: 0.14933333333333335
Maximum Fitness: 0.3333333333333333
Average Pen Distance: 0.5717831009857826
Maximum Pen Distance: 0.85065396197004
Average Dog Distance: 0.49631240684951144
Maximum Dog Distance: 0.8633520439481724
Average Sheep Distance: 0.3881901277503399
Maximum Sheep Distance: 0.5707989064550967
Elapsed Time: 5m 5s
********** 41 **********
Average Fitness: 0.14733333333333334
Maximum Fitness: 0.3333333333333333
Average Pen Distance: 0.5778156657803969
Maximum Pen Distance: 0.85065396197004
Average Dog Distance: 0.5007916608834436
Maximum Dog Distance: 0.8633520439481724
Average Sheep Distance: 0.3912217262896311
Maximum Sheep Distance: 0.5707989064550967
Elapsed Time: 5m 1s
********** 42 **********
Average Fitness: 0.14766666666666667
Maximum Fitness: 0.3333333333333333
Average Pen Distance: 0.5782935266594965
Maximum Pen Distance: 0.85065396197004
Average Dog Distance: 0.4961675280321124
Maximum Dog Distance: 0.8633520439481724
Average Sheep Distance: 0.3912884989746481
Maximum Sheep Distance: 0.5707989064550967
Elapsed Time: 5m 3s
********** 43 **********
Average Fitness: 0.14866666666666667
Maximum Fitness: 0.3333333333333333
Average Pen Distance: 0.5800320765261373
Maximum Pen Distance: 0.85065396197004
Average Dog Distance: 0.4951330575645813
Maximum Dog Distance: 0.8633520439481724
Average Sheep Distance: 0.39154497025041546
Maximum Sheep Distance: 0.5707989064550967
Elapsed Time: 4m 59s
********** 44 **********
Average Fitness: 0.14933333333333332
Maximum Fitness: 0.3333333333333333
Average Pen Distance: 0.5697142319728585
Maximum Pen Distance: 0.85065396197004
Average Dog Distance: 0.5071032973987443
Maximum Dog Distance: 0.8634768986856837
Average Sheep Distance: 0.38629065025620046
Maximum Sheep Distance: 0.5707989064550967
Elapsed Time: 5m 3s
********** 45 **********
Average Fitness: 0.151
Maximum Fitness: 0.3333333333333333
Average Pen Distance: 0.5690300290748916
Maximum Pen Distance: 0.8604773900119197
Average Dog Distance: 0.5085768902046147
Maximum Dog Distance: 0.8634768986856837
Average Sheep Distance: 0.3872474816662328
Maximum Sheep Distance: 0.5707989064550967
Elapsed Time: 5m 1s
********** 46 **********
Average Fitness: 0.15199999999999997
Maximum Fitness: 0.3333333333333333
Average Pen Distance: 0.5768992291226172
Maximum Pen Distance: 0.8696550476866335
Average Dog Distance: 0.5033167938714541
Maximum Dog Distance: 0.8633520439481724
Average Sheep Distance: 0.3900759409986944
Maximum Sheep Distance: 0.5707989064550967
Elapsed Time: 5m 2s
********** 47 **********
Average Fitness: 0.15266666666666664
Maximum Fitness: 0.3333333333333333
Average Pen Distance: 0.5742770304335242
Maximum Pen Distance: 0.8696550476866335
Average Dog Distance: 0.5038740572731704
Maximum Dog Distance: 0.8633520439481724
Average Sheep Distance: 0.3886719135307086
Maximum Sheep Distance: 0.5707989064550967
Elapsed Time: 5m 9s
********** 48 **********
Average Fitness: 0.151
Maximum Fitness: 0.3333333333333333
Average Pen Distance: 0.5743139262042029
Maximum Pen Distance: 0.8696550476866335
Average Dog Distance: 0.5071597046733816
Maximum Dog Distance: 0.8633520439481724
Average Sheep Distance: 0.38758827502046267
Maximum Sheep Distance: 0.5707989064550967
Elapsed Time: 5m 5s
********** 49 **********
Average Fitness: 0.15333333333333332
Maximum Fitness: 0.3333333333333333
Average Pen Distance: 0.5647138109532667
Maximum Pen Distance: 0.8696550476866335
Average Dog Distance: 0.500202362231422
Maximum Dog Distance: 0.8633520439481724
Average Sheep Distance: 0.3863399070897469
Maximum Sheep Distance: 0.5707989064550967
Elapsed Time: 5m 3s
********** 50 **********
Average Fitness: 0.15633333333333332
Maximum Fitness: 0.3333333333333333
Average Pen Distance: 0.562923023344172
Maximum Pen Distance: 0.8696550476866335
Average Dog Distance: 0.4982339806101133
Maximum Dog Distance: 0.8633520439481724
Average Sheep Distance: 0.3879463906283424
Maximum Sheep Distance: 0.5707989064550967
Elapsed Time: 5m 11s
********** 51 **********
Average Fitness: 0.15433333333333332
Maximum Fitness: 0.3333333333333333
Average Pen Distance: 0.5574292223414707
Maximum Pen Distance: 0.8696550476866335
Average Dog Distance: 0.503258225063712
Maximum Dog Distance: 0.8660846979306099
Average Sheep Distance: 0.38787655093820517
Maximum Sheep Distance: 0.5707989064550967
Elapsed Time: 5m 7s
********** 52 **********
Average Fitness: 0.15299999999999997
Maximum Fitness: 0.3333333333333333
Average Pen Distance: 0.5680857777409539
Maximum Pen Distance: 0.8696550476866335
Average Dog Distance: 0.5034535172035143
Maximum Dog Distance: 0.8660846979306099
Average Sheep Distance: 0.38983816280333883
Maximum Sheep Distance: 0.5707989064550967
Elapsed Time: 5m 6s
********** 53 **********
Average Fitness: 0.15333333333333332
Maximum Fitness: 0.3333333333333333
Average Pen Distance: 0.5751939739979016
Maximum Pen Distance: 0.8696550476866335
Average Dog Distance: 0.49409729238701244
Maximum Dog Distance: 0.8633520439481724
Average Sheep Distance: 0.39394701465195014
Maximum Sheep Distance: 0.5707989064550967
Elapsed Time: 5m 9s
********** 54 **********
Average Fitness: 0.15466666666666665
Maximum Fitness: 0.3333333333333333
Average Pen Distance: 0.5650282466967432
Maximum Pen Distance: 0.8696550476866335
Average Dog Distance: 0.5022468755078461
Maximum Dog Distance: 0.8633520439481724
Average Sheep Distance: 0.3947984195692971
Maximum Sheep Distance: 0.5707989064550967
Elapsed Time: 5m 9s
********** 55 **********
Average Fitness: 0.152
Maximum Fitness: 0.3333333333333333
Average Pen Distance: 0.5691823808066729
Maximum Pen Distance: 0.8696550476866335
Average Dog Distance: 0.5018949067277816
Maximum Dog Distance: 0.8633520439481724
Average Sheep Distance: 0.39607986170736514
Maximum Sheep Distance: 0.5707989064550967
Elapsed Time: 4m 59s
********** 56 **********
Average Fitness: 0.14833333333333332
Maximum Fitness: 0.3333333333333333
Average Pen Distance: 0.5727518697288236
Maximum Pen Distance: 0.8696550476866335
Average Dog Distance: 0.49254908066954933
Maximum Dog Distance: 0.8633520439481724
Average Sheep Distance: 0.39799932895745854
Maximum Sheep Distance: 0.5707989064550967
Elapsed Time: 5m 3s
********** 57 **********
Average Fitness: 0.151
Maximum Fitness: 0.3333333333333333
Average Pen Distance: 0.566403707727602
Maximum Pen Distance: 0.8696550476866335
Average Dog Distance: 0.4950945924388195
Maximum Dog Distance: 0.8633520439481724
Average Sheep Distance: 0.3972543798954245
Maximum Sheep Distance: 0.5707989064550967
Elapsed Time: 5m 6s
********** 58 **********
Average Fitness: 0.14866666666666667
Maximum Fitness: 0.3333333333333333
Average Pen Distance: 0.5638554631160433
Maximum Pen Distance: 0.8696550476866335
Average Dog Distance: 0.49626670393806355
Maximum Dog Distance: 0.8633520439481724
Average Sheep Distance: 0.39591257633929566
Maximum Sheep Distance: 0.5707989064550967
Elapsed Time: 4m 59s
********** 59 **********
Average Fitness: 0.15133333333333335
Maximum Fitness: 0.3333333333333333
Average Pen Distance: 0.5590687918194014
Maximum Pen Distance: 0.8696550476866335
Average Dog Distance: 0.5042981046530342
Maximum Dog Distance: 0.8633520439481724
Average Sheep Distance: 0.3920848101818581
Maximum Sheep Distance: 0.5707989064550967
Elapsed Time: 5m 5s
********** 60 **********
Average Fitness: 0.14933333333333332
Maximum Fitness: 0.3333333333333333
Average Pen Distance: 0.5681494939118108
Maximum Pen Distance: 0.8696550476866335
Average Dog Distance: 0.4998189830958985
Maximum Dog Distance: 0.8633520439481724
Average Sheep Distance: 0.39365363250257834
Maximum Sheep Distance: 0.5707989064550967
Elapsed Time: 5m 4s
********** 61 **********
Average Fitness: 0.152
Maximum Fitness: 0.3333333333333333
Average Pen Distance: 0.5621122360022855
Maximum Pen Distance: 0.8696550476866335
Average Dog Distance: 0.4979720920329481
Maximum Dog Distance: 0.8633520439481724
Average Sheep Distance: 0.38984703234131096
Maximum Sheep Distance: 0.5707989064550967
Elapsed Time: 5m 0s
********** 62 **********
Average Fitness: 0.15266666666666664
Maximum Fitness: 0.3333333333333333
Average Pen Distance: 0.5597429119357576
Maximum Pen Distance: 0.8696550476866335
Average Dog Distance: 0.4941802013539023
Maximum Dog Distance: 0.8633520439481724
Average Sheep Distance: 0.39130555098566305
Maximum Sheep Distance: 0.5707989064550967
Elapsed Time: 5m 5s
********** 63 **********
Average Fitness: 0.15433333333333332
Maximum Fitness: 0.3333333333333333
Average Pen Distance: 0.5616415549469708
Maximum Pen Distance: 0.8696550476866335
Average Dog Distance: 0.4953314516696986
Maximum Dog Distance: 0.8633520439481724
Average Sheep Distance: 0.3922761307865306
Maximum Sheep Distance: 0.5707989064550967
Elapsed Time: 5m 5s
********** 64 **********
Average Fitness: 0.15633333333333332
Maximum Fitness: 0.3333333333333333
Average Pen Distance: 0.559144001750596
Maximum Pen Distance: 0.8696550476866335
Average Dog Distance: 0.49474672498674394
Maximum Dog Distance: 0.8633520439481724
Average Sheep Distance: 0.391374395754179
Maximum Sheep Distance: 0.5707989064550967
Elapsed Time: 5m 9s
********** 65 **********
Average Fitness: 0.15766666666666665
Maximum Fitness: 0.3333333333333333
Average Pen Distance: 0.5508486325722117
Maximum Pen Distance: 0.8696550476866335
Average Dog Distance: 0.49308570592164613
Maximum Dog Distance: 0.8633520439481724
Average Sheep Distance: 0.38761276380011983
Maximum Sheep Distance: 0.5707989064550967
Elapsed Time: 5m 6s
********** 66 **********
Average Fitness: 0.16066666666666665
Maximum Fitness: 0.3333333333333333
Average Pen Distance: 0.544842431117981
Maximum Pen Distance: 0.8696550476866335
Average Dog Distance: 0.4957916324769576
Maximum Dog Distance: 0.8633520439481724
Average Sheep Distance: 0.38790310467739375
Maximum Sheep Distance: 0.5707989064550967
Elapsed Time: 5m 7s
********** 67 **********
Average Fitness: 0.16033333333333336
Maximum Fitness: 0.3333333333333333
Average Pen Distance: 0.5487212427709138
Maximum Pen Distance: 0.8696550476866335
Average Dog Distance: 0.5014254537500623
Maximum Dog Distance: 0.8633520439481724
Average Sheep Distance: 0.3887279580607099
Maximum Sheep Distance: 0.5707989064550967
Elapsed Time: 5m 3s
********** 68 **********
Average Fitness: 0.16133333333333333
Maximum Fitness: 0.3333333333333333
Average Pen Distance: 0.5526962248801699
Maximum Pen Distance: 0.8696550476866335
Average Dog Distance: 0.49505560609718363
Maximum Dog Distance: 0.8633520439481724
Average Sheep Distance: 0.38996603549834047
Maximum Sheep Distance: 0.5707989064550967
Elapsed Time: 5m 10s
********** 69 **********
Average Fitness: 0.16200000000000003
Maximum Fitness: 0.3333333333333333
Average Pen Distance: 0.5526254802093366
Maximum Pen Distance: 0.8696550476866335
Average Dog Distance: 0.4999250574533008
Maximum Dog Distance: 0.8633520439481724
Average Sheep Distance: 0.39110294248989774
Maximum Sheep Distance: 0.5707989064550967
Elapsed Time: 4m 57s
********** 70 **********
Average Fitness: 0.16400000000000003
Maximum Fitness: 0.3333333333333333
Average Pen Distance: 0.5542688315028742
Maximum Pen Distance: 0.8696550476866335
Average Dog Distance: 0.5005113355332201
Maximum Dog Distance: 0.8633520439481724
Average Sheep Distance: 0.3881651939782561
Maximum Sheep Distance: 0.5707989064550967
Elapsed Time: 4m 57s
********** 71 **********
Average Fitness: 0.16300000000000003
Maximum Fitness: 0.3333333333333333
Average Pen Distance: 0.5544350777219137
Maximum Pen Distance: 0.8696550476866335
Average Dog Distance: 0.48881252872785763
Maximum Dog Distance: 0.8633520439481724
Average Sheep Distance: 0.3861476506560236
Maximum Sheep Distance: 0.5707989064550967
Elapsed Time: 5m 6s
********** 72 **********
Average Fitness: 0.16600000000000004
Maximum Fitness: 0.3333333333333333
Average Pen Distance: 0.5522584272614388
Maximum Pen Distance: 0.8696550476866335
Average Dog Distance: 0.49238661313414434
Maximum Dog Distance: 0.8728163456297718
Average Sheep Distance: 0.38380329638668637
Maximum Sheep Distance: 0.5707989064550967
Elapsed Time: 5m 5s
********** 73 **********
Average Fitness: 0.16966666666666672
Maximum Fitness: 0.3333333333333333
Average Pen Distance: 0.5471369908012919
Maximum Pen Distance: 0.8696550476866335
Average Dog Distance: 0.4928201164510812
Maximum Dog Distance: 0.8728163456297718
Average Sheep Distance: 0.3847390593085013
Maximum Sheep Distance: 0.5707989064550967
Elapsed Time: 5m 0s
********** 74 **********
Average Fitness: 0.16933333333333334
Maximum Fitness: 0.3333333333333333
Average Pen Distance: 0.5470264343270709
Maximum Pen Distance: 0.8696550476866335
Average Dog Distance: 0.4944868186422136
Maximum Dog Distance: 0.8728163456297718
Average Sheep Distance: 0.38517528721209443
Maximum Sheep Distance: 0.5707989064550967
Elapsed Time: 5m 5s
********** 75 **********
Average Fitness: 0.16833333333333333
Maximum Fitness: 0.3333333333333333
Average Pen Distance: 0.5491297886996257
Maximum Pen Distance: 0.8696550476866335
Average Dog Distance: 0.4974726450826909
Maximum Dog Distance: 0.8728163456297718
Average Sheep Distance: 0.38446232945907693
Maximum Sheep Distance: 0.5707989064550967
Elapsed Time: 5m 7s
********** 76 **********
Average Fitness: 0.168
Maximum Fitness: 0.3333333333333333
Average Pen Distance: 0.5472679952600877
Maximum Pen Distance: 0.8696550476866335
Average Dog Distance: 0.4956534080829772
Maximum Dog Distance: 0.8728163456297718
Average Sheep Distance: 0.38293699216415505
Maximum Sheep Distance: 0.5707989064550967
Elapsed Time: 5m 5s
********** 77 **********
Average Fitness: 0.16933333333333334
Maximum Fitness: 0.3333333333333333
Average Pen Distance: 0.547681558725756
Maximum Pen Distance: 0.8696550476866335
Average Dog Distance: 0.49739961192313326
Maximum Dog Distance: 0.8728163456297718
Average Sheep Distance: 0.384096241625452
Maximum Sheep Distance: 0.5707989064550967
Elapsed Time: 5m 10s
********** 78 **********
Average Fitness: 0.16899999999999996
Maximum Fitness: 0.3333333333333333
Average Pen Distance: 0.5441933532493624
Maximum Pen Distance: 0.8696550476866335
Average Dog Distance: 0.4910368039031475
Maximum Dog Distance: 0.8728163456297718
Average Sheep Distance: 0.3823834553679898
Maximum Sheep Distance: 0.5707989064550967
Elapsed Time: 5m 14s
********** 79 **********
Average Fitness: 0.16533333333333336
Maximum Fitness: 0.3333333333333333
Average Pen Distance: 0.5580601993187544
Maximum Pen Distance: 0.8696550476866335
Average Dog Distance: 0.4845164794112196
Maximum Dog Distance: 0.8728163456297718
Average Sheep Distance: 0.38580456582519673
Maximum Sheep Distance: 0.5707989064550967
Elapsed Time: 4m 59s
********** 80 **********
Average Fitness: 0.16266666666666665
Maximum Fitness: 0.3333333333333333
Average Pen Distance: 0.5565462241146577
Maximum Pen Distance: 0.8696550476866335
Average Dog Distance: 0.4850723920718659
Maximum Dog Distance: 0.8728163456297718
Average Sheep Distance: 0.3823083175099221
Maximum Sheep Distance: 0.5707989064550967
Elapsed Time: 5m 17s
********** 81 **********
Average Fitness: 0.16266666666666665
Maximum Fitness: 0.3333333333333333
Average Pen Distance: 0.5508115192084793
Maximum Pen Distance: 0.8696550476866335
Average Dog Distance: 0.4858024864353832
Maximum Dog Distance: 0.8728163456297718
Average Sheep Distance: 0.3805098661959171
Maximum Sheep Distance: 0.5707989064550967
Elapsed Time: 5m 8s
********** 82 **********
Average Fitness: 0.16433333333333333
Maximum Fitness: 0.3333333333333333
Average Pen Distance: 0.5483920490641357
Maximum Pen Distance: 0.8696550476866335
Average Dog Distance: 0.49111456254948216
Maximum Dog Distance: 0.8728163456297718
Average Sheep Distance: 0.37934346071390723
Maximum Sheep Distance: 0.5707989064550967
Elapsed Time: 5m 4s
********** 83 **********
Average Fitness: 0.16499999999999995
Maximum Fitness: 0.3333333333333333
Average Pen Distance: 0.5543758413856432
Maximum Pen Distance: 0.8696550476866335
Average Dog Distance: 0.481422978946117
Maximum Dog Distance: 0.8728163456297718
Average Sheep Distance: 0.3791778315760672
Maximum Sheep Distance: 0.5707989064550967
Elapsed Time: 5m 8s
********** 84 **********
Average Fitness: 0.16699999999999998
Maximum Fitness: 0.3333333333333333
Average Pen Distance: 0.5587150937869796
Maximum Pen Distance: 0.8696550476866335
Average Dog Distance: 0.4857600576417318
Maximum Dog Distance: 0.8728163456297718
Average Sheep Distance: 0.3813730662840976
Maximum Sheep Distance: 0.5707989064550967
Elapsed Time: 5m 2s
********** 85 **********
Average Fitness: 0.1670000000000001
Maximum Fitness: 0.3333333333333333
Average Pen Distance: 0.5626660263626948
Maximum Pen Distance: 0.8696550476866335
Average Dog Distance: 0.48498778670235937
Maximum Dog Distance: 0.8728163456297718
Average Sheep Distance: 0.3807306484744489
Maximum Sheep Distance: 0.5707989064550967
Elapsed Time: 5m 5s
********** 86 **********
Average Fitness: 0.16266666666666674
Maximum Fitness: 0.3333333333333333
Average Pen Distance: 0.5699960224145803
Maximum Pen Distance: 0.8696550476866335
Average Dog Distance: 0.48461371877520704
Maximum Dog Distance: 0.8728163456297718
Average Sheep Distance: 0.3827344960615943
Maximum Sheep Distance: 0.5707989064550967
Elapsed Time: 5m 8s
********** 87 **********
Average Fitness: 0.16500000000000004
Maximum Fitness: 0.3333333333333333
Average Pen Distance: 0.5659027336301212
Maximum Pen Distance: 0.8696550476866335
Average Dog Distance: 0.4876927230555376
Maximum Dog Distance: 0.8728163456297718
Average Sheep Distance: 0.3825735631440834
Maximum Sheep Distance: 0.5707989064550967
Elapsed Time: 5m 5s
********** 88 **********
Average Fitness: 0.1653333333333334
Maximum Fitness: 0.3333333333333333
Average Pen Distance: 0.5656504342970785
Maximum Pen Distance: 0.8696550476866335
Average Dog Distance: 0.48096484404499007
Maximum Dog Distance: 0.8728163456297718
Average Sheep Distance: 0.38409015449356654
Maximum Sheep Distance: 0.5778600328858886
Elapsed Time: 5m 6s
********** 89 **********
Average Fitness: 0.16800000000000004
Maximum Fitness: 0.3333333333333333
Average Pen Distance: 0.5681880722368123
Maximum Pen Distance: 0.8696550476866335
Average Dog Distance: 0.4840448438531027
Maximum Dog Distance: 0.8728163456297718
Average Sheep Distance: 0.3844448833774558
Maximum Sheep Distance: 0.5778600328858886
Elapsed Time: 5m 1s
********** 90 **********
Average Fitness: 0.16866666666666666
Maximum Fitness: 0.3333333333333333
Average Pen Distance: 0.5671687240476468
Maximum Pen Distance: 0.8696550476866335
Average Dog Distance: 0.48271909211475184
Maximum Dog Distance: 0.8728163456297718
Average Sheep Distance: 0.3854579704102523
Maximum Sheep Distance: 0.5778600328858886
Elapsed Time: 5m 0s
********** 91 **********
Average Fitness: 0.1693333333333333
Maximum Fitness: 0.3333333333333333
Average Pen Distance: 0.565707366174814
Maximum Pen Distance: 0.8696550476866335
Average Dog Distance: 0.48006104774867076
Maximum Dog Distance: 0.8728163456297718
Average Sheep Distance: 0.3874751593692035
Maximum Sheep Distance: 0.5778600328858886
Elapsed Time: 4m 59s
********** 92 **********
Average Fitness: 0.16866666666666666
Maximum Fitness: 0.3333333333333333
Average Pen Distance: 0.5627098632691124
Maximum Pen Distance: 0.8696550476866335
Average Dog Distance: 0.48253777406095966
Maximum Dog Distance: 0.8728163456297718
Average Sheep Distance: 0.3870296963939646
Maximum Sheep Distance: 0.5778600328858886
Elapsed Time: 5m 3s
********** 93 **********
Average Fitness: 0.1673333333333334
Maximum Fitness: 0.3333333333333333
Average Pen Distance: 0.5671191474849308
Maximum Pen Distance: 0.8696550476866335
Average Dog Distance: 0.4723130385199748
Maximum Dog Distance: 0.8728163456297718
Average Sheep Distance: 0.3865648873871793
Maximum Sheep Distance: 0.5778600328858886
Elapsed Time: 5m 5s
********** 94 **********
Average Fitness: 0.16633333333333336
Maximum Fitness: 0.3333333333333333
Average Pen Distance: 0.5643613365904115
Maximum Pen Distance: 0.8696550476866335
Average Dog Distance: 0.4785175621548157
Maximum Dog Distance: 0.8728163456297718
Average Sheep Distance: 0.3850479078547002
Maximum Sheep Distance: 0.5778600328858886
Elapsed Time: 5m 7s
********** 95 **********
Average Fitness: 0.16800000000000004
Maximum Fitness: 0.3333333333333333
Average Pen Distance: 0.5610651870372105
Maximum Pen Distance: 0.8696550476866335
Average Dog Distance: 0.47476743607085786
Maximum Dog Distance: 0.8728163456297718
Average Sheep Distance: 0.38541641067397336
Maximum Sheep Distance: 0.5778600328858886
Elapsed Time: 5m 5s
********** 96 **********
Average Fitness: 0.169
Maximum Fitness: 0.3333333333333333
Average Pen Distance: 0.5589454083551231
Maximum Pen Distance: 0.8696550476866335
Average Dog Distance: 0.476628645248297
Maximum Dog Distance: 0.8728163456297718
Average Sheep Distance: 0.38458956730172345
Maximum Sheep Distance: 0.5778600328858886
Elapsed Time: 5m 2s
********** 97 **********
Average Fitness: 0.16800000000000004
Maximum Fitness: 0.3333333333333333
Average Pen Distance: 0.5539324564986668
Maximum Pen Distance: 0.8696550476866335
Average Dog Distance: 0.47649373333088535
Maximum Dog Distance: 0.8728163456297718
Average Sheep Distance: 0.3861339793526243
Maximum Sheep Distance: 0.5778600328858886
Elapsed Time: 5m 6s
********** 98 **********
Average Fitness: 0.16533333333333336
Maximum Fitness: 0.3333333333333333
Average Pen Distance: 0.557294300600092
Maximum Pen Distance: 0.8696550476866335
Average Dog Distance: 0.48430095355484987
Maximum Dog Distance: 0.8728163456297718
Average Sheep Distance: 0.38986345003844247
Maximum Sheep Distance: 0.5778600328858886
Elapsed Time: 5m 2s
********** 99 **********
Average Fitness: 0.16533333333333336
Maximum Fitness: 0.3333333333333333
Average Pen Distance: 0.5534567919082545
Maximum Pen Distance: 0.8696550476866335
Average Dog Distance: 0.48478021840342256
Maximum Dog Distance: 0.8728163456297718
Average Sheep Distance: 0.3875797511975128
Maximum Sheep Distance: 0.5778600328858886
Elapsed Time: 5m 10s
********** 100 **********
Average Fitness: 0.16366666666666668
Maximum Fitness: 0.3333333333333333
Average Pen Distance: 0.5642025827025829
Maximum Pen Distance: 0.8696550476866335
Average Dog Distance: 0.4924996284264319
Maximum Dog Distance: 0.8728163456297718
Average Sheep Distance: 0.39260419825039583
Maximum Sheep Distance: 0.5778600328858886
Elapsed Time: 5m 6s
********** 1 **********
Average Fitness: 0.060666666666666653
Maximum Fitness: 0.20000000000000004
Average Pen Distance: 0.5120622475263249
Maximum Pen Distance: 0.772428314625595
Average Dog Distance: 0.5827970193438778
Maximum Dog Distance: 0.7949080457262365
Average Sheep Distance: 0.36014460830646816
Maximum Sheep Distance: 0.48558530511831455
Elapsed Time: 10m 7s
********** 2 **********
Average Fitness: 0.07433333333333332
Maximum Fitness: 0.20000000000000004
Average Pen Distance: 0.512688633866617
Maximum Pen Distance: 0.772428314625595
Average Dog Distance: 0.5727664333996774
Maximum Dog Distance: 0.7949080457262365
Average Sheep Distance: 0.3634738138693194
Maximum Sheep Distance: 0.48558530511831455
Elapsed Time: 4m 55s
********** 3 **********
Average Fitness: 0.08933333333333332
Maximum Fitness: 0.2333333333333333
Average Pen Distance: 0.5065949881774329
Maximum Pen Distance: 0.772428314625595
Average Dog Distance: 0.5733810704483542
Maximum Dog Distance: 0.7949080457262365
Average Sheep Distance: 0.36189848819841514
Maximum Sheep Distance: 0.48558530511831455
Elapsed Time: 5m 4s
********** 4 **********
Average Fitness: 0.09566666666666665
Maximum Fitness: 0.26666666666666666
Average Pen Distance: 0.5067767962149149
Maximum Pen Distance: 0.7770808397678765
Average Dog Distance: 0.5666024071694215
Maximum Dog Distance: 0.8092336229177056
Average Sheep Distance: 0.3626064068030636
Maximum Sheep Distance: 0.49431031545782833
Elapsed Time: 5m 11s
********** 5 **********
Average Fitness: 0.09866666666666665
Maximum Fitness: 0.26666666666666666
Average Pen Distance: 0.5040229872596134
Maximum Pen Distance: 0.8138447308829394
Average Dog Distance: 0.5554569029839547
Maximum Dog Distance: 0.8092336229177056
Average Sheep Distance: 0.3699245308268915
Maximum Sheep Distance: 0.4997506787003629
Elapsed Time: 5m 5s
********** 6 **********
Average Fitness: 0.11066666666666666
Maximum Fitness: 0.26666666666666666
Average Pen Distance: 0.5051560982057137
Maximum Pen Distance: 0.8138447308829394
Average Dog Distance: 0.5526818592566695
Maximum Dog Distance: 0.8092336229177056
Average Sheep Distance: 0.3678701884513449
Maximum Sheep Distance: 0.4997506787003629
Elapsed Time: 4m 58s
********** 7 **********
Average Fitness: 0.109
Maximum Fitness: 0.26666666666666666
Average Pen Distance: 0.5235369808140338
Maximum Pen Distance: 0.8138447308829394
Average Dog Distance: 0.5535689081660613
Maximum Dog Distance: 0.8092336229177056
Average Sheep Distance: 0.3723981108787752
Maximum Sheep Distance: 0.4997506787003629
Elapsed Time: 4m 58s
********** 8 **********
Average Fitness: 0.10766666666666666
Maximum Fitness: 0.26666666666666666
Average Pen Distance: 0.5403464284297691
Maximum Pen Distance: 0.8368728401353112
Average Dog Distance: 0.5445795191245271
Maximum Dog Distance: 0.7915758881816372
Average Sheep Distance: 0.37443388486794554
Maximum Sheep Distance: 0.4997506787003629
Elapsed Time: 5m 4s
********** 9 **********
Average Fitness: 0.10933333333333334
Maximum Fitness: 0.3333333333333333
Average Pen Distance: 0.5484086930685262
Maximum Pen Distance: 0.8368728401353112
Average Dog Distance: 0.5403429814586999
Maximum Dog Distance: 0.7915758881816372
Average Sheep Distance: 0.37532465265977033
Maximum Sheep Distance: 0.4997506787003629
Elapsed Time: 5m 2s
********** 10 **********
Average Fitness: 0.10866666666666665
Maximum Fitness: 0.3333333333333333
Average Pen Distance: 0.5552192509829366
Maximum Pen Distance: 0.8368728401353112
Average Dog Distance: 0.541636892945895
Maximum Dog Distance: 0.7915758881816372
Average Sheep Distance: 0.37804942619113646
Maximum Sheep Distance: 0.4997506787003629
Elapsed Time: 5m 7s
********** 11 **********
Average Fitness: 0.10999999999999999
Maximum Fitness: 0.3333333333333333
Average Pen Distance: 0.549734589873341
Maximum Pen Distance: 0.8368728401353112
Average Dog Distance: 0.5410619962295846
Maximum Dog Distance: 0.7915758881816372
Average Sheep Distance: 0.37805856167521285
Maximum Sheep Distance: 0.5000031880998366
Elapsed Time: 5m 8s
********** 12 **********
Average Fitness: 0.11433333333333331
Maximum Fitness: 0.3333333333333333
Average Pen Distance: 0.5508700359089403
Maximum Pen Distance: 0.8311461850156859
Average Dog Distance: 0.5397828840920437
Maximum Dog Distance: 0.7915758881816372
Average Sheep Distance: 0.37817619007967496
Maximum Sheep Distance: 0.4997506787003629
Elapsed Time: 4m 58s
********** 13 **********
Average Fitness: 0.11599999999999999
Maximum Fitness: 0.3333333333333333
Average Pen Distance: 0.5353976257017146
Maximum Pen Distance: 0.8311461850156859
Average Dog Distance: 0.5360955550539748
Maximum Dog Distance: 0.7915758881816372
Average Sheep Distance: 0.37696564491208606
Maximum Sheep Distance: 0.4997506787003629
Elapsed Time: 4m 59s
********** 14 **********
Average Fitness: 0.12533333333333332
Maximum Fitness: 0.3333333333333333
Average Pen Distance: 0.5254534824291391
Maximum Pen Distance: 0.8311461850156859
Average Dog Distance: 0.5252890248304477
Maximum Dog Distance: 0.7915758881816372
Average Sheep Distance: 0.3764552097920674
Maximum Sheep Distance: 0.5023004259492337
Elapsed Time: 5m 7s
********** 15 **********
Average Fitness: 0.126
Maximum Fitness: 0.3333333333333333
Average Pen Distance: 0.525587969067706
Maximum Pen Distance: 0.8311461850156859
Average Dog Distance: 0.5212134874513442
Maximum Dog Distance: 0.7915758881816372
Average Sheep Distance: 0.3789501212163937
Maximum Sheep Distance: 0.5023004259492337
Elapsed Time: 5m 4s
********** 16 **********
Average Fitness: 0.12533333333333332
Maximum Fitness: 0.3333333333333333
Average Pen Distance: 0.5355952577310594
Maximum Pen Distance: 0.8311461850156859
Average Dog Distance: 0.5348091870042763
Maximum Dog Distance: 0.8189787728938581
Average Sheep Distance: 0.38068800444696854
Maximum Sheep Distance: 0.5023004259492337
Elapsed Time: 5m 6s
********** 17 **********
Average Fitness: 0.13066666666666665
Maximum Fitness: 0.3333333333333333
Average Pen Distance: 0.5273780620744705
Maximum Pen Distance: 0.8311461850156859
Average Dog Distance: 0.5376208377447905
Maximum Dog Distance: 0.8189787728938581
Average Sheep Distance: 0.38045447071664085
Maximum Sheep Distance: 0.5023004259492337
Elapsed Time: 5m 10s
********** 18 **********
Average Fitness: 0.125
Maximum Fitness: 0.3333333333333333
Average Pen Distance: 0.528349956951156
Maximum Pen Distance: 0.8311461850156859
Average Dog Distance: 0.5353022985297113
Maximum Dog Distance: 0.8189787728938581
Average Sheep Distance: 0.3808376269529148
Maximum Sheep Distance: 0.5023004259492337
Elapsed Time: 4m 57s
********** 19 **********
Average Fitness: 0.12566666666666668
Maximum Fitness: 0.3333333333333333
Average Pen Distance: 0.5245062886450993
Maximum Pen Distance: 0.8311461850156859
Average Dog Distance: 0.5347384412305011
Maximum Dog Distance: 0.8189787728938581
Average Sheep Distance: 0.3814033512422925
Maximum Sheep Distance: 0.5023004259492337
Elapsed Time: 5m 3s
********** 20 **********
Average Fitness: 0.12966666666666668
Maximum Fitness: 0.3333333333333333
Average Pen Distance: 0.5369499399142988
Maximum Pen Distance: 0.8311461850156859
Average Dog Distance: 0.5348067490427755
Maximum Dog Distance: 0.8189787728938581
Average Sheep Distance: 0.38159421940289684
Maximum Sheep Distance: 0.5023004259492337
Elapsed Time: 4m 55s
********** 21 **********
Average Fitness: 0.1363333333333333
Maximum Fitness: 0.3333333333333333
Average Pen Distance: 0.5288788955819818
Maximum Pen Distance: 0.8311461850156859
Average Dog Distance: 0.5397844551802184
Maximum Dog Distance: 0.8189787728938581
Average Sheep Distance: 0.3786314302683354
Maximum Sheep Distance: 0.5023004259492337
Elapsed Time: 5m 3s
********** 22 **********
Average Fitness: 0.133
Maximum Fitness: 0.3333333333333333
Average Pen Distance: 0.5228307176826915
Maximum Pen Distance: 0.8311461850156859
Average Dog Distance: 0.5418173823574249
Maximum Dog Distance: 0.8189787728938581
Average Sheep Distance: 0.3786920178019249
Maximum Sheep Distance: 0.5023004259492337
Elapsed Time: 5m 19s
********** 23 **********
Average Fitness: 0.134
Maximum Fitness: 0.3333333333333333
Average Pen Distance: 0.5252696120017066
Maximum Pen Distance: 0.8311461850156859
Average Dog Distance: 0.5300869639352228
Maximum Dog Distance: 0.8189787728938581
Average Sheep Distance: 0.3813585511475172
Maximum Sheep Distance: 0.5023004259492337
Elapsed Time: 5m 0s
********** 24 **********
Average Fitness: 0.132
Maximum Fitness: 0.3333333333333333
Average Pen Distance: 0.5367840306618797
Maximum Pen Distance: 0.8577555627492343
Average Dog Distance: 0.5316756166277289
Maximum Dog Distance: 0.8189787728938581
Average Sheep Distance: 0.3832172958558448
Maximum Sheep Distance: 0.5023004259492337
Elapsed Time: 5m 0s
********** 25 **********
Average Fitness: 0.136
Maximum Fitness: 0.3333333333333333
Average Pen Distance: 0.5271182759418199
Maximum Pen Distance: 0.8577555627492343
Average Dog Distance: 0.5363935150301519
Maximum Dog Distance: 0.8558138341583593
Average Sheep Distance: 0.38354341672306647
Maximum Sheep Distance: 0.5023004259492337
Elapsed Time: 5m 3s
********** 26 **********
Average Fitness: 0.14133333333333334
Maximum Fitness: 0.3333333333333333
Average Pen Distance: 0.528699435127642
Maximum Pen Distance: 0.8577555627492343
Average Dog Distance: 0.5394103375760178
Maximum Dog Distance: 0.8558138341583593
Average Sheep Distance: 0.3827494578852894
Maximum Sheep Distance: 0.5023004259492337
Elapsed Time: 5m 4s
********** 27 **********
Average Fitness: 0.145
Maximum Fitness: 0.3333333333333333
Average Pen Distance: 0.5287868897328653
Maximum Pen Distance: 0.8577555627492343
Average Dog Distance: 0.5322171447172793
Maximum Dog Distance: 0.8189787728938581
Average Sheep Distance: 0.38139332015026006
Maximum Sheep Distance: 0.5023004259492337
Elapsed Time: 5m 10s
********** 28 **********
Average Fitness: 0.14266666666666664
Maximum Fitness: 0.3333333333333333
Average Pen Distance: 0.5290741562964897
Maximum Pen Distance: 0.8577555627492343
Average Dog Distance: 0.5286541298031863
Maximum Dog Distance: 0.8189787728938581
Average Sheep Distance: 0.38090438035114504
Maximum Sheep Distance: 0.5023004259492337
Elapsed Time: 5m 9s
********** 29 **********
Average Fitness: 0.14400000000000002
Maximum Fitness: 0.3333333333333333
Average Pen Distance: 0.5320273013007593
Maximum Pen Distance: 0.8577555627492343
Average Dog Distance: 0.5291343585540264
Maximum Dog Distance: 0.8189787728938581
Average Sheep Distance: 0.38207115278781034
Maximum Sheep Distance: 0.5023004259492337
Elapsed Time: 5m 3s
********** 30 **********
Average Fitness: 0.14733333333333334
Maximum Fitness: 0.3333333333333333
Average Pen Distance: 0.5230089808403746
Maximum Pen Distance: 0.8577555627492343
Average Dog Distance: 0.5265670234064116
Maximum Dog Distance: 0.8189787728938581
Average Sheep Distance: 0.3815188745208149
Maximum Sheep Distance: 0.5023004259492337
Elapsed Time: 5m 3s
********** 31 **********
Average Fitness: 0.14866666666666667
Maximum Fitness: 0.3333333333333333
Average Pen Distance: 0.527590247728702
Maximum Pen Distance: 0.8577555627492343
Average Dog Distance: 0.534268517904712
Maximum Dog Distance: 0.8189787728938581
Average Sheep Distance: 0.38577032923713944
Maximum Sheep Distance: 0.5023004259492337
Elapsed Time: 5m 0s
********** 32 **********
Average Fitness: 0.14800000000000002
Maximum Fitness: 0.3333333333333333
Average Pen Distance: 0.5231152280203263
Maximum Pen Distance: 0.8577555627492343
Average Dog Distance: 0.5278780347041887
Maximum Dog Distance: 0.8189787728938581
Average Sheep Distance: 0.38617034385740034
Maximum Sheep Distance: 0.5023004259492337
Elapsed Time: 5m 0s
********** 33 **********
Average Fitness: 0.14866666666666667
Maximum Fitness: 0.3333333333333333
Average Pen Distance: 0.5276405141848275
Maximum Pen Distance: 0.8577555627492343
Average Dog Distance: 0.5235791627829964
Maximum Dog Distance: 0.8189787728938581
Average Sheep Distance: 0.38744895423414333
Maximum Sheep Distance: 0.5023004259492337
Elapsed Time: 4m 58s
********** 34 **********
Average Fitness: 0.14933333333333335
Maximum Fitness: 0.3333333333333333
Average Pen Distance: 0.5138366987195976
Maximum Pen Distance: 0.8577555627492343
Average Dog Distance: 0.5135256963171082
Maximum Dog Distance: 0.8189787728938581
Average Sheep Distance: 0.3826500584187974
Maximum Sheep Distance: 0.5023004259492337
Elapsed Time: 5m 2s
********** 35 **********
Average Fitness: 0.151
Maximum Fitness: 0.3333333333333333
Average Pen Distance: 0.5201391409929866
Maximum Pen Distance: 0.8577555627492343
Average Dog Distance: 0.5161771792818438
Maximum Dog Distance: 0.8189787728938581
Average Sheep Distance: 0.3810406820714741
Maximum Sheep Distance: 0.5023004259492337
Elapsed Time: 5m 1s
********** 36 **********
Average Fitness: 0.14833333333333334
Maximum Fitness: 0.3333333333333333
Average Pen Distance: 0.5232062306858976
Maximum Pen Distance: 0.8577555627492343
Average Dog Distance: 0.5193080395780225
Maximum Dog Distance: 0.8189787728938581
Average Sheep Distance: 0.38247725228236623
Maximum Sheep Distance: 0.5023004259492337
Elapsed Time: 5m 1s
********** 37 **********
Average Fitness: 0.15100000000000002
Maximum Fitness: 0.3333333333333333
Average Pen Distance: 0.5197991563694074
Maximum Pen Distance: 0.8649298206250048
Average Dog Distance: 0.522662396924941
Maximum Dog Distance: 0.8189787728938581
Average Sheep Distance: 0.38643748441731984
Maximum Sheep Distance: 0.5023004259492337
Elapsed Time: 5m 2s
********** 38 **********
Average Fitness: 0.153
Maximum Fitness: 0.3333333333333333
Average Pen Distance: 0.5157127223773299
Maximum Pen Distance: 0.8649298206250048
Average Dog Distance: 0.5184249479798236
Maximum Dog Distance: 0.8189787728938581
Average Sheep Distance: 0.3843747898197993
Maximum Sheep Distance: 0.5023004259492337
Elapsed Time: 4m 56s
********** 39 **********
Average Fitness: 0.155
Maximum Fitness: 0.3333333333333333
Average Pen Distance: 0.5110531369144833
Maximum Pen Distance: 0.8649298206250048
Average Dog Distance: 0.5178523480778088
Maximum Dog Distance: 0.8189787728938581
Average Sheep Distance: 0.38263972018904646
Maximum Sheep Distance: 0.5023004259492337
Elapsed Time: 5m 2s
********** 40 **********
Average Fitness: 0.154
Maximum Fitness: 0.3333333333333333
Average Pen Distance: 0.5079791884681225
Maximum Pen Distance: 0.8649298206250048
Average Dog Distance: 0.5095867809060168
Maximum Dog Distance: 0.8189787728938581
Average Sheep Distance: 0.38200687875887795
Maximum Sheep Distance: 0.5023004259492337
Elapsed Time: 5m 8s
********** 41 **********
Average Fitness: 0.15766666666666665
Maximum Fitness: 0.3333333333333333
Average Pen Distance: 0.5099200769590434
Maximum Pen Distance: 0.8649298206250048
Average Dog Distance: 0.510793943441066
Maximum Dog Distance: 0.8189787728938581
Average Sheep Distance: 0.38039295254918104
Maximum Sheep Distance: 0.5023004259492337
Elapsed Time: 5m 4s
********** 42 **********
Average Fitness: 0.16166666666666668
Maximum Fitness: 0.3333333333333333
Average Pen Distance: 0.5100874180699909
Maximum Pen Distance: 0.8649298206250048
Average Dog Distance: 0.511912515711829
Maximum Dog Distance: 0.8189787728938581
Average Sheep Distance: 0.3810128254156014
Maximum Sheep Distance: 0.5023004259492337
Elapsed Time: 5m 4s
********** 43 **********
Average Fitness: 0.16266666666666668
Maximum Fitness: 0.3333333333333333
Average Pen Distance: 0.5113842840261584
Maximum Pen Distance: 0.8649298206250048
Average Dog Distance: 0.5117278444626128
Maximum Dog Distance: 0.8189787728938581
Average Sheep Distance: 0.3821125391830739
Maximum Sheep Distance: 0.5023004259492337
Elapsed Time: 5m 1s
********** 44 **********
Average Fitness: 0.166
Maximum Fitness: 0.3333333333333333
Average Pen Distance: 0.5087100102984337
Maximum Pen Distance: 0.8649298206250048
Average Dog Distance: 0.5111397953105876
Maximum Dog Distance: 0.8189787728938581
Average Sheep Distance: 0.3814239089894944
Maximum Sheep Distance: 0.5023004259492337
Elapsed Time: 5m 0s
********** 45 **********
Average Fitness: 0.1666666666666667
Maximum Fitness: 0.3333333333333333
Average Pen Distance: 0.517495838351886
Maximum Pen Distance: 0.8649298206250048
Average Dog Distance: 0.5128428256062538
Maximum Dog Distance: 0.8237762110074147
Average Sheep Distance: 0.38138480770194144
Maximum Sheep Distance: 0.5571433574556255
Elapsed Time: 5m 4s
********** 46 **********
Average Fitness: 0.16166666666666665
Maximum Fitness: 0.3333333333333333
Average Pen Distance: 0.5179842231254503
Maximum Pen Distance: 0.8649298206250048
Average Dog Distance: 0.5142253631358531
Maximum Dog Distance: 0.8189787728938581
Average Sheep Distance: 0.3789989004339229
Maximum Sheep Distance: 0.5571433574556255
Elapsed Time: 5m 0s
********** 47 **********
Average Fitness: 0.16200000000000003
Maximum Fitness: 0.3333333333333333
Average Pen Distance: 0.5199554855542463
Maximum Pen Distance: 0.8649298206250048
Average Dog Distance: 0.5153433979388055
Maximum Dog Distance: 0.8189787728938581
Average Sheep Distance: 0.381268673541821
Maximum Sheep Distance: 0.5571433574556255
Elapsed Time: 5m 12s
********** 48 **********
Average Fitness: 0.1636666666666667
Maximum Fitness: 0.3333333333333333
Average Pen Distance: 0.5213075023483882
Maximum Pen Distance: 0.8649298206250048
Average Dog Distance: 0.5149664332004892
Maximum Dog Distance: 0.8189787728938581
Average Sheep Distance: 0.38050622475219625
Maximum Sheep Distance: 0.5571433574556255
Elapsed Time: 5m 3s
********** 49 **********
Average Fitness: 0.163
Maximum Fitness: 0.3333333333333333
Average Pen Distance: 0.5258495714249803
Maximum Pen Distance: 0.8649298206250048
Average Dog Distance: 0.5194570899445844
Maximum Dog Distance: 0.8189787728938581
Average Sheep Distance: 0.3814465993512183
Maximum Sheep Distance: 0.5571433574556255
Elapsed Time: 5m 0s
********** 50 **********
Average Fitness: 0.16933333333333334
Maximum Fitness: 0.3333333333333333
Average Pen Distance: 0.5121954868171418
Maximum Pen Distance: 0.8649298206250048
Average Dog Distance: 0.5310236741912752
Maximum Dog Distance: 0.8189787728938581
Average Sheep Distance: 0.3778526221992998
Maximum Sheep Distance: 0.5571433574556255
Elapsed Time: 4m 59s
********** 51 **********
Average Fitness: 0.1703333333333333
Maximum Fitness: 0.3333333333333333
Average Pen Distance: 0.5150216101594388
Maximum Pen Distance: 0.8649298206250048
Average Dog Distance: 0.525150905301293
Maximum Dog Distance: 0.8189787728938581
Average Sheep Distance: 0.37869831504476464
Maximum Sheep Distance: 0.5571433574556255
Elapsed Time: 5m 3s
********** 52 **********
Average Fitness: 0.171
Maximum Fitness: 0.3333333333333333
Average Pen Distance: 0.5124756105182977
Maximum Pen Distance: 0.8649298206250048
Average Dog Distance: 0.5268868147479843
Maximum Dog Distance: 0.8189787728938581
Average Sheep Distance: 0.37746126999712737
Maximum Sheep Distance: 0.5571433574556255
Elapsed Time: 5m 6s
********** 53 **********
Average Fitness: 0.17600000000000005
Maximum Fitness: 0.3333333333333333
Average Pen Distance: 0.5105739763563218
Maximum Pen Distance: 0.8649298206250048
Average Dog Distance: 0.5282745136927524
Maximum Dog Distance: 0.8189787728938581
Average Sheep Distance: 0.3776554821186394
Maximum Sheep Distance: 0.5571433574556255
Elapsed Time: 5m 10s
********** 54 **********
Average Fitness: 0.17366666666666672
Maximum Fitness: 0.3333333333333333
Average Pen Distance: 0.5112848177991863
Maximum Pen Distance: 0.8649298206250048
Average Dog Distance: 0.525919686707123
Maximum Dog Distance: 0.8189787728938581
Average Sheep Distance: 0.3770660970549262
Maximum Sheep Distance: 0.5571433574556255
Elapsed Time: 5m 4s
********** 55 **********
Average Fitness: 0.1746666666666667
Maximum Fitness: 0.3333333333333333
Average Pen Distance: 0.508428634154044
Maximum Pen Distance: 0.8649298206250048
Average Dog Distance: 0.5241869542540659
Maximum Dog Distance: 0.8189787728938581
Average Sheep Distance: 0.37845459403635223
Maximum Sheep Distance: 0.5571433574556255
Elapsed Time: 5m 2s
********** 56 **********
Average Fitness: 0.17400000000000002
Maximum Fitness: 0.3333333333333333
Average Pen Distance: 0.516143432650018
Maximum Pen Distance: 0.8649298206250048
Average Dog Distance: 0.530116101623221
Maximum Dog Distance: 0.8189787728938581
Average Sheep Distance: 0.37762007040736895
Maximum Sheep Distance: 0.5571433574556255
Elapsed Time: 5m 8s
********** 57 **********
Average Fitness: 0.1783333333333334
Maximum Fitness: 0.3333333333333333
Average Pen Distance: 0.5135102835971473
Maximum Pen Distance: 0.8649298206250048
Average Dog Distance: 0.5295647312599209
Maximum Dog Distance: 0.8189787728938581
Average Sheep Distance: 0.38000875948532115
Maximum Sheep Distance: 0.5571433574556255
Elapsed Time: 5m 5s
********** 58 **********
Average Fitness: 0.17233333333333334
Maximum Fitness: 0.3666666666666667
Average Pen Distance: 0.522058651703632
Maximum Pen Distance: 0.8649298206250048
Average Dog Distance: 0.5279081305896731
Maximum Dog Distance: 0.8189787728938581
Average Sheep Distance: 0.3811856854240119
Maximum Sheep Distance: 0.5571433574556255
Elapsed Time: 5m 3s
********** 59 **********
Average Fitness: 0.16866666666666671
Maximum Fitness: 0.3666666666666667
Average Pen Distance: 0.5284303211161037
Maximum Pen Distance: 0.8649298206250048
Average Dog Distance: 0.520040919655432
Maximum Dog Distance: 0.8189787728938581
Average Sheep Distance: 0.3828747899865438
Maximum Sheep Distance: 0.5571433574556255
Elapsed Time: 5m 0s
********** 60 **********
Average Fitness: 0.16866666666666671
Maximum Fitness: 0.3666666666666667
Average Pen Distance: 0.5250461711260956
Maximum Pen Distance: 0.8649298206250048
Average Dog Distance: 0.5194972734087775
Maximum Dog Distance: 0.8189787728938581
Average Sheep Distance: 0.37893255691073136
Maximum Sheep Distance: 0.5571433574556255
Elapsed Time: 5m 14s
********** 61 **********
Average Fitness: 0.17033333333333334
Maximum Fitness: 0.3666666666666667
Average Pen Distance: 0.5231589382277922
Maximum Pen Distance: 0.8649298206250048
Average Dog Distance: 0.5163955317606342
Maximum Dog Distance: 0.8189787728938581
Average Sheep Distance: 0.37698012571906037
Maximum Sheep Distance: 0.5571433574556255
Elapsed Time: 5m 8s
********** 62 **********
Average Fitness: 0.17633333333333337
Maximum Fitness: 0.3666666666666667
Average Pen Distance: 0.5210698427932798
Maximum Pen Distance: 0.8649298206250048
Average Dog Distance: 0.5198962201098254
Maximum Dog Distance: 0.8189787728938581
Average Sheep Distance: 0.3756075302978437
Maximum Sheep Distance: 0.5571433574556255
Elapsed Time: 5m 6s
********** 63 **********
Average Fitness: 0.1716666666666667
Maximum Fitness: 0.3666666666666667
Average Pen Distance: 0.51644773472706
Maximum Pen Distance: 0.8649298206250048
Average Dog Distance: 0.5180766069398896
Maximum Dog Distance: 0.8189787728938581
Average Sheep Distance: 0.37562186178768314
Maximum Sheep Distance: 0.5571433574556255
Elapsed Time: 5m 4s
********** 64 **********
Average Fitness: 0.166
Maximum Fitness: 0.3666666666666667
Average Pen Distance: 0.5183289117083373
Maximum Pen Distance: 0.8649298206250048
Average Dog Distance: 0.5136807148132108
Maximum Dog Distance: 0.8189787728938581
Average Sheep Distance: 0.3794498028826676
Maximum Sheep Distance: 0.5571433574556255
Elapsed Time: 5m 7s
********** 65 **********
Average Fitness: 0.16733333333333333
Maximum Fitness: 0.3666666666666667
Average Pen Distance: 0.5156419430634545
Maximum Pen Distance: 0.8649298206250048
Average Dog Distance: 0.5092659195707833
Maximum Dog Distance: 0.8189787728938581
Average Sheep Distance: 0.37897560487188725
Maximum Sheep Distance: 0.5571433574556255
Elapsed Time: 5m 2s
********** 66 **********
Average Fitness: 0.16633333333333336
Maximum Fitness: 0.3666666666666667
Average Pen Distance: 0.5205787383363709
Maximum Pen Distance: 0.8649298206250048
Average Dog Distance: 0.5044331579762392
Maximum Dog Distance: 0.8189787728938581
Average Sheep Distance: 0.37877317182030146
Maximum Sheep Distance: 0.5571433574556255
Elapsed Time: 5m 2s
********** 67 **********
Average Fitness: 0.1703333333333334
Maximum Fitness: 0.3666666666666667
Average Pen Distance: 0.5193696762042017
Maximum Pen Distance: 0.8649298206250048
Average Dog Distance: 0.506890460794001
Maximum Dog Distance: 0.8189787728938581
Average Sheep Distance: 0.37980973348671887
Maximum Sheep Distance: 0.5571433574556255
Elapsed Time: 5m 3s
********** 68 **********
Average Fitness: 0.17033333333333334
Maximum Fitness: 0.3666666666666667
Average Pen Distance: 0.512422701964747
Maximum Pen Distance: 0.8649298206250048
Average Dog Distance: 0.5039737076473423
Maximum Dog Distance: 0.8189787728938581
Average Sheep Distance: 0.3796219940526538
Maximum Sheep Distance: 0.5571433574556255
Elapsed Time: 5m 5s
********** 69 **********
Average Fitness: 0.1666666666666667
Maximum Fitness: 0.3666666666666667
Average Pen Distance: 0.5160745114008293
Maximum Pen Distance: 0.8649298206250048
Average Dog Distance: 0.500985926491165
Maximum Dog Distance: 0.8189787728938581
Average Sheep Distance: 0.37925438999160915
Maximum Sheep Distance: 0.5571433574556255
Elapsed Time: 4m 56s
********** 70 **********
Average Fitness: 0.1666666666666667
Maximum Fitness: 0.3666666666666667
Average Pen Distance: 0.5189455802724217
Maximum Pen Distance: 0.8649298206250048
Average Dog Distance: 0.5046969526108517
Maximum Dog Distance: 0.8259011447824531
Average Sheep Distance: 0.3798006385525147
Maximum Sheep Distance: 0.5571433574556255
Elapsed Time: 5m 2s
********** 71 **********
Average Fitness: 0.16533333333333336
Maximum Fitness: 0.3666666666666667
Average Pen Distance: 0.5251468326073241
Maximum Pen Distance: 0.8649298206250048
Average Dog Distance: 0.5094075726794256
Maximum Dog Distance: 0.8408498499033249
Average Sheep Distance: 0.37904907297436913
Maximum Sheep Distance: 0.5571433574556255
Elapsed Time: 5m 2s
********** 72 **********
Average Fitness: 0.16666666666666669
Maximum Fitness: 0.3666666666666667
Average Pen Distance: 0.5240851241690753
Maximum Pen Distance: 0.8649298206250048
Average Dog Distance: 0.5123509040211398
Maximum Dog Distance: 0.8408498499033249
Average Sheep Distance: 0.377820719267672
Maximum Sheep Distance: 0.5571433574556255
Elapsed Time: 5m 7s
********** 73 **********
Average Fitness: 0.16766666666666669
Maximum Fitness: 0.3666666666666667
Average Pen Distance: 0.5265661278737511
Maximum Pen Distance: 0.8649298206250048
Average Dog Distance: 0.5083500681888224
Maximum Dog Distance: 0.8408498499033249
Average Sheep Distance: 0.38094090230560346
Maximum Sheep Distance: 0.5593421496746731
Elapsed Time: 5m 5s
********** 74 **********
Average Fitness: 0.17000000000000004
Maximum Fitness: 0.3666666666666667
Average Pen Distance: 0.5267983527725686
Maximum Pen Distance: 0.8649298206250048
Average Dog Distance: 0.5057931529275156
Maximum Dog Distance: 0.8408498499033249
Average Sheep Distance: 0.3814027483646881
Maximum Sheep Distance: 0.5593421496746731
Elapsed Time: 5m 1s
********** 75 **********
Average Fitness: 0.1703333333333334
Maximum Fitness: 0.3666666666666667
Average Pen Distance: 0.5227853376274415
Maximum Pen Distance: 0.8649298206250048
Average Dog Distance: 0.5093297799977458
Maximum Dog Distance: 0.8408498499033249
Average Sheep Distance: 0.3801816351071681
Maximum Sheep Distance: 0.5593421496746731
Elapsed Time: 5m 7s
********** 76 **********
Average Fitness: 0.17133333333333337
Maximum Fitness: 0.3666666666666667
Average Pen Distance: 0.5235895609882975
Maximum Pen Distance: 0.8649298206250048
Average Dog Distance: 0.5148125963530314
Maximum Dog Distance: 0.8408498499033249
Average Sheep Distance: 0.38079000186953366
Maximum Sheep Distance: 0.5593421496746731
Elapsed Time: 5m 0s
********** 77 **********
Average Fitness: 0.17
Maximum Fitness: 0.3666666666666667
Average Pen Distance: 0.5255598211872352
Maximum Pen Distance: 0.8649298206250048
Average Dog Distance: 0.511036018625146
Maximum Dog Distance: 0.8408498499033249
Average Sheep Distance: 0.3819580604981758
Maximum Sheep Distance: 0.5593421496746731
Elapsed Time: 5m 4s
********** 78 **********
Average Fitness: 0.1706666666666667
Maximum Fitness: 0.3666666666666667
Average Pen Distance: 0.5220829898369569
Maximum Pen Distance: 0.8649298206250048
Average Dog Distance: 0.5058012190061014
Maximum Dog Distance: 0.8214396107625977
Average Sheep Distance: 0.3822972702603359
Maximum Sheep Distance: 0.5593421496746731
Elapsed Time: 5m 3s
********** 79 **********
Average Fitness: 0.17133333333333334
Maximum Fitness: 0.3666666666666667
Average Pen Distance: 0.5224690144144468
Maximum Pen Distance: 0.8649298206250048
Average Dog Distance: 0.5036325081928436
Maximum Dog Distance: 0.8189787728938581
Average Sheep Distance: 0.3831448096436885
Maximum Sheep Distance: 0.5593421496746731
Elapsed Time: 5m 2s
********** 80 **********
Average Fitness: 0.17133333333333337
Maximum Fitness: 0.3666666666666667
Average Pen Distance: 0.5111889028297841
Maximum Pen Distance: 0.8577555627492343
Average Dog Distance: 0.4925348400991818
Maximum Dog Distance: 0.8189787728938581
Average Sheep Distance: 0.3809814677740564
Maximum Sheep Distance: 0.5593421496746731
Elapsed Time: 5m 4s
********** 81 **********
Average Fitness: 0.17200000000000007
Maximum Fitness: 0.3666666666666667
Average Pen Distance: 0.5104575532303923
Maximum Pen Distance: 0.8577555627492343
Average Dog Distance: 0.5013830826096235
Maximum Dog Distance: 0.8189787728938581
Average Sheep Distance: 0.3784951892364847
Maximum Sheep Distance: 0.5593421496746731
Elapsed Time: 5m 0s
********** 82 **********
Average Fitness: 0.17233333333333337
Maximum Fitness: 0.3666666666666667
Average Pen Distance: 0.514524586409201
Maximum Pen Distance: 0.8577555627492343
Average Dog Distance: 0.5002483867747828
Maximum Dog Distance: 0.8189787728938581
Average Sheep Distance: 0.3788054207162592
Maximum Sheep Distance: 0.5593421496746731
Elapsed Time: 4m 55s
********** 83 **********
Average Fitness: 0.1733333333333334
Maximum Fitness: 0.3666666666666667
Average Pen Distance: 0.5079658129160599
Maximum Pen Distance: 0.8577555627492343
Average Dog Distance: 0.5005610274074734
Maximum Dog Distance: 0.8189787728938581
Average Sheep Distance: 0.37815573416270054
Maximum Sheep Distance: 0.5593421496746731
Elapsed Time: 5m 8s
********** 84 **********
Average Fitness: 0.17800000000000005
Maximum Fitness: 0.3666666666666667
Average Pen Distance: 0.5057866232527307
Maximum Pen Distance: 0.8577555627492343
Average Dog Distance: 0.5059831740196522
Maximum Dog Distance: 0.8189787728938581
Average Sheep Distance: 0.37806137147018676
Maximum Sheep Distance: 0.5593421496746731
Elapsed Time: 5m 5s
********** 85 **********
Average Fitness: 0.17833333333333334
Maximum Fitness: 0.3666666666666667
Average Pen Distance: 0.5035184151965105
Maximum Pen Distance: 0.8577555627492343
Average Dog Distance: 0.5017997919839003
Maximum Dog Distance: 0.8189787728938581
Average Sheep Distance: 0.3792816295939481
Maximum Sheep Distance: 0.5593421496746731
Elapsed Time: 5m 2s
********** 86 **********
Average Fitness: 0.1796666666666667
Maximum Fitness: 0.3666666666666667
Average Pen Distance: 0.5071177560595438
Maximum Pen Distance: 0.8577555627492343
Average Dog Distance: 0.5052756092575824
Maximum Dog Distance: 0.8189787728938581
Average Sheep Distance: 0.37727685995132004
Maximum Sheep Distance: 0.5593421496746731
Elapsed Time: 5m 9s
********** 87 **********
Average Fitness: 0.17866666666666667
Maximum Fitness: 0.3666666666666667
Average Pen Distance: 0.5076576151461388
Maximum Pen Distance: 0.8577555627492343
Average Dog Distance: 0.5014922198247678
Maximum Dog Distance: 0.8189787728938581
Average Sheep Distance: 0.3780508606067232
Maximum Sheep Distance: 0.5593421496746731
Elapsed Time: 5m 4s
********** 88 **********
Average Fitness: 0.1776666666666667
Maximum Fitness: 0.3666666666666667
Average Pen Distance: 0.5141309316445376
Maximum Pen Distance: 0.8577555627492343
Average Dog Distance: 0.5044596143911493
Maximum Dog Distance: 0.8189787728938581
Average Sheep Distance: 0.37733549220329704
Maximum Sheep Distance: 0.5593421496746731
Elapsed Time: 5m 4s
********** 89 **********
Average Fitness: 0.182
Maximum Fitness: 0.3666666666666667
Average Pen Distance: 0.5050040804933187
Maximum Pen Distance: 0.8577555627492343
Average Dog Distance: 0.5026351735258798
Maximum Dog Distance: 0.8189787728938581
Average Sheep Distance: 0.37804736771230574
Maximum Sheep Distance: 0.5593421496746731
Elapsed Time: 5m 12s
********** 90 **********
Average Fitness: 0.17866666666666667
Maximum Fitness: 0.4000000000000001
Average Pen Distance: 0.5044837183042451
Maximum Pen Distance: 0.8577555627492343
Average Dog Distance: 0.4977902427003347
Maximum Dog Distance: 0.8189787728938581
Average Sheep Distance: 0.3795246003743786
Maximum Sheep Distance: 0.5593421496746731
Elapsed Time: 5m 1s
********** 91 **********
Average Fitness: 0.17766666666666667
Maximum Fitness: 0.4000000000000001
Average Pen Distance: 0.4929621555953209
Maximum Pen Distance: 0.8577555627492343
Average Dog Distance: 0.49348492663341936
Maximum Dog Distance: 0.8189787728938581
Average Sheep Distance: 0.3780003377979593
Maximum Sheep Distance: 0.5593421496746731
Elapsed Time: 5m 5s
********** 92 **********
Average Fitness: 0.17466666666666664
Maximum Fitness: 0.4000000000000001
Average Pen Distance: 0.49863859017918577
Maximum Pen Distance: 0.8577555627492343
Average Dog Distance: 0.4929152542757106
Maximum Dog Distance: 0.7963472606268803
Average Sheep Distance: 0.3824738793930389
Maximum Sheep Distance: 0.5593421496746731
Elapsed Time: 5m 1s
********** 93 **********
Average Fitness: 0.17433333333333337
Maximum Fitness: 0.4000000000000001
Average Pen Distance: 0.4998069109380473
Maximum Pen Distance: 0.8577555627492343
Average Dog Distance: 0.48935017290110133
Maximum Dog Distance: 0.7963472606268803
Average Sheep Distance: 0.3820458427512847
Maximum Sheep Distance: 0.5593421496746731
Elapsed Time: 4m 55s
********** 94 **********
Average Fitness: 0.17166666666666672
Maximum Fitness: 0.4000000000000001
Average Pen Distance: 0.5019089823530457
Maximum Pen Distance: 0.8577555627492343
Average Dog Distance: 0.48410199820662825
Maximum Dog Distance: 0.7963472606268803
Average Sheep Distance: 0.38049889595256176
Maximum Sheep Distance: 0.5593421496746731
Elapsed Time: 5m 5s
********** 95 **********
Average Fitness: 0.17433333333333334
Maximum Fitness: 0.4000000000000001
Average Pen Distance: 0.5044243419440407
Maximum Pen Distance: 0.8577555627492343
Average Dog Distance: 0.48881527773040995
Maximum Dog Distance: 0.7963472606268803
Average Sheep Distance: 0.38017583994192583
Maximum Sheep Distance: 0.5593421496746731
Elapsed Time: 5m 3s
********** 96 **********
Average Fitness: 0.17266666666666666
Maximum Fitness: 0.4000000000000001
Average Pen Distance: 0.5103938169926905
Maximum Pen Distance: 0.8577555627492343
Average Dog Distance: 0.49650721564320277
Maximum Dog Distance: 0.7963472606268803
Average Sheep Distance: 0.38070958809256333
Maximum Sheep Distance: 0.5593421496746731
Elapsed Time: 5m 8s
********** 97 **********
Average Fitness: 0.17233333333333334
Maximum Fitness: 0.4000000000000001
Average Pen Distance: 0.5123949198006058
Maximum Pen Distance: 0.8577555627492343
Average Dog Distance: 0.49430152516509346
Maximum Dog Distance: 0.7963472606268803
Average Sheep Distance: 0.38088598631943604
Maximum Sheep Distance: 0.5593421496746731
Elapsed Time: 5m 1s
********** 98 **********
Average Fitness: 0.16766666666666674
Maximum Fitness: 0.4000000000000001
Average Pen Distance: 0.5190630445982719
Maximum Pen Distance: 0.8577555627492343
Average Dog Distance: 0.4803688721507264
Maximum Dog Distance: 0.7963472606268803
Average Sheep Distance: 0.3812660264612415
Maximum Sheep Distance: 0.5593421496746731
Elapsed Time: 5m 7s
********** 99 **********
Average Fitness: 0.17033333333333334
Maximum Fitness: 0.4000000000000001
Average Pen Distance: 0.5236116039797786
Maximum Pen Distance: 0.8577555627492343
Average Dog Distance: 0.47894589439445034
Maximum Dog Distance: 0.7963472606268803
Average Sheep Distance: 0.3823806336870932
Maximum Sheep Distance: 0.5593421496746731
Elapsed Time: 5m 8s
********** 100 **********
Average Fitness: 0.17500000000000007
Maximum Fitness: 0.4000000000000001
Average Pen Distance: 0.5170709448181203
Maximum Pen Distance: 0.8577555627492343
Average Dog Distance: 0.48982834867605013
Maximum Dog Distance: 0.7963472606268803
Average Sheep Distance: 0.38250986346781757
Maximum Sheep Distance: 0.5593421496746731
Elapsed Time: 5m 8s
