nproc is 1
cnode0657.cm.cluster
********** 1 **********
Average Fitness: 0.056333333333333326
Maximum Fitness: 0.16666666666666666
Average Pen Distance: 0.5497126049758522
Maximum Pen Distance: 0.783748960117506
Average Dog Distance: 0.6341381572495876
Maximum Dog Distance: 0.8128351828472081
Average Sheep Distance: 0.31905674902644426
Maximum Sheep Distance: 0.4007246355002941
Elapsed Time: 7m 50s
********** 2 **********
Average Fitness: 0.06933333333333332
Maximum Fitness: 0.19999999999999998
Average Pen Distance: 0.545766682774903
Maximum Pen Distance: 0.783748960117506
Average Dog Distance: 0.6151604451796698
Maximum Dog Distance: 0.7934730173899108
Average Sheep Distance: 0.3250758697256994
Maximum Sheep Distance: 0.44300899802401056
Elapsed Time: 4m 14s
********** 3 **********
Average Fitness: 0.07799999999999999
Maximum Fitness: 0.2333333333333333
Average Pen Distance: 0.5428084897671565
Maximum Pen Distance: 0.783748960117506
Average Dog Distance: 0.6133466722990591
Maximum Dog Distance: 0.7934730173899108
Average Sheep Distance: 0.3299197762327129
Maximum Sheep Distance: 0.44300899802401056
Elapsed Time: 4m 18s
********** 4 **********
Average Fitness: 0.08333333333333331
Maximum Fitness: 0.2333333333333333
Average Pen Distance: 0.5383197211603791
Maximum Pen Distance: 0.783748960117506
Average Dog Distance: 0.6079508667135943
Maximum Dog Distance: 0.8034132940477937
Average Sheep Distance: 0.3283665363224733
Maximum Sheep Distance: 0.44300899802401056
Elapsed Time: 3m 50s
********** 5 **********
Average Fitness: 0.08533333333333332
Maximum Fitness: 0.2333333333333333
Average Pen Distance: 0.5446556804520011
Maximum Pen Distance: 0.7978704152569644
Average Dog Distance: 0.6051211926372239
Maximum Dog Distance: 0.8460567467938777
Average Sheep Distance: 0.33128798222192385
Maximum Sheep Distance: 0.44300899802401056
Elapsed Time: 4m 13s
********** 6 **********
Average Fitness: 0.09066666666666665
Maximum Fitness: 0.2333333333333333
Average Pen Distance: 0.5309156559810362
Maximum Pen Distance: 0.7978704152569644
Average Dog Distance: 0.5998037879293219
Maximum Dog Distance: 0.8460567467938777
Average Sheep Distance: 0.33216212686770097
Maximum Sheep Distance: 0.4621800730950844
Elapsed Time: 3m 53s
********** 7 **********
Average Fitness: 0.09699999999999998
Maximum Fitness: 0.2333333333333333
Average Pen Distance: 0.5343360898060482
Maximum Pen Distance: 0.7978704152569644
Average Dog Distance: 0.6004502481803883
Maximum Dog Distance: 0.8460567467938777
Average Sheep Distance: 0.3352042446465091
Maximum Sheep Distance: 0.4621800730950844
Elapsed Time: 3m 49s
********** 8 **********
Average Fitness: 0.09233333333333332
Maximum Fitness: 0.2333333333333333
Average Pen Distance: 0.5350824420282194
Maximum Pen Distance: 0.7978704152569644
Average Dog Distance: 0.6037130508598711
Maximum Dog Distance: 0.8460567467938777
Average Sheep Distance: 0.33251262706041373
Maximum Sheep Distance: 0.4621800730950844
Elapsed Time: 4m 4s
********** 9 **********
Average Fitness: 0.09433333333333332
Maximum Fitness: 0.2333333333333333
Average Pen Distance: 0.535882516459662
Maximum Pen Distance: 0.8079447628293229
Average Dog Distance: 0.6017621163338838
Maximum Dog Distance: 0.8460567467938777
Average Sheep Distance: 0.33458253963779794
Maximum Sheep Distance: 0.4621800730950844
Elapsed Time: 4m 19s
********** 10 **********
Average Fitness: 0.09466666666666665
Maximum Fitness: 0.2333333333333333
Average Pen Distance: 0.5439461072690641
Maximum Pen Distance: 0.8079447628293229
Average Dog Distance: 0.5960189194014195
Maximum Dog Distance: 0.8460567467938777
Average Sheep Distance: 0.3359016263225269
Maximum Sheep Distance: 0.4621800730950844
Elapsed Time: 3m 39s
********** 11 **********
Average Fitness: 0.09666666666666666
Maximum Fitness: 0.30000000000000004
Average Pen Distance: 0.543505007117534
Maximum Pen Distance: 0.8079447628293229
Average Dog Distance: 0.6011801475717855
Maximum Dog Distance: 0.8460567467938777
Average Sheep Distance: 0.3336592155037548
Maximum Sheep Distance: 0.4621800730950844
Elapsed Time: 4m 15s
********** 12 **********
Average Fitness: 0.09433333333333334
Maximum Fitness: 0.30000000000000004
Average Pen Distance: 0.5497679342156134
Maximum Pen Distance: 0.8458649466048557
Average Dog Distance: 0.58793979507102
Maximum Dog Distance: 0.8460567467938777
Average Sheep Distance: 0.3389193617226134
Maximum Sheep Distance: 0.46294511592463045
Elapsed Time: 4m 11s
********** 13 **********
Average Fitness: 0.095
Maximum Fitness: 0.30000000000000004
Average Pen Distance: 0.5353664553445237
Maximum Pen Distance: 0.8458649466048557
Average Dog Distance: 0.5815269463298219
Maximum Dog Distance: 0.8460567467938777
Average Sheep Distance: 0.34254325617553105
Maximum Sheep Distance: 0.46294511592463045
Elapsed Time: 4m 9s
********** 14 **********
Average Fitness: 0.09566666666666666
Maximum Fitness: 0.30000000000000004
Average Pen Distance: 0.5406634034297622
Maximum Pen Distance: 0.8458649466048557
Average Dog Distance: 0.5916397174192871
Maximum Dog Distance: 0.8460567467938777
Average Sheep Distance: 0.34311615052729627
Maximum Sheep Distance: 0.47021095807012503
Elapsed Time: 3m 54s
********** 15 **********
Average Fitness: 0.099
Maximum Fitness: 0.30000000000000004
Average Pen Distance: 0.5502331321076585
Maximum Pen Distance: 0.8458649466048557
Average Dog Distance: 0.5953734509197033
Maximum Dog Distance: 0.8460567467938777
Average Sheep Distance: 0.34033251810697557
Maximum Sheep Distance: 0.47021095807012503
Elapsed Time: 3m 58s
********** 16 **********
Average Fitness: 0.10366666666666667
Maximum Fitness: 0.30000000000000004
Average Pen Distance: 0.5412540975342034
Maximum Pen Distance: 0.830233568168325
Average Dog Distance: 0.5991577641901356
Maximum Dog Distance: 0.8460567467938777
Average Sheep Distance: 0.3437765392580963
Maximum Sheep Distance: 0.47021095807012503
Elapsed Time: 4m 11s
********** 17 **********
Average Fitness: 0.10966666666666666
Maximum Fitness: 0.30000000000000004
Average Pen Distance: 0.5315791788315698
Maximum Pen Distance: 0.830233568168325
Average Dog Distance: 0.5941608358690987
Maximum Dog Distance: 0.8323170352681496
Average Sheep Distance: 0.34251358838097323
Maximum Sheep Distance: 0.47021095807012503
Elapsed Time: 4m 8s
********** 18 **********
Average Fitness: 0.11266666666666664
Maximum Fitness: 0.30000000000000004
Average Pen Distance: 0.532260172676904
Maximum Pen Distance: 0.830233568168325
Average Dog Distance: 0.5804426119844835
Maximum Dog Distance: 0.8323170352681496
Average Sheep Distance: 0.34422034589629613
Maximum Sheep Distance: 0.47021095807012503
Elapsed Time: 3m 55s
********** 19 **********
Average Fitness: 0.11866666666666666
Maximum Fitness: 0.30000000000000004
Average Pen Distance: 0.5336263501699141
Maximum Pen Distance: 0.8665187773570896
Average Dog Distance: 0.5756624007458906
Maximum Dog Distance: 0.8323170352681496
Average Sheep Distance: 0.3435435593073111
Maximum Sheep Distance: 0.47021095807012503
Elapsed Time: 3m 59s
********** 20 **********
Average Fitness: 0.12166666666666666
Maximum Fitness: 0.30000000000000004
Average Pen Distance: 0.5294276695476884
Maximum Pen Distance: 0.8665187773570896
Average Dog Distance: 0.5817963520001466
Maximum Dog Distance: 0.8030943255296669
Average Sheep Distance: 0.3443449934043217
Maximum Sheep Distance: 0.47021095807012503
Elapsed Time: 4m 1s
********** 21 **********
Average Fitness: 0.11733333333333333
Maximum Fitness: 0.30000000000000004
Average Pen Distance: 0.5358452138587865
Maximum Pen Distance: 0.8665187773570896
Average Dog Distance: 0.5739751230412663
Maximum Dog Distance: 0.8030943255296669
Average Sheep Distance: 0.3404457154451913
Maximum Sheep Distance: 0.47021095807012503
Elapsed Time: 3m 52s
********** 22 **********
Average Fitness: 0.11833333333333332
Maximum Fitness: 0.30000000000000004
Average Pen Distance: 0.5305169315399743
Maximum Pen Distance: 0.8665187773570896
Average Dog Distance: 0.5703862838058776
Maximum Dog Distance: 0.8030943255296669
Average Sheep Distance: 0.34237163658327224
Maximum Sheep Distance: 0.47021095807012503
Elapsed Time: 3m 59s
********** 23 **********
Average Fitness: 0.11899999999999998
Maximum Fitness: 0.30000000000000004
Average Pen Distance: 0.536634939746137
Maximum Pen Distance: 0.8665187773570896
Average Dog Distance: 0.5656107294768278
Maximum Dog Distance: 0.8030943255296669
Average Sheep Distance: 0.343826550765114
Maximum Sheep Distance: 0.47021095807012503
Elapsed Time: 3m 52s
********** 24 **********
Average Fitness: 0.122
Maximum Fitness: 0.30000000000000004
Average Pen Distance: 0.5395732331317199
Maximum Pen Distance: 0.8665187773570896
Average Dog Distance: 0.5651896875726226
Maximum Dog Distance: 0.8030943255296669
Average Sheep Distance: 0.3437224883299435
Maximum Sheep Distance: 0.47021095807012503
Elapsed Time: 4m 10s
********** 25 **********
Average Fitness: 0.12166666666666666
Maximum Fitness: 0.30000000000000004
Average Pen Distance: 0.5436690934940268
Maximum Pen Distance: 0.8427894078833137
Average Dog Distance: 0.5609117803900286
Maximum Dog Distance: 0.8030943255296669
Average Sheep Distance: 0.3425515494585411
Maximum Sheep Distance: 0.47021095807012503
Elapsed Time: 3m 49s
********** 26 **********
Average Fitness: 0.12233333333333332
Maximum Fitness: 0.3333333333333333
Average Pen Distance: 0.5463434509291312
Maximum Pen Distance: 0.8427894078833137
Average Dog Distance: 0.5616635163708434
Maximum Dog Distance: 0.8030943255296669
Average Sheep Distance: 0.3430375592519627
Maximum Sheep Distance: 0.47021095807012503
Elapsed Time: 3m 50s
********** 27 **********
Average Fitness: 0.12300000000000001
Maximum Fitness: 0.3333333333333333
Average Pen Distance: 0.5430655256586215
Maximum Pen Distance: 0.8427894078833137
Average Dog Distance: 0.5628447534751987
Maximum Dog Distance: 0.8030943255296669
Average Sheep Distance: 0.3447122644996986
Maximum Sheep Distance: 0.47021095807012503
Elapsed Time: 3m 38s
********** 28 **********
Average Fitness: 0.12399999999999999
Maximum Fitness: 0.3333333333333333
Average Pen Distance: 0.53347018354217
Maximum Pen Distance: 0.8427894078833137
Average Dog Distance: 0.5642036898096499
Maximum Dog Distance: 0.8030943255296669
Average Sheep Distance: 0.3401548393603621
Maximum Sheep Distance: 0.47021095807012503
Elapsed Time: 3m 37s
********** 29 **********
Average Fitness: 0.12466666666666665
Maximum Fitness: 0.3333333333333333
Average Pen Distance: 0.5445080814239107
Maximum Pen Distance: 0.8427894078833137
Average Dog Distance: 0.5658091750288154
Maximum Dog Distance: 0.8030943255296669
Average Sheep Distance: 0.339167218094982
Maximum Sheep Distance: 0.47021095807012503
Elapsed Time: 4m 0s
********** 30 **********
Average Fitness: 0.12633333333333333
Maximum Fitness: 0.3333333333333333
Average Pen Distance: 0.5372949834463092
Maximum Pen Distance: 0.8427894078833137
Average Dog Distance: 0.5647071944538032
Maximum Dog Distance: 0.8472999211996974
Average Sheep Distance: 0.3419088221671314
Maximum Sheep Distance: 0.47021095807012503
Elapsed Time: 3m 44s
********** 31 **********
Average Fitness: 0.12866666666666665
Maximum Fitness: 0.3333333333333333
Average Pen Distance: 0.5397476228005095
Maximum Pen Distance: 0.8427894078833137
Average Dog Distance: 0.5619353073614604
Maximum Dog Distance: 0.8472999211996974
Average Sheep Distance: 0.34236339697055734
Maximum Sheep Distance: 0.47021095807012503
Elapsed Time: 3m 51s
********** 32 **********
Average Fitness: 0.12966666666666665
Maximum Fitness: 0.3333333333333333
Average Pen Distance: 0.5367248860846472
Maximum Pen Distance: 0.8427894078833137
Average Dog Distance: 0.5703376633902476
Maximum Dog Distance: 0.8472999211996974
Average Sheep Distance: 0.3420684994030794
Maximum Sheep Distance: 0.47021095807012503
Elapsed Time: 4m 4s
********** 33 **********
Average Fitness: 0.1303333333333333
Maximum Fitness: 0.3333333333333333
Average Pen Distance: 0.5381355291413495
Maximum Pen Distance: 0.8427894078833137
Average Dog Distance: 0.5697526133861222
Maximum Dog Distance: 0.8472999211996974
Average Sheep Distance: 0.34217235655194905
Maximum Sheep Distance: 0.47021095807012503
Elapsed Time: 3m 57s
********** 34 **********
Average Fitness: 0.12766666666666665
Maximum Fitness: 0.3333333333333333
Average Pen Distance: 0.5345786643126044
Maximum Pen Distance: 0.8427894078833137
Average Dog Distance: 0.5607508782966736
Maximum Dog Distance: 0.8278396270644978
Average Sheep Distance: 0.34635512249838735
Maximum Sheep Distance: 0.47452182677903404
Elapsed Time: 3m 42s
********** 35 **********
Average Fitness: 0.13099999999999998
Maximum Fitness: 0.3333333333333333
Average Pen Distance: 0.5306505800727096
Maximum Pen Distance: 0.8427894078833137
Average Dog Distance: 0.5601409001900861
Maximum Dog Distance: 0.8134165757352809
Average Sheep Distance: 0.34809390127558154
Maximum Sheep Distance: 0.47452182677903404
Elapsed Time: 3m 40s
********** 36 **********
Average Fitness: 0.12999999999999998
Maximum Fitness: 0.3333333333333333
Average Pen Distance: 0.5305853832713557
Maximum Pen Distance: 0.8427894078833137
Average Dog Distance: 0.5533782422897445
Maximum Dog Distance: 0.8136201424703114
Average Sheep Distance: 0.3465943814152236
Maximum Sheep Distance: 0.47452182677903404
Elapsed Time: 4m 2s
********** 37 **********
Average Fitness: 0.1333333333333333
Maximum Fitness: 0.3333333333333333
Average Pen Distance: 0.5338183643511716
Maximum Pen Distance: 0.8427894078833137
Average Dog Distance: 0.5615054203175434
Maximum Dog Distance: 0.8136201424703114
Average Sheep Distance: 0.3479595361673759
Maximum Sheep Distance: 0.47452182677903404
Elapsed Time: 4m 0s
********** 38 **********
Average Fitness: 0.1303333333333333
Maximum Fitness: 0.3333333333333333
Average Pen Distance: 0.5391804275100004
Maximum Pen Distance: 0.8427894078833137
Average Dog Distance: 0.5619491098975908
Maximum Dog Distance: 0.8136201424703114
Average Sheep Distance: 0.34738209150281696
Maximum Sheep Distance: 0.47452182677903404
Elapsed Time: 3m 53s
********** 39 **********
Average Fitness: 0.13133333333333333
Maximum Fitness: 0.3333333333333333
Average Pen Distance: 0.5356956633806647
Maximum Pen Distance: 0.8427894078833137
Average Dog Distance: 0.5609399800111494
Maximum Dog Distance: 0.8136201424703114
Average Sheep Distance: 0.34657856478862104
Maximum Sheep Distance: 0.47452182677903404
Elapsed Time: 3m 48s
********** 40 **********
Average Fitness: 0.13299999999999998
Maximum Fitness: 0.3333333333333333
Average Pen Distance: 0.5316199228225229
Maximum Pen Distance: 0.8427894078833137
Average Dog Distance: 0.5630410277981479
Maximum Dog Distance: 0.8136201424703114
Average Sheep Distance: 0.34650236261853046
Maximum Sheep Distance: 0.47452182677903404
Elapsed Time: 3m 33s
********** 41 **********
Average Fitness: 0.13366666666666666
Maximum Fitness: 0.3333333333333333
Average Pen Distance: 0.5248435943907447
Maximum Pen Distance: 0.8427894078833137
Average Dog Distance: 0.5540084690267919
Maximum Dog Distance: 0.8136201424703114
Average Sheep Distance: 0.34624449416389325
Maximum Sheep Distance: 0.47452182677903404
Elapsed Time: 4m 1s
********** 42 **********
Average Fitness: 0.1343333333333333
Maximum Fitness: 0.3333333333333333
Average Pen Distance: 0.524219763002074
Maximum Pen Distance: 0.8427894078833137
Average Dog Distance: 0.5543753998981952
Maximum Dog Distance: 0.8136201424703114
Average Sheep Distance: 0.3473009616185333
Maximum Sheep Distance: 0.47452182677903404
Elapsed Time: 3m 59s
********** 43 **********
Average Fitness: 0.13466666666666666
Maximum Fitness: 0.3333333333333333
Average Pen Distance: 0.5263803573944462
Maximum Pen Distance: 0.8427894078833137
Average Dog Distance: 0.5544172426312651
Maximum Dog Distance: 0.8136201424703114
Average Sheep Distance: 0.3477723149944997
Maximum Sheep Distance: 0.48003621713978234
Elapsed Time: 3m 39s
********** 44 **********
Average Fitness: 0.13566666666666666
Maximum Fitness: 0.3333333333333333
Average Pen Distance: 0.5253695082796844
Maximum Pen Distance: 0.8427894078833137
Average Dog Distance: 0.560863453415853
Maximum Dog Distance: 0.8136201424703114
Average Sheep Distance: 0.34830595715745283
Maximum Sheep Distance: 0.48003621713978234
Elapsed Time: 4m 9s
********** 45 **********
Average Fitness: 0.13366666666666666
Maximum Fitness: 0.3333333333333333
Average Pen Distance: 0.531066451345036
Maximum Pen Distance: 0.8427894078833137
Average Dog Distance: 0.5551152783887483
Maximum Dog Distance: 0.8136201424703114
Average Sheep Distance: 0.35041338523136667
Maximum Sheep Distance: 0.48003621713978234
Elapsed Time: 4m 10s
********** 46 **********
Average Fitness: 0.13233333333333333
Maximum Fitness: 0.3333333333333333
Average Pen Distance: 0.5289451245017002
Maximum Pen Distance: 0.8427894078833137
Average Dog Distance: 0.5494251889189963
Maximum Dog Distance: 0.8136201424703114
Average Sheep Distance: 0.34837878035878583
Maximum Sheep Distance: 0.48003621713978234
Elapsed Time: 4m 22s
********** 47 **********
Average Fitness: 0.13433333333333333
Maximum Fitness: 0.3333333333333333
Average Pen Distance: 0.5195240472766692
Maximum Pen Distance: 0.8427894078833137
Average Dog Distance: 0.5490319762792861
Maximum Dog Distance: 0.8190109458052972
Average Sheep Distance: 0.34832145641992723
Maximum Sheep Distance: 0.48003621713978234
Elapsed Time: 4m 5s
********** 48 **********
Average Fitness: 0.139
Maximum Fitness: 0.3333333333333333
Average Pen Distance: 0.5217331787271896
Maximum Pen Distance: 0.8427894078833137
Average Dog Distance: 0.5521436297063957
Maximum Dog Distance: 0.8190109458052972
Average Sheep Distance: 0.35018593418588784
Maximum Sheep Distance: 0.48003621713978234
Elapsed Time: 3m 46s
********** 49 **********
Average Fitness: 0.13899999999999998
Maximum Fitness: 0.3333333333333333
Average Pen Distance: 0.5105465498356305
Maximum Pen Distance: 0.8427894078833137
Average Dog Distance: 0.5438395002454997
Maximum Dog Distance: 0.8190109458052972
Average Sheep Distance: 0.3482657951954606
Maximum Sheep Distance: 0.48003621713978234
Elapsed Time: 4m 13s
********** 50 **********
Average Fitness: 0.13766666666666666
Maximum Fitness: 0.3333333333333333
Average Pen Distance: 0.5172378322260784
Maximum Pen Distance: 0.8427894078833137
Average Dog Distance: 0.5460515515731601
Maximum Dog Distance: 0.855081527893495
Average Sheep Distance: 0.34886046929749254
Maximum Sheep Distance: 0.48003621713978234
Elapsed Time: 4m 2s
********** 51 **********
Average Fitness: 0.136
Maximum Fitness: 0.3333333333333333
Average Pen Distance: 0.5133342464604543
Maximum Pen Distance: 0.8427894078833137
Average Dog Distance: 0.5477248234461181
Maximum Dog Distance: 0.8428913711351784
Average Sheep Distance: 0.3483807130225794
Maximum Sheep Distance: 0.48003621713978234
Elapsed Time: 3m 57s
********** 52 **********
Average Fitness: 0.14066666666666663
Maximum Fitness: 0.3333333333333333
Average Pen Distance: 0.5235905824855025
Maximum Pen Distance: 0.8427894078833137
Average Dog Distance: 0.5454911951231931
Maximum Dog Distance: 0.863335066545504
Average Sheep Distance: 0.35183146678246585
Maximum Sheep Distance: 0.48003621713978234
Elapsed Time: 3m 51s
********** 53 **********
Average Fitness: 0.13766666666666666
Maximum Fitness: 0.3333333333333333
Average Pen Distance: 0.5374334196261372
Maximum Pen Distance: 0.8427894078833137
Average Dog Distance: 0.554125024766857
Maximum Dog Distance: 0.863335066545504
Average Sheep Distance: 0.3486947612974348
Maximum Sheep Distance: 0.48003621713978234
Elapsed Time: 3m 58s
********** 54 **********
Average Fitness: 0.1383333333333333
Maximum Fitness: 0.3333333333333333
Average Pen Distance: 0.5300193948540298
Maximum Pen Distance: 0.8427894078833137
Average Dog Distance: 0.5449050661457437
Maximum Dog Distance: 0.863335066545504
Average Sheep Distance: 0.34790116406916816
Maximum Sheep Distance: 0.48003621713978234
Elapsed Time: 4m 3s
********** 55 **********
Average Fitness: 0.13733333333333334
Maximum Fitness: 0.3333333333333333
Average Pen Distance: 0.5326309359897861
Maximum Pen Distance: 0.8427894078833137
Average Dog Distance: 0.5463024397493185
Maximum Dog Distance: 0.863335066545504
Average Sheep Distance: 0.3476162414212457
Maximum Sheep Distance: 0.48003621713978234
Elapsed Time: 3m 38s
********** 56 **********
Average Fitness: 0.13466666666666666
Maximum Fitness: 0.3333333333333333
Average Pen Distance: 0.5389890688562321
Maximum Pen Distance: 0.8427894078833137
Average Dog Distance: 0.545455664293029
Maximum Dog Distance: 0.863335066545504
Average Sheep Distance: 0.3458015847059668
Maximum Sheep Distance: 0.48003621713978234
Elapsed Time: 4m 6s
********** 57 **********
Average Fitness: 0.13566666666666666
Maximum Fitness: 0.3333333333333333
Average Pen Distance: 0.5410327280924672
Maximum Pen Distance: 0.8427894078833137
Average Dog Distance: 0.5405382475659587
Maximum Dog Distance: 0.863335066545504
Average Sheep Distance: 0.3494682992931812
Maximum Sheep Distance: 0.48003621713978234
Elapsed Time: 3m 52s
********** 58 **********
Average Fitness: 0.13699999999999998
Maximum Fitness: 0.3333333333333333
Average Pen Distance: 0.5481172120618722
Maximum Pen Distance: 0.8427894078833137
Average Dog Distance: 0.5431383329635644
Maximum Dog Distance: 0.863335066545504
Average Sheep Distance: 0.35181204000069477
Maximum Sheep Distance: 0.48003621713978234
Elapsed Time: 4m 26s
********** 59 **********
Average Fitness: 0.13733333333333334
Maximum Fitness: 0.3333333333333333
Average Pen Distance: 0.5439039927763779
Maximum Pen Distance: 0.8427894078833137
Average Dog Distance: 0.5448058471974631
Maximum Dog Distance: 0.863335066545504
Average Sheep Distance: 0.35107077951982046
Maximum Sheep Distance: 0.48003621713978234
Elapsed Time: 4m 8s
********** 60 **********
Average Fitness: 0.139
Maximum Fitness: 0.3333333333333333
Average Pen Distance: 0.5452018318708922
Maximum Pen Distance: 0.8427894078833137
Average Dog Distance: 0.5435298772352036
Maximum Dog Distance: 0.863335066545504
Average Sheep Distance: 0.352757594772866
Maximum Sheep Distance: 0.48003621713978234
Elapsed Time: 3m 56s
********** 61 **********
Average Fitness: 0.141
Maximum Fitness: 0.3333333333333333
Average Pen Distance: 0.5402637283950554
Maximum Pen Distance: 0.8427894078833137
Average Dog Distance: 0.5454392451909453
Maximum Dog Distance: 0.863335066545504
Average Sheep Distance: 0.34881278571824753
Maximum Sheep Distance: 0.48003621713978234
Elapsed Time: 4m 0s
********** 62 **********
Average Fitness: 0.146
Maximum Fitness: 0.3333333333333333
Average Pen Distance: 0.5332530422252715
Maximum Pen Distance: 0.8427894078833137
Average Dog Distance: 0.5431654504167784
Maximum Dog Distance: 0.863335066545504
Average Sheep Distance: 0.34987162892522733
Maximum Sheep Distance: 0.48003621713978234
Elapsed Time: 4m 10s
********** 63 **********
Average Fitness: 0.14433333333333334
Maximum Fitness: 0.3333333333333333
Average Pen Distance: 0.5435667995938599
Maximum Pen Distance: 0.8427894078833137
Average Dog Distance: 0.5430247481853145
Maximum Dog Distance: 0.863335066545504
Average Sheep Distance: 0.3523054951980813
Maximum Sheep Distance: 0.48003621713978234
Elapsed Time: 3m 57s
********** 64 **********
Average Fitness: 0.146
Maximum Fitness: 0.3333333333333333
Average Pen Distance: 0.541322214162935
Maximum Pen Distance: 0.8427894078833137
Average Dog Distance: 0.5382879736799318
Maximum Dog Distance: 0.863335066545504
Average Sheep Distance: 0.35535519802143056
Maximum Sheep Distance: 0.48003621713978234
Elapsed Time: 3m 51s
********** 65 **********
Average Fitness: 0.14466666666666664
Maximum Fitness: 0.3333333333333333
Average Pen Distance: 0.5379901232484755
Maximum Pen Distance: 0.8427894078833137
Average Dog Distance: 0.5430711102477104
Maximum Dog Distance: 0.863335066545504
Average Sheep Distance: 0.3524011329979084
Maximum Sheep Distance: 0.48003621713978234
Elapsed Time: 3m 59s
********** 66 **********
Average Fitness: 0.14200000000000002
Maximum Fitness: 0.3333333333333333
Average Pen Distance: 0.5412098770859657
Maximum Pen Distance: 0.8475145598773364
Average Dog Distance: 0.5410619770026652
Maximum Dog Distance: 0.863335066545504
Average Sheep Distance: 0.35338096578167566
Maximum Sheep Distance: 0.48003621713978234
Elapsed Time: 3m 48s
********** 67 **********
Average Fitness: 0.14066666666666666
Maximum Fitness: 0.3333333333333333
Average Pen Distance: 0.5404407858062761
Maximum Pen Distance: 0.8475145598773364
Average Dog Distance: 0.5332202406822169
Maximum Dog Distance: 0.863335066545504
Average Sheep Distance: 0.3544641855190875
Maximum Sheep Distance: 0.48003621713978234
Elapsed Time: 4m 27s
********** 68 **********
Average Fitness: 0.14366666666666666
Maximum Fitness: 0.3333333333333333
Average Pen Distance: 0.5412810847673898
Maximum Pen Distance: 0.8475145598773364
Average Dog Distance: 0.537502379733559
Maximum Dog Distance: 0.863335066545504
Average Sheep Distance: 0.3567838130335012
Maximum Sheep Distance: 0.48003621713978234
Elapsed Time: 3m 46s
********** 69 **********
Average Fitness: 0.14066666666666663
Maximum Fitness: 0.3333333333333333
Average Pen Distance: 0.5439714882733149
Maximum Pen Distance: 0.8475145598773364
Average Dog Distance: 0.5389909498073586
Maximum Dog Distance: 0.863335066545504
Average Sheep Distance: 0.35370028166549494
Maximum Sheep Distance: 0.48003621713978234
Elapsed Time: 4m 3s
********** 70 **********
Average Fitness: 0.1423333333333333
Maximum Fitness: 0.3333333333333333
Average Pen Distance: 0.535781884858616
Maximum Pen Distance: 0.8475145598773364
Average Dog Distance: 0.5440762360433099
Maximum Dog Distance: 0.863335066545504
Average Sheep Distance: 0.3525418277259194
Maximum Sheep Distance: 0.48003621713978234
Elapsed Time: 3m 46s
********** 71 **********
Average Fitness: 0.14533333333333334
Maximum Fitness: 0.3333333333333333
Average Pen Distance: 0.5362199999341669
Maximum Pen Distance: 0.8475145598773364
Average Dog Distance: 0.5433660256527646
Maximum Dog Distance: 0.863335066545504
Average Sheep Distance: 0.35259408838504297
Maximum Sheep Distance: 0.48003621713978234
Elapsed Time: 3m 55s
********** 72 **********
Average Fitness: 0.14666666666666667
Maximum Fitness: 0.3333333333333333
Average Pen Distance: 0.5365486576983788
Maximum Pen Distance: 0.8475145598773364
Average Dog Distance: 0.5445546790372237
Maximum Dog Distance: 0.863335066545504
Average Sheep Distance: 0.35459027551140077
Maximum Sheep Distance: 0.48003621713978234
Elapsed Time: 4m 16s
********** 73 **********
Average Fitness: 0.14566666666666667
Maximum Fitness: 0.3333333333333333
Average Pen Distance: 0.5386165679859195
Maximum Pen Distance: 0.8475145598773364
Average Dog Distance: 0.547903558621957
Maximum Dog Distance: 0.863335066545504
Average Sheep Distance: 0.3536144781634547
Maximum Sheep Distance: 0.48003621713978234
Elapsed Time: 4m 6s
********** 74 **********
Average Fitness: 0.14966666666666664
Maximum Fitness: 0.3333333333333333
Average Pen Distance: 0.5327401528014256
Maximum Pen Distance: 0.8475145598773364
Average Dog Distance: 0.5466933118913847
Maximum Dog Distance: 0.863335066545504
Average Sheep Distance: 0.3523991690491297
Maximum Sheep Distance: 0.48003621713978234
Elapsed Time: 4m 15s
********** 75 **********
Average Fitness: 0.145
Maximum Fitness: 0.3333333333333333
Average Pen Distance: 0.5380782511362795
Maximum Pen Distance: 0.8890853626888044
Average Dog Distance: 0.5420441890652213
Maximum Dog Distance: 0.863335066545504
Average Sheep Distance: 0.353814355380285
Maximum Sheep Distance: 0.48003621713978234
Elapsed Time: 4m 8s
********** 76 **********
Average Fitness: 0.14400000000000002
Maximum Fitness: 0.3333333333333333
Average Pen Distance: 0.5335853585197101
Maximum Pen Distance: 0.8890853626888044
Average Dog Distance: 0.5484265016651271
Maximum Dog Distance: 0.863335066545504
Average Sheep Distance: 0.35055558852373964
Maximum Sheep Distance: 0.48003621713978234
Elapsed Time: 4m 22s
********** 77 **********
Average Fitness: 0.14566666666666667
Maximum Fitness: 0.3666666666666667
Average Pen Distance: 0.5325684107574952
Maximum Pen Distance: 0.8890853626888044
Average Dog Distance: 0.5459727360670185
Maximum Dog Distance: 0.863335066545504
Average Sheep Distance: 0.351278700729026
Maximum Sheep Distance: 0.48003621713978234
Elapsed Time: 3m 50s
********** 78 **********
Average Fitness: 0.14633333333333332
Maximum Fitness: 0.3666666666666667
Average Pen Distance: 0.5316551133779065
Maximum Pen Distance: 0.8890853626888044
Average Dog Distance: 0.5466357789771711
Maximum Dog Distance: 0.8980002542490012
Average Sheep Distance: 0.3520460047075358
Maximum Sheep Distance: 0.48746398374695654
Elapsed Time: 4m 14s
********** 79 **********
Average Fitness: 0.14733333333333332
Maximum Fitness: 0.3666666666666667
Average Pen Distance: 0.5346799204535392
Maximum Pen Distance: 0.8890853626888044
Average Dog Distance: 0.5479192506281432
Maximum Dog Distance: 0.8980002542490012
Average Sheep Distance: 0.34989631438845065
Maximum Sheep Distance: 0.48746398374695654
Elapsed Time: 4m 12s
********** 80 **********
Average Fitness: 0.147
Maximum Fitness: 0.3666666666666667
Average Pen Distance: 0.5394085851712586
Maximum Pen Distance: 0.8890853626888044
Average Dog Distance: 0.5464548413549294
Maximum Dog Distance: 0.8980002542490012
Average Sheep Distance: 0.3480970498909881
Maximum Sheep Distance: 0.48746398374695654
Elapsed Time: 3m 37s
********** 81 **********
Average Fitness: 0.148
Maximum Fitness: 0.3666666666666667
Average Pen Distance: 0.5415773874817014
Maximum Pen Distance: 0.8890853626888044
Average Dog Distance: 0.5477926516088045
Maximum Dog Distance: 0.8980002542490012
Average Sheep Distance: 0.3479591022072595
Maximum Sheep Distance: 0.48746398374695654
Elapsed Time: 3m 43s
********** 82 **********
Average Fitness: 0.14633333333333332
Maximum Fitness: 0.3666666666666667
Average Pen Distance: 0.5350996714926647
Maximum Pen Distance: 0.8890853626888044
Average Dog Distance: 0.5436107230887133
Maximum Dog Distance: 0.8980002542490012
Average Sheep Distance: 0.35123966520481475
Maximum Sheep Distance: 0.48746398374695654
Elapsed Time: 3m 58s
********** 83 **********
Average Fitness: 0.147
Maximum Fitness: 0.3666666666666667
Average Pen Distance: 0.5364907420855526
Maximum Pen Distance: 0.8890853626888044
Average Dog Distance: 0.5381903024149294
Maximum Dog Distance: 0.8980002542490012
Average Sheep Distance: 0.35225426269713034
Maximum Sheep Distance: 0.48746398374695654
Elapsed Time: 4m 2s
********** 84 **********
Average Fitness: 0.14633333333333332
Maximum Fitness: 0.3666666666666667
Average Pen Distance: 0.5343561179326675
Maximum Pen Distance: 0.8890853626888044
Average Dog Distance: 0.537624829233198
Maximum Dog Distance: 0.8980002542490012
Average Sheep Distance: 0.3540772478280055
Maximum Sheep Distance: 0.48746398374695654
Elapsed Time: 4m 8s
********** 85 **********
Average Fitness: 0.14633333333333332
Maximum Fitness: 0.3666666666666667
Average Pen Distance: 0.5300124708797617
Maximum Pen Distance: 0.8890853626888044
Average Dog Distance: 0.5390880410685799
Maximum Dog Distance: 0.8980002542490012
Average Sheep Distance: 0.35644325707514674
Maximum Sheep Distance: 0.48746398374695654
Elapsed Time: 4m 20s
********** 86 **********
Average Fitness: 0.14833333333333332
Maximum Fitness: 0.3666666666666667
Average Pen Distance: 0.5295098801066715
Maximum Pen Distance: 0.8890853626888044
Average Dog Distance: 0.5364646553224965
Maximum Dog Distance: 0.8980002542490012
Average Sheep Distance: 0.35568482016202146
Maximum Sheep Distance: 0.48746398374695654
Elapsed Time: 4m 15s
********** 87 **********
Average Fitness: 0.148
Maximum Fitness: 0.3666666666666667
Average Pen Distance: 0.527272425091811
Maximum Pen Distance: 0.8890853626888044
Average Dog Distance: 0.5380492467464963
Maximum Dog Distance: 0.8980002542490012
Average Sheep Distance: 0.3563692766158487
Maximum Sheep Distance: 0.48746398374695654
Elapsed Time: 4m 9s
********** 88 **********
Average Fitness: 0.14866666666666667
Maximum Fitness: 0.3666666666666667
Average Pen Distance: 0.5315347946052927
Maximum Pen Distance: 0.8890853626888044
Average Dog Distance: 0.5457401699843542
Maximum Dog Distance: 0.8980002542490012
Average Sheep Distance: 0.355125345401867
Maximum Sheep Distance: 0.48746398374695654
Elapsed Time: 4m 7s
********** 89 **********
Average Fitness: 0.14533333333333334
Maximum Fitness: 0.3666666666666667
Average Pen Distance: 0.5391363558555561
Maximum Pen Distance: 0.8890853626888044
Average Dog Distance: 0.5425864730183472
Maximum Dog Distance: 0.8980002542490012
Average Sheep Distance: 0.3542945690215608
Maximum Sheep Distance: 0.49863520635670716
Elapsed Time: 3m 58s
********** 90 **********
Average Fitness: 0.14433333333333334
Maximum Fitness: 0.3666666666666667
Average Pen Distance: 0.5497035638295729
Maximum Pen Distance: 0.8890853626888044
Average Dog Distance: 0.5431568245398989
Maximum Dog Distance: 0.8980002542490012
Average Sheep Distance: 0.3545229444972777
Maximum Sheep Distance: 0.49863520635670716
Elapsed Time: 4m 1s
********** 91 **********
Average Fitness: 0.14666666666666667
Maximum Fitness: 0.3666666666666667
Average Pen Distance: 0.5458081508247792
Maximum Pen Distance: 0.8890853626888044
Average Dog Distance: 0.5404935899206947
Maximum Dog Distance: 0.863335066545504
Average Sheep Distance: 0.3538422150281611
Maximum Sheep Distance: 0.49863520635670716
Elapsed Time: 3m 54s
********** 92 **********
Average Fitness: 0.15
Maximum Fitness: 0.3666666666666667
Average Pen Distance: 0.5418152279142598
Maximum Pen Distance: 0.8890853626888044
Average Dog Distance: 0.5418082510563225
Maximum Dog Distance: 0.863335066545504
Average Sheep Distance: 0.35363591145716955
Maximum Sheep Distance: 0.49863520635670716
Elapsed Time: 3m 41s
********** 93 **********
Average Fitness: 0.1526666666666667
Maximum Fitness: 0.3666666666666667
Average Pen Distance: 0.5422282970004825
Maximum Pen Distance: 0.8890853626888044
Average Dog Distance: 0.5403720243916648
Maximum Dog Distance: 0.863335066545504
Average Sheep Distance: 0.35665881837154606
Maximum Sheep Distance: 0.49863520635670716
Elapsed Time: 4m 26s
********** 94 **********
Average Fitness: 0.15066666666666667
Maximum Fitness: 0.3666666666666667
Average Pen Distance: 0.5393864713379078
Maximum Pen Distance: 0.8890853626888044
Average Dog Distance: 0.5331795207170817
Maximum Dog Distance: 0.863335066545504
Average Sheep Distance: 0.3574407823615179
Maximum Sheep Distance: 0.49863520635670716
Elapsed Time: 4m 18s
********** 95 **********
Average Fitness: 0.15133333333333332
Maximum Fitness: 0.3666666666666667
Average Pen Distance: 0.5352278042439254
Maximum Pen Distance: 0.8890853626888044
Average Dog Distance: 0.5278652547441761
Maximum Dog Distance: 0.863335066545504
Average Sheep Distance: 0.35708495714519783
Maximum Sheep Distance: 0.49863520635670716
Elapsed Time: 4m 24s
********** 96 **********
Average Fitness: 0.149
Maximum Fitness: 0.3666666666666667
Average Pen Distance: 0.5397011523349783
Maximum Pen Distance: 0.8890853626888044
Average Dog Distance: 0.5392333692939298
Maximum Dog Distance: 0.863335066545504
Average Sheep Distance: 0.35461193164789523
Maximum Sheep Distance: 0.49863520635670716
Elapsed Time: 4m 22s
********** 97 **********
Average Fitness: 0.15333333333333335
Maximum Fitness: 0.3666666666666667
Average Pen Distance: 0.5355986314613311
Maximum Pen Distance: 0.8890853626888044
Average Dog Distance: 0.5349188518513285
Maximum Dog Distance: 0.863335066545504
Average Sheep Distance: 0.35381723505078744
Maximum Sheep Distance: 0.49863520635670716
Elapsed Time: 4m 20s
********** 98 **********
Average Fitness: 0.152
Maximum Fitness: 0.3666666666666667
Average Pen Distance: 0.5372717062339811
Maximum Pen Distance: 0.8890853626888044
Average Dog Distance: 0.532928331338682
Maximum Dog Distance: 0.863335066545504
Average Sheep Distance: 0.3522509145592916
Maximum Sheep Distance: 0.49863520635670716
Elapsed Time: 4m 5s
********** 99 **********
Average Fitness: 0.15266666666666667
Maximum Fitness: 0.3666666666666667
Average Pen Distance: 0.543092326663726
Maximum Pen Distance: 0.8890853626888044
Average Dog Distance: 0.5275763305976531
Maximum Dog Distance: 0.863335066545504
Average Sheep Distance: 0.3530722657537409
Maximum Sheep Distance: 0.49863520635670716
Elapsed Time: 4m 8s
********** 100 **********
Average Fitness: 0.15766666666666668
Maximum Fitness: 0.3666666666666667
Average Pen Distance: 0.5413412045360456
Maximum Pen Distance: 0.8890853626888044
Average Dog Distance: 0.5327207609060285
Maximum Dog Distance: 0.863335066545504
Average Sheep Distance: 0.3530249618248412
Maximum Sheep Distance: 0.49863520635670716
Elapsed Time: 4m 11s
********** 1 **********
Average Fitness: 0.05933333333333333
Maximum Fitness: 0.19999999999999998
Average Pen Distance: 0.5624169719409987
Maximum Pen Distance: 0.8450456261871678
Average Dog Distance: 0.6185247768564801
Maximum Dog Distance: 0.8164603078869215
Average Sheep Distance: 0.32342826540727926
Maximum Sheep Distance: 0.4089479507043256
Elapsed Time: 7m 56s
********** 2 **********
Average Fitness: 0.06999999999999998
Maximum Fitness: 0.23333333333333336
Average Pen Distance: 0.5514643281069683
Maximum Pen Distance: 0.8450456261871678
Average Dog Distance: 0.6168233285223571
Maximum Dog Distance: 0.838382563254703
Average Sheep Distance: 0.32688704973844024
Maximum Sheep Distance: 0.4089479507043256
Elapsed Time: 3m 51s
********** 3 **********
Average Fitness: 0.07899999999999999
Maximum Fitness: 0.23333333333333336
Average Pen Distance: 0.5486622433154961
Maximum Pen Distance: 0.8450456261871678
Average Dog Distance: 0.608438044512914
Maximum Dog Distance: 0.838382563254703
Average Sheep Distance: 0.33044603823928853
Maximum Sheep Distance: 0.4231305734758912
Elapsed Time: 4m 27s
********** 4 **********
Average Fitness: 0.08766666666666666
Maximum Fitness: 0.23333333333333336
Average Pen Distance: 0.5340479890727248
Maximum Pen Distance: 0.8450456261871678
Average Dog Distance: 0.5930470789305826
Maximum Dog Distance: 0.838382563254703
Average Sheep Distance: 0.3327059635201844
Maximum Sheep Distance: 0.41657690769677974
Elapsed Time: 3m 38s
********** 5 **********
Average Fitness: 0.09033333333333332
Maximum Fitness: 0.23333333333333336
Average Pen Distance: 0.5340050017809507
Maximum Pen Distance: 0.8662208225709613
Average Dog Distance: 0.5794629930910975
Maximum Dog Distance: 0.838382563254703
Average Sheep Distance: 0.3363129375345855
Maximum Sheep Distance: 0.41657690769677974
Elapsed Time: 3m 44s
********** 6 **********
Average Fitness: 0.08533333333333332
Maximum Fitness: 0.26666666666666666
Average Pen Distance: 0.5498818653662704
Maximum Pen Distance: 0.8662208225709613
Average Dog Distance: 0.5793071137047325
Maximum Dog Distance: 0.838382563254703
Average Sheep Distance: 0.335184349738773
Maximum Sheep Distance: 0.41657690769677974
Elapsed Time: 3m 59s
********** 7 **********
Average Fitness: 0.08933333333333332
Maximum Fitness: 0.26666666666666666
Average Pen Distance: 0.5289407632506812
Maximum Pen Distance: 0.8662208225709613
Average Dog Distance: 0.5740986689278571
Maximum Dog Distance: 0.838382563254703
Average Sheep Distance: 0.33628581488654563
Maximum Sheep Distance: 0.43900232139848355
Elapsed Time: 3m 37s
********** 8 **********
Average Fitness: 0.09133333333333332
Maximum Fitness: 0.26666666666666666
Average Pen Distance: 0.5290735115110407
Maximum Pen Distance: 0.8662208225709613
Average Dog Distance: 0.5666602779200605
Maximum Dog Distance: 0.838382563254703
Average Sheep Distance: 0.3365626208406996
Maximum Sheep Distance: 0.43900232139848355
Elapsed Time: 4m 17s
********** 9 **********
Average Fitness: 0.094
Maximum Fitness: 0.26666666666666666
Average Pen Distance: 0.5443848769099268
Maximum Pen Distance: 0.8662208225709613
Average Dog Distance: 0.5668224528246885
Maximum Dog Distance: 0.838382563254703
Average Sheep Distance: 0.3374446604577946
Maximum Sheep Distance: 0.43900232139848355
Elapsed Time: 4m 16s
********** 10 **********
Average Fitness: 0.09733333333333333
Maximum Fitness: 0.26666666666666666
Average Pen Distance: 0.5417347394405564
Maximum Pen Distance: 0.8662208225709613
Average Dog Distance: 0.5691462961204863
Maximum Dog Distance: 0.838382563254703
Average Sheep Distance: 0.33585235810555436
Maximum Sheep Distance: 0.43900232139848355
Elapsed Time: 4m 3s
********** 11 **********
Average Fitness: 0.10099999999999999
Maximum Fitness: 0.26666666666666666
Average Pen Distance: 0.5369414855057015
Maximum Pen Distance: 0.8662208225709613
Average Dog Distance: 0.5677262996945254
Maximum Dog Distance: 0.838382563254703
Average Sheep Distance: 0.34016838813177286
Maximum Sheep Distance: 0.43900232139848355
Elapsed Time: 3m 58s
********** 12 **********
Average Fitness: 0.10666666666666666
Maximum Fitness: 0.26666666666666666
Average Pen Distance: 0.5376306932514519
Maximum Pen Distance: 0.8662208225709613
Average Dog Distance: 0.5603469678311291
Maximum Dog Distance: 0.838382563254703
Average Sheep Distance: 0.3380560790020251
Maximum Sheep Distance: 0.43900232139848355
Elapsed Time: 3m 49s
********** 13 **********
Average Fitness: 0.11233333333333333
Maximum Fitness: 0.26666666666666666
Average Pen Distance: 0.5427655046005939
Maximum Pen Distance: 0.8662208225709613
Average Dog Distance: 0.5684186638366742
Maximum Dog Distance: 0.838382563254703
Average Sheep Distance: 0.3394149818318158
Maximum Sheep Distance: 0.43900232139848355
Elapsed Time: 4m 8s
********** 14 **********
Average Fitness: 0.11566666666666664
Maximum Fitness: 0.26666666666666666
Average Pen Distance: 0.5356591356518097
Maximum Pen Distance: 0.8662208225709613
Average Dog Distance: 0.5566210723593937
Maximum Dog Distance: 0.838382563254703
Average Sheep Distance: 0.3408003463909817
Maximum Sheep Distance: 0.45106811248570544
Elapsed Time: 4m 11s
********** 15 **********
Average Fitness: 0.11266666666666665
Maximum Fitness: 0.26666666666666666
Average Pen Distance: 0.5455396250412892
Maximum Pen Distance: 0.8662208225709613
Average Dog Distance: 0.552542800521156
Maximum Dog Distance: 0.838382563254703
Average Sheep Distance: 0.3393835629882958
Maximum Sheep Distance: 0.45106811248570544
Elapsed Time: 4m 3s
********** 16 **********
Average Fitness: 0.11533333333333332
Maximum Fitness: 0.26666666666666666
Average Pen Distance: 0.5373229727833821
Maximum Pen Distance: 0.8662208225709613
Average Dog Distance: 0.5576505704119304
Maximum Dog Distance: 0.838382563254703
Average Sheep Distance: 0.3367764756223558
Maximum Sheep Distance: 0.45106811248570544
Elapsed Time: 3m 57s
********** 17 **********
Average Fitness: 0.11866666666666666
Maximum Fitness: 0.26666666666666666
Average Pen Distance: 0.5413371061574938
Maximum Pen Distance: 0.8662208225709613
Average Dog Distance: 0.5476671305258389
Maximum Dog Distance: 0.838382563254703
Average Sheep Distance: 0.33565028329585905
Maximum Sheep Distance: 0.45106811248570544
Elapsed Time: 4m 0s
********** 18 **********
Average Fitness: 0.11166666666666666
Maximum Fitness: 0.26666666666666666
Average Pen Distance: 0.5504590219930805
Maximum Pen Distance: 0.8662208225709613
Average Dog Distance: 0.5367651314075915
Maximum Dog Distance: 0.838382563254703
Average Sheep Distance: 0.33784991634488853
Maximum Sheep Distance: 0.45106811248570544
Elapsed Time: 4m 21s
********** 19 **********
Average Fitness: 0.11633333333333333
Maximum Fitness: 0.26666666666666666
Average Pen Distance: 0.5459359908033248
Maximum Pen Distance: 0.8455452755445881
Average Dog Distance: 0.5444176376788653
Maximum Dog Distance: 0.838382563254703
Average Sheep Distance: 0.335416353343209
Maximum Sheep Distance: 0.45378753944472505
Elapsed Time: 4m 16s
********** 20 **********
Average Fitness: 0.11966666666666667
Maximum Fitness: 0.3
Average Pen Distance: 0.5475904314613398
Maximum Pen Distance: 0.8455452755445881
Average Dog Distance: 0.5474249728587514
Maximum Dog Distance: 0.838382563254703
Average Sheep Distance: 0.33488325205900243
Maximum Sheep Distance: 0.45378753944472505
Elapsed Time: 4m 13s
********** 21 **********
Average Fitness: 0.12133333333333331
Maximum Fitness: 0.3
Average Pen Distance: 0.5469415777174741
Maximum Pen Distance: 0.8455452755445881
Average Dog Distance: 0.5422925628097118
Maximum Dog Distance: 0.838382563254703
Average Sheep Distance: 0.3402658511213037
Maximum Sheep Distance: 0.45378753944472505
Elapsed Time: 4m 18s
********** 22 **********
Average Fitness: 0.12333333333333331
Maximum Fitness: 0.3
Average Pen Distance: 0.5445693027744187
Maximum Pen Distance: 0.8455452755445881
Average Dog Distance: 0.5401927250698239
Maximum Dog Distance: 0.838382563254703
Average Sheep Distance: 0.3411052775936948
Maximum Sheep Distance: 0.45378753944472505
Elapsed Time: 3m 42s
********** 23 **********
Average Fitness: 0.13133333333333333
Maximum Fitness: 0.3666666666666667
Average Pen Distance: 0.5486730463687604
Maximum Pen Distance: 0.8455452755445881
Average Dog Distance: 0.5480718533044824
Maximum Dog Distance: 0.838382563254703
Average Sheep Distance: 0.34095137654686475
Maximum Sheep Distance: 0.45378753944472505
Elapsed Time: 3m 59s
********** 24 **********
Average Fitness: 0.132
Maximum Fitness: 0.3666666666666667
Average Pen Distance: 0.5495470995836734
Maximum Pen Distance: 0.8455452755445881
Average Dog Distance: 0.5483153395460729
Maximum Dog Distance: 0.838382563254703
Average Sheep Distance: 0.34045423252534285
Maximum Sheep Distance: 0.45378753944472505
Elapsed Time: 4m 32s
********** 25 **********
Average Fitness: 0.12933333333333333
Maximum Fitness: 0.3666666666666667
Average Pen Distance: 0.5553680290322222
Maximum Pen Distance: 0.8455452755445881
Average Dog Distance: 0.5436819844956763
Maximum Dog Distance: 0.838382563254703
Average Sheep Distance: 0.33779729481874027
Maximum Sheep Distance: 0.45378753944472505
Elapsed Time: 4m 21s
********** 26 **********
Average Fitness: 0.12933333333333333
Maximum Fitness: 0.3666666666666667
Average Pen Distance: 0.5535360996793459
Maximum Pen Distance: 0.8664327342096328
Average Dog Distance: 0.5379581207588349
Maximum Dog Distance: 0.838382563254703
Average Sheep Distance: 0.34153056709834106
Maximum Sheep Distance: 0.4863949188317301
Elapsed Time: 4m 20s
********** 27 **********
Average Fitness: 0.13366666666666666
Maximum Fitness: 0.3666666666666667
Average Pen Distance: 0.5489189229395242
Maximum Pen Distance: 0.8664327342096328
Average Dog Distance: 0.5332133932727463
Maximum Dog Distance: 0.838382563254703
Average Sheep Distance: 0.3380503515659475
Maximum Sheep Distance: 0.45378753944472505
Elapsed Time: 3m 58s
********** 28 **********
Average Fitness: 0.13233333333333333
Maximum Fitness: 0.3666666666666667
Average Pen Distance: 0.5519852318418785
Maximum Pen Distance: 0.8664327342096328
Average Dog Distance: 0.5420456677629699
Maximum Dog Distance: 0.838382563254703
Average Sheep Distance: 0.337334946933411
Maximum Sheep Distance: 0.45378753944472505
Elapsed Time: 4m 28s
********** 29 **********
Average Fitness: 0.1313333333333333
Maximum Fitness: 0.3666666666666667
Average Pen Distance: 0.5595834499794166
Maximum Pen Distance: 0.8664327342096328
Average Dog Distance: 0.5417766101051709
Maximum Dog Distance: 0.838382563254703
Average Sheep Distance: 0.3384989549551724
Maximum Sheep Distance: 0.45378753944472505
Elapsed Time: 3m 45s
********** 30 **********
Average Fitness: 0.13266666666666663
Maximum Fitness: 0.3666666666666667
Average Pen Distance: 0.5506902417050119
Maximum Pen Distance: 0.8664327342096328
Average Dog Distance: 0.536939424889363
Maximum Dog Distance: 0.838382563254703
Average Sheep Distance: 0.34041118630875616
Maximum Sheep Distance: 0.45378753944472505
Elapsed Time: 4m 2s
********** 31 **********
Average Fitness: 0.13799999999999998
Maximum Fitness: 0.3666666666666667
Average Pen Distance: 0.5479721580273791
Maximum Pen Distance: 0.8316044025827077
Average Dog Distance: 0.5364099248185312
Maximum Dog Distance: 0.838382563254703
Average Sheep Distance: 0.3392370869865988
Maximum Sheep Distance: 0.45106811248570544
Elapsed Time: 4m 20s
********** 32 **********
Average Fitness: 0.13466666666666668
Maximum Fitness: 0.3666666666666667
Average Pen Distance: 0.5556820628691945
Maximum Pen Distance: 0.8545513814362732
Average Dog Distance: 0.5439295860015938
Maximum Dog Distance: 0.838382563254703
Average Sheep Distance: 0.3363020727110385
Maximum Sheep Distance: 0.45106811248570544
Elapsed Time: 4m 35s
********** 33 **********
Average Fitness: 0.1353333333333333
Maximum Fitness: 0.3666666666666667
Average Pen Distance: 0.5509410153722928
Maximum Pen Distance: 0.8545513814362732
Average Dog Distance: 0.5406250570584094
Maximum Dog Distance: 0.838382563254703
Average Sheep Distance: 0.33577123283390564
Maximum Sheep Distance: 0.45106811248570544
Elapsed Time: 4m 19s
********** 34 **********
Average Fitness: 0.13733333333333334
Maximum Fitness: 0.3666666666666667
Average Pen Distance: 0.5570534952090914
Maximum Pen Distance: 0.8545513814362732
Average Dog Distance: 0.5472723599652801
Maximum Dog Distance: 0.838382563254703
Average Sheep Distance: 0.3403797696596603
Maximum Sheep Distance: 0.45106811248570544
Elapsed Time: 3m 46s
********** 35 **********
Average Fitness: 0.14066666666666666
Maximum Fitness: 0.3666666666666667
Average Pen Distance: 0.5492819298819396
Maximum Pen Distance: 0.8545513814362732
Average Dog Distance: 0.5422238756261522
Maximum Dog Distance: 0.838382563254703
Average Sheep Distance: 0.3390215677271414
Maximum Sheep Distance: 0.45106811248570544
Elapsed Time: 4m 9s
********** 36 **********
Average Fitness: 0.13833333333333334
Maximum Fitness: 0.3666666666666667
Average Pen Distance: 0.5518739279748454
Maximum Pen Distance: 0.8545513814362732
Average Dog Distance: 0.5508517097843619
Maximum Dog Distance: 0.838382563254703
Average Sheep Distance: 0.3346462271531429
Maximum Sheep Distance: 0.45106811248570544
Elapsed Time: 4m 39s
********** 37 **********
Average Fitness: 0.14300000000000002
Maximum Fitness: 0.3666666666666667
Average Pen Distance: 0.550571406221893
Maximum Pen Distance: 0.8545513814362732
Average Dog Distance: 0.5526175438625741
Maximum Dog Distance: 0.838382563254703
Average Sheep Distance: 0.3362625183105669
Maximum Sheep Distance: 0.45106811248570544
Elapsed Time: 4m 33s
********** 38 **********
Average Fitness: 0.1423333333333333
Maximum Fitness: 0.3666666666666667
Average Pen Distance: 0.5441538691137545
Maximum Pen Distance: 0.8545513814362732
Average Dog Distance: 0.5511576568677714
Maximum Dog Distance: 0.838382563254703
Average Sheep Distance: 0.3367155205304744
Maximum Sheep Distance: 0.45106811248570544
Elapsed Time: 3m 59s
********** 39 **********
Average Fitness: 0.142
Maximum Fitness: 0.3666666666666667
Average Pen Distance: 0.5507110295765026
Maximum Pen Distance: 0.8545513814362732
Average Dog Distance: 0.5546977559982389
Maximum Dog Distance: 0.838382563254703
Average Sheep Distance: 0.33796309160682825
Maximum Sheep Distance: 0.4518547856024968
Elapsed Time: 4m 46s
********** 40 **********
Average Fitness: 0.14366666666666666
Maximum Fitness: 0.3666666666666667
Average Pen Distance: 0.548289405421071
Maximum Pen Distance: 0.8545513814362732
Average Dog Distance: 0.5608479118871803
Maximum Dog Distance: 0.838382563254703
Average Sheep Distance: 0.33742927606985673
Maximum Sheep Distance: 0.4518547856024968
Elapsed Time: 3m 48s
********** 41 **********
Average Fitness: 0.1456666666666667
Maximum Fitness: 0.3666666666666667
Average Pen Distance: 0.5468423110461313
Maximum Pen Distance: 0.8545513814362732
Average Dog Distance: 0.5554568285800844
Maximum Dog Distance: 0.838382563254703
Average Sheep Distance: 0.3381390711477545
Maximum Sheep Distance: 0.4518547856024968
Elapsed Time: 3m 54s
********** 42 **********
Average Fitness: 0.14566666666666667
Maximum Fitness: 0.3666666666666667
Average Pen Distance: 0.5519051182246383
Maximum Pen Distance: 0.8545513814362732
Average Dog Distance: 0.5562949616668537
Maximum Dog Distance: 0.838382563254703
Average Sheep Distance: 0.34171373300367264
Maximum Sheep Distance: 0.4700539971412141
Elapsed Time: 4m 10s
********** 43 **********
Average Fitness: 0.14766666666666667
Maximum Fitness: 0.3666666666666667
Average Pen Distance: 0.5553341089313474
Maximum Pen Distance: 0.8545513814362732
Average Dog Distance: 0.5511122262291207
Maximum Dog Distance: 0.838382563254703
Average Sheep Distance: 0.34320055553652395
Maximum Sheep Distance: 0.4700539971412141
Elapsed Time: 3m 55s
********** 44 **********
Average Fitness: 0.14500000000000002
Maximum Fitness: 0.3666666666666667
Average Pen Distance: 0.562303581674006
Maximum Pen Distance: 0.8545513814362732
Average Dog Distance: 0.5541694983574323
Maximum Dog Distance: 0.838382563254703
Average Sheep Distance: 0.3430314904451555
Maximum Sheep Distance: 0.4700539971412141
Elapsed Time: 3m 48s
********** 45 **********
Average Fitness: 0.14766666666666667
Maximum Fitness: 0.3666666666666667
Average Pen Distance: 0.5495551341695243
Maximum Pen Distance: 0.8545513814362732
Average Dog Distance: 0.5541785068987088
Maximum Dog Distance: 0.838382563254703
Average Sheep Distance: 0.34174884957695845
Maximum Sheep Distance: 0.4700539971412141
Elapsed Time: 4m 8s
********** 46 **********
Average Fitness: 0.149
Maximum Fitness: 0.3666666666666667
Average Pen Distance: 0.5543353574583083
Maximum Pen Distance: 0.8545513814362732
Average Dog Distance: 0.5508228808020237
Maximum Dog Distance: 0.838382563254703
Average Sheep Distance: 0.34195795044483646
Maximum Sheep Distance: 0.4700539971412141
Elapsed Time: 3m 40s
********** 47 **********
Average Fitness: 0.15033333333333332
Maximum Fitness: 0.3666666666666667
Average Pen Distance: 0.5458371918233962
Maximum Pen Distance: 0.8545513814362732
Average Dog Distance: 0.5491740627655088
Maximum Dog Distance: 0.838382563254703
Average Sheep Distance: 0.34247205422787497
Maximum Sheep Distance: 0.4700539971412141
Elapsed Time: 4m 5s
********** 48 **********
Average Fitness: 0.15266666666666664
Maximum Fitness: 0.3666666666666667
Average Pen Distance: 0.5490096987687728
Maximum Pen Distance: 0.8545513814362732
Average Dog Distance: 0.5436742880845418
Maximum Dog Distance: 0.838382563254703
Average Sheep Distance: 0.3435842411080065
Maximum Sheep Distance: 0.4700539971412141
Elapsed Time: 4m 4s
********** 49 **********
Average Fitness: 0.153
Maximum Fitness: 0.3666666666666667
Average Pen Distance: 0.5451019744362058
Maximum Pen Distance: 0.8545513814362732
Average Dog Distance: 0.5401922416530481
Maximum Dog Distance: 0.838382563254703
Average Sheep Distance: 0.34076095774664095
Maximum Sheep Distance: 0.4700539971412141
Elapsed Time: 3m 53s
********** 50 **********
Average Fitness: 0.15533333333333332
Maximum Fitness: 0.3666666666666667
Average Pen Distance: 0.5393213982748507
Maximum Pen Distance: 0.8545513814362732
Average Dog Distance: 0.5363364080674748
Maximum Dog Distance: 0.8479811838404511
Average Sheep Distance: 0.3419470497195906
Maximum Sheep Distance: 0.4700539971412141
Elapsed Time: 3m 52s
********** 51 **********
Average Fitness: 0.15100000000000002
Maximum Fitness: 0.3666666666666667
Average Pen Distance: 0.5458626949892795
Maximum Pen Distance: 0.8545513814362732
Average Dog Distance: 0.5458768324838575
Maximum Dog Distance: 0.8479811838404511
Average Sheep Distance: 0.34087885210315705
Maximum Sheep Distance: 0.4700539971412141
Elapsed Time: 3m 42s
********** 52 **********
Average Fitness: 0.15366666666666665
Maximum Fitness: 0.3666666666666667
Average Pen Distance: 0.5457460287337945
Maximum Pen Distance: 0.8545513814362732
Average Dog Distance: 0.5424647370025166
Maximum Dog Distance: 0.8479811838404511
Average Sheep Distance: 0.34278028823046325
Maximum Sheep Distance: 0.4700539971412141
Elapsed Time: 4m 17s
********** 53 **********
Average Fitness: 0.153
Maximum Fitness: 0.3666666666666667
Average Pen Distance: 0.5433976808636531
Maximum Pen Distance: 0.8545513814362732
Average Dog Distance: 0.5476519695592953
Maximum Dog Distance: 0.8479811838404511
Average Sheep Distance: 0.34131783250359876
Maximum Sheep Distance: 0.4700539971412141
Elapsed Time: 3m 42s
********** 54 **********
Average Fitness: 0.15433333333333335
Maximum Fitness: 0.3666666666666667
Average Pen Distance: 0.5496674859829855
Maximum Pen Distance: 0.8545513814362732
Average Dog Distance: 0.5404805959616659
Maximum Dog Distance: 0.8479811838404511
Average Sheep Distance: 0.33906438649487447
Maximum Sheep Distance: 0.4700539971412141
Elapsed Time: 4m 8s
********** 55 **********
Average Fitness: 0.154
Maximum Fitness: 0.3666666666666667
Average Pen Distance: 0.5431572999204886
Maximum Pen Distance: 0.8545513814362732
Average Dog Distance: 0.5466015677593102
Maximum Dog Distance: 0.8479811838404511
Average Sheep Distance: 0.33795854994908675
Maximum Sheep Distance: 0.4700539971412141
Elapsed Time: 3m 59s
********** 56 **********
Average Fitness: 0.15466666666666667
Maximum Fitness: 0.3666666666666667
Average Pen Distance: 0.5407029085574507
Maximum Pen Distance: 0.8545513814362732
Average Dog Distance: 0.5496091617353965
Maximum Dog Distance: 0.8479811838404511
Average Sheep Distance: 0.33737087296828094
Maximum Sheep Distance: 0.4700539971412141
Elapsed Time: 3m 57s
********** 57 **********
Average Fitness: 0.158
Maximum Fitness: 0.3666666666666667
Average Pen Distance: 0.5319600201092298
Maximum Pen Distance: 0.8545513814362732
Average Dog Distance: 0.5504718463522312
Maximum Dog Distance: 0.8479811838404511
Average Sheep Distance: 0.3389669125516517
Maximum Sheep Distance: 0.4700539971412141
Elapsed Time: 3m 57s
********** 58 **********
Average Fitness: 0.157
Maximum Fitness: 0.39999999999999997
Average Pen Distance: 0.5327630514116619
Maximum Pen Distance: 0.8545513814362732
Average Dog Distance: 0.5434640745142939
Maximum Dog Distance: 0.8479811838404511
Average Sheep Distance: 0.3381729588898302
Maximum Sheep Distance: 0.4700539971412141
Elapsed Time: 3m 49s
********** 59 **********
Average Fitness: 0.1566666666666667
Maximum Fitness: 0.39999999999999997
Average Pen Distance: 0.5370548925759308
Maximum Pen Distance: 0.8545513814362732
Average Dog Distance: 0.5352625808296949
Maximum Dog Distance: 0.8479811838404511
Average Sheep Distance: 0.33967607420192114
Maximum Sheep Distance: 0.4700539971412141
Elapsed Time: 3m 51s
********** 60 **********
Average Fitness: 0.15866666666666665
Maximum Fitness: 0.39999999999999997
Average Pen Distance: 0.5446036253632531
Maximum Pen Distance: 0.8545513814362732
Average Dog Distance: 0.532811196340336
Maximum Dog Distance: 0.8479811838404511
Average Sheep Distance: 0.34122250565455003
Maximum Sheep Distance: 0.4700539971412141
Elapsed Time: 3m 50s
********** 61 **********
Average Fitness: 0.161
Maximum Fitness: 0.39999999999999997
Average Pen Distance: 0.5421418129957662
Maximum Pen Distance: 0.8545513814362732
Average Dog Distance: 0.5290537549664518
Maximum Dog Distance: 0.8479811838404511
Average Sheep Distance: 0.3423927804327279
Maximum Sheep Distance: 0.4700539971412141
Elapsed Time: 3m 46s
********** 62 **********
Average Fitness: 0.16
Maximum Fitness: 0.39999999999999997
Average Pen Distance: 0.5385692539226927
Maximum Pen Distance: 0.8545513814362732
Average Dog Distance: 0.5258863232449833
Maximum Dog Distance: 0.8479811838404511
Average Sheep Distance: 0.33898879093709383
Maximum Sheep Distance: 0.4700539971412141
Elapsed Time: 4m 12s
********** 63 **********
Average Fitness: 0.15833333333333333
Maximum Fitness: 0.39999999999999997
Average Pen Distance: 0.5476105069871804
Maximum Pen Distance: 0.8545513814362732
Average Dog Distance: 0.5359537184823432
Maximum Dog Distance: 0.8479811838404511
Average Sheep Distance: 0.33700982045013267
Maximum Sheep Distance: 0.4700539971412141
Elapsed Time: 3m 55s
********** 64 **********
Average Fitness: 0.16166666666666665
Maximum Fitness: 0.39999999999999997
Average Pen Distance: 0.5483545933918248
Maximum Pen Distance: 0.8545513814362732
Average Dog Distance: 0.536830068317076
Maximum Dog Distance: 0.8479811838404511
Average Sheep Distance: 0.3405322680853438
Maximum Sheep Distance: 0.4700539971412141
Elapsed Time: 3m 43s
********** 65 **********
Average Fitness: 0.15866666666666665
Maximum Fitness: 0.39999999999999997
Average Pen Distance: 0.5508461406357201
Maximum Pen Distance: 0.8545513814362732
Average Dog Distance: 0.53870186846043
Maximum Dog Distance: 0.8479811838404511
Average Sheep Distance: 0.33911480485715695
Maximum Sheep Distance: 0.4700539971412141
Elapsed Time: 3m 53s
********** 66 **********
Average Fitness: 0.15866666666666665
Maximum Fitness: 0.39999999999999997
Average Pen Distance: 0.5438650811002138
Maximum Pen Distance: 0.8545513814362732
Average Dog Distance: 0.5372525759068764
Maximum Dog Distance: 0.8479811838404511
Average Sheep Distance: 0.33757804958704596
Maximum Sheep Distance: 0.4700539971412141
Elapsed Time: 3m 56s
********** 67 **********
Average Fitness: 0.15466666666666667
Maximum Fitness: 0.39999999999999997
Average Pen Distance: 0.5517496188202313
Maximum Pen Distance: 0.8545513814362732
Average Dog Distance: 0.5322194644898758
Maximum Dog Distance: 0.8479811838404511
Average Sheep Distance: 0.3390729708873234
Maximum Sheep Distance: 0.4700539971412141
Elapsed Time: 3m 46s
********** 68 **********
Average Fitness: 0.15733333333333333
Maximum Fitness: 0.39999999999999997
Average Pen Distance: 0.5467958009626976
Maximum Pen Distance: 0.8545513814362732
Average Dog Distance: 0.5320552602947187
Maximum Dog Distance: 0.8479811838404511
Average Sheep Distance: 0.3365771525208941
Maximum Sheep Distance: 0.4700539971412141
Elapsed Time: 3m 54s
********** 69 **********
Average Fitness: 0.16033333333333336
Maximum Fitness: 0.39999999999999997
Average Pen Distance: 0.5468037551197837
Maximum Pen Distance: 0.8545513814362732
Average Dog Distance: 0.5360556495053882
Maximum Dog Distance: 0.8479811838404511
Average Sheep Distance: 0.33634380277852904
Maximum Sheep Distance: 0.4700539971412141
Elapsed Time: 4m 4s
********** 70 **********
Average Fitness: 0.16466666666666668
Maximum Fitness: 0.39999999999999997
Average Pen Distance: 0.5430101709726592
Maximum Pen Distance: 0.8545513814362732
Average Dog Distance: 0.5357329275080839
Maximum Dog Distance: 0.8479811838404511
Average Sheep Distance: 0.33840251474940997
Maximum Sheep Distance: 0.4700539971412141
Elapsed Time: 4m 7s
********** 71 **********
Average Fitness: 0.1636666666666667
Maximum Fitness: 0.39999999999999997
Average Pen Distance: 0.545648054979019
Maximum Pen Distance: 0.8545513814362732
Average Dog Distance: 0.536563929535848
Maximum Dog Distance: 0.8479811838404511
Average Sheep Distance: 0.3403251686885491
Maximum Sheep Distance: 0.4700539971412141
Elapsed Time: 4m 25s
********** 72 **********
Average Fitness: 0.16266666666666674
Maximum Fitness: 0.39999999999999997
Average Pen Distance: 0.5496405616665464
Maximum Pen Distance: 0.8545513814362732
Average Dog Distance: 0.5363859374943138
Maximum Dog Distance: 0.8479811838404511
Average Sheep Distance: 0.3411285149615437
Maximum Sheep Distance: 0.4700539971412141
Elapsed Time: 4m 3s
********** 73 **********
Average Fitness: 0.161
Maximum Fitness: 0.39999999999999997
Average Pen Distance: 0.5449323602257773
Maximum Pen Distance: 0.8545513814362732
Average Dog Distance: 0.5287096214973566
Maximum Dog Distance: 0.8479811838404511
Average Sheep Distance: 0.343063678533999
Maximum Sheep Distance: 0.4700539971412141
Elapsed Time: 4m 11s
********** 74 **********
Average Fitness: 0.16
Maximum Fitness: 0.39999999999999997
Average Pen Distance: 0.5428594353886765
Maximum Pen Distance: 0.8545513814362732
Average Dog Distance: 0.5273397416597063
Maximum Dog Distance: 0.8479811838404511
Average Sheep Distance: 0.34284046231759596
Maximum Sheep Distance: 0.4700539971412141
Elapsed Time: 4m 12s
********** 75 **********
Average Fitness: 0.15866666666666668
Maximum Fitness: 0.39999999999999997
Average Pen Distance: 0.5418772313954908
Maximum Pen Distance: 0.8594048486495587
Average Dog Distance: 0.5275520067646093
Maximum Dog Distance: 0.8479811838404511
Average Sheep Distance: 0.34141590027393903
Maximum Sheep Distance: 0.4713338879052639
Elapsed Time: 3m 57s
********** 76 **********
Average Fitness: 0.161
Maximum Fitness: 0.39999999999999997
Average Pen Distance: 0.5351279109666924
Maximum Pen Distance: 0.8594048486495587
Average Dog Distance: 0.52392327767017
Maximum Dog Distance: 0.8479811838404511
Average Sheep Distance: 0.34188985766041463
Maximum Sheep Distance: 0.4713338879052639
Elapsed Time: 3m 46s
********** 77 **********
Average Fitness: 0.15866666666666665
Maximum Fitness: 0.39999999999999997
Average Pen Distance: 0.5368967019493551
Maximum Pen Distance: 0.8594048486495587
Average Dog Distance: 0.5193540783367786
Maximum Dog Distance: 0.8479811838404511
Average Sheep Distance: 0.3401670169365232
Maximum Sheep Distance: 0.4713338879052639
Elapsed Time: 3m 51s
********** 78 **********
Average Fitness: 0.161
Maximum Fitness: 0.39999999999999997
Average Pen Distance: 0.5295919327954336
Maximum Pen Distance: 0.8594048486495587
Average Dog Distance: 0.5244116945015428
Maximum Dog Distance: 0.8479811838404511
Average Sheep Distance: 0.3392310012057886
Maximum Sheep Distance: 0.4713338879052639
Elapsed Time: 3m 49s
********** 79 **********
Average Fitness: 0.15966666666666668
Maximum Fitness: 0.39999999999999997
Average Pen Distance: 0.5239069118815347
Maximum Pen Distance: 0.8594048486495587
Average Dog Distance: 0.5121319350940438
Maximum Dog Distance: 0.8479811838404511
Average Sheep Distance: 0.33767515575914003
Maximum Sheep Distance: 0.4713338879052639
Elapsed Time: 3m 42s
********** 80 **********
Average Fitness: 0.15933333333333333
Maximum Fitness: 0.39999999999999997
Average Pen Distance: 0.5259738524742542
Maximum Pen Distance: 0.8594048486495587
Average Dog Distance: 0.5168495706231002
Maximum Dog Distance: 0.8479811838404511
Average Sheep Distance: 0.3381307433518721
Maximum Sheep Distance: 0.4713338879052639
Elapsed Time: 4m 2s
********** 81 **********
Average Fitness: 0.16400000000000003
Maximum Fitness: 0.39999999999999997
Average Pen Distance: 0.529629612433094
Maximum Pen Distance: 0.8594048486495587
Average Dog Distance: 0.512396740810252
Maximum Dog Distance: 0.8479811838404511
Average Sheep Distance: 0.3416504406802497
Maximum Sheep Distance: 0.4713338879052639
Elapsed Time: 3m 46s
********** 82 **********
Average Fitness: 0.166
Maximum Fitness: 0.39999999999999997
Average Pen Distance: 0.5184449916764465
Maximum Pen Distance: 0.8594048486495587
Average Dog Distance: 0.5211192444501908
Maximum Dog Distance: 0.8479811838404511
Average Sheep Distance: 0.3400906226998818
Maximum Sheep Distance: 0.4713338879052639
Elapsed Time: 4m 17s
********** 83 **********
Average Fitness: 0.16800000000000004
Maximum Fitness: 0.39999999999999997
Average Pen Distance: 0.5251804296769543
Maximum Pen Distance: 0.8594048486495587
Average Dog Distance: 0.5186302447857793
Maximum Dog Distance: 0.8479811838404511
Average Sheep Distance: 0.34290741177943074
Maximum Sheep Distance: 0.4713338879052639
Elapsed Time: 4m 2s
********** 84 **********
Average Fitness: 0.1706666666666667
Maximum Fitness: 0.39999999999999997
Average Pen Distance: 0.5191522118327738
Maximum Pen Distance: 0.8594048486495587
Average Dog Distance: 0.5263707060035688
Maximum Dog Distance: 0.8479811838404511
Average Sheep Distance: 0.3405043937586716
Maximum Sheep Distance: 0.4713338879052639
Elapsed Time: 4m 18s
********** 85 **********
Average Fitness: 0.17133333333333337
Maximum Fitness: 0.39999999999999997
Average Pen Distance: 0.5213103534303185
Maximum Pen Distance: 0.8594048486495587
Average Dog Distance: 0.5218399263843704
Maximum Dog Distance: 0.8479811838404511
Average Sheep Distance: 0.34069380096668544
Maximum Sheep Distance: 0.4713338879052639
Elapsed Time: 4m 3s
********** 86 **********
Average Fitness: 0.17300000000000001
Maximum Fitness: 0.39999999999999997
Average Pen Distance: 0.5206856775378879
Maximum Pen Distance: 0.8594048486495587
Average Dog Distance: 0.528890581375407
Maximum Dog Distance: 0.8479811838404511
Average Sheep Distance: 0.3428312076338916
Maximum Sheep Distance: 0.4713338879052639
Elapsed Time: 4m 25s
********** 87 **********
Average Fitness: 0.16933333333333336
Maximum Fitness: 0.39999999999999997
Average Pen Distance: 0.5286168553584082
Maximum Pen Distance: 0.8594048486495587
Average Dog Distance: 0.5297008473378783
Maximum Dog Distance: 0.8479811838404511
Average Sheep Distance: 0.34759507004983853
Maximum Sheep Distance: 0.4713338879052639
Elapsed Time: 4m 20s
********** 88 **********
Average Fitness: 0.16933333333333336
Maximum Fitness: 0.39999999999999997
Average Pen Distance: 0.5274913471175686
Maximum Pen Distance: 0.8594048486495587
Average Dog Distance: 0.5298010117522087
Maximum Dog Distance: 0.8479811838404511
Average Sheep Distance: 0.34697907454525917
Maximum Sheep Distance: 0.4713338879052639
Elapsed Time: 4m 0s
********** 89 **********
Average Fitness: 0.17400000000000004
Maximum Fitness: 0.39999999999999997
Average Pen Distance: 0.5302376209370712
Maximum Pen Distance: 0.8769050018053705
Average Dog Distance: 0.5335774789529696
Maximum Dog Distance: 0.8479811838404511
Average Sheep Distance: 0.34808787324059615
Maximum Sheep Distance: 0.4713338879052639
Elapsed Time: 4m 2s
********** 90 **********
Average Fitness: 0.17133333333333334
Maximum Fitness: 0.39999999999999997
Average Pen Distance: 0.5272489888963099
Maximum Pen Distance: 0.8769050018053705
Average Dog Distance: 0.5342846365231395
Maximum Dog Distance: 0.8479811838404511
Average Sheep Distance: 0.34334873906626456
Maximum Sheep Distance: 0.4713338879052639
Elapsed Time: 4m 20s
********** 91 **********
Average Fitness: 0.17233333333333337
Maximum Fitness: 0.39999999999999997
Average Pen Distance: 0.520699779653283
Maximum Pen Distance: 0.8769050018053705
Average Dog Distance: 0.5335901998966665
Maximum Dog Distance: 0.8479811838404511
Average Sheep Distance: 0.34158593729453357
Maximum Sheep Distance: 0.4713338879052639
Elapsed Time: 4m 3s
********** 92 **********
Average Fitness: 0.1716666666666667
Maximum Fitness: 0.39999999999999997
Average Pen Distance: 0.5311047179482344
Maximum Pen Distance: 0.8769050018053705
Average Dog Distance: 0.5340393480636907
Maximum Dog Distance: 0.8479811838404511
Average Sheep Distance: 0.3459387018427054
Maximum Sheep Distance: 0.4713338879052639
Elapsed Time: 3m 54s
********** 93 **********
Average Fitness: 0.17300000000000001
Maximum Fitness: 0.39999999999999997
Average Pen Distance: 0.5280189576170395
Maximum Pen Distance: 0.8769050018053705
Average Dog Distance: 0.5340879439923968
Maximum Dog Distance: 0.8479811838404511
Average Sheep Distance: 0.3453214277513783
Maximum Sheep Distance: 0.4713338879052639
Elapsed Time: 3m 50s
********** 94 **********
Average Fitness: 0.1726666666666667
Maximum Fitness: 0.39999999999999997
Average Pen Distance: 0.5354390363550364
Maximum Pen Distance: 0.8769050018053705
Average Dog Distance: 0.5424080220220384
Maximum Dog Distance: 0.8479811838404511
Average Sheep Distance: 0.344341124014872
Maximum Sheep Distance: 0.4713338879052639
Elapsed Time: 3m 48s
********** 95 **********
Average Fitness: 0.17700000000000002
Maximum Fitness: 0.39999999999999997
Average Pen Distance: 0.5336873868471911
Maximum Pen Distance: 0.8769050018053705
Average Dog Distance: 0.5369904684426637
Maximum Dog Distance: 0.8479811838404511
Average Sheep Distance: 0.3466783872966517
Maximum Sheep Distance: 0.4713338879052639
Elapsed Time: 4m 8s
********** 96 **********
Average Fitness: 0.1753333333333334
Maximum Fitness: 0.39999999999999997
Average Pen Distance: 0.5364999885271192
Maximum Pen Distance: 0.8769050018053705
Average Dog Distance: 0.537738835363704
Maximum Dog Distance: 0.8479811838404511
Average Sheep Distance: 0.34810310649976
Maximum Sheep Distance: 0.47420970348963015
Elapsed Time: 4m 14s
********** 97 **********
Average Fitness: 0.17800000000000002
Maximum Fitness: 0.39999999999999997
Average Pen Distance: 0.5340817119004139
Maximum Pen Distance: 0.8769050018053705
Average Dog Distance: 0.5349505625343284
Maximum Dog Distance: 0.8479811838404511
Average Sheep Distance: 0.34737271204716813
Maximum Sheep Distance: 0.47420970348963015
Elapsed Time: 3m 57s
********** 98 **********
Average Fitness: 0.18333333333333332
Maximum Fitness: 0.39999999999999997
Average Pen Distance: 0.5337557791443026
Maximum Pen Distance: 0.8769050018053705
Average Dog Distance: 0.5414612330399834
Maximum Dog Distance: 0.8479811838404511
Average Sheep Distance: 0.3477756539998386
Maximum Sheep Distance: 0.47420970348963015
Elapsed Time: 4m 8s
********** 99 **********
Average Fitness: 0.1826666666666667
Maximum Fitness: 0.39999999999999997
Average Pen Distance: 0.5344970699369401
Maximum Pen Distance: 0.8769050018053705
Average Dog Distance: 0.5362502017998466
Maximum Dog Distance: 0.8479811838404511
Average Sheep Distance: 0.34772894710358543
Maximum Sheep Distance: 0.47420970348963015
Elapsed Time: 4m 3s
********** 100 **********
Average Fitness: 0.18100000000000002
Maximum Fitness: 0.39999999999999997
Average Pen Distance: 0.5244007612287163
Maximum Pen Distance: 0.8769050018053705
Average Dog Distance: 0.5297601002826987
Maximum Dog Distance: 0.8479811838404511
Average Sheep Distance: 0.3477621976077128
Maximum Sheep Distance: 0.47420970348963015
Elapsed Time: 4m 0s
********** 1 **********
Average Fitness: 0.056666666666666664
Maximum Fitness: 0.2333333333333333
Average Pen Distance: 0.5572066172101713
Maximum Pen Distance: 0.7812011258163731
Average Dog Distance: 0.6329315445403838
Maximum Dog Distance: 0.8281163308322443
Average Sheep Distance: 0.32116026399759734
Maximum Sheep Distance: 0.4096760738796889
Elapsed Time: 7m 38s
********** 2 **********
Average Fitness: 0.06699999999999999
Maximum Fitness: 0.2333333333333333
Average Pen Distance: 0.5579966769859606
Maximum Pen Distance: 0.7812011258163731
Average Dog Distance: 0.6231257803298016
Maximum Dog Distance: 0.8281163308322443
Average Sheep Distance: 0.3271277880725305
Maximum Sheep Distance: 0.4292002610632766
Elapsed Time: 3m 52s
********** 3 **********
Average Fitness: 0.07466666666666666
Maximum Fitness: 0.2333333333333333
Average Pen Distance: 0.548931681092544
Maximum Pen Distance: 0.7812011258163731
Average Dog Distance: 0.609405906857531
Maximum Dog Distance: 0.8281163308322443
Average Sheep Distance: 0.325126799780206
Maximum Sheep Distance: 0.4294101690444207
Elapsed Time: 4m 6s
********** 4 **********
Average Fitness: 0.07866666666666666
Maximum Fitness: 0.26666666666666666
Average Pen Distance: 0.5312589659376609
Maximum Pen Distance: 0.8087150942030985
Average Dog Distance: 0.5904465911129573
Maximum Dog Distance: 0.8268256427516913
Average Sheep Distance: 0.3269817656721337
Maximum Sheep Distance: 0.4294101690444207
Elapsed Time: 3m 40s
********** 5 **********
Average Fitness: 0.08933333333333332
Maximum Fitness: 0.26666666666666666
Average Pen Distance: 0.5375201156504432
Maximum Pen Distance: 0.8087150942030985
Average Dog Distance: 0.5759345146224562
Maximum Dog Distance: 0.8268256427516913
Average Sheep Distance: 0.3305303620581494
Maximum Sheep Distance: 0.4294101690444207
Elapsed Time: 3m 51s
********** 6 **********
Average Fitness: 0.09533333333333333
Maximum Fitness: 0.26666666666666666
Average Pen Distance: 0.5396771842611138
Maximum Pen Distance: 0.8087150942030985
Average Dog Distance: 0.5722089932519753
Maximum Dog Distance: 0.8268256427516913
Average Sheep Distance: 0.33629232224964783
Maximum Sheep Distance: 0.4294101690444207
Elapsed Time: 4m 2s
********** 7 **********
Average Fitness: 0.0983333333333333
Maximum Fitness: 0.26666666666666666
Average Pen Distance: 0.5360096870865807
Maximum Pen Distance: 0.8087150942030985
Average Dog Distance: 0.5668830906594159
Maximum Dog Distance: 0.8549070619506978
Average Sheep Distance: 0.3406096290551625
Maximum Sheep Distance: 0.4443428570134092
Elapsed Time: 3m 35s
********** 8 **********
Average Fitness: 0.09999999999999998
Maximum Fitness: 0.26666666666666666
Average Pen Distance: 0.5315853087415509
Maximum Pen Distance: 0.8087150942030985
Average Dog Distance: 0.5552595871421494
Maximum Dog Distance: 0.8549070619506978
Average Sheep Distance: 0.3405205576953238
Maximum Sheep Distance: 0.4443428570134092
Elapsed Time: 3m 32s
********** 9 **********
Average Fitness: 0.10466666666666667
Maximum Fitness: 0.26666666666666666
Average Pen Distance: 0.5299122609502337
Maximum Pen Distance: 0.8087150942030985
Average Dog Distance: 0.5590362030566454
Maximum Dog Distance: 0.8549070619506978
Average Sheep Distance: 0.3468022922107671
Maximum Sheep Distance: 0.4443428570134092
Elapsed Time: 3m 46s
********** 10 **********
Average Fitness: 0.10266666666666666
Maximum Fitness: 0.26666666666666666
Average Pen Distance: 0.5329116862453838
Maximum Pen Distance: 0.8087150942030985
Average Dog Distance: 0.5554339510432089
Maximum Dog Distance: 0.8859494371508218
Average Sheep Distance: 0.34642569689870567
Maximum Sheep Distance: 0.4443428570134092
Elapsed Time: 4m 7s
********** 11 **********
Average Fitness: 0.10766666666666667
Maximum Fitness: 0.26666666666666666
Average Pen Distance: 0.5399819579388445
Maximum Pen Distance: 0.8312810630729032
Average Dog Distance: 0.5616900837283897
Maximum Dog Distance: 0.8859494371508218
Average Sheep Distance: 0.342782236334196
Maximum Sheep Distance: 0.4443428570134092
Elapsed Time: 3m 46s
********** 12 **********
Average Fitness: 0.11266666666666668
Maximum Fitness: 0.26666666666666666
Average Pen Distance: 0.5424724214201102
Maximum Pen Distance: 0.8332214399512475
Average Dog Distance: 0.566608874530058
Maximum Dog Distance: 0.8859494371508218
Average Sheep Distance: 0.33796856700290173
Maximum Sheep Distance: 0.4443428570134092
Elapsed Time: 3m 55s
********** 13 **********
Average Fitness: 0.11266666666666665
Maximum Fitness: 0.26666666666666666
Average Pen Distance: 0.5491660597177567
Maximum Pen Distance: 0.8332214399512475
Average Dog Distance: 0.5600010986740727
Maximum Dog Distance: 0.8859494371508218
Average Sheep Distance: 0.3417198360664127
Maximum Sheep Distance: 0.4443428570134092
Elapsed Time: 3m 48s
********** 14 **********
Average Fitness: 0.11633333333333332
Maximum Fitness: 0.26666666666666666
Average Pen Distance: 0.5444291069707934
Maximum Pen Distance: 0.8332214399512475
Average Dog Distance: 0.5600108341106926
Maximum Dog Distance: 0.8859494371508218
Average Sheep Distance: 0.34182067091594404
Maximum Sheep Distance: 0.4443428570134092
Elapsed Time: 4m 12s
********** 15 **********
Average Fitness: 0.11766666666666666
Maximum Fitness: 0.26666666666666666
Average Pen Distance: 0.5450702750851626
Maximum Pen Distance: 0.8332214399512475
Average Dog Distance: 0.5532544481581305
Maximum Dog Distance: 0.8859494371508218
Average Sheep Distance: 0.34289257198272116
Maximum Sheep Distance: 0.4443428570134092
Elapsed Time: 4m 0s
********** 16 **********
Average Fitness: 0.11466666666666665
Maximum Fitness: 0.4333333333333333
Average Pen Distance: 0.565533175119295
Maximum Pen Distance: 0.8332214399512475
Average Dog Distance: 0.54783483937768
Maximum Dog Distance: 0.8859494371508218
Average Sheep Distance: 0.3453596537359968
Maximum Sheep Distance: 0.45206695430145505
Elapsed Time: 3m 52s
********** 17 **********
Average Fitness: 0.11566666666666664
Maximum Fitness: 0.4333333333333333
Average Pen Distance: 0.5611117306938916
Maximum Pen Distance: 0.8332214399512475
Average Dog Distance: 0.5413736533408466
Maximum Dog Distance: 0.8859494371508218
Average Sheep Distance: 0.34238721856032106
Maximum Sheep Distance: 0.45037650565849535
Elapsed Time: 3m 42s
********** 18 **********
Average Fitness: 0.115
Maximum Fitness: 0.4333333333333333
Average Pen Distance: 0.5656156967579837
Maximum Pen Distance: 0.8332214399512475
Average Dog Distance: 0.5363120763571362
Maximum Dog Distance: 0.8859494371508218
Average Sheep Distance: 0.341924825027709
Maximum Sheep Distance: 0.45037650565849535
Elapsed Time: 3m 50s
********** 19 **********
Average Fitness: 0.11833333333333332
Maximum Fitness: 0.4333333333333333
Average Pen Distance: 0.5595733243327988
Maximum Pen Distance: 0.8312810630729032
Average Dog Distance: 0.5352768591968359
Maximum Dog Distance: 0.8859494371508218
Average Sheep Distance: 0.3369559841292819
Maximum Sheep Distance: 0.4443428570134092
Elapsed Time: 4m 7s
********** 20 **********
Average Fitness: 0.118
Maximum Fitness: 0.4333333333333333
Average Pen Distance: 0.554036319512324
Maximum Pen Distance: 0.8312810630729032
Average Dog Distance: 0.5406178041849935
Maximum Dog Distance: 0.8859494371508218
Average Sheep Distance: 0.337736326304554
Maximum Sheep Distance: 0.4443428570134092
Elapsed Time: 3m 56s
********** 21 **********
Average Fitness: 0.11666666666666665
Maximum Fitness: 0.4333333333333333
Average Pen Distance: 0.5563834278946698
Maximum Pen Distance: 0.8312810630729032
Average Dog Distance: 0.5409285544352218
Maximum Dog Distance: 0.8859494371508218
Average Sheep Distance: 0.34002561535433146
Maximum Sheep Distance: 0.4443428570134092
Elapsed Time: 3m 50s
********** 22 **********
Average Fitness: 0.11900000000000001
Maximum Fitness: 0.4333333333333333
Average Pen Distance: 0.5506093618811237
Maximum Pen Distance: 0.8312810630729032
Average Dog Distance: 0.5411662551212669
Maximum Dog Distance: 0.8859494371508218
Average Sheep Distance: 0.3410086304608043
Maximum Sheep Distance: 0.4443428570134092
Elapsed Time: 3m 48s
********** 23 **********
Average Fitness: 0.11966666666666664
Maximum Fitness: 0.43333333333333335
Average Pen Distance: 0.5423826483149488
Maximum Pen Distance: 0.8312810630729032
Average Dog Distance: 0.540433965251378
Maximum Dog Distance: 0.8859494371508218
Average Sheep Distance: 0.3378635095644422
Maximum Sheep Distance: 0.4443428570134092
Elapsed Time: 3m 54s
********** 24 **********
Average Fitness: 0.121
Maximum Fitness: 0.43333333333333335
Average Pen Distance: 0.5388081157956496
Maximum Pen Distance: 0.8218588438676865
Average Dog Distance: 0.530928806921287
Maximum Dog Distance: 0.8859494371508218
Average Sheep Distance: 0.33824444932484243
Maximum Sheep Distance: 0.4443428570134092
Elapsed Time: 3m 52s
********** 25 **********
Average Fitness: 0.12266666666666667
Maximum Fitness: 0.43333333333333335
Average Pen Distance: 0.5517518560544101
Maximum Pen Distance: 0.8218588438676865
Average Dog Distance: 0.5283138267759394
Maximum Dog Distance: 0.8859494371508218
Average Sheep Distance: 0.338289869448688
Maximum Sheep Distance: 0.4443428570134092
Elapsed Time: 3m 46s
********** 26 **********
Average Fitness: 0.12433333333333335
Maximum Fitness: 0.43333333333333335
Average Pen Distance: 0.5516593345305821
Maximum Pen Distance: 0.8218588438676865
Average Dog Distance: 0.5274070574715928
Maximum Dog Distance: 0.8859494371508218
Average Sheep Distance: 0.34147475984179415
Maximum Sheep Distance: 0.4443428570134092
Elapsed Time: 3m 57s
********** 27 **********
Average Fitness: 0.127
Maximum Fitness: 0.43333333333333335
Average Pen Distance: 0.5417319931476712
Maximum Pen Distance: 0.8218588438676865
Average Dog Distance: 0.5305243501945478
Maximum Dog Distance: 0.8859494371508218
Average Sheep Distance: 0.342659615670999
Maximum Sheep Distance: 0.4443428570134092
Elapsed Time: 3m 43s
********** 28 **********
Average Fitness: 0.12766666666666665
Maximum Fitness: 0.43333333333333335
Average Pen Distance: 0.5462935656755499
Maximum Pen Distance: 0.8416100378726094
Average Dog Distance: 0.5396194394935246
Maximum Dog Distance: 0.8859494371508218
Average Sheep Distance: 0.3417029681274826
Maximum Sheep Distance: 0.4443428570134092
Elapsed Time: 3m 43s
********** 29 **********
Average Fitness: 0.12766666666666668
Maximum Fitness: 0.43333333333333335
Average Pen Distance: 0.5476212866422643
Maximum Pen Distance: 0.8416100378726094
Average Dog Distance: 0.5365085398391658
Maximum Dog Distance: 0.8859494371508218
Average Sheep Distance: 0.34173044196891367
Maximum Sheep Distance: 0.4443428570134092
Elapsed Time: 4m 35s
********** 30 **********
Average Fitness: 0.131
Maximum Fitness: 0.43333333333333335
Average Pen Distance: 0.5446688529365017
Maximum Pen Distance: 0.8615522337593782
Average Dog Distance: 0.5434718674259834
Maximum Dog Distance: 0.8859494371508218
Average Sheep Distance: 0.3456600822952974
Maximum Sheep Distance: 0.4443428570134092
Elapsed Time: 4m 5s
********** 31 **********
Average Fitness: 0.13566666666666666
Maximum Fitness: 0.43333333333333335
Average Pen Distance: 0.5432853499757959
Maximum Pen Distance: 0.8615522337593782
Average Dog Distance: 0.5382765830429898
Maximum Dog Distance: 0.8859494371508218
Average Sheep Distance: 0.3489984911474263
Maximum Sheep Distance: 0.4443428570134092
Elapsed Time: 3m 39s
********** 32 **********
Average Fitness: 0.13599999999999998
Maximum Fitness: 0.43333333333333335
Average Pen Distance: 0.5458253892535372
Maximum Pen Distance: 0.9212378453046046
Average Dog Distance: 0.5391123434603176
Maximum Dog Distance: 0.8859494371508218
Average Sheep Distance: 0.3499631098203211
Maximum Sheep Distance: 0.4443428570134092
Elapsed Time: 3m 48s
********** 33 **********
Average Fitness: 0.13633333333333333
Maximum Fitness: 0.43333333333333335
Average Pen Distance: 0.5465879018315964
Maximum Pen Distance: 0.9212378453046046
Average Dog Distance: 0.5420824369873554
Maximum Dog Distance: 0.8859494371508218
Average Sheep Distance: 0.3496592163128631
Maximum Sheep Distance: 0.4443428570134092
Elapsed Time: 3m 58s
********** 34 **********
Average Fitness: 0.1383333333333333
Maximum Fitness: 0.43333333333333335
Average Pen Distance: 0.5463325306488476
Maximum Pen Distance: 0.9212378453046046
Average Dog Distance: 0.5387068778509747
Maximum Dog Distance: 0.8859494371508218
Average Sheep Distance: 0.3493848935156738
Maximum Sheep Distance: 0.4443428570134092
Elapsed Time: 3m 45s
********** 35 **********
Average Fitness: 0.1383333333333333
Maximum Fitness: 0.43333333333333335
Average Pen Distance: 0.5500044495829624
Maximum Pen Distance: 0.9212378453046046
Average Dog Distance: 0.5365983524402851
Maximum Dog Distance: 0.8859494371508218
Average Sheep Distance: 0.3493679013805645
Maximum Sheep Distance: 0.4443428570134092
Elapsed Time: 3m 41s
********** 36 **********
Average Fitness: 0.13799999999999998
Maximum Fitness: 0.43333333333333335
Average Pen Distance: 0.5457466313271765
Maximum Pen Distance: 0.9212378453046046
Average Dog Distance: 0.5360848851578931
Maximum Dog Distance: 0.8859494371508218
Average Sheep Distance: 0.34941570605325334
Maximum Sheep Distance: 0.4535065192005358
Elapsed Time: 3m 49s
********** 37 **********
Average Fitness: 0.141
Maximum Fitness: 0.43333333333333335
Average Pen Distance: 0.5407624803957221
Maximum Pen Distance: 0.9212378453046046
Average Dog Distance: 0.5392279825637832
Maximum Dog Distance: 0.8859494371508218
Average Sheep Distance: 0.34780725504351884
Maximum Sheep Distance: 0.4535065192005358
Elapsed Time: 3m 59s
********** 38 **********
Average Fitness: 0.13599999999999998
Maximum Fitness: 0.43333333333333335
Average Pen Distance: 0.5479542152155245
Maximum Pen Distance: 0.9212378453046046
Average Dog Distance: 0.5402064544021601
Maximum Dog Distance: 0.8859494371508218
Average Sheep Distance: 0.3478782456894018
Maximum Sheep Distance: 0.4535065192005358
Elapsed Time: 3m 49s
********** 39 **********
Average Fitness: 0.13766666666666666
Maximum Fitness: 0.43333333333333335
Average Pen Distance: 0.5506212731021283
Maximum Pen Distance: 0.9212378453046046
Average Dog Distance: 0.5408062777164659
Maximum Dog Distance: 0.8859494371508218
Average Sheep Distance: 0.34840367529074906
Maximum Sheep Distance: 0.4535065192005358
Elapsed Time: 4m 13s
********** 40 **********
Average Fitness: 0.13966666666666666
Maximum Fitness: 0.43333333333333335
Average Pen Distance: 0.5504553868732273
Maximum Pen Distance: 0.9212378453046046
Average Dog Distance: 0.5390828696604875
Maximum Dog Distance: 0.8859494371508218
Average Sheep Distance: 0.3496092344855736
Maximum Sheep Distance: 0.4535065192005358
Elapsed Time: 3m 45s
********** 41 **********
Average Fitness: 0.13899999999999996
Maximum Fitness: 0.43333333333333335
Average Pen Distance: 0.5533908068460373
Maximum Pen Distance: 0.9212378453046046
Average Dog Distance: 0.5458604552669706
Maximum Dog Distance: 0.8859494371508218
Average Sheep Distance: 0.34838119229641884
Maximum Sheep Distance: 0.4535065192005358
Elapsed Time: 4m 19s
********** 42 **********
Average Fitness: 0.13999999999999999
Maximum Fitness: 0.43333333333333335
Average Pen Distance: 0.5650999936226051
Maximum Pen Distance: 0.9212378453046046
Average Dog Distance: 0.5480116551394757
Maximum Dog Distance: 0.8859494371508218
Average Sheep Distance: 0.34869437519118807
Maximum Sheep Distance: 0.4601609226424996
Elapsed Time: 3m 54s
********** 43 **********
Average Fitness: 0.13533333333333333
Maximum Fitness: 0.43333333333333335
Average Pen Distance: 0.5677438353137336
Maximum Pen Distance: 0.9212378453046046
Average Dog Distance: 0.5533845102417277
Maximum Dog Distance: 0.8859494371508218
Average Sheep Distance: 0.3467164945956344
Maximum Sheep Distance: 0.4535065192005358
Elapsed Time: 4m 16s
********** 44 **********
Average Fitness: 0.136
Maximum Fitness: 0.43333333333333335
Average Pen Distance: 0.5618305661968354
Maximum Pen Distance: 0.9212378453046046
Average Dog Distance: 0.5505655704933387
Maximum Dog Distance: 0.8859494371508218
Average Sheep Distance: 0.34721668673598266
Maximum Sheep Distance: 0.4535065192005358
Elapsed Time: 3m 48s
********** 45 **********
Average Fitness: 0.13733333333333334
Maximum Fitness: 0.43333333333333335
Average Pen Distance: 0.5608750049176966
Maximum Pen Distance: 0.9212378453046046
Average Dog Distance: 0.5460034655967649
Maximum Dog Distance: 0.8859494371508218
Average Sheep Distance: 0.34485964724257956
Maximum Sheep Distance: 0.4535065192005358
Elapsed Time: 3m 56s
********** 46 **********
Average Fitness: 0.13466666666666666
Maximum Fitness: 0.43333333333333335
Average Pen Distance: 0.5625358806904155
Maximum Pen Distance: 0.9212378453046046
Average Dog Distance: 0.5332085735538595
Maximum Dog Distance: 0.8859494371508218
Average Sheep Distance: 0.34614595586271973
Maximum Sheep Distance: 0.4535065192005358
Elapsed Time: 4m 15s
********** 47 **********
Average Fitness: 0.13533333333333333
Maximum Fitness: 0.43333333333333335
Average Pen Distance: 0.562435530975526
Maximum Pen Distance: 0.9212378453046046
Average Dog Distance: 0.5307602439154553
Maximum Dog Distance: 0.8859494371508218
Average Sheep Distance: 0.3456689817872519
Maximum Sheep Distance: 0.4535065192005358
Elapsed Time: 3m 58s
********** 48 **********
Average Fitness: 0.13533333333333333
Maximum Fitness: 0.43333333333333335
Average Pen Distance: 0.5628552806079923
Maximum Pen Distance: 0.9212378453046046
Average Dog Distance: 0.5252546454974495
Maximum Dog Distance: 0.8859494371508218
Average Sheep Distance: 0.3469501001135523
Maximum Sheep Distance: 0.4535065192005358
Elapsed Time: 3m 50s
********** 49 **********
Average Fitness: 0.13433333333333333
Maximum Fitness: 0.43333333333333335
Average Pen Distance: 0.5622620264450028
Maximum Pen Distance: 0.9212378453046046
Average Dog Distance: 0.5234947921166296
Maximum Dog Distance: 0.8859494371508218
Average Sheep Distance: 0.34744142888336166
Maximum Sheep Distance: 0.4535065192005358
Elapsed Time: 3m 42s
********** 50 **********
Average Fitness: 0.13733333333333334
Maximum Fitness: 0.43333333333333335
Average Pen Distance: 0.5682314278727365
Maximum Pen Distance: 0.9212378453046046
Average Dog Distance: 0.5340567130638716
Maximum Dog Distance: 0.8859494371508218
Average Sheep Distance: 0.3489088330187795
Maximum Sheep Distance: 0.4535065192005358
Elapsed Time: 4m 15s
********** 51 **********
Average Fitness: 0.14
Maximum Fitness: 0.43333333333333335
Average Pen Distance: 0.5583065346764576
Maximum Pen Distance: 0.9212378453046046
Average Dog Distance: 0.529938905488581
Maximum Dog Distance: 0.8859494371508218
Average Sheep Distance: 0.34709637477244437
Maximum Sheep Distance: 0.4535065192005358
Elapsed Time: 3m 48s
********** 52 **********
Average Fitness: 0.14133333333333334
Maximum Fitness: 0.43333333333333335
Average Pen Distance: 0.5613614757952197
Maximum Pen Distance: 0.9212378453046046
Average Dog Distance: 0.5319524054687601
Maximum Dog Distance: 0.8859494371508218
Average Sheep Distance: 0.3418696578608072
Maximum Sheep Distance: 0.4535065192005358
Elapsed Time: 3m 51s
********** 53 **********
Average Fitness: 0.14333333333333334
Maximum Fitness: 0.43333333333333335
Average Pen Distance: 0.5609778084363866
Maximum Pen Distance: 0.9212378453046046
Average Dog Distance: 0.5302830811521464
Maximum Dog Distance: 0.8859494371508218
Average Sheep Distance: 0.3434921444096349
Maximum Sheep Distance: 0.4535065192005358
Elapsed Time: 4m 8s
********** 54 **********
Average Fitness: 0.143
Maximum Fitness: 0.43333333333333335
Average Pen Distance: 0.5662320837593731
Maximum Pen Distance: 0.9212378453046046
Average Dog Distance: 0.5262333975297434
Maximum Dog Distance: 0.8859494371508218
Average Sheep Distance: 0.3466616740945658
Maximum Sheep Distance: 0.4535065192005358
Elapsed Time: 3m 49s
********** 55 **********
Average Fitness: 0.14400000000000002
Maximum Fitness: 0.43333333333333335
Average Pen Distance: 0.5640828761498622
Maximum Pen Distance: 0.9212378453046046
Average Dog Distance: 0.5294413139869616
Maximum Dog Distance: 0.8859494371508218
Average Sheep Distance: 0.3461815170965732
Maximum Sheep Distance: 0.4681972613542946
Elapsed Time: 3m 41s
********** 56 **********
Average Fitness: 0.146
Maximum Fitness: 0.43333333333333335
Average Pen Distance: 0.5610523089694162
Maximum Pen Distance: 0.9212378453046046
Average Dog Distance: 0.5346870729188091
Maximum Dog Distance: 0.8859494371508218
Average Sheep Distance: 0.3466296423516217
Maximum Sheep Distance: 0.4681972613542946
Elapsed Time: 3m 55s
********** 57 **********
Average Fitness: 0.14633333333333334
Maximum Fitness: 0.43333333333333335
Average Pen Distance: 0.5651665461893652
Maximum Pen Distance: 0.9212378453046046
Average Dog Distance: 0.5321806992160387
Maximum Dog Distance: 0.8859494371508218
Average Sheep Distance: 0.34832881446564884
Maximum Sheep Distance: 0.4681972613542946
Elapsed Time: 3m 54s
********** 58 **********
Average Fitness: 0.146
Maximum Fitness: 0.43333333333333335
Average Pen Distance: 0.5569196265288768
Maximum Pen Distance: 0.9212378453046046
Average Dog Distance: 0.5209415659001646
Maximum Dog Distance: 0.8859494371508218
Average Sheep Distance: 0.3486642207748117
Maximum Sheep Distance: 0.4681972613542946
Elapsed Time: 3m 55s
********** 59 **********
Average Fitness: 0.14666666666666667
Maximum Fitness: 0.43333333333333335
Average Pen Distance: 0.5559803156585894
Maximum Pen Distance: 0.9212378453046046
Average Dog Distance: 0.5158419114757224
Maximum Dog Distance: 0.8859494371508218
Average Sheep Distance: 0.3512563077358133
Maximum Sheep Distance: 0.4681972613542946
Elapsed Time: 3m 24s
********** 60 **********
Average Fitness: 0.14566666666666667
Maximum Fitness: 0.43333333333333335
Average Pen Distance: 0.5573416304270085
Maximum Pen Distance: 0.9212378453046046
Average Dog Distance: 0.5140124887930794
Maximum Dog Distance: 0.8859494371508218
Average Sheep Distance: 0.3543605159494645
Maximum Sheep Distance: 0.4681972613542946
Elapsed Time: 4m 12s
********** 61 **********
Average Fitness: 0.14466666666666667
Maximum Fitness: 0.43333333333333335
Average Pen Distance: 0.5650482747915714
Maximum Pen Distance: 0.9212378453046046
Average Dog Distance: 0.5216327010647082
Maximum Dog Distance: 0.8859494371508218
Average Sheep Distance: 0.3537966629944657
Maximum Sheep Distance: 0.4681972613542946
Elapsed Time: 3m 49s
********** 62 **********
Average Fitness: 0.14633333333333332
Maximum Fitness: 0.43333333333333335
Average Pen Distance: 0.5755780940333962
Maximum Pen Distance: 0.9212378453046046
Average Dog Distance: 0.5289007924547495
Maximum Dog Distance: 0.8859494371508218
Average Sheep Distance: 0.3529597700090135
Maximum Sheep Distance: 0.4681972613542946
Elapsed Time: 3m 55s
********** 63 **********
Average Fitness: 0.14766666666666667
Maximum Fitness: 0.43333333333333335
Average Pen Distance: 0.576136454443246
Maximum Pen Distance: 0.9212378453046046
Average Dog Distance: 0.5315400196647474
Maximum Dog Distance: 0.8859494371508218
Average Sheep Distance: 0.3521928942149877
Maximum Sheep Distance: 0.49549973956251564
Elapsed Time: 4m 9s
********** 64 **********
Average Fitness: 0.14633333333333334
Maximum Fitness: 0.43333333333333335
Average Pen Distance: 0.5700139632224249
Maximum Pen Distance: 0.9212378453046046
Average Dog Distance: 0.5360346595465877
Maximum Dog Distance: 0.8859494371508218
Average Sheep Distance: 0.3504061643528684
Maximum Sheep Distance: 0.49549973956251564
Elapsed Time: 4m 8s
********** 65 **********
Average Fitness: 0.14466666666666667
Maximum Fitness: 0.43333333333333335
Average Pen Distance: 0.5828058587879668
Maximum Pen Distance: 0.9212378453046046
Average Dog Distance: 0.5331082955186788
Maximum Dog Distance: 0.8859494371508218
Average Sheep Distance: 0.35008854232289693
Maximum Sheep Distance: 0.49549973956251564
Elapsed Time: 4m 24s
********** 66 **********
Average Fitness: 0.14466666666666667
Maximum Fitness: 0.43333333333333335
Average Pen Distance: 0.576140417128969
Maximum Pen Distance: 0.9212378453046046
Average Dog Distance: 0.5314646507509968
Maximum Dog Distance: 0.8859494371508218
Average Sheep Distance: 0.347113490007616
Maximum Sheep Distance: 0.49549973956251564
Elapsed Time: 3m 53s
********** 67 **********
Average Fitness: 0.146
Maximum Fitness: 0.43333333333333335
Average Pen Distance: 0.5811502130190039
Maximum Pen Distance: 0.9212378453046046
Average Dog Distance: 0.5262309257098444
Maximum Dog Distance: 0.8859494371508218
Average Sheep Distance: 0.3499223266261095
Maximum Sheep Distance: 0.49549973956251564
Elapsed Time: 4m 34s
********** 68 **********
Average Fitness: 0.14366666666666666
Maximum Fitness: 0.43333333333333335
Average Pen Distance: 0.5909660930998448
Maximum Pen Distance: 0.9212378453046046
Average Dog Distance: 0.5317319029843229
Maximum Dog Distance: 0.8859494371508218
Average Sheep Distance: 0.3480665121668546
Maximum Sheep Distance: 0.49549973956251564
Elapsed Time: 4m 0s
********** 69 **********
Average Fitness: 0.148
Maximum Fitness: 0.43333333333333335
Average Pen Distance: 0.5774841824631831
Maximum Pen Distance: 0.9212378453046046
Average Dog Distance: 0.5274196899885426
Maximum Dog Distance: 0.8859494371508218
Average Sheep Distance: 0.34586921283072386
Maximum Sheep Distance: 0.49549973956251564
Elapsed Time: 4m 13s
********** 70 **********
Average Fitness: 0.14833333333333334
Maximum Fitness: 0.43333333333333335
Average Pen Distance: 0.5742235887366545
Maximum Pen Distance: 0.9212378453046046
Average Dog Distance: 0.5198634497716981
Maximum Dog Distance: 0.8859494371508218
Average Sheep Distance: 0.3463737921211139
Maximum Sheep Distance: 0.49549973956251564
Elapsed Time: 3m 51s
********** 71 **********
Average Fitness: 0.14833333333333334
Maximum Fitness: 0.43333333333333335
Average Pen Distance: 0.5795120215853453
Maximum Pen Distance: 0.9212378453046046
Average Dog Distance: 0.5261806307153956
Maximum Dog Distance: 0.8859494371508218
Average Sheep Distance: 0.3486910553465104
Maximum Sheep Distance: 0.49549973956251564
Elapsed Time: 4m 11s
********** 72 **********
Average Fitness: 0.14933333333333335
Maximum Fitness: 0.43333333333333335
Average Pen Distance: 0.5701558363454449
Maximum Pen Distance: 0.9212378453046046
Average Dog Distance: 0.5337524050631939
Maximum Dog Distance: 0.8859494371508218
Average Sheep Distance: 0.3493587697077271
Maximum Sheep Distance: 0.49549973956251564
Elapsed Time: 3m 46s
********** 73 **********
Average Fitness: 0.14733333333333332
Maximum Fitness: 0.43333333333333335
Average Pen Distance: 0.5770256197036155
Maximum Pen Distance: 0.9212378453046046
Average Dog Distance: 0.5394706582330252
Maximum Dog Distance: 0.8859494371508218
Average Sheep Distance: 0.349148557126624
Maximum Sheep Distance: 0.49549973956251564
Elapsed Time: 3m 45s
********** 74 **********
Average Fitness: 0.14866666666666667
Maximum Fitness: 0.43333333333333335
Average Pen Distance: 0.5742264115861009
Maximum Pen Distance: 0.9212378453046046
Average Dog Distance: 0.5309624110182337
Maximum Dog Distance: 0.8859494371508218
Average Sheep Distance: 0.3489281309338139
Maximum Sheep Distance: 0.5040933542557039
Elapsed Time: 4m 2s
********** 75 **********
Average Fitness: 0.14933333333333335
Maximum Fitness: 0.43333333333333335
Average Pen Distance: 0.5779367088902809
Maximum Pen Distance: 0.9212378453046046
Average Dog Distance: 0.535664364985494
Maximum Dog Distance: 0.8859494371508218
Average Sheep Distance: 0.35133481528802796
Maximum Sheep Distance: 0.5040933542557039
Elapsed Time: 3m 48s
********** 76 **********
Average Fitness: 0.14933333333333335
Maximum Fitness: 0.43333333333333335
Average Pen Distance: 0.573886402399357
Maximum Pen Distance: 0.9212378453046046
Average Dog Distance: 0.5337528176876267
Maximum Dog Distance: 0.8859494371508218
Average Sheep Distance: 0.3496677903641148
Maximum Sheep Distance: 0.5040933542557039
Elapsed Time: 3m 28s
********** 77 **********
Average Fitness: 0.14966666666666667
Maximum Fitness: 0.43333333333333335
Average Pen Distance: 0.5636221610862822
Maximum Pen Distance: 0.9212378453046046
Average Dog Distance: 0.5309994602309707
Maximum Dog Distance: 0.8859494371508218
Average Sheep Distance: 0.3498030892094044
Maximum Sheep Distance: 0.5040933542557039
Elapsed Time: 3m 58s
********** 78 **********
Average Fitness: 0.14966666666666664
Maximum Fitness: 0.43333333333333335
Average Pen Distance: 0.562853147954003
Maximum Pen Distance: 0.9212378453046046
Average Dog Distance: 0.5342503244927759
Maximum Dog Distance: 0.8702694703779584
Average Sheep Distance: 0.35159038838453144
Maximum Sheep Distance: 0.5040933542557039
Elapsed Time: 3m 58s
********** 79 **********
Average Fitness: 0.14666666666666667
Maximum Fitness: 0.43333333333333335
Average Pen Distance: 0.5656586369518861
Maximum Pen Distance: 0.9212378453046046
Average Dog Distance: 0.5349482195074406
Maximum Dog Distance: 0.8702694703779584
Average Sheep Distance: 0.3496295867343615
Maximum Sheep Distance: 0.5040933542557039
Elapsed Time: 3m 43s
********** 80 **********
Average Fitness: 0.151
Maximum Fitness: 0.43333333333333335
Average Pen Distance: 0.5611024014156594
Maximum Pen Distance: 0.9212378453046046
Average Dog Distance: 0.5313001898025778
Maximum Dog Distance: 0.8619542670209799
Average Sheep Distance: 0.3512328724265059
Maximum Sheep Distance: 0.5040933542557039
Elapsed Time: 3m 36s
********** 81 **********
Average Fitness: 0.15066666666666667
Maximum Fitness: 0.43333333333333335
Average Pen Distance: 0.5590766326733171
Maximum Pen Distance: 0.9212378453046046
Average Dog Distance: 0.5258297068403941
Maximum Dog Distance: 0.8619542670209799
Average Sheep Distance: 0.3509959239401623
Maximum Sheep Distance: 0.5040933542557039
Elapsed Time: 3m 53s
********** 82 **********
Average Fitness: 0.14833333333333332
Maximum Fitness: 0.43333333333333335
Average Pen Distance: 0.5655600649149368
Maximum Pen Distance: 0.9212378453046046
Average Dog Distance: 0.5356889210256057
Maximum Dog Distance: 0.8619542670209799
Average Sheep Distance: 0.34707073894995516
Maximum Sheep Distance: 0.5040933542557039
Elapsed Time: 3m 45s
********** 83 **********
Average Fitness: 0.15033333333333332
Maximum Fitness: 0.43333333333333335
Average Pen Distance: 0.5618458771172636
Maximum Pen Distance: 0.9212378453046046
Average Dog Distance: 0.5311235366907325
Maximum Dog Distance: 0.8619542670209799
Average Sheep Distance: 0.3432796159110963
Maximum Sheep Distance: 0.5040933542557039
Elapsed Time: 3m 33s
********** 84 **********
Average Fitness: 0.15266666666666667
Maximum Fitness: 0.43333333333333335
Average Pen Distance: 0.5722860504923761
Maximum Pen Distance: 0.9212378453046046
Average Dog Distance: 0.5362503374591949
Maximum Dog Distance: 0.8619542670209799
Average Sheep Distance: 0.3475065192397588
Maximum Sheep Distance: 0.5040933542557039
Elapsed Time: 3m 29s
********** 85 **********
Average Fitness: 0.15066666666666667
Maximum Fitness: 0.43333333333333335
Average Pen Distance: 0.5761949774308802
Maximum Pen Distance: 0.9212378453046046
Average Dog Distance: 0.5282186717934613
Maximum Dog Distance: 0.8619542670209799
Average Sheep Distance: 0.34829656131197473
Maximum Sheep Distance: 0.5040933542557039
Elapsed Time: 3m 29s
********** 86 **********
Average Fitness: 0.153
Maximum Fitness: 0.43333333333333335
Average Pen Distance: 0.574919797099201
Maximum Pen Distance: 0.9212378453046046
Average Dog Distance: 0.5163503106691967
Maximum Dog Distance: 0.8619542670209799
Average Sheep Distance: 0.3468312666072433
Maximum Sheep Distance: 0.5040933542557039
Elapsed Time: 3m 46s
********** 87 **********
Average Fitness: 0.15600000000000003
Maximum Fitness: 0.43333333333333335
Average Pen Distance: 0.5669759492444404
Maximum Pen Distance: 0.9212378453046046
Average Dog Distance: 0.5158885829604553
Maximum Dog Distance: 0.8619542670209799
Average Sheep Distance: 0.34553784128754467
Maximum Sheep Distance: 0.5040933542557039
Elapsed Time: 4m 7s
********** 88 **********
Average Fitness: 0.16033333333333333
Maximum Fitness: 0.43333333333333335
Average Pen Distance: 0.567259655824802
Maximum Pen Distance: 0.9212378453046046
Average Dog Distance: 0.5197149069415026
Maximum Dog Distance: 0.8619542670209799
Average Sheep Distance: 0.34636006478826814
Maximum Sheep Distance: 0.5040933542557039
Elapsed Time: 3m 36s
********** 89 **********
Average Fitness: 0.16233333333333333
Maximum Fitness: 0.43333333333333335
Average Pen Distance: 0.5613172588079218
Maximum Pen Distance: 0.9212378453046046
Average Dog Distance: 0.5202534260615813
Maximum Dog Distance: 0.8619542670209799
Average Sheep Distance: 0.34605688951111846
Maximum Sheep Distance: 0.5040933542557039
Elapsed Time: 4m 1s
********** 90 **********
Average Fitness: 0.16433333333333333
Maximum Fitness: 0.43333333333333335
Average Pen Distance: 0.5592196699290861
Maximum Pen Distance: 0.9212378453046046
Average Dog Distance: 0.5177680265681979
Maximum Dog Distance: 0.8619542670209799
Average Sheep Distance: 0.34620720003878547
Maximum Sheep Distance: 0.5040933542557039
Elapsed Time: 3m 47s
********** 91 **********
Average Fitness: 0.161
Maximum Fitness: 0.43333333333333335
Average Pen Distance: 0.5657591759845111
Maximum Pen Distance: 0.9212378453046046
Average Dog Distance: 0.5197665821571595
Maximum Dog Distance: 0.8619542670209799
Average Sheep Distance: 0.34460085098126164
Maximum Sheep Distance: 0.5040933542557039
Elapsed Time: 4m 7s
********** 92 **********
Average Fitness: 0.16266666666666665
Maximum Fitness: 0.43333333333333335
Average Pen Distance: 0.5716075875034937
Maximum Pen Distance: 0.9212378453046046
Average Dog Distance: 0.5261903573144704
Maximum Dog Distance: 0.8619542670209799
Average Sheep Distance: 0.34361269671041156
Maximum Sheep Distance: 0.5040933542557039
Elapsed Time: 3m 40s
********** 93 **********
Average Fitness: 0.16266666666666665
Maximum Fitness: 0.43333333333333335
Average Pen Distance: 0.5703754330566164
Maximum Pen Distance: 0.9212378453046046
Average Dog Distance: 0.5267698431378651
Maximum Dog Distance: 0.8619542670209799
Average Sheep Distance: 0.3391729944008167
Maximum Sheep Distance: 0.5040933542557039
Elapsed Time: 3m 32s
********** 94 **********
Average Fitness: 0.163
Maximum Fitness: 0.43333333333333335
Average Pen Distance: 0.5748786922027523
Maximum Pen Distance: 0.9212378453046046
Average Dog Distance: 0.5288333587301929
Maximum Dog Distance: 0.8619542670209799
Average Sheep Distance: 0.3430130055491686
Maximum Sheep Distance: 0.5040933542557039
Elapsed Time: 3m 43s
********** 95 **********
Average Fitness: 0.15966666666666668
Maximum Fitness: 0.43333333333333335
Average Pen Distance: 0.5810138379381005
Maximum Pen Distance: 0.9212378453046046
Average Dog Distance: 0.5342384823134334
Maximum Dog Distance: 0.8619542670209799
Average Sheep Distance: 0.34075160526524656
Maximum Sheep Distance: 0.5040933542557039
Elapsed Time: 3m 57s
********** 96 **********
Average Fitness: 0.15933333333333333
Maximum Fitness: 0.43333333333333335
Average Pen Distance: 0.575313779421268
Maximum Pen Distance: 0.9212378453046046
Average Dog Distance: 0.5293571355220521
Maximum Dog Distance: 0.8619542670209799
Average Sheep Distance: 0.3404762178269665
Maximum Sheep Distance: 0.5040933542557039
Elapsed Time: 3m 43s
********** 97 **********
Average Fitness: 0.15966666666666668
Maximum Fitness: 0.43333333333333335
Average Pen Distance: 0.5816300210251713
Maximum Pen Distance: 0.9212378453046046
Average Dog Distance: 0.5252135366807902
Maximum Dog Distance: 0.8619542670209799
Average Sheep Distance: 0.34281816327803777
Maximum Sheep Distance: 0.5040933542557039
Elapsed Time: 3m 44s
********** 98 **********
Average Fitness: 0.154
Maximum Fitness: 0.43333333333333335
Average Pen Distance: 0.5769458038437464
Maximum Pen Distance: 0.9212378453046046
Average Dog Distance: 0.517632663459316
Maximum Dog Distance: 0.8619542670209799
Average Sheep Distance: 0.34334078078186286
Maximum Sheep Distance: 0.5040933542557039
Elapsed Time: 3m 53s
********** 99 **********
Average Fitness: 0.15533333333333335
Maximum Fitness: 0.43333333333333335
Average Pen Distance: 0.5784778421806639
Maximum Pen Distance: 0.9230352590049314
Average Dog Distance: 0.5239690952405703
Maximum Dog Distance: 0.8619542670209799
Average Sheep Distance: 0.3460413137994769
Maximum Sheep Distance: 0.5040933542557039
Elapsed Time: 4m 5s
********** 100 **********
Average Fitness: 0.15833333333333333
Maximum Fitness: 0.43333333333333335
Average Pen Distance: 0.5843649570892265
Maximum Pen Distance: 0.9230352590049314
Average Dog Distance: 0.5249282627869492
Maximum Dog Distance: 0.8619542670209799
Average Sheep Distance: 0.3448240508371761
Maximum Sheep Distance: 0.5040933542557039
Elapsed Time: 3m 43s
********** 1 **********
Average Fitness: 0.05466666666666666
Maximum Fitness: 0.23333333333333336
Average Pen Distance: 0.5684492223654574
Maximum Pen Distance: 0.8081127597797604
Average Dog Distance: 0.6109968321068746
Maximum Dog Distance: 0.8119816104253436
Average Sheep Distance: 0.3321078466584674
Maximum Sheep Distance: 0.4505651570548026
Elapsed Time: 7m 50s
********** 2 **********
Average Fitness: 0.07066666666666666
Maximum Fitness: 0.3333333333333333
Average Pen Distance: 0.5712530372560405
Maximum Pen Distance: 0.8196120695589281
Average Dog Distance: 0.6083335033273718
Maximum Dog Distance: 0.8119816104253436
Average Sheep Distance: 0.33591480554205355
Maximum Sheep Distance: 0.4792524057160256
Elapsed Time: 4m 9s
********** 3 **********
Average Fitness: 0.08433333333333332
Maximum Fitness: 0.3333333333333333
Average Pen Distance: 0.565567174063421
Maximum Pen Distance: 0.8350050591601638
Average Dog Distance: 0.606645597828641
Maximum Dog Distance: 0.827543045095195
Average Sheep Distance: 0.33584225146242586
Maximum Sheep Distance: 0.4792524057160256
Elapsed Time: 4m 12s
********** 4 **********
Average Fitness: 0.08666666666666666
Maximum Fitness: 0.3333333333333333
Average Pen Distance: 0.5665757473691562
Maximum Pen Distance: 0.8350050591601638
Average Dog Distance: 0.5984775939343197
Maximum Dog Distance: 0.827543045095195
Average Sheep Distance: 0.3370011246828116
Maximum Sheep Distance: 0.4792524057160256
Elapsed Time: 4m 13s
********** 5 **********
Average Fitness: 0.09466666666666665
Maximum Fitness: 0.3333333333333333
Average Pen Distance: 0.5633095305193331
Maximum Pen Distance: 0.8439333991915002
Average Dog Distance: 0.5906040366250283
Maximum Dog Distance: 0.827543045095195
Average Sheep Distance: 0.337026772915429
Maximum Sheep Distance: 0.4792524057160256
Elapsed Time: 4m 18s
********** 6 **********
Average Fitness: 0.09933333333333332
Maximum Fitness: 0.3333333333333333
Average Pen Distance: 0.5654438723109467
Maximum Pen Distance: 0.8350050591601638
Average Dog Distance: 0.5807928313654057
Maximum Dog Distance: 0.827543045095195
Average Sheep Distance: 0.34117184292139263
Maximum Sheep Distance: 0.4792524057160256
Elapsed Time: 3m 49s
********** 7 **********
Average Fitness: 0.10533333333333333
Maximum Fitness: 0.3333333333333333
Average Pen Distance: 0.5587504011350422
Maximum Pen Distance: 0.8350050591601638
Average Dog Distance: 0.5908763035219586
Maximum Dog Distance: 0.827543045095195
Average Sheep Distance: 0.3381292136297851
Maximum Sheep Distance: 0.4792524057160256
Elapsed Time: 4m 1s
********** 8 **********
Average Fitness: 0.103
Maximum Fitness: 0.3333333333333333
Average Pen Distance: 0.5634970572359811
Maximum Pen Distance: 0.8313354089433961
Average Dog Distance: 0.5758484345072681
Maximum Dog Distance: 0.827543045095195
Average Sheep Distance: 0.335689633592144
Maximum Sheep Distance: 0.4792524057160256
Elapsed Time: 4m 15s
********** 9 **********
Average Fitness: 0.10600000000000001
Maximum Fitness: 0.3333333333333333
Average Pen Distance: 0.5596895022891514
Maximum Pen Distance: 0.8313354089433961
Average Dog Distance: 0.5782344854031085
Maximum Dog Distance: 0.827543045095195
Average Sheep Distance: 0.3400126215685065
Maximum Sheep Distance: 0.4792524057160256
Elapsed Time: 4m 19s
********** 10 **********
Average Fitness: 0.11199999999999997
Maximum Fitness: 0.3333333333333333
Average Pen Distance: 0.5572048871797809
Maximum Pen Distance: 0.8313354089433961
Average Dog Distance: 0.5784463186881775
Maximum Dog Distance: 0.827543045095195
Average Sheep Distance: 0.34030857053901015
Maximum Sheep Distance: 0.4792524057160256
Elapsed Time: 4m 11s
********** 11 **********
Average Fitness: 0.11266666666666665
Maximum Fitness: 0.3333333333333333
Average Pen Distance: 0.5611864162658532
Maximum Pen Distance: 0.82992111266981
Average Dog Distance: 0.574270449865842
Maximum Dog Distance: 0.8023559067902326
Average Sheep Distance: 0.3430487401716727
Maximum Sheep Distance: 0.4792524057160256
Elapsed Time: 3m 56s
********** 12 **********
Average Fitness: 0.11000000000000001
Maximum Fitness: 0.3333333333333333
Average Pen Distance: 0.557956990943119
Maximum Pen Distance: 0.82992111266981
Average Dog Distance: 0.5596289912637655
Maximum Dog Distance: 0.8023559067902326
Average Sheep Distance: 0.34233459158173246
Maximum Sheep Distance: 0.4792524057160256
Elapsed Time: 3m 52s
********** 13 **********
Average Fitness: 0.11266666666666668
Maximum Fitness: 0.3333333333333333
Average Pen Distance: 0.5591606741177718
Maximum Pen Distance: 0.82992111266981
Average Dog Distance: 0.5671516349314214
Maximum Dog Distance: 0.8060828529559506
Average Sheep Distance: 0.3438961760882117
Maximum Sheep Distance: 0.4792524057160256
Elapsed Time: 3m 55s
********** 14 **********
Average Fitness: 0.11433333333333334
Maximum Fitness: 0.3333333333333333
Average Pen Distance: 0.5526314306140655
Maximum Pen Distance: 0.8707572877224224
Average Dog Distance: 0.5684438544570986
Maximum Dog Distance: 0.8060828529559506
Average Sheep Distance: 0.3414184876374431
Maximum Sheep Distance: 0.4792524057160256
Elapsed Time: 3m 49s
********** 15 **********
Average Fitness: 0.11866666666666666
Maximum Fitness: 0.3333333333333333
Average Pen Distance: 0.5501649424650101
Maximum Pen Distance: 0.8707572877224224
Average Dog Distance: 0.5732879644620715
Maximum Dog Distance: 0.8060828529559506
Average Sheep Distance: 0.3413382547895234
Maximum Sheep Distance: 0.4792524057160256
Elapsed Time: 3m 48s
********** 16 **********
Average Fitness: 0.11933333333333333
Maximum Fitness: 0.3333333333333333
Average Pen Distance: 0.5580728478788177
Maximum Pen Distance: 0.8707572877224224
Average Dog Distance: 0.5792947836976573
Maximum Dog Distance: 0.8060828529559506
Average Sheep Distance: 0.3421021243761056
Maximum Sheep Distance: 0.4792524057160256
Elapsed Time: 3m 40s
********** 17 **********
Average Fitness: 0.12299999999999998
Maximum Fitness: 0.3333333333333333
Average Pen Distance: 0.5600808467385368
Maximum Pen Distance: 0.8707572877224224
Average Dog Distance: 0.5783347339558003
Maximum Dog Distance: 0.8060828529559506
Average Sheep Distance: 0.343835671173121
Maximum Sheep Distance: 0.4792524057160256
Elapsed Time: 4m 14s
********** 18 **********
Average Fitness: 0.12433333333333332
Maximum Fitness: 0.3333333333333333
Average Pen Distance: 0.5587823931571434
Maximum Pen Distance: 0.8707572877224224
Average Dog Distance: 0.5759666659954426
Maximum Dog Distance: 0.8687286389186658
Average Sheep Distance: 0.3433780143900574
Maximum Sheep Distance: 0.4792524057160256
Elapsed Time: 3m 56s
********** 19 **********
Average Fitness: 0.126
Maximum Fitness: 0.3333333333333333
Average Pen Distance: 0.5625920162847132
Maximum Pen Distance: 0.8707572877224224
Average Dog Distance: 0.5866720237430215
Maximum Dog Distance: 0.8687286389186658
Average Sheep Distance: 0.34067709561655524
Maximum Sheep Distance: 0.4651065465976825
Elapsed Time: 4m 10s
********** 20 **********
Average Fitness: 0.12733333333333333
Maximum Fitness: 0.3333333333333333
Average Pen Distance: 0.5629199811038
Maximum Pen Distance: 0.8707572877224224
Average Dog Distance: 0.5849273221461565
Maximum Dog Distance: 0.8687286389186658
Average Sheep Distance: 0.34014978127257195
Maximum Sheep Distance: 0.4651065465976825
Elapsed Time: 3m 54s
********** 21 **********
Average Fitness: 0.12933333333333333
Maximum Fitness: 0.3333333333333333
Average Pen Distance: 0.5596319486177078
Maximum Pen Distance: 0.8707572877224224
Average Dog Distance: 0.5801803934017663
Maximum Dog Distance: 0.8687286389186658
Average Sheep Distance: 0.33638409543632997
Maximum Sheep Distance: 0.4651065465976825
Elapsed Time: 4m 12s
********** 22 **********
Average Fitness: 0.13333333333333333
Maximum Fitness: 0.3333333333333333
Average Pen Distance: 0.552542980601196
Maximum Pen Distance: 0.8707572877224224
Average Dog Distance: 0.5747812778414698
Maximum Dog Distance: 0.8331507675412843
Average Sheep Distance: 0.3373280257098154
Maximum Sheep Distance: 0.4651065465976825
Elapsed Time: 3m 51s
********** 23 **********
Average Fitness: 0.13466666666666666
Maximum Fitness: 0.3333333333333333
Average Pen Distance: 0.5554553033339588
Maximum Pen Distance: 0.8707572877224224
Average Dog Distance: 0.5768465182803072
Maximum Dog Distance: 0.8331507675412843
Average Sheep Distance: 0.3416648519152075
Maximum Sheep Distance: 0.4651065465976825
Elapsed Time: 3m 49s
********** 24 **********
Average Fitness: 0.13433333333333333
Maximum Fitness: 0.3333333333333333
Average Pen Distance: 0.5603910329720482
Maximum Pen Distance: 0.8707572877224224
Average Dog Distance: 0.5717687675885291
Maximum Dog Distance: 0.8331507675412843
Average Sheep Distance: 0.3445479344638279
Maximum Sheep Distance: 0.4651065465976825
Elapsed Time: 3m 48s
********** 25 **********
Average Fitness: 0.13266666666666665
Maximum Fitness: 0.3333333333333333
Average Pen Distance: 0.5655151731491496
Maximum Pen Distance: 0.8707572877224224
Average Dog Distance: 0.5670517293783742
Maximum Dog Distance: 0.8331507675412843
Average Sheep Distance: 0.3408085513656139
Maximum Sheep Distance: 0.4651065465976825
Elapsed Time: 3m 46s
********** 26 **********
Average Fitness: 0.13333333333333333
Maximum Fitness: 0.3333333333333333
Average Pen Distance: 0.5656743541517095
Maximum Pen Distance: 0.8707572877224224
Average Dog Distance: 0.5719556007057698
Maximum Dog Distance: 0.8701671246919381
Average Sheep Distance: 0.34123410902759227
Maximum Sheep Distance: 0.48650483264571004
Elapsed Time: 3m 35s
********** 27 **********
Average Fitness: 0.13299999999999998
Maximum Fitness: 0.3333333333333333
Average Pen Distance: 0.5619971251993232
Maximum Pen Distance: 0.8707572877224224
Average Dog Distance: 0.5704116197199132
Maximum Dog Distance: 0.8701671246919381
Average Sheep Distance: 0.33776856161942914
Maximum Sheep Distance: 0.48650483264571004
Elapsed Time: 4m 18s
********** 28 **********
Average Fitness: 0.13233333333333333
Maximum Fitness: 0.3333333333333333
Average Pen Distance: 0.5687177046597703
Maximum Pen Distance: 0.8707572877224224
Average Dog Distance: 0.5737266839356507
Maximum Dog Distance: 0.8701671246919381
Average Sheep Distance: 0.3364609216816686
Maximum Sheep Distance: 0.48650483264571004
Elapsed Time: 4m 22s
********** 29 **********
Average Fitness: 0.135
Maximum Fitness: 0.3333333333333333
Average Pen Distance: 0.5695905624206256
Maximum Pen Distance: 0.8707572877224224
Average Dog Distance: 0.5775936723251414
Maximum Dog Distance: 0.8701671246919381
Average Sheep Distance: 0.3356298399373508
Maximum Sheep Distance: 0.4651065465976825
Elapsed Time: 4m 20s
********** 30 **********
Average Fitness: 0.13666666666666666
Maximum Fitness: 0.3333333333333333
Average Pen Distance: 0.5690230675553313
Maximum Pen Distance: 0.8707572877224224
Average Dog Distance: 0.5786751625264283
Maximum Dog Distance: 0.8701671246919381
Average Sheep Distance: 0.3379213451664691
Maximum Sheep Distance: 0.4651065465976825
Elapsed Time: 4m 0s
********** 31 **********
Average Fitness: 0.1383333333333333
Maximum Fitness: 0.3333333333333333
Average Pen Distance: 0.5642690250641936
Maximum Pen Distance: 0.8707572877224224
Average Dog Distance: 0.5801343561137642
Maximum Dog Distance: 0.8701671246919381
Average Sheep Distance: 0.33544743736213006
Maximum Sheep Distance: 0.4651065465976825
Elapsed Time: 3m 36s
********** 32 **********
Average Fitness: 0.1366666666666667
Maximum Fitness: 0.3333333333333333
Average Pen Distance: 0.558434565076824
Maximum Pen Distance: 0.8707572877224224
Average Dog Distance: 0.5783826494126431
Maximum Dog Distance: 0.8701671246919381
Average Sheep Distance: 0.33481835913170244
Maximum Sheep Distance: 0.4651065465976825
Elapsed Time: 3m 56s
********** 33 **********
Average Fitness: 0.137
Maximum Fitness: 0.3333333333333333
Average Pen Distance: 0.5549882632831266
Maximum Pen Distance: 0.8707572877224224
Average Dog Distance: 0.5720158391080914
Maximum Dog Distance: 0.8701671246919381
Average Sheep Distance: 0.33592415049885543
Maximum Sheep Distance: 0.4651065465976825
Elapsed Time: 4m 36s
********** 34 **********
Average Fitness: 0.13866666666666666
Maximum Fitness: 0.3333333333333333
Average Pen Distance: 0.550631313138944
Maximum Pen Distance: 0.8707572877224224
Average Dog Distance: 0.5714816488502589
Maximum Dog Distance: 0.8701671246919381
Average Sheep Distance: 0.33272027479937205
Maximum Sheep Distance: 0.4651065465976825
Elapsed Time: 3m 59s
********** 35 **********
Average Fitness: 0.13966666666666666
Maximum Fitness: 0.3333333333333333
Average Pen Distance: 0.5509642675486345
Maximum Pen Distance: 0.8707572877224224
Average Dog Distance: 0.5684800281329012
Maximum Dog Distance: 0.8701671246919381
Average Sheep Distance: 0.33202379016968864
Maximum Sheep Distance: 0.4651065465976825
Elapsed Time: 4m 8s
********** 36 **********
Average Fitness: 0.13399999999999998
Maximum Fitness: 0.3333333333333333
Average Pen Distance: 0.5669987572572098
Maximum Pen Distance: 0.8707572877224224
Average Dog Distance: 0.5747349600997826
Maximum Dog Distance: 0.8899691197961163
Average Sheep Distance: 0.33499064874434725
Maximum Sheep Distance: 0.4705287228426817
Elapsed Time: 3m 37s
********** 37 **********
Average Fitness: 0.13299999999999998
Maximum Fitness: 0.3333333333333333
Average Pen Distance: 0.5745399100996377
Maximum Pen Distance: 0.8707572877224224
Average Dog Distance: 0.574606597096098
Maximum Dog Distance: 0.8899691197961163
Average Sheep Distance: 0.33848615618550165
Maximum Sheep Distance: 0.4705287228426817
Elapsed Time: 4m 5s
********** 38 **********
Average Fitness: 0.13766666666666666
Maximum Fitness: 0.3333333333333333
Average Pen Distance: 0.567240520033133
Maximum Pen Distance: 0.8707572877224224
Average Dog Distance: 0.5781399302764657
Maximum Dog Distance: 0.8899691197961163
Average Sheep Distance: 0.3397010562833418
Maximum Sheep Distance: 0.4705287228426817
Elapsed Time: 4m 14s
********** 39 **********
Average Fitness: 0.13399999999999998
Maximum Fitness: 0.3333333333333333
Average Pen Distance: 0.5739001968070374
Maximum Pen Distance: 0.8707572877224224
Average Dog Distance: 0.5725648545496009
Maximum Dog Distance: 0.8899691197961163
Average Sheep Distance: 0.33987600275724916
Maximum Sheep Distance: 0.4705287228426817
Elapsed Time: 4m 4s
********** 40 **********
Average Fitness: 0.14033333333333334
Maximum Fitness: 0.3333333333333333
Average Pen Distance: 0.5684186804222708
Maximum Pen Distance: 0.8707572877224224
Average Dog Distance: 0.5713732971191945
Maximum Dog Distance: 0.8899691197961163
Average Sheep Distance: 0.3404358468454847
Maximum Sheep Distance: 0.4705287228426817
Elapsed Time: 3m 53s
********** 41 **********
Average Fitness: 0.13799999999999998
Maximum Fitness: 0.3333333333333333
Average Pen Distance: 0.5738895379555058
Maximum Pen Distance: 0.8707572877224224
Average Dog Distance: 0.5669167391216665
Maximum Dog Distance: 0.8899691197961163
Average Sheep Distance: 0.3400638163373356
Maximum Sheep Distance: 0.4705287228426817
Elapsed Time: 4m 1s
********** 42 **********
Average Fitness: 0.13699999999999998
Maximum Fitness: 0.3333333333333333
Average Pen Distance: 0.5747719544575771
Maximum Pen Distance: 0.9071945175673886
Average Dog Distance: 0.5664209896663552
Maximum Dog Distance: 0.8899691197961163
Average Sheep Distance: 0.3412484661777358
Maximum Sheep Distance: 0.49769639392217574
Elapsed Time: 3m 56s
********** 43 **********
Average Fitness: 0.14066666666666666
Maximum Fitness: 0.3333333333333333
Average Pen Distance: 0.5709934859489267
Maximum Pen Distance: 0.9071945175673886
Average Dog Distance: 0.5636095894748457
Maximum Dog Distance: 0.8899691197961163
Average Sheep Distance: 0.3402621788300384
Maximum Sheep Distance: 0.49769639392217574
Elapsed Time: 3m 47s
********** 44 **********
Average Fitness: 0.13966666666666666
Maximum Fitness: 0.3333333333333333
Average Pen Distance: 0.5690089920081502
Maximum Pen Distance: 0.9071945175673886
Average Dog Distance: 0.5661803895651124
Maximum Dog Distance: 0.8899691197961163
Average Sheep Distance: 0.3391000084035733
Maximum Sheep Distance: 0.49769639392217574
Elapsed Time: 3m 52s
********** 45 **********
Average Fitness: 0.139
Maximum Fitness: 0.3333333333333333
Average Pen Distance: 0.5725730612761533
Maximum Pen Distance: 0.9071945175673886
Average Dog Distance: 0.5667229485534506
Maximum Dog Distance: 0.8899691197961163
Average Sheep Distance: 0.3362568467072958
Maximum Sheep Distance: 0.49769639392217574
Elapsed Time: 4m 4s
********** 46 **********
Average Fitness: 0.13966666666666666
Maximum Fitness: 0.3333333333333333
Average Pen Distance: 0.5658733070396912
Maximum Pen Distance: 0.9071945175673886
Average Dog Distance: 0.5679017099933588
Maximum Dog Distance: 0.8899691197961163
Average Sheep Distance: 0.3366664702031037
Maximum Sheep Distance: 0.49769639392217574
Elapsed Time: 4m 0s
********** 47 **********
Average Fitness: 0.1383333333333333
Maximum Fitness: 0.3333333333333333
Average Pen Distance: 0.5662658261666932
Maximum Pen Distance: 0.9071945175673886
Average Dog Distance: 0.5635261032777231
Maximum Dog Distance: 0.8899691197961163
Average Sheep Distance: 0.34300764718150956
Maximum Sheep Distance: 0.49769639392217574
Elapsed Time: 4m 9s
********** 48 **********
Average Fitness: 0.1383333333333333
Maximum Fitness: 0.3333333333333333
Average Pen Distance: 0.5675696518137578
Maximum Pen Distance: 0.9071945175673886
Average Dog Distance: 0.5676309222670762
Maximum Dog Distance: 0.8899691197961163
Average Sheep Distance: 0.3449555189793069
Maximum Sheep Distance: 0.49769639392217574
Elapsed Time: 4m 11s
********** 49 **********
Average Fitness: 0.14
Maximum Fitness: 0.3333333333333333
Average Pen Distance: 0.5644201748937774
Maximum Pen Distance: 0.9071945175673886
Average Dog Distance: 0.5584353660564697
Maximum Dog Distance: 0.8899691197961163
Average Sheep Distance: 0.34478900951454916
Maximum Sheep Distance: 0.49769639392217574
Elapsed Time: 4m 1s
********** 50 **********
Average Fitness: 0.139
Maximum Fitness: 0.3333333333333333
Average Pen Distance: 0.5592573587872101
Maximum Pen Distance: 0.9071945175673886
Average Dog Distance: 0.5547308375254272
Maximum Dog Distance: 0.890374429295672
Average Sheep Distance: 0.3415074453498977
Maximum Sheep Distance: 0.49769639392217574
Elapsed Time: 3m 49s
********** 51 **********
Average Fitness: 0.139
Maximum Fitness: 0.3333333333333333
Average Pen Distance: 0.5615267002297447
Maximum Pen Distance: 0.9071945175673886
Average Dog Distance: 0.5544596934328802
Maximum Dog Distance: 0.890374429295672
Average Sheep Distance: 0.3421634799974821
Maximum Sheep Distance: 0.49769639392217574
Elapsed Time: 4m 12s
********** 52 **********
Average Fitness: 0.13933333333333334
Maximum Fitness: 0.3333333333333333
Average Pen Distance: 0.5715965604104917
Maximum Pen Distance: 0.9071945175673886
Average Dog Distance: 0.5605059483123562
Maximum Dog Distance: 0.890374429295672
Average Sheep Distance: 0.34338741692930497
Maximum Sheep Distance: 0.49769639392217574
Elapsed Time: 3m 45s
********** 53 **********
Average Fitness: 0.14166666666666666
Maximum Fitness: 0.3333333333333333
Average Pen Distance: 0.5752578327847425
Maximum Pen Distance: 0.9071945175673886
Average Dog Distance: 0.5589606121706914
Maximum Dog Distance: 0.890374429295672
Average Sheep Distance: 0.3445101350886841
Maximum Sheep Distance: 0.5245977430240291
Elapsed Time: 4m 6s
********** 54 **********
Average Fitness: 0.13966666666666666
Maximum Fitness: 0.3333333333333333
Average Pen Distance: 0.5756833305551736
Maximum Pen Distance: 0.9071945175673886
Average Dog Distance: 0.5520405205202779
Maximum Dog Distance: 0.890374429295672
Average Sheep Distance: 0.34417131334942236
Maximum Sheep Distance: 0.5245977430240291
Elapsed Time: 4m 2s
********** 55 **********
Average Fitness: 0.13866666666666666
Maximum Fitness: 0.3333333333333333
Average Pen Distance: 0.5797344078827179
Maximum Pen Distance: 0.9071945175673886
Average Dog Distance: 0.5600643936897799
Maximum Dog Distance: 0.890374429295672
Average Sheep Distance: 0.3418027238655069
Maximum Sheep Distance: 0.5245977430240291
Elapsed Time: 4m 6s
********** 56 **********
Average Fitness: 0.14200000000000002
Maximum Fitness: 0.3333333333333333
Average Pen Distance: 0.5674172812386581
Maximum Pen Distance: 0.9071945175673886
Average Dog Distance: 0.5607574646729111
Maximum Dog Distance: 0.890374429295672
Average Sheep Distance: 0.3421335354471751
Maximum Sheep Distance: 0.5245977430240291
Elapsed Time: 3m 57s
********** 57 **********
Average Fitness: 0.141
Maximum Fitness: 0.3333333333333333
Average Pen Distance: 0.5664519059554372
Maximum Pen Distance: 0.9071945175673886
Average Dog Distance: 0.5578188999006326
Maximum Dog Distance: 0.890374429295672
Average Sheep Distance: 0.3403129046542589
Maximum Sheep Distance: 0.5245977430240291
Elapsed Time: 3m 38s
********** 58 **********
Average Fitness: 0.13933333333333334
Maximum Fitness: 0.3333333333333333
Average Pen Distance: 0.5690918691120607
Maximum Pen Distance: 0.9071945175673886
Average Dog Distance: 0.5603049634337445
Maximum Dog Distance: 0.890374429295672
Average Sheep Distance: 0.3384432962340408
Maximum Sheep Distance: 0.5245977430240291
Elapsed Time: 3m 56s
********** 59 **********
Average Fitness: 0.14200000000000002
Maximum Fitness: 0.3333333333333333
Average Pen Distance: 0.5720717836454323
Maximum Pen Distance: 0.9071945175673886
Average Dog Distance: 0.5610600721802289
Maximum Dog Distance: 0.890374429295672
Average Sheep Distance: 0.3386645789061549
Maximum Sheep Distance: 0.5245977430240291
Elapsed Time: 3m 48s
********** 60 **********
Average Fitness: 0.15066666666666664
Maximum Fitness: 0.3333333333333333
Average Pen Distance: 0.561310273832235
Maximum Pen Distance: 0.9071945175673886
Average Dog Distance: 0.5606257029631654
Maximum Dog Distance: 0.890374429295672
Average Sheep Distance: 0.3377970125865582
Maximum Sheep Distance: 0.5245977430240291
Elapsed Time: 4m 1s
********** 61 **********
Average Fitness: 0.15133333333333332
Maximum Fitness: 0.3333333333333333
Average Pen Distance: 0.5645980569209021
Maximum Pen Distance: 0.9071945175673886
Average Dog Distance: 0.5598177863191046
Maximum Dog Distance: 0.890374429295672
Average Sheep Distance: 0.33936314992565114
Maximum Sheep Distance: 0.5245977430240291
Elapsed Time: 3m 54s
********** 62 **********
Average Fitness: 0.154
Maximum Fitness: 0.3333333333333333
Average Pen Distance: 0.5625898080833154
Maximum Pen Distance: 0.9071945175673886
Average Dog Distance: 0.5517229021786553
Maximum Dog Distance: 0.890374429295672
Average Sheep Distance: 0.3416497859594304
Maximum Sheep Distance: 0.5245977430240291
Elapsed Time: 3m 29s
********** 63 **********
Average Fitness: 0.155
Maximum Fitness: 0.3333333333333333
Average Pen Distance: 0.5571506890067357
Maximum Pen Distance: 0.9071945175673886
Average Dog Distance: 0.5520292199136303
Maximum Dog Distance: 0.890374429295672
Average Sheep Distance: 0.33835202409693194
Maximum Sheep Distance: 0.5245977430240291
Elapsed Time: 3m 32s
********** 64 **********
Average Fitness: 0.154
Maximum Fitness: 0.3333333333333333
Average Pen Distance: 0.5629093468069396
Maximum Pen Distance: 0.9071945175673886
Average Dog Distance: 0.553102751107855
Maximum Dog Distance: 0.890374429295672
Average Sheep Distance: 0.3393030988537458
Maximum Sheep Distance: 0.5245977430240291
Elapsed Time: 3m 38s
********** 65 **********
Average Fitness: 0.154
Maximum Fitness: 0.3333333333333333
Average Pen Distance: 0.5661784530512635
Maximum Pen Distance: 0.9071945175673886
Average Dog Distance: 0.5535861031555128
Maximum Dog Distance: 0.890374429295672
Average Sheep Distance: 0.34049033029299564
Maximum Sheep Distance: 0.5245977430240291
Elapsed Time: 3m 55s
********** 66 **********
Average Fitness: 0.15366666666666667
Maximum Fitness: 0.3333333333333333
Average Pen Distance: 0.5671912779762789
Maximum Pen Distance: 0.9071945175673886
Average Dog Distance: 0.5563042455763665
Maximum Dog Distance: 0.890374429295672
Average Sheep Distance: 0.34073464628000766
Maximum Sheep Distance: 0.5245977430240291
Elapsed Time: 4m 9s
********** 67 **********
Average Fitness: 0.15133333333333335
Maximum Fitness: 0.3333333333333333
Average Pen Distance: 0.5650613927024563
Maximum Pen Distance: 0.9071945175673886
Average Dog Distance: 0.5484600296705436
Maximum Dog Distance: 0.890374429295672
Average Sheep Distance: 0.3427833906828881
Maximum Sheep Distance: 0.5245977430240291
Elapsed Time: 4m 24s
********** 68 **********
Average Fitness: 0.14966666666666667
Maximum Fitness: 0.3333333333333333
Average Pen Distance: 0.5671048301346294
Maximum Pen Distance: 0.9071945175673886
Average Dog Distance: 0.5493851969117185
Maximum Dog Distance: 0.890374429295672
Average Sheep Distance: 0.34010426664134513
Maximum Sheep Distance: 0.5245977430240291
Elapsed Time: 4m 3s
********** 69 **********
Average Fitness: 0.15266666666666664
Maximum Fitness: 0.3333333333333333
Average Pen Distance: 0.574619225927452
Maximum Pen Distance: 0.9071945175673886
Average Dog Distance: 0.5427365548820189
Maximum Dog Distance: 0.890374429295672
Average Sheep Distance: 0.3427058803097573
Maximum Sheep Distance: 0.5245977430240291
Elapsed Time: 3m 55s
********** 70 **********
Average Fitness: 0.15033333333333332
Maximum Fitness: 0.3333333333333333
Average Pen Distance: 0.5745210641823701
Maximum Pen Distance: 0.9071945175673886
Average Dog Distance: 0.5375884998347508
Maximum Dog Distance: 0.890374429295672
Average Sheep Distance: 0.3423196139320747
Maximum Sheep Distance: 0.5245977430240291
Elapsed Time: 3m 39s
********** 71 **********
Average Fitness: 0.153
Maximum Fitness: 0.3333333333333333
Average Pen Distance: 0.5756788735842253
Maximum Pen Distance: 0.9071945175673886
Average Dog Distance: 0.5360392107081239
Maximum Dog Distance: 0.890374429295672
Average Sheep Distance: 0.33787699550080524
Maximum Sheep Distance: 0.5245977430240291
Elapsed Time: 3m 38s
********** 72 **********
Average Fitness: 0.15433333333333335
Maximum Fitness: 0.3333333333333333
Average Pen Distance: 0.5645573654664174
Maximum Pen Distance: 0.9071945175673886
Average Dog Distance: 0.5402033588068353
Maximum Dog Distance: 0.890374429295672
Average Sheep Distance: 0.33860115641146643
Maximum Sheep Distance: 0.5245977430240291
Elapsed Time: 3m 39s
********** 73 **********
Average Fitness: 0.153
Maximum Fitness: 0.3333333333333333
Average Pen Distance: 0.5676396439864421
Maximum Pen Distance: 0.9071945175673886
Average Dog Distance: 0.5429186714260836
Maximum Dog Distance: 0.890374429295672
Average Sheep Distance: 0.3434946740253681
Maximum Sheep Distance: 0.5245977430240291
Elapsed Time: 3m 51s
********** 74 **********
Average Fitness: 0.15533333333333332
Maximum Fitness: 0.3333333333333333
Average Pen Distance: 0.5687441169654099
Maximum Pen Distance: 0.9071945175673886
Average Dog Distance: 0.5430992209495404
Maximum Dog Distance: 0.890374429295672
Average Sheep Distance: 0.3437687737155934
Maximum Sheep Distance: 0.5245977430240291
Elapsed Time: 3m 58s
********** 75 **********
Average Fitness: 0.15633333333333332
Maximum Fitness: 0.3333333333333333
Average Pen Distance: 0.574208373057809
Maximum Pen Distance: 0.9071945175673886
Average Dog Distance: 0.5436840355055828
Maximum Dog Distance: 0.890374429295672
Average Sheep Distance: 0.3448462809304194
Maximum Sheep Distance: 0.5245977430240291
Elapsed Time: 3m 51s
********** 76 **********
Average Fitness: 0.159
Maximum Fitness: 0.3333333333333333
Average Pen Distance: 0.5717444360680751
Maximum Pen Distance: 0.9071945175673886
Average Dog Distance: 0.5494655576193089
Maximum Dog Distance: 0.890374429295672
Average Sheep Distance: 0.3468613723831608
Maximum Sheep Distance: 0.5245977430240291
Elapsed Time: 3m 38s
********** 77 **********
Average Fitness: 0.16133333333333333
Maximum Fitness: 0.3333333333333333
Average Pen Distance: 0.5673168352464056
Maximum Pen Distance: 0.9071945175673886
Average Dog Distance: 0.5486051249569749
Maximum Dog Distance: 0.890374429295672
Average Sheep Distance: 0.34731735116302104
Maximum Sheep Distance: 0.5245977430240291
Elapsed Time: 3m 59s
********** 78 **********
Average Fitness: 0.16133333333333333
Maximum Fitness: 0.3333333333333333
Average Pen Distance: 0.5727325410114068
Maximum Pen Distance: 0.9071945175673886
Average Dog Distance: 0.5479246282454977
Maximum Dog Distance: 0.890374429295672
Average Sheep Distance: 0.3463787386717169
Maximum Sheep Distance: 0.5245977430240291
Elapsed Time: 4m 4s
********** 79 **********
Average Fitness: 0.16
Maximum Fitness: 0.3333333333333333
Average Pen Distance: 0.5753041858572939
Maximum Pen Distance: 0.9071945175673886
Average Dog Distance: 0.5502489289794548
Maximum Dog Distance: 0.890374429295672
Average Sheep Distance: 0.34678140385702605
Maximum Sheep Distance: 0.5245977430240291
Elapsed Time: 4m 3s
********** 80 **********
Average Fitness: 0.162
Maximum Fitness: 0.3333333333333333
Average Pen Distance: 0.5761092270697317
Maximum Pen Distance: 0.9071945175673886
Average Dog Distance: 0.5448086084793688
Maximum Dog Distance: 0.890374429295672
Average Sheep Distance: 0.3484733193907874
Maximum Sheep Distance: 0.5245977430240291
Elapsed Time: 3m 47s
********** 81 **********
Average Fitness: 0.16166666666666668
Maximum Fitness: 0.3333333333333333
Average Pen Distance: 0.5816935092378221
Maximum Pen Distance: 0.9071945175673886
Average Dog Distance: 0.5349599023773756
Maximum Dog Distance: 0.890374429295672
Average Sheep Distance: 0.34836939129993993
Maximum Sheep Distance: 0.5245977430240291
Elapsed Time: 3m 41s
********** 82 **********
Average Fitness: 0.16266666666666668
Maximum Fitness: 0.3333333333333333
Average Pen Distance: 0.5762108776477026
Maximum Pen Distance: 0.9071945175673886
Average Dog Distance: 0.5259845943474353
Maximum Dog Distance: 0.890374429295672
Average Sheep Distance: 0.3502003280382322
Maximum Sheep Distance: 0.5245977430240291
Elapsed Time: 3m 34s
********** 83 **********
Average Fitness: 0.1653333333333333
Maximum Fitness: 0.3333333333333333
Average Pen Distance: 0.5700813977761033
Maximum Pen Distance: 0.9071945175673886
Average Dog Distance: 0.5260996297187167
Maximum Dog Distance: 0.890374429295672
Average Sheep Distance: 0.3487414094376019
Maximum Sheep Distance: 0.5245977430240291
Elapsed Time: 4m 8s
********** 84 **********
Average Fitness: 0.166
Maximum Fitness: 0.3333333333333333
Average Pen Distance: 0.563739489102137
Maximum Pen Distance: 0.9071945175673886
Average Dog Distance: 0.5215975380774026
Maximum Dog Distance: 0.890374429295672
Average Sheep Distance: 0.34861355607591926
Maximum Sheep Distance: 0.5245977430240291
Elapsed Time: 3m 57s
********** 85 **********
Average Fitness: 0.16633333333333336
Maximum Fitness: 0.3333333333333333
Average Pen Distance: 0.572478392520731
Maximum Pen Distance: 0.9071945175673886
Average Dog Distance: 0.5252029056487835
Maximum Dog Distance: 0.890374429295672
Average Sheep Distance: 0.34955947907842044
Maximum Sheep Distance: 0.5245977430240291
Elapsed Time: 4m 9s
********** 86 **********
Average Fitness: 0.16766666666666669
Maximum Fitness: 0.3333333333333333
Average Pen Distance: 0.5706326772309529
Maximum Pen Distance: 0.9071945175673886
Average Dog Distance: 0.5227863375876928
Maximum Dog Distance: 0.890374429295672
Average Sheep Distance: 0.35161625926373113
Maximum Sheep Distance: 0.5245977430240291
Elapsed Time: 3m 49s
********** 87 **********
Average Fitness: 0.17066666666666666
Maximum Fitness: 0.3666666666666667
Average Pen Distance: 0.5688359201507444
Maximum Pen Distance: 0.9071945175673886
Average Dog Distance: 0.5302793055935843
Maximum Dog Distance: 0.890374429295672
Average Sheep Distance: 0.3518267664043879
Maximum Sheep Distance: 0.5245977430240291
Elapsed Time: 4m 5s
********** 88 **********
Average Fitness: 0.1716666666666667
Maximum Fitness: 0.3666666666666667
Average Pen Distance: 0.5686008558125163
Maximum Pen Distance: 0.9071945175673886
Average Dog Distance: 0.5339922443985066
Maximum Dog Distance: 0.890374429295672
Average Sheep Distance: 0.34959599952081954
Maximum Sheep Distance: 0.5245977430240291
Elapsed Time: 3m 48s
********** 89 **********
Average Fitness: 0.1746666666666667
Maximum Fitness: 0.3666666666666667
Average Pen Distance: 0.5654983527709303
Maximum Pen Distance: 0.9071945175673886
Average Dog Distance: 0.5281193707650336
Maximum Dog Distance: 0.890374429295672
Average Sheep Distance: 0.3460977831444598
Maximum Sheep Distance: 0.5245977430240291
Elapsed Time: 3m 54s
********** 90 **********
Average Fitness: 0.17600000000000002
Maximum Fitness: 0.3666666666666667
Average Pen Distance: 0.5633090926289813
Maximum Pen Distance: 0.9071945175673886
Average Dog Distance: 0.5276045127592272
Maximum Dog Distance: 0.890374429295672
Average Sheep Distance: 0.3456346272166438
Maximum Sheep Distance: 0.5245977430240291
Elapsed Time: 3m 55s
********** 91 **********
Average Fitness: 0.17600000000000002
Maximum Fitness: 0.3666666666666667
Average Pen Distance: 0.5608843499954829
Maximum Pen Distance: 0.9071945175673886
Average Dog Distance: 0.5282155858659013
Maximum Dog Distance: 0.890374429295672
Average Sheep Distance: 0.3441316058906752
Maximum Sheep Distance: 0.5245977430240291
Elapsed Time: 3m 31s
********** 92 **********
Average Fitness: 0.17666666666666667
Maximum Fitness: 0.3666666666666667
Average Pen Distance: 0.5655474161229763
Maximum Pen Distance: 0.9071945175673886
Average Dog Distance: 0.5325782710601734
Maximum Dog Distance: 0.890374429295672
Average Sheep Distance: 0.34219766866671697
Maximum Sheep Distance: 0.5245977430240291
Elapsed Time: 3m 40s
********** 93 **********
Average Fitness: 0.17800000000000005
Maximum Fitness: 0.3666666666666667
Average Pen Distance: 0.5652777220548245
Maximum Pen Distance: 0.9071945175673886
Average Dog Distance: 0.5345092332435881
Maximum Dog Distance: 0.890374429295672
Average Sheep Distance: 0.34596186279490887
Maximum Sheep Distance: 0.5245977430240291
Elapsed Time: 3m 38s
********** 94 **********
Average Fitness: 0.18266666666666673
Maximum Fitness: 0.3666666666666667
Average Pen Distance: 0.5617027924339181
Maximum Pen Distance: 0.9071945175673886
Average Dog Distance: 0.5318811124190963
Maximum Dog Distance: 0.890374429295672
Average Sheep Distance: 0.3482537415180994
Maximum Sheep Distance: 0.5245977430240291
Elapsed Time: 3m 33s
********** 95 **********
Average Fitness: 0.17733333333333337
Maximum Fitness: 0.3666666666666667
Average Pen Distance: 0.5616749827163025
Maximum Pen Distance: 0.9071945175673886
Average Dog Distance: 0.5283236359852426
Maximum Dog Distance: 0.890374429295672
Average Sheep Distance: 0.3453420219753484
Maximum Sheep Distance: 0.5245977430240291
Elapsed Time: 3m 52s
********** 96 **********
Average Fitness: 0.17933333333333334
Maximum Fitness: 0.3666666666666667
Average Pen Distance: 0.559460208188067
Maximum Pen Distance: 0.9071945175673886
Average Dog Distance: 0.5318395661086731
Maximum Dog Distance: 0.890374429295672
Average Sheep Distance: 0.34270893231536365
Maximum Sheep Distance: 0.5245977430240291
Elapsed Time: 4m 5s
********** 97 **********
Average Fitness: 0.17666666666666667
Maximum Fitness: 0.3666666666666667
Average Pen Distance: 0.5607502592560138
Maximum Pen Distance: 0.9071945175673886
Average Dog Distance: 0.5370521049442223
Maximum Dog Distance: 0.890374429295672
Average Sheep Distance: 0.34034006248773613
Maximum Sheep Distance: 0.5245977430240291
Elapsed Time: 3m 42s
********** 98 **********
Average Fitness: 0.17366666666666672
Maximum Fitness: 0.3666666666666667
Average Pen Distance: 0.5542130015417438
Maximum Pen Distance: 0.89411833132684
Average Dog Distance: 0.5370288415608317
Maximum Dog Distance: 0.890374429295672
Average Sheep Distance: 0.33816656523515026
Maximum Sheep Distance: 0.5245977430240291
Elapsed Time: 3m 39s
********** 99 **********
Average Fitness: 0.17333333333333337
Maximum Fitness: 0.3666666666666667
Average Pen Distance: 0.5558711756418906
Maximum Pen Distance: 0.89411833132684
Average Dog Distance: 0.537770983922941
Maximum Dog Distance: 0.890374429295672
Average Sheep Distance: 0.3389574556744105
Maximum Sheep Distance: 0.5245977430240291
Elapsed Time: 3m 43s
********** 100 **********
Average Fitness: 0.17766666666666667
Maximum Fitness: 0.3666666666666667
Average Pen Distance: 0.5497724862547503
Maximum Pen Distance: 0.89411833132684
Average Dog Distance: 0.5323083359771915
Maximum Dog Distance: 0.890374429295672
Average Sheep Distance: 0.34328723567800695
Maximum Sheep Distance: 0.5245977430240291
Elapsed Time: 4m 27s
********** 1 **********
Average Fitness: 0.06333333333333332
Maximum Fitness: 0.3333333333333333
Average Pen Distance: 0.5314790019142038
Maximum Pen Distance: 0.7509558505470215
Average Dog Distance: 0.6162501081254194
Maximum Dog Distance: 0.7952809664505319
Average Sheep Distance: 0.3215224921909378
Maximum Sheep Distance: 0.44591650494069374
Elapsed Time: 8m 35s
********** 2 **********
Average Fitness: 0.07199999999999998
Maximum Fitness: 0.3333333333333333
Average Pen Distance: 0.5416304878950037
Maximum Pen Distance: 0.8558662743907847
Average Dog Distance: 0.6151265649291243
Maximum Dog Distance: 0.8370240644828671
Average Sheep Distance: 0.32535527340168735
Maximum Sheep Distance: 0.44591650494069374
Elapsed Time: 3m 51s
********** 3 **********
Average Fitness: 0.08233333333333333
Maximum Fitness: 0.3333333333333333
Average Pen Distance: 0.5320016883374508
Maximum Pen Distance: 0.8558662743907847
Average Dog Distance: 0.5954268405699346
Maximum Dog Distance: 0.8370240644828671
Average Sheep Distance: 0.3280578162543593
Maximum Sheep Distance: 0.44591650494069374
Elapsed Time: 3m 52s
********** 4 **********
Average Fitness: 0.08599999999999998
Maximum Fitness: 0.3333333333333333
Average Pen Distance: 0.5351761345339725
Maximum Pen Distance: 0.8558662743907847
Average Dog Distance: 0.5807594934869972
Maximum Dog Distance: 0.8370240644828671
Average Sheep Distance: 0.33648965912023393
Maximum Sheep Distance: 0.44677404249534686
Elapsed Time: 4m 9s
********** 5 **********
Average Fitness: 0.09033333333333333
Maximum Fitness: 0.3333333333333333
Average Pen Distance: 0.5414807708604252
Maximum Pen Distance: 0.8558662743907847
Average Dog Distance: 0.5805161239867855
Maximum Dog Distance: 0.8370240644828671
Average Sheep Distance: 0.33797830529619666
Maximum Sheep Distance: 0.44677404249534686
Elapsed Time: 3m 46s
********** 6 **********
Average Fitness: 0.09566666666666665
Maximum Fitness: 0.3333333333333333
Average Pen Distance: 0.5468728347905796
Maximum Pen Distance: 0.8659813740586091
Average Dog Distance: 0.5817166340000385
Maximum Dog Distance: 0.8370240644828671
Average Sheep Distance: 0.3429134123479089
Maximum Sheep Distance: 0.48978657601142656
Elapsed Time: 3m 49s
********** 7 **********
Average Fitness: 0.09966666666666665
Maximum Fitness: 0.3333333333333333
Average Pen Distance: 0.5415100900108967
Maximum Pen Distance: 0.8659813740586091
Average Dog Distance: 0.5680858640335085
Maximum Dog Distance: 0.8624014141692068
Average Sheep Distance: 0.3453027836331991
Maximum Sheep Distance: 0.4910604100943557
Elapsed Time: 3m 46s
********** 8 **********
Average Fitness: 0.09799999999999999
Maximum Fitness: 0.3333333333333333
Average Pen Distance: 0.5422481470494108
Maximum Pen Distance: 0.872401177672038
Average Dog Distance: 0.5675753093462298
Maximum Dog Distance: 0.8624014141692068
Average Sheep Distance: 0.345573167464877
Maximum Sheep Distance: 0.4910604100943557
Elapsed Time: 3m 58s
********** 9 **********
Average Fitness: 0.103
Maximum Fitness: 0.3333333333333333
Average Pen Distance: 0.5409559525136493
Maximum Pen Distance: 0.872401177672038
Average Dog Distance: 0.5590339977917145
Maximum Dog Distance: 0.8370240644828671
Average Sheep Distance: 0.3474654710483895
Maximum Sheep Distance: 0.4910604100943557
Elapsed Time: 3m 51s
********** 10 **********
Average Fitness: 0.10499999999999998
Maximum Fitness: 0.3333333333333333
Average Pen Distance: 0.5486882158059565
Maximum Pen Distance: 0.872401177672038
Average Dog Distance: 0.5683102046419313
Maximum Dog Distance: 0.8370240644828671
Average Sheep Distance: 0.34667505237288665
Maximum Sheep Distance: 0.4910604100943557
Elapsed Time: 4m 13s
********** 11 **********
Average Fitness: 0.10999999999999999
Maximum Fitness: 0.3333333333333333
Average Pen Distance: 0.5490184420585282
Maximum Pen Distance: 0.8659813740586091
Average Dog Distance: 0.5631201325589202
Maximum Dog Distance: 0.8370240644828671
Average Sheep Distance: 0.353149416323998
Maximum Sheep Distance: 0.4910604100943557
Elapsed Time: 4m 6s
********** 12 **********
Average Fitness: 0.105
Maximum Fitness: 0.3333333333333333
Average Pen Distance: 0.561742612635206
Maximum Pen Distance: 0.8659813740586091
Average Dog Distance: 0.5573155923488807
Maximum Dog Distance: 0.8370240644828671
Average Sheep Distance: 0.35327747802989995
Maximum Sheep Distance: 0.4910604100943557
Elapsed Time: 3m 39s
********** 13 **********
Average Fitness: 0.107
Maximum Fitness: 0.3333333333333333
Average Pen Distance: 0.5596681810466617
Maximum Pen Distance: 0.8659813740586091
Average Dog Distance: 0.5589446466879628
Maximum Dog Distance: 0.8370240644828671
Average Sheep Distance: 0.35206224511354806
Maximum Sheep Distance: 0.4910604100943557
Elapsed Time: 3m 47s
********** 14 **********
Average Fitness: 0.11033333333333334
Maximum Fitness: 0.3333333333333333
Average Pen Distance: 0.552547752895022
Maximum Pen Distance: 0.8659813740586091
Average Dog Distance: 0.5566729584842606
Maximum Dog Distance: 0.8370240644828671
Average Sheep Distance: 0.3536367849311835
Maximum Sheep Distance: 0.4910604100943557
Elapsed Time: 3m 40s
********** 15 **********
Average Fitness: 0.11433333333333334
Maximum Fitness: 0.3333333333333333
Average Pen Distance: 0.5501901375994521
Maximum Pen Distance: 0.8775461158713855
Average Dog Distance: 0.5561295311735182
Maximum Dog Distance: 0.8370240644828671
Average Sheep Distance: 0.3523692676673361
Maximum Sheep Distance: 0.4910604100943557
Elapsed Time: 3m 46s
********** 16 **********
Average Fitness: 0.12033333333333332
Maximum Fitness: 0.3333333333333333
Average Pen Distance: 0.5464951076701811
Maximum Pen Distance: 0.8775461158713855
Average Dog Distance: 0.5550057439756465
Maximum Dog Distance: 0.8370240644828671
Average Sheep Distance: 0.35005122718450793
Maximum Sheep Distance: 0.4910604100943557
Elapsed Time: 3m 41s
********** 17 **********
Average Fitness: 0.11933333333333332
Maximum Fitness: 0.3333333333333333
Average Pen Distance: 0.5486424808081187
Maximum Pen Distance: 0.8775461158713855
Average Dog Distance: 0.5547413034411114
Maximum Dog Distance: 0.8370240644828671
Average Sheep Distance: 0.34756140118851553
Maximum Sheep Distance: 0.4910604100943557
Elapsed Time: 3m 47s
********** 18 **********
Average Fitness: 0.11866666666666666
Maximum Fitness: 0.3333333333333333
Average Pen Distance: 0.549040049518541
Maximum Pen Distance: 0.8775461158713855
Average Dog Distance: 0.5502800758997632
Maximum Dog Distance: 0.8295768449163076
Average Sheep Distance: 0.3476645402908082
Maximum Sheep Distance: 0.4910604100943557
Elapsed Time: 3m 51s
********** 19 **********
Average Fitness: 0.12533333333333332
Maximum Fitness: 0.4666666666666666
Average Pen Distance: 0.5479450579477705
Maximum Pen Distance: 0.8775461158713855
Average Dog Distance: 0.548401903357097
Maximum Dog Distance: 0.8295768449163076
Average Sheep Distance: 0.35126611999199575
Maximum Sheep Distance: 0.4910604100943557
Elapsed Time: 3m 50s
********** 20 **********
Average Fitness: 0.127
Maximum Fitness: 0.4666666666666666
Average Pen Distance: 0.5408976391114768
Maximum Pen Distance: 0.8775461158713855
Average Dog Distance: 0.5490407995983504
Maximum Dog Distance: 0.8295768449163076
Average Sheep Distance: 0.34815607958487255
Maximum Sheep Distance: 0.4910604100943557
Elapsed Time: 4m 33s
********** 21 **********
Average Fitness: 0.12033333333333335
Maximum Fitness: 0.4666666666666666
Average Pen Distance: 0.5432486560348937
Maximum Pen Distance: 0.8775461158713855
Average Dog Distance: 0.5303576056790785
Maximum Dog Distance: 0.8295768449163076
Average Sheep Distance: 0.3468445516596121
Maximum Sheep Distance: 0.4910604100943557
Elapsed Time: 4m 5s
********** 22 **********
Average Fitness: 0.11933333333333333
Maximum Fitness: 0.4666666666666666
Average Pen Distance: 0.552651280270041
Maximum Pen Distance: 0.8887920382587264
Average Dog Distance: 0.5316831987691006
Maximum Dog Distance: 0.8295768449163076
Average Sheep Distance: 0.34545314339523775
Maximum Sheep Distance: 0.4910604100943557
Elapsed Time: 3m 49s
********** 23 **********
Average Fitness: 0.12366666666666665
Maximum Fitness: 0.4666666666666666
Average Pen Distance: 0.5527630467074285
Maximum Pen Distance: 0.8887920382587264
Average Dog Distance: 0.5364185498923636
Maximum Dog Distance: 0.8295768449163076
Average Sheep Distance: 0.3504142289198801
Maximum Sheep Distance: 0.4910604100943557
Elapsed Time: 4m 14s
********** 24 **********
Average Fitness: 0.12699999999999997
Maximum Fitness: 0.4666666666666666
Average Pen Distance: 0.5501365412793615
Maximum Pen Distance: 0.8887920382587264
Average Dog Distance: 0.5440513974511008
Maximum Dog Distance: 0.8295768449163076
Average Sheep Distance: 0.35012998785320526
Maximum Sheep Distance: 0.4910604100943557
Elapsed Time: 3m 43s
********** 25 **********
Average Fitness: 0.12933333333333333
Maximum Fitness: 0.4666666666666666
Average Pen Distance: 0.5588607468283671
Maximum Pen Distance: 0.8887920382587264
Average Dog Distance: 0.5484341303948008
Maximum Dog Distance: 0.8295768449163076
Average Sheep Distance: 0.3495969858290461
Maximum Sheep Distance: 0.4910604100943557
Elapsed Time: 3m 44s
********** 26 **********
Average Fitness: 0.12999999999999998
Maximum Fitness: 0.4666666666666666
Average Pen Distance: 0.5629891371452527
Maximum Pen Distance: 0.8887920382587264
Average Dog Distance: 0.5574993459506692
Maximum Dog Distance: 0.8295768449163076
Average Sheep Distance: 0.3483705492508394
Maximum Sheep Distance: 0.4910604100943557
Elapsed Time: 4m 2s
********** 27 **********
Average Fitness: 0.13099999999999998
Maximum Fitness: 0.4666666666666666
Average Pen Distance: 0.5706719647107178
Maximum Pen Distance: 0.8887920382587264
Average Dog Distance: 0.5535255294052362
Maximum Dog Distance: 0.8295768449163076
Average Sheep Distance: 0.3478167212605426
Maximum Sheep Distance: 0.4910604100943557
Elapsed Time: 4m 17s
********** 28 **********
Average Fitness: 0.134
Maximum Fitness: 0.4666666666666666
Average Pen Distance: 0.5668841678122698
Maximum Pen Distance: 0.8887920382587264
Average Dog Distance: 0.5513705347869255
Maximum Dog Distance: 0.8295768449163076
Average Sheep Distance: 0.3473071214602711
Maximum Sheep Distance: 0.4910604100943557
Elapsed Time: 4m 3s
********** 29 **********
Average Fitness: 0.13466666666666668
Maximum Fitness: 0.4666666666666666
Average Pen Distance: 0.5592293640857978
Maximum Pen Distance: 0.8775461158713855
Average Dog Distance: 0.5629154890609716
Maximum Dog Distance: 0.8295768449163076
Average Sheep Distance: 0.3437158156835136
Maximum Sheep Distance: 0.4910604100943557
Elapsed Time: 3m 44s
********** 30 **********
Average Fitness: 0.136
Maximum Fitness: 0.4666666666666666
Average Pen Distance: 0.550251187287922
Maximum Pen Distance: 0.8775461158713855
Average Dog Distance: 0.5601600167488993
Maximum Dog Distance: 0.8295768449163076
Average Sheep Distance: 0.34265821694774595
Maximum Sheep Distance: 0.4910604100943557
Elapsed Time: 3m 40s
********** 31 **********
Average Fitness: 0.13533333333333333
Maximum Fitness: 0.4666666666666666
Average Pen Distance: 0.5449178348664349
Maximum Pen Distance: 0.8775461158713855
Average Dog Distance: 0.551581008775947
Maximum Dog Distance: 0.8295768449163076
Average Sheep Distance: 0.34400279794233124
Maximum Sheep Distance: 0.4910604100943557
Elapsed Time: 3m 30s
********** 32 **********
Average Fitness: 0.13733333333333334
Maximum Fitness: 0.4666666666666666
Average Pen Distance: 0.5581728812412726
Maximum Pen Distance: 0.8775461158713855
Average Dog Distance: 0.5476800121996805
Maximum Dog Distance: 0.8295768449163076
Average Sheep Distance: 0.34400055272546376
Maximum Sheep Distance: 0.4910604100943557
Elapsed Time: 4m 15s
********** 33 **********
Average Fitness: 0.13966666666666666
Maximum Fitness: 0.4666666666666666
Average Pen Distance: 0.5565641801526641
Maximum Pen Distance: 0.8775461158713855
Average Dog Distance: 0.5457231638620427
Maximum Dog Distance: 0.8295768449163076
Average Sheep Distance: 0.34568300839742233
Maximum Sheep Distance: 0.4910604100943557
Elapsed Time: 3m 36s
********** 34 **********
Average Fitness: 0.14333333333333334
Maximum Fitness: 0.4666666666666666
Average Pen Distance: 0.5475007479898685
Maximum Pen Distance: 0.8775461158713855
Average Dog Distance: 0.5430101526964564
Maximum Dog Distance: 0.8295768449163076
Average Sheep Distance: 0.34164631755699465
Maximum Sheep Distance: 0.4910604100943557
Elapsed Time: 3m 52s
********** 35 **********
Average Fitness: 0.14300000000000002
Maximum Fitness: 0.4666666666666666
Average Pen Distance: 0.5538439308029062
Maximum Pen Distance: 0.8775461158713855
Average Dog Distance: 0.5384903302113141
Maximum Dog Distance: 0.8264842359230214
Average Sheep Distance: 0.34219865978197683
Maximum Sheep Distance: 0.4910604100943557
Elapsed Time: 3m 38s
********** 36 **********
Average Fitness: 0.143
Maximum Fitness: 0.4666666666666666
Average Pen Distance: 0.5532175949382858
Maximum Pen Distance: 0.8775461158713855
Average Dog Distance: 0.5341819180405638
Maximum Dog Distance: 0.8264842359230214
Average Sheep Distance: 0.34329705439196667
Maximum Sheep Distance: 0.4910604100943557
Elapsed Time: 4m 2s
********** 37 **********
Average Fitness: 0.145
Maximum Fitness: 0.4666666666666666
Average Pen Distance: 0.5548969141376209
Maximum Pen Distance: 0.8775461158713855
Average Dog Distance: 0.5309275499417287
Maximum Dog Distance: 0.8264842359230214
Average Sheep Distance: 0.3450850415592236
Maximum Sheep Distance: 0.4910604100943557
Elapsed Time: 4m 18s
********** 38 **********
Average Fitness: 0.148
Maximum Fitness: 0.4666666666666666
Average Pen Distance: 0.5597142743783013
Maximum Pen Distance: 0.8775461158713855
Average Dog Distance: 0.5373109653361501
Maximum Dog Distance: 0.8264842359230214
Average Sheep Distance: 0.3460574175274178
Maximum Sheep Distance: 0.4910604100943557
Elapsed Time: 3m 45s
********** 39 **********
Average Fitness: 0.14733333333333332
Maximum Fitness: 0.4666666666666666
Average Pen Distance: 0.5654851291651116
Maximum Pen Distance: 0.8775461158713855
Average Dog Distance: 0.5433593088358005
Maximum Dog Distance: 0.8264842359230214
Average Sheep Distance: 0.34702964202374703
Maximum Sheep Distance: 0.4910604100943557
Elapsed Time: 4m 1s
********** 40 **********
Average Fitness: 0.14966666666666664
Maximum Fitness: 0.4666666666666666
Average Pen Distance: 0.5566795616182617
Maximum Pen Distance: 0.8775461158713855
Average Dog Distance: 0.5379685009348606
Maximum Dog Distance: 0.80792812443631
Average Sheep Distance: 0.3470993199870226
Maximum Sheep Distance: 0.4910604100943557
Elapsed Time: 3m 49s
********** 41 **********
Average Fitness: 0.149
Maximum Fitness: 0.4666666666666666
Average Pen Distance: 0.5524678647434984
Maximum Pen Distance: 0.8775461158713855
Average Dog Distance: 0.5384276985819479
Maximum Dog Distance: 0.80792812443631
Average Sheep Distance: 0.34712970282960043
Maximum Sheep Distance: 0.4910604100943557
Elapsed Time: 4m 8s
********** 42 **********
Average Fitness: 0.15066666666666667
Maximum Fitness: 0.4666666666666666
Average Pen Distance: 0.552939297983911
Maximum Pen Distance: 0.8775461158713855
Average Dog Distance: 0.5380407353952611
Maximum Dog Distance: 0.80792812443631
Average Sheep Distance: 0.34448027214271343
Maximum Sheep Distance: 0.4775978725174798
Elapsed Time: 3m 41s
********** 43 **********
Average Fitness: 0.154
Maximum Fitness: 0.4666666666666666
Average Pen Distance: 0.5503724461220394
Maximum Pen Distance: 0.8775461158713855
Average Dog Distance: 0.5406620160606134
Maximum Dog Distance: 0.8447578719811047
Average Sheep Distance: 0.34129702206317114
Maximum Sheep Distance: 0.4775978725174798
Elapsed Time: 3m 49s
********** 44 **********
Average Fitness: 0.159
Maximum Fitness: 0.4666666666666666
Average Pen Distance: 0.5477845453858718
Maximum Pen Distance: 0.8775461158713855
Average Dog Distance: 0.5362196544207595
Maximum Dog Distance: 0.8447578719811047
Average Sheep Distance: 0.3422787442109245
Maximum Sheep Distance: 0.4775978725174798
Elapsed Time: 3m 43s
********** 45 **********
Average Fitness: 0.15733333333333335
Maximum Fitness: 0.4666666666666666
Average Pen Distance: 0.5419577747664995
Maximum Pen Distance: 0.8775461158713855
Average Dog Distance: 0.5294476992854639
Maximum Dog Distance: 0.80792812443631
Average Sheep Distance: 0.34203475281428825
Maximum Sheep Distance: 0.4775978725174798
Elapsed Time: 3m 48s
********** 46 **********
Average Fitness: 0.16
Maximum Fitness: 0.4666666666666666
Average Pen Distance: 0.5447694617895621
Maximum Pen Distance: 0.8775461158713855
Average Dog Distance: 0.5306846553046031
Maximum Dog Distance: 0.80792812443631
Average Sheep Distance: 0.3429166430363591
Maximum Sheep Distance: 0.4775978725174798
Elapsed Time: 3m 55s
********** 47 **********
Average Fitness: 0.15666666666666665
Maximum Fitness: 0.4666666666666666
Average Pen Distance: 0.5478376964357804
Maximum Pen Distance: 0.8775461158713855
Average Dog Distance: 0.5330733774701778
Maximum Dog Distance: 0.80792812443631
Average Sheep Distance: 0.34618237033507726
Maximum Sheep Distance: 0.4775978725174798
Elapsed Time: 4m 1s
********** 48 **********
Average Fitness: 0.15533333333333332
Maximum Fitness: 0.4666666666666666
Average Pen Distance: 0.5461244133538843
Maximum Pen Distance: 0.8775461158713855
Average Dog Distance: 0.5320228703294555
Maximum Dog Distance: 0.80792812443631
Average Sheep Distance: 0.34824128064750826
Maximum Sheep Distance: 0.4775978725174798
Elapsed Time: 3m 45s
********** 49 **********
Average Fitness: 0.15533333333333332
Maximum Fitness: 0.4666666666666666
Average Pen Distance: 0.5457010262465279
Maximum Pen Distance: 0.8775461158713855
Average Dog Distance: 0.5257211344779618
Maximum Dog Distance: 0.80792812443631
Average Sheep Distance: 0.3449415626705952
Maximum Sheep Distance: 0.47338018546272526
Elapsed Time: 3m 49s
********** 50 **********
Average Fitness: 0.15633333333333332
Maximum Fitness: 0.4666666666666666
Average Pen Distance: 0.5407162379880773
Maximum Pen Distance: 0.8775461158713855
Average Dog Distance: 0.5227004916327842
Maximum Dog Distance: 0.80792812443631
Average Sheep Distance: 0.3440186848493507
Maximum Sheep Distance: 0.47338018546272526
Elapsed Time: 3m 43s
********** 51 **********
Average Fitness: 0.15766666666666668
Maximum Fitness: 0.4666666666666666
Average Pen Distance: 0.5462668989711805
Maximum Pen Distance: 0.8775461158713855
Average Dog Distance: 0.5214268964769956
Maximum Dog Distance: 0.80792812443631
Average Sheep Distance: 0.34489448583435484
Maximum Sheep Distance: 0.47338018546272526
Elapsed Time: 3m 44s
********** 52 **********
Average Fitness: 0.154
Maximum Fitness: 0.4666666666666666
Average Pen Distance: 0.5526822333394332
Maximum Pen Distance: 0.8790651018323272
Average Dog Distance: 0.5314747129707128
Maximum Dog Distance: 0.80792812443631
Average Sheep Distance: 0.3464636832573098
Maximum Sheep Distance: 0.47338018546272526
Elapsed Time: 3m 41s
********** 53 **********
Average Fitness: 0.15499999999999997
Maximum Fitness: 0.4666666666666666
Average Pen Distance: 0.5518648890795812
Maximum Pen Distance: 0.8790651018323272
Average Dog Distance: 0.5374980965188982
Maximum Dog Distance: 0.80792812443631
Average Sheep Distance: 0.3479113949814849
Maximum Sheep Distance: 0.47338018546272526
Elapsed Time: 3m 34s
********** 54 **********
Average Fitness: 0.15466666666666667
Maximum Fitness: 0.4666666666666666
Average Pen Distance: 0.5567009149341026
Maximum Pen Distance: 0.8790651018323272
Average Dog Distance: 0.5311076033240091
Maximum Dog Distance: 0.80792812443631
Average Sheep Distance: 0.3475087892114135
Maximum Sheep Distance: 0.47338018546272526
Elapsed Time: 3m 44s
********** 55 **********
Average Fitness: 0.15233333333333332
Maximum Fitness: 0.4666666666666666
Average Pen Distance: 0.5598344826407637
Maximum Pen Distance: 0.8790651018323272
Average Dog Distance: 0.5277979888570046
Maximum Dog Distance: 0.80792812443631
Average Sheep Distance: 0.34865229296819034
Maximum Sheep Distance: 0.47338018546272526
Elapsed Time: 3m 34s
********** 56 **********
Average Fitness: 0.15366666666666667
Maximum Fitness: 0.4666666666666666
Average Pen Distance: 0.5589468741465118
Maximum Pen Distance: 0.8790651018323272
Average Dog Distance: 0.5299663478844048
Maximum Dog Distance: 0.80792812443631
Average Sheep Distance: 0.347967067299034
Maximum Sheep Distance: 0.47338018546272526
Elapsed Time: 3m 56s
********** 57 **********
Average Fitness: 0.15566666666666665
Maximum Fitness: 0.4666666666666666
Average Pen Distance: 0.5594572265975799
Maximum Pen Distance: 0.8790651018323272
Average Dog Distance: 0.534843998762844
Maximum Dog Distance: 0.80792812443631
Average Sheep Distance: 0.3471453707235559
Maximum Sheep Distance: 0.47338018546272526
Elapsed Time: 3m 43s
********** 58 **********
Average Fitness: 0.15666666666666665
Maximum Fitness: 0.4666666666666666
Average Pen Distance: 0.5548724376887929
Maximum Pen Distance: 0.8790651018323272
Average Dog Distance: 0.5309158683047825
Maximum Dog Distance: 0.80792812443631
Average Sheep Distance: 0.34775355106397277
Maximum Sheep Distance: 0.47338018546272526
Elapsed Time: 3m 52s
********** 59 **********
Average Fitness: 0.15666666666666668
Maximum Fitness: 0.4666666666666666
Average Pen Distance: 0.5614673604389432
Maximum Pen Distance: 0.8790651018323272
Average Dog Distance: 0.5374366514196168
Maximum Dog Distance: 0.8399959509024516
Average Sheep Distance: 0.3485111543221708
Maximum Sheep Distance: 0.47338018546272526
Elapsed Time: 3m 57s
********** 60 **********
Average Fitness: 0.15533333333333332
Maximum Fitness: 0.4666666666666666
Average Pen Distance: 0.5643411409213962
Maximum Pen Distance: 0.8790651018323272
Average Dog Distance: 0.5380849258246481
Maximum Dog Distance: 0.8399959509024516
Average Sheep Distance: 0.34894791951042975
Maximum Sheep Distance: 0.47338018546272526
Elapsed Time: 4m 30s
********** 61 **********
Average Fitness: 0.152
Maximum Fitness: 0.4666666666666666
Average Pen Distance: 0.5630326506029197
Maximum Pen Distance: 0.8790651018323272
Average Dog Distance: 0.5400859701786426
Maximum Dog Distance: 0.8399959509024516
Average Sheep Distance: 0.34588990549034393
Maximum Sheep Distance: 0.47338018546272526
Elapsed Time: 4m 6s
********** 62 **********
Average Fitness: 0.15566666666666665
Maximum Fitness: 0.4666666666666666
Average Pen Distance: 0.5556605265659751
Maximum Pen Distance: 0.8790651018323272
Average Dog Distance: 0.5346760395693364
Maximum Dog Distance: 0.8399959509024516
Average Sheep Distance: 0.3468115426200486
Maximum Sheep Distance: 0.47338018546272526
Elapsed Time: 3m 36s
********** 63 **********
Average Fitness: 0.15666666666666668
Maximum Fitness: 0.4666666666666666
Average Pen Distance: 0.5578635080516346
Maximum Pen Distance: 0.8790651018323272
Average Dog Distance: 0.5364855164082155
Maximum Dog Distance: 0.8399959509024516
Average Sheep Distance: 0.3486307222600174
Maximum Sheep Distance: 0.47338018546272526
Elapsed Time: 3m 57s
********** 64 **********
Average Fitness: 0.15766666666666665
Maximum Fitness: 0.4666666666666666
Average Pen Distance: 0.5594658998545002
Maximum Pen Distance: 0.8790651018323272
Average Dog Distance: 0.5388523308664679
Maximum Dog Distance: 0.8399959509024516
Average Sheep Distance: 0.3508652807042203
Maximum Sheep Distance: 0.47338018546272526
Elapsed Time: 3m 50s
********** 65 **********
Average Fitness: 0.15899999999999997
Maximum Fitness: 0.4666666666666666
Average Pen Distance: 0.5585465794903747
Maximum Pen Distance: 0.8790651018323272
Average Dog Distance: 0.5398418066095781
Maximum Dog Distance: 0.8399959509024516
Average Sheep Distance: 0.3496218260907428
Maximum Sheep Distance: 0.47338018546272526
Elapsed Time: 3m 37s
********** 66 **********
Average Fitness: 0.16099999999999998
Maximum Fitness: 0.4666666666666666
Average Pen Distance: 0.560231363746933
Maximum Pen Distance: 0.8790651018323272
Average Dog Distance: 0.5435962987620979
Maximum Dog Distance: 0.8399959509024516
Average Sheep Distance: 0.34990804685176063
Maximum Sheep Distance: 0.47338018546272526
Elapsed Time: 3m 38s
********** 67 **********
Average Fitness: 0.16233333333333338
Maximum Fitness: 0.4666666666666666
Average Pen Distance: 0.5695560625557515
Maximum Pen Distance: 0.8888546652721502
Average Dog Distance: 0.5453695160137764
Maximum Dog Distance: 0.8399959509024516
Average Sheep Distance: 0.3509412498186997
Maximum Sheep Distance: 0.47338018546272526
Elapsed Time: 3m 40s
********** 68 **********
Average Fitness: 0.15933333333333333
Maximum Fitness: 0.4666666666666666
Average Pen Distance: 0.5752465292635185
Maximum Pen Distance: 0.8888546652721502
Average Dog Distance: 0.5487122189185528
Maximum Dog Distance: 0.8399959509024516
Average Sheep Distance: 0.35074197851606054
Maximum Sheep Distance: 0.47338018546272526
Elapsed Time: 3m 35s
********** 69 **********
Average Fitness: 0.16133333333333333
Maximum Fitness: 0.4666666666666666
Average Pen Distance: 0.5651357718657892
Maximum Pen Distance: 0.8790651018323272
Average Dog Distance: 0.5454815383494218
Maximum Dog Distance: 0.80792812443631
Average Sheep Distance: 0.34845077565176397
Maximum Sheep Distance: 0.47338018546272526
Elapsed Time: 3m 46s
********** 70 **********
Average Fitness: 0.16233333333333338
Maximum Fitness: 0.4666666666666666
Average Pen Distance: 0.5659516923322981
Maximum Pen Distance: 0.8790651018323272
Average Dog Distance: 0.5508568738176525
Maximum Dog Distance: 0.80792812443631
Average Sheep Distance: 0.3516233652631846
Maximum Sheep Distance: 0.47338018546272526
Elapsed Time: 3m 38s
********** 71 **********
Average Fitness: 0.163
Maximum Fitness: 0.4666666666666666
Average Pen Distance: 0.5691836794170336
Maximum Pen Distance: 0.8790651018323272
Average Dog Distance: 0.5523971066017765
Maximum Dog Distance: 0.80792812443631
Average Sheep Distance: 0.3511767788518114
Maximum Sheep Distance: 0.47338018546272526
Elapsed Time: 3m 43s
********** 72 **********
Average Fitness: 0.16733333333333342
Maximum Fitness: 0.4666666666666666
Average Pen Distance: 0.5572591686928379
Maximum Pen Distance: 0.8790651018323272
Average Dog Distance: 0.5478154777675804
Maximum Dog Distance: 0.80792812443631
Average Sheep Distance: 0.352503094607029
Maximum Sheep Distance: 0.47338018546272526
Elapsed Time: 3m 55s
********** 73 **********
Average Fitness: 0.17000000000000004
Maximum Fitness: 0.4666666666666666
Average Pen Distance: 0.5487953838055221
Maximum Pen Distance: 0.8790651018323272
Average Dog Distance: 0.5391382401672427
Maximum Dog Distance: 0.80792812443631
Average Sheep Distance: 0.35001207557230246
Maximum Sheep Distance: 0.47338018546272526
Elapsed Time: 3m 31s
********** 74 **********
Average Fitness: 0.1703333333333334
Maximum Fitness: 0.4666666666666666
Average Pen Distance: 0.547459368206094
Maximum Pen Distance: 0.8790651018323272
Average Dog Distance: 0.536220894861522
Maximum Dog Distance: 0.80792812443631
Average Sheep Distance: 0.3491045463886803
Maximum Sheep Distance: 0.47338018546272526
Elapsed Time: 3m 29s
********** 75 **********
Average Fitness: 0.17300000000000004
Maximum Fitness: 0.4666666666666666
Average Pen Distance: 0.5427563951784158
Maximum Pen Distance: 0.8790651018323272
Average Dog Distance: 0.5344490451163996
Maximum Dog Distance: 0.80792812443631
Average Sheep Distance: 0.3476944605341222
Maximum Sheep Distance: 0.47338018546272526
Elapsed Time: 3m 58s
********** 76 **********
Average Fitness: 0.17666666666666672
Maximum Fitness: 0.4666666666666666
Average Pen Distance: 0.5416177559748995
Maximum Pen Distance: 0.8790651018323272
Average Dog Distance: 0.5407624011369551
Maximum Dog Distance: 0.80792812443631
Average Sheep Distance: 0.34924554264181445
Maximum Sheep Distance: 0.47338018546272526
Elapsed Time: 3m 58s
********** 77 **********
Average Fitness: 0.17500000000000004
Maximum Fitness: 0.4666666666666666
Average Pen Distance: 0.5523228372305948
Maximum Pen Distance: 0.8795461580690219
Average Dog Distance: 0.5396449042159811
Maximum Dog Distance: 0.80792812443631
Average Sheep Distance: 0.3538911737898109
Maximum Sheep Distance: 0.5099246862995718
Elapsed Time: 3m 40s
********** 78 **********
Average Fitness: 0.1756666666666667
Maximum Fitness: 0.4666666666666666
Average Pen Distance: 0.5506598389793255
Maximum Pen Distance: 0.898815493131541
Average Dog Distance: 0.5337095166567005
Maximum Dog Distance: 0.80792812443631
Average Sheep Distance: 0.35358568528489065
Maximum Sheep Distance: 0.47338018546272526
Elapsed Time: 4m 4s
********** 79 **********
Average Fitness: 0.17733333333333337
Maximum Fitness: 0.4666666666666666
Average Pen Distance: 0.5472154295093274
Maximum Pen Distance: 0.898815493131541
Average Dog Distance: 0.5364990227329356
Maximum Dog Distance: 0.80792812443631
Average Sheep Distance: 0.3532584451436294
Maximum Sheep Distance: 0.47338018546272526
Elapsed Time: 3m 54s
********** 80 **********
Average Fitness: 0.17633333333333337
Maximum Fitness: 0.4666666666666666
Average Pen Distance: 0.5462676931057406
Maximum Pen Distance: 0.898815493131541
Average Dog Distance: 0.5315231201802282
Maximum Dog Distance: 0.80792812443631
Average Sheep Distance: 0.351088276643619
Maximum Sheep Distance: 0.47338018546272526
Elapsed Time: 3m 47s
********** 81 **********
Average Fitness: 0.1753333333333333
Maximum Fitness: 0.4666666666666666
Average Pen Distance: 0.5477520578154083
Maximum Pen Distance: 0.898815493131541
Average Dog Distance: 0.5310948388289495
Maximum Dog Distance: 0.80792812443631
Average Sheep Distance: 0.3515851136135785
Maximum Sheep Distance: 0.47338018546272526
Elapsed Time: 3m 40s
********** 82 **********
Average Fitness: 0.17533333333333334
Maximum Fitness: 0.4666666666666666
Average Pen Distance: 0.539029658886399
Maximum Pen Distance: 0.898815493131541
Average Dog Distance: 0.5358759530005108
Maximum Dog Distance: 0.80792812443631
Average Sheep Distance: 0.34713616376226925
Maximum Sheep Distance: 0.47338018546272526
Elapsed Time: 3m 46s
********** 83 **********
Average Fitness: 0.17533333333333334
Maximum Fitness: 0.4666666666666666
Average Pen Distance: 0.5444170414315362
Maximum Pen Distance: 0.898815493131541
Average Dog Distance: 0.5358298380110181
Maximum Dog Distance: 0.80792812443631
Average Sheep Distance: 0.348229970231168
Maximum Sheep Distance: 0.47338018546272526
Elapsed Time: 4m 6s
********** 84 **********
Average Fitness: 0.17799999999999996
Maximum Fitness: 0.4666666666666666
Average Pen Distance: 0.5414200316354932
Maximum Pen Distance: 0.898815493131541
Average Dog Distance: 0.533415263296672
Maximum Dog Distance: 0.80792812443631
Average Sheep Distance: 0.3493676449178328
Maximum Sheep Distance: 0.47338018546272526
Elapsed Time: 3m 42s
********** 85 **********
Average Fitness: 0.18133333333333337
Maximum Fitness: 0.4666666666666666
Average Pen Distance: 0.5346270599438264
Maximum Pen Distance: 0.898815493131541
Average Dog Distance: 0.5249346141178752
Maximum Dog Distance: 0.80792812443631
Average Sheep Distance: 0.3501632071993355
Maximum Sheep Distance: 0.47338018546272526
Elapsed Time: 3m 48s
********** 86 **********
Average Fitness: 0.175
Maximum Fitness: 0.4666666666666666
Average Pen Distance: 0.5410164540586119
Maximum Pen Distance: 0.898815493131541
Average Dog Distance: 0.5293700499693429
Maximum Dog Distance: 0.80792812443631
Average Sheep Distance: 0.34758224637253027
Maximum Sheep Distance: 0.47338018546272526
Elapsed Time: 3m 52s
********** 87 **********
Average Fitness: 0.17400000000000002
Maximum Fitness: 0.4666666666666666
Average Pen Distance: 0.5390407432043108
Maximum Pen Distance: 0.898815493131541
Average Dog Distance: 0.5252440592833381
Maximum Dog Distance: 0.80792812443631
Average Sheep Distance: 0.34661410349182953
Maximum Sheep Distance: 0.47338018546272526
Elapsed Time: 3m 46s
********** 88 **********
Average Fitness: 0.17433333333333334
Maximum Fitness: 0.4666666666666666
Average Pen Distance: 0.533898700060289
Maximum Pen Distance: 0.8711159244722114
Average Dog Distance: 0.5262123097296241
Maximum Dog Distance: 0.80792812443631
Average Sheep Distance: 0.3448040884661909
Maximum Sheep Distance: 0.47338018546272526
Elapsed Time: 3m 36s
********** 89 **********
Average Fitness: 0.17366666666666666
Maximum Fitness: 0.4666666666666666
Average Pen Distance: 0.5332666204334969
Maximum Pen Distance: 0.8711159244722114
Average Dog Distance: 0.5208448809219686
Maximum Dog Distance: 0.8037132543339749
Average Sheep Distance: 0.3453420061910109
Maximum Sheep Distance: 0.47338018546272526
Elapsed Time: 3m 30s
********** 90 **********
Average Fitness: 0.17466666666666664
Maximum Fitness: 0.4666666666666666
Average Pen Distance: 0.5345585043508302
Maximum Pen Distance: 0.8711159244722114
Average Dog Distance: 0.5193043420099184
Maximum Dog Distance: 0.8180652593539334
Average Sheep Distance: 0.3474456807715231
Maximum Sheep Distance: 0.47338018546272526
Elapsed Time: 3m 40s
********** 91 **********
Average Fitness: 0.1753333333333333
Maximum Fitness: 0.4666666666666666
Average Pen Distance: 0.5347093956005655
Maximum Pen Distance: 0.8711159244722114
Average Dog Distance: 0.5161774604700913
Maximum Dog Distance: 0.8180652593539334
Average Sheep Distance: 0.3471892148609482
Maximum Sheep Distance: 0.47338018546272526
Elapsed Time: 3m 30s
********** 92 **********
Average Fitness: 0.17733333333333334
Maximum Fitness: 0.4666666666666666
Average Pen Distance: 0.5355415094732485
Maximum Pen Distance: 0.8711159244722114
Average Dog Distance: 0.5168058169646919
Maximum Dog Distance: 0.8180652593539334
Average Sheep Distance: 0.34668216060246626
Maximum Sheep Distance: 0.47338018546272526
Elapsed Time: 3m 46s
********** 93 **********
Average Fitness: 0.17533333333333334
Maximum Fitness: 0.4666666666666666
Average Pen Distance: 0.537061522664025
Maximum Pen Distance: 0.8711159244722114
Average Dog Distance: 0.5194952591690122
Maximum Dog Distance: 0.8180652593539334
Average Sheep Distance: 0.3468501414837059
Maximum Sheep Distance: 0.47338018546272526
Elapsed Time: 3m 41s
********** 94 **********
Average Fitness: 0.1726666666666667
Maximum Fitness: 0.4666666666666666
Average Pen Distance: 0.5408380684049103
Maximum Pen Distance: 0.8711159244722114
Average Dog Distance: 0.5199997462020651
Maximum Dog Distance: 0.8180652593539334
Average Sheep Distance: 0.3459273508965608
Maximum Sheep Distance: 0.47338018546272526
Elapsed Time: 3m 42s
********** 95 **********
Average Fitness: 0.1723333333333333
Maximum Fitness: 0.4666666666666666
Average Pen Distance: 0.5408516006550225
Maximum Pen Distance: 0.8711159244722114
Average Dog Distance: 0.5175160014411708
Maximum Dog Distance: 0.8180652593539334
Average Sheep Distance: 0.3465221931180304
Maximum Sheep Distance: 0.47338018546272526
Elapsed Time: 3m 35s
********** 96 **********
Average Fitness: 0.1733333333333333
Maximum Fitness: 0.4666666666666666
Average Pen Distance: 0.5391621061848797
Maximum Pen Distance: 0.8711159244722114
Average Dog Distance: 0.5153351220364422
Maximum Dog Distance: 0.8180652593539334
Average Sheep Distance: 0.34630268925792007
Maximum Sheep Distance: 0.47338018546272526
Elapsed Time: 3m 34s
********** 97 **********
Average Fitness: 0.176
Maximum Fitness: 0.4666666666666666
Average Pen Distance: 0.5400501790134288
Maximum Pen Distance: 0.8711159244722114
Average Dog Distance: 0.5171294181918317
Maximum Dog Distance: 0.8180652593539334
Average Sheep Distance: 0.34716868256824734
Maximum Sheep Distance: 0.47338018546272526
Elapsed Time: 4m 1s
********** 98 **********
Average Fitness: 0.17400000000000002
Maximum Fitness: 0.4666666666666666
Average Pen Distance: 0.5385265192523054
Maximum Pen Distance: 0.8711159244722114
Average Dog Distance: 0.5179233386722579
Maximum Dog Distance: 0.8326651375528269
Average Sheep Distance: 0.34831360729814315
Maximum Sheep Distance: 0.47338018546272526
Elapsed Time: 3m 38s
********** 99 **********
Average Fitness: 0.17300000000000001
Maximum Fitness: 0.4666666666666666
Average Pen Distance: 0.5513335935521992
Maximum Pen Distance: 0.8711159244722114
Average Dog Distance: 0.5165323756674745
Maximum Dog Distance: 0.8180652593539334
Average Sheep Distance: 0.34781129899513735
Maximum Sheep Distance: 0.47338018546272526
Elapsed Time: 4m 12s
********** 100 **********
Average Fitness: 0.17466666666666664
Maximum Fitness: 0.4666666666666666
Average Pen Distance: 0.5500740487494956
Maximum Pen Distance: 0.8711159244722114
Average Dog Distance: 0.5154160979091701
Maximum Dog Distance: 0.8180652593539334
Average Sheep Distance: 0.3480156567603379
Maximum Sheep Distance: 0.47338018546272526
Elapsed Time: 3m 52s
