nproc is 1
cnode0977.cm.cluster
********** 1 **********
Average Fitness: 0.06266666666666666
Maximum Fitness: 0.19999999999999998
Average Pen Distance: 0.4839730281153705
Maximum Pen Distance: 0.724207348885405
Average Dog Distance: 0.5724291354950003
Maximum Dog Distance: 0.7609032762964358
Average Sheep Distance: 0.3574830262479034
Maximum Sheep Distance: 0.4637590650246257
Elapsed Time: 9m 55s
********** 2 **********
Average Fitness: 0.07133333333333332
Maximum Fitness: 0.19999999999999998
Average Pen Distance: 0.48631491613536115
Maximum Pen Distance: 0.724207348885405
Average Dog Distance: 0.5638963062651643
Maximum Dog Distance: 0.796902617149001
Average Sheep Distance: 0.35928266926053193
Maximum Sheep Distance: 0.4637590650246257
Elapsed Time: 4m 58s
********** 3 **********
Average Fitness: 0.08233333333333333
Maximum Fitness: 0.3
Average Pen Distance: 0.4856348203267748
Maximum Pen Distance: 0.724207348885405
Average Dog Distance: 0.5633471777984219
Maximum Dog Distance: 0.8588589197267774
Average Sheep Distance: 0.36231189468909286
Maximum Sheep Distance: 0.4637590650246257
Elapsed Time: 4m 59s
********** 4 **********
Average Fitness: 0.08466666666666665
Maximum Fitness: 0.3
Average Pen Distance: 0.4940367312321954
Maximum Pen Distance: 0.7577451803891346
Average Dog Distance: 0.5597031435414593
Maximum Dog Distance: 0.8588589197267774
Average Sheep Distance: 0.360425099664033
Maximum Sheep Distance: 0.4637590650246257
Elapsed Time: 5m 3s
********** 5 **********
Average Fitness: 0.09566666666666665
Maximum Fitness: 0.3
Average Pen Distance: 0.4960358436165981
Maximum Pen Distance: 0.7399235799272873
Average Dog Distance: 0.558124584913012
Maximum Dog Distance: 0.8588589197267774
Average Sheep Distance: 0.3589389521710175
Maximum Sheep Distance: 0.4637590650246257
Elapsed Time: 4m 56s
********** 6 **********
Average Fitness: 0.09633333333333334
Maximum Fitness: 0.3
Average Pen Distance: 0.5053099384804125
Maximum Pen Distance: 0.7706817297135161
Average Dog Distance: 0.5525508779338079
Maximum Dog Distance: 0.8588589197267774
Average Sheep Distance: 0.36202518937849043
Maximum Sheep Distance: 0.522415682696323
Elapsed Time: 4m 55s
********** 7 **********
Average Fitness: 0.10300000000000001
Maximum Fitness: 0.3
Average Pen Distance: 0.49670150758472487
Maximum Pen Distance: 0.7706817297135161
Average Dog Distance: 0.5602168445497637
Maximum Dog Distance: 0.8744741726607264
Average Sheep Distance: 0.3638822189654259
Maximum Sheep Distance: 0.522415682696323
Elapsed Time: 4m 57s
********** 8 **********
Average Fitness: 0.10800000000000001
Maximum Fitness: 0.3
Average Pen Distance: 0.5084433557831789
Maximum Pen Distance: 0.7783553059122067
Average Dog Distance: 0.556582319803296
Maximum Dog Distance: 0.8588589197267774
Average Sheep Distance: 0.36798562055845385
Maximum Sheep Distance: 0.522415682696323
Elapsed Time: 4m 57s
********** 9 **********
Average Fitness: 0.11366666666666665
Maximum Fitness: 0.3
Average Pen Distance: 0.5002170523076775
Maximum Pen Distance: 0.8178133153134368
Average Dog Distance: 0.5424896372877457
Maximum Dog Distance: 0.8326214996400431
Average Sheep Distance: 0.36748127036679124
Maximum Sheep Distance: 0.522415682696323
Elapsed Time: 5m 10s
********** 10 **********
Average Fitness: 0.11433333333333334
Maximum Fitness: 0.3
Average Pen Distance: 0.5048082888330225
Maximum Pen Distance: 0.8178133153134368
Average Dog Distance: 0.536730925637942
Maximum Dog Distance: 0.8326214996400431
Average Sheep Distance: 0.36884433673172246
Maximum Sheep Distance: 0.522415682696323
Elapsed Time: 5m 0s
********** 11 **********
Average Fitness: 0.11533333333333332
Maximum Fitness: 0.3
Average Pen Distance: 0.5046678389924998
Maximum Pen Distance: 0.8178133153134368
Average Dog Distance: 0.5362884753668494
Maximum Dog Distance: 0.8387739707499628
Average Sheep Distance: 0.36913364614569644
Maximum Sheep Distance: 0.522415682696323
Elapsed Time: 5m 1s
********** 12 **********
Average Fitness: 0.11800000000000001
Maximum Fitness: 0.3
Average Pen Distance: 0.5089847069275101
Maximum Pen Distance: 0.8178133153134368
Average Dog Distance: 0.5380725442005835
Maximum Dog Distance: 0.8387739707499628
Average Sheep Distance: 0.3722244274072496
Maximum Sheep Distance: 0.522415682696323
Elapsed Time: 5m 5s
********** 13 **********
Average Fitness: 0.11733333333333333
Maximum Fitness: 0.3
Average Pen Distance: 0.5130868012285577
Maximum Pen Distance: 0.8178133153134368
Average Dog Distance: 0.5428096325751314
Maximum Dog Distance: 0.8941133100909023
Average Sheep Distance: 0.3726174096928191
Maximum Sheep Distance: 0.522415682696323
Elapsed Time: 5m 0s
********** 14 **********
Average Fitness: 0.12133333333333335
Maximum Fitness: 0.3
Average Pen Distance: 0.503190109261692
Maximum Pen Distance: 0.8178133153134368
Average Dog Distance: 0.5333812752111617
Maximum Dog Distance: 0.8941133100909023
Average Sheep Distance: 0.36989501553633836
Maximum Sheep Distance: 0.522415682696323
Elapsed Time: 5m 0s
********** 15 **********
Average Fitness: 0.12133333333333333
Maximum Fitness: 0.3
Average Pen Distance: 0.5107327056437906
Maximum Pen Distance: 0.8178133153134368
Average Dog Distance: 0.5416828085869944
Maximum Dog Distance: 0.8941133100909023
Average Sheep Distance: 0.3717932366906856
Maximum Sheep Distance: 0.522415682696323
Elapsed Time: 5m 1s
********** 16 **********
Average Fitness: 0.12466666666666666
Maximum Fitness: 0.3
Average Pen Distance: 0.5105286441010554
Maximum Pen Distance: 0.8178133153134368
Average Dog Distance: 0.5395387847325
Maximum Dog Distance: 0.8941133100909023
Average Sheep Distance: 0.3731258428503858
Maximum Sheep Distance: 0.522415682696323
Elapsed Time: 5m 0s
********** 17 **********
Average Fitness: 0.121
Maximum Fitness: 0.3
Average Pen Distance: 0.5126153812640952
Maximum Pen Distance: 0.8178133153134368
Average Dog Distance: 0.5286156773606739
Maximum Dog Distance: 0.8941133100909023
Average Sheep Distance: 0.37410861147151925
Maximum Sheep Distance: 0.522415682696323
Elapsed Time: 5m 5s
********** 18 **********
Average Fitness: 0.128
Maximum Fitness: 0.3
Average Pen Distance: 0.5233344974829293
Maximum Pen Distance: 0.8178133153134368
Average Dog Distance: 0.5405826438916784
Maximum Dog Distance: 0.8941133100909023
Average Sheep Distance: 0.3765263120647571
Maximum Sheep Distance: 0.522415682696323
Elapsed Time: 5m 1s
********** 19 **********
Average Fitness: 0.12533333333333332
Maximum Fitness: 0.3
Average Pen Distance: 0.509098456270187
Maximum Pen Distance: 0.8178133153134368
Average Dog Distance: 0.5265297505174057
Maximum Dog Distance: 0.8941133100909023
Average Sheep Distance: 0.37375438625840474
Maximum Sheep Distance: 0.522415682696323
Elapsed Time: 4m 58s
********** 20 **********
Average Fitness: 0.12833333333333333
Maximum Fitness: 0.3
Average Pen Distance: 0.519417108695185
Maximum Pen Distance: 0.8178133153134368
Average Dog Distance: 0.5291986805725906
Maximum Dog Distance: 0.8941133100909023
Average Sheep Distance: 0.37626275959333166
Maximum Sheep Distance: 0.522415682696323
Elapsed Time: 5m 2s
********** 21 **********
Average Fitness: 0.13166666666666665
Maximum Fitness: 0.3
Average Pen Distance: 0.5115955707082123
Maximum Pen Distance: 0.8178133153134368
Average Dog Distance: 0.5292443531790556
Maximum Dog Distance: 0.8941133100909023
Average Sheep Distance: 0.3741763880056049
Maximum Sheep Distance: 0.522415682696323
Elapsed Time: 4m 58s
********** 22 **********
Average Fitness: 0.134
Maximum Fitness: 0.3
Average Pen Distance: 0.5157778038901959
Maximum Pen Distance: 0.8178133153134368
Average Dog Distance: 0.5276483478776658
Maximum Dog Distance: 0.8941133100909023
Average Sheep Distance: 0.37807989795168384
Maximum Sheep Distance: 0.522415682696323
Elapsed Time: 5m 0s
********** 23 **********
Average Fitness: 0.13666666666666663
Maximum Fitness: 0.3
Average Pen Distance: 0.5109018827538567
Maximum Pen Distance: 0.8178133153134368
Average Dog Distance: 0.5259755977882764
Maximum Dog Distance: 0.8941133100909023
Average Sheep Distance: 0.3794589402751556
Maximum Sheep Distance: 0.522415682696323
Elapsed Time: 5m 4s
********** 24 **********
Average Fitness: 0.13799999999999998
Maximum Fitness: 0.3
Average Pen Distance: 0.5175359330099786
Maximum Pen Distance: 0.8178133153134368
Average Dog Distance: 0.5294624297233458
Maximum Dog Distance: 0.8941133100909023
Average Sheep Distance: 0.3776990939858551
Maximum Sheep Distance: 0.522415682696323
Elapsed Time: 5m 1s
********** 25 **********
Average Fitness: 0.13466666666666666
Maximum Fitness: 0.3
Average Pen Distance: 0.5273287012102312
Maximum Pen Distance: 0.8178133153134368
Average Dog Distance: 0.5214786187625958
Maximum Dog Distance: 0.8941133100909023
Average Sheep Distance: 0.3803741712506538
Maximum Sheep Distance: 0.5270395212520466
Elapsed Time: 4m 59s
********** 26 **********
Average Fitness: 0.13999999999999999
Maximum Fitness: 0.3
Average Pen Distance: 0.5239632074490743
Maximum Pen Distance: 0.8178133153134368
Average Dog Distance: 0.5296220357499785
Maximum Dog Distance: 0.8941133100909023
Average Sheep Distance: 0.3783854537127529
Maximum Sheep Distance: 0.5270395212520466
Elapsed Time: 5m 1s
********** 27 **********
Average Fitness: 0.145
Maximum Fitness: 0.3
Average Pen Distance: 0.5194136737001366
Maximum Pen Distance: 0.8178133153134368
Average Dog Distance: 0.518497491018279
Maximum Dog Distance: 0.8941133100909023
Average Sheep Distance: 0.37509843785915964
Maximum Sheep Distance: 0.5270395212520466
Elapsed Time: 5m 6s
********** 28 **********
Average Fitness: 0.1383333333333333
Maximum Fitness: 0.3
Average Pen Distance: 0.5101169461589762
Maximum Pen Distance: 0.8178133153134368
Average Dog Distance: 0.4993697488438511
Maximum Dog Distance: 0.8941133100909023
Average Sheep Distance: 0.37515357226278667
Maximum Sheep Distance: 0.5270395212520466
Elapsed Time: 4m 58s
********** 29 **********
Average Fitness: 0.14366666666666666
Maximum Fitness: 0.3
Average Pen Distance: 0.5061183729503953
Maximum Pen Distance: 0.8178133153134368
Average Dog Distance: 0.503983183937488
Maximum Dog Distance: 0.8941133100909023
Average Sheep Distance: 0.37312720949768624
Maximum Sheep Distance: 0.5270395212520466
Elapsed Time: 4m 58s
********** 30 **********
Average Fitness: 0.144
Maximum Fitness: 0.3
Average Pen Distance: 0.5129069572504724
Maximum Pen Distance: 0.8178133153134368
Average Dog Distance: 0.5011489739654547
Maximum Dog Distance: 0.8427287397352216
Average Sheep Distance: 0.37514326899729994
Maximum Sheep Distance: 0.5270395212520466
Elapsed Time: 5m 8s
********** 31 **********
Average Fitness: 0.146
Maximum Fitness: 0.3
Average Pen Distance: 0.5139843460342203
Maximum Pen Distance: 0.8178133153134368
Average Dog Distance: 0.500263781940057
Maximum Dog Distance: 0.8427287397352216
Average Sheep Distance: 0.3768304403843835
Maximum Sheep Distance: 0.5270395212520466
Elapsed Time: 5m 1s
********** 32 **********
Average Fitness: 0.1433333333333333
Maximum Fitness: 0.3
Average Pen Distance: 0.5168077954285397
Maximum Pen Distance: 0.8178133153134368
Average Dog Distance: 0.4988652667021517
Maximum Dog Distance: 0.8427287397352216
Average Sheep Distance: 0.3782784879895489
Maximum Sheep Distance: 0.5270395212520466
Elapsed Time: 5m 1s
********** 33 **********
Average Fitness: 0.14633333333333334
Maximum Fitness: 0.3
Average Pen Distance: 0.5212208574258638
Maximum Pen Distance: 0.7994893498078781
Average Dog Distance: 0.5072343833335262
Maximum Dog Distance: 0.8427287397352216
Average Sheep Distance: 0.3809598890501769
Maximum Sheep Distance: 0.5270395212520466
Elapsed Time: 4m 58s
********** 34 **********
Average Fitness: 0.148
Maximum Fitness: 0.3
Average Pen Distance: 0.515090287039717
Maximum Pen Distance: 0.7994893498078781
Average Dog Distance: 0.5038831464491632
Maximum Dog Distance: 0.8427287397352216
Average Sheep Distance: 0.3792470016486283
Maximum Sheep Distance: 0.5270395212520466
Elapsed Time: 5m 4s
********** 35 **********
Average Fitness: 0.15199999999999997
Maximum Fitness: 0.3
Average Pen Distance: 0.5049948547560162
Maximum Pen Distance: 0.7994893498078781
Average Dog Distance: 0.5031532280733222
Maximum Dog Distance: 0.8427287397352216
Average Sheep Distance: 0.3787515872869598
Maximum Sheep Distance: 0.5270395212520466
Elapsed Time: 5m 2s
********** 36 **********
Average Fitness: 0.14933333333333335
Maximum Fitness: 0.3
Average Pen Distance: 0.5062980828463283
Maximum Pen Distance: 0.7994893498078781
Average Dog Distance: 0.49883218669720547
Maximum Dog Distance: 0.8427287397352216
Average Sheep Distance: 0.3811485309031512
Maximum Sheep Distance: 0.5270395212520466
Elapsed Time: 5m 3s
********** 37 **********
Average Fitness: 0.15166666666666667
Maximum Fitness: 0.3
Average Pen Distance: 0.5032757845428872
Maximum Pen Distance: 0.7994893498078781
Average Dog Distance: 0.4983080654202391
Maximum Dog Distance: 0.8427287397352216
Average Sheep Distance: 0.3784001391254289
Maximum Sheep Distance: 0.5270395212520466
Elapsed Time: 4m 57s
********** 38 **********
Average Fitness: 0.15599999999999997
Maximum Fitness: 0.3
Average Pen Distance: 0.5092235520689006
Maximum Pen Distance: 0.7994893498078781
Average Dog Distance: 0.5082495272348946
Maximum Dog Distance: 0.8427287397352216
Average Sheep Distance: 0.3804910586336778
Maximum Sheep Distance: 0.5270395212520466
Elapsed Time: 4m 58s
********** 39 **********
Average Fitness: 0.15866666666666665
Maximum Fitness: 0.3
Average Pen Distance: 0.5063103827008657
Maximum Pen Distance: 0.8177828262228877
Average Dog Distance: 0.501379395862442
Maximum Dog Distance: 0.8427287397352216
Average Sheep Distance: 0.38129777020536293
Maximum Sheep Distance: 0.5270395212520466
Elapsed Time: 4m 57s
********** 40 **********
Average Fitness: 0.15466666666666667
Maximum Fitness: 0.3
Average Pen Distance: 0.5172410910742322
Maximum Pen Distance: 0.8177828262228877
Average Dog Distance: 0.5050706445683528
Maximum Dog Distance: 0.8427287397352216
Average Sheep Distance: 0.3830012229289167
Maximum Sheep Distance: 0.5270395212520466
Elapsed Time: 5m 1s
********** 41 **********
Average Fitness: 0.15166666666666664
Maximum Fitness: 0.30000000000000004
Average Pen Distance: 0.5127105324633174
Maximum Pen Distance: 0.8177828262228877
Average Dog Distance: 0.49734819721066004
Maximum Dog Distance: 0.8427287397352216
Average Sheep Distance: 0.3855716043451347
Maximum Sheep Distance: 0.5270395212520466
Elapsed Time: 4m 58s
********** 42 **********
Average Fitness: 0.149
Maximum Fitness: 0.30000000000000004
Average Pen Distance: 0.5050263622315129
Maximum Pen Distance: 0.8463527250777542
Average Dog Distance: 0.49509098393062345
Maximum Dog Distance: 0.8427287397352216
Average Sheep Distance: 0.3840132259166353
Maximum Sheep Distance: 0.5270395212520466
Elapsed Time: 4m 58s
********** 43 **********
Average Fitness: 0.152
Maximum Fitness: 0.30000000000000004
Average Pen Distance: 0.5140135100812314
Maximum Pen Distance: 0.8463527250777542
Average Dog Distance: 0.49927539135149857
Maximum Dog Distance: 0.8427287397352216
Average Sheep Distance: 0.38486530045844214
Maximum Sheep Distance: 0.5270395212520466
Elapsed Time: 5m 2s
********** 44 **********
Average Fitness: 0.15266666666666667
Maximum Fitness: 0.3666666666666667
Average Pen Distance: 0.5191946221571402
Maximum Pen Distance: 0.8463527250777542
Average Dog Distance: 0.5018338703199118
Maximum Dog Distance: 0.8427287397352216
Average Sheep Distance: 0.38393967125857414
Maximum Sheep Distance: 0.5270395212520466
Elapsed Time: 4m 58s
********** 45 **********
Average Fitness: 0.15666666666666668
Maximum Fitness: 0.3666666666666667
Average Pen Distance: 0.5194893399392775
Maximum Pen Distance: 0.8463527250777542
Average Dog Distance: 0.5034577134838184
Maximum Dog Distance: 0.8427287397352216
Average Sheep Distance: 0.38599435382809544
Maximum Sheep Distance: 0.5273069771854206
Elapsed Time: 5m 6s
********** 46 **********
Average Fitness: 0.157
Maximum Fitness: 0.3666666666666667
Average Pen Distance: 0.5153241658040221
Maximum Pen Distance: 0.8463527250777542
Average Dog Distance: 0.5058723587640199
Maximum Dog Distance: 0.8427287397352216
Average Sheep Distance: 0.3840580841773796
Maximum Sheep Distance: 0.5273069771854206
Elapsed Time: 5m 2s
********** 47 **********
Average Fitness: 0.155
Maximum Fitness: 0.3666666666666667
Average Pen Distance: 0.5220578548854784
Maximum Pen Distance: 0.8463527250777542
Average Dog Distance: 0.498830971087398
Maximum Dog Distance: 0.8427287397352216
Average Sheep Distance: 0.3858840928533657
Maximum Sheep Distance: 0.5273069771854206
Elapsed Time: 5m 2s
********** 48 **********
Average Fitness: 0.15833333333333333
Maximum Fitness: 0.3666666666666667
Average Pen Distance: 0.5203955436474392
Maximum Pen Distance: 0.8463527250777542
Average Dog Distance: 0.5047574944738626
Maximum Dog Distance: 0.8427287397352216
Average Sheep Distance: 0.3850899887041637
Maximum Sheep Distance: 0.5273069771854206
Elapsed Time: 5m 2s
********** 49 **********
Average Fitness: 0.15866666666666662
Maximum Fitness: 0.3666666666666667
Average Pen Distance: 0.5227985893234025
Maximum Pen Distance: 0.8463527250777542
Average Dog Distance: 0.504179127206564
Maximum Dog Distance: 0.8427287397352216
Average Sheep Distance: 0.3863783876763008
Maximum Sheep Distance: 0.5273069771854206
Elapsed Time: 5m 0s
********** 50 **********
Average Fitness: 0.15533333333333332
Maximum Fitness: 0.3666666666666667
Average Pen Distance: 0.5294271311054335
Maximum Pen Distance: 0.8463527250777542
Average Dog Distance: 0.49937508582471785
Maximum Dog Distance: 0.8427287397352216
Average Sheep Distance: 0.38793608074084074
Maximum Sheep Distance: 0.5273069771854206
Elapsed Time: 5m 0s
********** 51 **********
Average Fitness: 0.156
Maximum Fitness: 0.3666666666666667
Average Pen Distance: 0.52118606529399
Maximum Pen Distance: 0.8463527250777542
Average Dog Distance: 0.5027120934476924
Maximum Dog Distance: 0.8427287397352216
Average Sheep Distance: 0.3866801518619136
Maximum Sheep Distance: 0.5273069771854206
Elapsed Time: 5m 1s
********** 52 **********
Average Fitness: 0.15433333333333332
Maximum Fitness: 0.3666666666666667
Average Pen Distance: 0.5385972785918687
Maximum Pen Distance: 0.8463527250777542
Average Dog Distance: 0.5058708679143321
Maximum Dog Distance: 0.8427287397352216
Average Sheep Distance: 0.38847444854734287
Maximum Sheep Distance: 0.5273069771854206
Elapsed Time: 5m 4s
********** 53 **********
Average Fitness: 0.15366666666666665
Maximum Fitness: 0.3666666666666667
Average Pen Distance: 0.5378417593422806
Maximum Pen Distance: 0.8463527250777542
Average Dog Distance: 0.5134950768644321
Maximum Dog Distance: 0.8427287397352216
Average Sheep Distance: 0.3885955524817228
Maximum Sheep Distance: 0.5273069771854206
Elapsed Time: 5m 6s
********** 54 **********
Average Fitness: 0.154
Maximum Fitness: 0.3666666666666667
Average Pen Distance: 0.5304533352857704
Maximum Pen Distance: 0.8463527250777542
Average Dog Distance: 0.5122823851775491
Maximum Dog Distance: 0.8427287397352216
Average Sheep Distance: 0.38805883028009014
Maximum Sheep Distance: 0.5273069771854206
Elapsed Time: 5m 10s
********** 55 **********
Average Fitness: 0.157
Maximum Fitness: 0.3666666666666667
Average Pen Distance: 0.5263863644299783
Maximum Pen Distance: 0.8463527250777542
Average Dog Distance: 0.5114980701955827
Maximum Dog Distance: 0.8445105353536778
Average Sheep Distance: 0.3871301375520008
Maximum Sheep Distance: 0.5273069771854206
Elapsed Time: 26m 51s
********** 56 **********
Average Fitness: 0.156
Maximum Fitness: 0.3666666666666667
Average Pen Distance: 0.5223119228172393
Maximum Pen Distance: 0.8463527250777542
Average Dog Distance: 0.5060478572931655
Maximum Dog Distance: 0.8493173249583269
Average Sheep Distance: 0.38784158095491167
Maximum Sheep Distance: 0.5273069771854206
Elapsed Time: 5m 4s
********** 57 **********
Average Fitness: 0.15866666666666665
Maximum Fitness: 0.3666666666666667
Average Pen Distance: 0.516326400242416
Maximum Pen Distance: 0.8463527250777542
Average Dog Distance: 0.5016425854442123
Maximum Dog Distance: 0.8493173249583269
Average Sheep Distance: 0.3870830196619266
Maximum Sheep Distance: 0.5273069771854206
Elapsed Time: 5m 4s
********** 58 **********
Average Fitness: 0.15999999999999998
Maximum Fitness: 0.3666666666666667
Average Pen Distance: 0.5251815412944313
Maximum Pen Distance: 0.8463527250777542
Average Dog Distance: 0.5082220461608424
Maximum Dog Distance: 0.8493173249583269
Average Sheep Distance: 0.3897429439740302
Maximum Sheep Distance: 0.5273069771854206
Elapsed Time: 4m 59s
********** 59 **********
Average Fitness: 0.15833333333333333
Maximum Fitness: 0.3666666666666667
Average Pen Distance: 0.5203478178160778
Maximum Pen Distance: 0.8463527250777542
Average Dog Distance: 0.49837078976371335
Maximum Dog Distance: 0.8493173249583269
Average Sheep Distance: 0.3876004541557244
Maximum Sheep Distance: 0.5273069771854206
Elapsed Time: 5m 0s
********** 60 **********
Average Fitness: 0.157
Maximum Fitness: 0.3666666666666667
Average Pen Distance: 0.533870602592064
Maximum Pen Distance: 0.8463527250777542
Average Dog Distance: 0.5058467903805273
Maximum Dog Distance: 0.8510037472549353
Average Sheep Distance: 0.3896860987634031
Maximum Sheep Distance: 0.5273069771854206
Elapsed Time: 4m 58s
********** 61 **********
Average Fitness: 0.15666666666666665
Maximum Fitness: 0.3666666666666667
Average Pen Distance: 0.5375774533622806
Maximum Pen Distance: 0.8463527250777542
Average Dog Distance: 0.5003906080157983
Maximum Dog Distance: 0.8493173249583269
Average Sheep Distance: 0.3905677501041971
Maximum Sheep Distance: 0.5273069771854206
Elapsed Time: 5m 0s
********** 62 **********
Average Fitness: 0.158
Maximum Fitness: 0.3666666666666667
Average Pen Distance: 0.5352648234952796
Maximum Pen Distance: 0.8463527250777542
Average Dog Distance: 0.5025511079869039
Maximum Dog Distance: 0.8493173249583269
Average Sheep Distance: 0.388677358317056
Maximum Sheep Distance: 0.5273069771854206
Elapsed Time: 5m 1s
********** 63 **********
Average Fitness: 0.16133333333333336
Maximum Fitness: 0.3666666666666667
Average Pen Distance: 0.5313727362263996
Maximum Pen Distance: 0.8463527250777542
Average Dog Distance: 0.5016565822297028
Maximum Dog Distance: 0.8493173249583269
Average Sheep Distance: 0.3867344273793044
Maximum Sheep Distance: 0.5273069771854206
Elapsed Time: 5m 20s
********** 64 **********
Average Fitness: 0.16266666666666668
Maximum Fitness: 0.3666666666666667
Average Pen Distance: 0.5273196053506681
Maximum Pen Distance: 0.8463527250777542
Average Dog Distance: 0.5017919953439371
Maximum Dog Distance: 0.8493173249583269
Average Sheep Distance: 0.3858127752990637
Maximum Sheep Distance: 0.5273069771854206
Elapsed Time: 4m 59s
********** 65 **********
Average Fitness: 0.16633333333333336
Maximum Fitness: 0.3666666666666667
Average Pen Distance: 0.52806729784879
Maximum Pen Distance: 0.8463527250777542
Average Dog Distance: 0.4986845689199152
Maximum Dog Distance: 0.8493173249583269
Average Sheep Distance: 0.38395431887300163
Maximum Sheep Distance: 0.5273069771854206
Elapsed Time: 4m 59s
********** 66 **********
Average Fitness: 0.1656666666666667
Maximum Fitness: 0.3666666666666667
Average Pen Distance: 0.5247411484750714
Maximum Pen Distance: 0.8463527250777542
Average Dog Distance: 0.5031630081537489
Maximum Dog Distance: 0.8493173249583269
Average Sheep Distance: 0.3870980550105498
Maximum Sheep Distance: 0.5273069771854206
Elapsed Time: 5m 11s
********** 67 **********
Average Fitness: 0.1666666666666667
Maximum Fitness: 0.3666666666666667
Average Pen Distance: 0.5231725681838472
Maximum Pen Distance: 0.8463527250777542
Average Dog Distance: 0.5085295087334551
Maximum Dog Distance: 0.8493173249583269
Average Sheep Distance: 0.38504978871380247
Maximum Sheep Distance: 0.5273069771854206
Elapsed Time: 4m 58s
********** 68 **********
Average Fitness: 0.16633333333333336
Maximum Fitness: 0.3666666666666667
Average Pen Distance: 0.5208694471232572
Maximum Pen Distance: 0.8463527250777542
Average Dog Distance: 0.5131103879900335
Maximum Dog Distance: 0.8568369710098792
Average Sheep Distance: 0.38617608008811344
Maximum Sheep Distance: 0.5273069771854206
Elapsed Time: 5m 10s
********** 69 **********
Average Fitness: 0.1673333333333334
Maximum Fitness: 0.3666666666666667
Average Pen Distance: 0.5160352540214513
Maximum Pen Distance: 0.8463527250777542
Average Dog Distance: 0.509900634687838
Maximum Dog Distance: 0.8805919240640526
Average Sheep Distance: 0.3859850559676671
Maximum Sheep Distance: 0.5273069771854206
Elapsed Time: 4m 59s
********** 70 **********
Average Fitness: 0.17233333333333337
Maximum Fitness: 0.3666666666666667
Average Pen Distance: 0.5144692203059749
Maximum Pen Distance: 0.8463527250777542
Average Dog Distance: 0.5132514214141917
Maximum Dog Distance: 0.8805919240640526
Average Sheep Distance: 0.3836795191149656
Maximum Sheep Distance: 0.5273069771854206
Elapsed Time: 5m 2s
********** 71 **********
Average Fitness: 0.1716666666666667
Maximum Fitness: 0.3666666666666667
Average Pen Distance: 0.5180364711398407
Maximum Pen Distance: 0.8463527250777542
Average Dog Distance: 0.5057451898417269
Maximum Dog Distance: 0.8805919240640526
Average Sheep Distance: 0.3843796601340841
Maximum Sheep Distance: 0.5273069771854206
Elapsed Time: 4m 59s
********** 72 **********
Average Fitness: 0.17333333333333337
Maximum Fitness: 0.3666666666666667
Average Pen Distance: 0.5162379648014699
Maximum Pen Distance: 0.8463527250777542
Average Dog Distance: 0.499733622970203
Maximum Dog Distance: 0.8805919240640526
Average Sheep Distance: 0.38247174779195375
Maximum Sheep Distance: 0.5273069771854206
Elapsed Time: 5m 4s
********** 73 **********
Average Fitness: 0.17166666666666672
Maximum Fitness: 0.3666666666666667
Average Pen Distance: 0.5058334729858999
Maximum Pen Distance: 0.8463527250777542
Average Dog Distance: 0.49348667309117483
Maximum Dog Distance: 0.8805919240640526
Average Sheep Distance: 0.37789786958407956
Maximum Sheep Distance: 0.5273069771854206
Elapsed Time: 5m 1s
********** 74 **********
Average Fitness: 0.17933333333333337
Maximum Fitness: 0.3666666666666667
Average Pen Distance: 0.5023136629522725
Maximum Pen Distance: 0.8463527250777542
Average Dog Distance: 0.49556788055883205
Maximum Dog Distance: 0.8805919240640526
Average Sheep Distance: 0.37998637214382774
Maximum Sheep Distance: 0.5273069771854206
Elapsed Time: 5m 1s
********** 75 **********
Average Fitness: 0.18066666666666667
Maximum Fitness: 0.3666666666666667
Average Pen Distance: 0.49555668376610734
Maximum Pen Distance: 0.8463527250777542
Average Dog Distance: 0.48952744966267253
Maximum Dog Distance: 0.8805919240640526
Average Sheep Distance: 0.3807736867487612
Maximum Sheep Distance: 0.5273069771854206
Elapsed Time: 5m 3s
********** 76 **********
Average Fitness: 0.17533333333333334
Maximum Fitness: 0.3666666666666667
Average Pen Distance: 0.5165944386593491
Maximum Pen Distance: 0.8463527250777542
Average Dog Distance: 0.48825958048691226
Maximum Dog Distance: 0.8493173249583269
Average Sheep Distance: 0.38349889683516325
Maximum Sheep Distance: 0.5273069771854206
Elapsed Time: 5m 7s
********** 77 **********
Average Fitness: 0.17500000000000004
Maximum Fitness: 0.3666666666666667
Average Pen Distance: 0.5178628320985112
Maximum Pen Distance: 0.8463527250777542
Average Dog Distance: 0.4875537112820665
Maximum Dog Distance: 0.8493173249583269
Average Sheep Distance: 0.3841507169475175
Maximum Sheep Distance: 0.5273069771854206
Elapsed Time: 4m 59s
********** 78 **********
Average Fitness: 0.17333333333333342
Maximum Fitness: 0.3666666666666667
Average Pen Distance: 0.5125339971946848
Maximum Pen Distance: 0.8463527250777542
Average Dog Distance: 0.49074729504894404
Maximum Dog Distance: 0.8493173249583269
Average Sheep Distance: 0.3843101337514227
Maximum Sheep Distance: 0.5273069771854206
Elapsed Time: 5m 5s
********** 79 **********
Average Fitness: 0.17233333333333337
Maximum Fitness: 0.3666666666666667
Average Pen Distance: 0.5137857265940683
Maximum Pen Distance: 0.8463527250777542
Average Dog Distance: 0.49116504744777084
Maximum Dog Distance: 0.8493173249583269
Average Sheep Distance: 0.38537462181172183
Maximum Sheep Distance: 0.5273069771854206
Elapsed Time: 4m 59s
********** 80 **********
Average Fitness: 0.17233333333333337
Maximum Fitness: 0.3666666666666667
Average Pen Distance: 0.5103661211145375
Maximum Pen Distance: 0.8463527250777542
Average Dog Distance: 0.4897063464358448
Maximum Dog Distance: 0.8493173249583269
Average Sheep Distance: 0.3847603564372408
Maximum Sheep Distance: 0.5273069771854206
Elapsed Time: 4m 56s
********** 81 **********
Average Fitness: 0.17133333333333337
Maximum Fitness: 0.3666666666666667
Average Pen Distance: 0.5142676295647417
Maximum Pen Distance: 0.8463527250777542
Average Dog Distance: 0.4984056394556362
Maximum Dog Distance: 0.8493173249583269
Average Sheep Distance: 0.38773127893112647
Maximum Sheep Distance: 0.5273069771854206
Elapsed Time: 5m 3s
********** 82 **********
Average Fitness: 0.17500000000000007
Maximum Fitness: 0.3666666666666667
Average Pen Distance: 0.5076838816642737
Maximum Pen Distance: 0.8214124845539891
Average Dog Distance: 0.49886865221227994
Maximum Dog Distance: 0.8493173249583269
Average Sheep Distance: 0.388430741586546
Maximum Sheep Distance: 0.5273069771854206
Elapsed Time: 5m 9s
********** 83 **********
Average Fitness: 0.17500000000000004
Maximum Fitness: 0.3666666666666667
Average Pen Distance: 0.5086639111518181
Maximum Pen Distance: 0.8214124845539891
Average Dog Distance: 0.4909337678668038
Maximum Dog Distance: 0.8493173249583269
Average Sheep Distance: 0.3880534623101483
Maximum Sheep Distance: 0.5273069771854206
Elapsed Time: 5m 5s
********** 84 **********
Average Fitness: 0.17533333333333342
Maximum Fitness: 0.3666666666666667
Average Pen Distance: 0.5168123972351776
Maximum Pen Distance: 0.8214124845539891
Average Dog Distance: 0.4926497213524068
Maximum Dog Distance: 0.8493173249583269
Average Sheep Distance: 0.3895998313328493
Maximum Sheep Distance: 0.5273069771854206
Elapsed Time: 4m 56s
********** 85 **********
Average Fitness: 0.17700000000000002
Maximum Fitness: 0.3666666666666667
Average Pen Distance: 0.5146335084127369
Maximum Pen Distance: 0.8214124845539891
Average Dog Distance: 0.4901381755183685
Maximum Dog Distance: 0.8493173249583269
Average Sheep Distance: 0.39004306788925674
Maximum Sheep Distance: 0.5273069771854206
Elapsed Time: 4m 55s
********** 86 **********
Average Fitness: 0.17566666666666664
Maximum Fitness: 0.3666666666666667
Average Pen Distance: 0.5209657449087671
Maximum Pen Distance: 0.8371391132845059
Average Dog Distance: 0.4872100961373612
Maximum Dog Distance: 0.8493173249583269
Average Sheep Distance: 0.3898385787024214
Maximum Sheep Distance: 0.5273069771854206
Elapsed Time: 5m 5s
********** 87 **********
Average Fitness: 0.17266666666666672
Maximum Fitness: 0.3666666666666667
Average Pen Distance: 0.5215596591953094
Maximum Pen Distance: 0.8371391132845059
Average Dog Distance: 0.48485594794764864
Maximum Dog Distance: 0.8493173249583269
Average Sheep Distance: 0.38504520940745235
Maximum Sheep Distance: 0.5273069771854206
Elapsed Time: 5m 10s
********** 88 **********
Average Fitness: 0.1733333333333334
Maximum Fitness: 0.3666666666666667
Average Pen Distance: 0.5268628048713582
Maximum Pen Distance: 0.8371391132845059
Average Dog Distance: 0.4778824192023472
Maximum Dog Distance: 0.8493173249583269
Average Sheep Distance: 0.3865003523474631
Maximum Sheep Distance: 0.5273069771854206
Elapsed Time: 5m 0s
********** 89 **********
Average Fitness: 0.1683333333333334
Maximum Fitness: 0.3666666666666667
Average Pen Distance: 0.53202117318522
Maximum Pen Distance: 0.8371391132845059
Average Dog Distance: 0.46758016931968477
Maximum Dog Distance: 0.8493173249583269
Average Sheep Distance: 0.3879931366936146
Maximum Sheep Distance: 0.5273069771854206
Elapsed Time: 5m 2s
********** 90 **********
Average Fitness: 0.16866666666666671
Maximum Fitness: 0.3666666666666667
Average Pen Distance: 0.5349074010784972
Maximum Pen Distance: 0.8371391132845059
Average Dog Distance: 0.47112886561826994
Maximum Dog Distance: 0.8493173249583269
Average Sheep Distance: 0.3844399809391241
Maximum Sheep Distance: 0.5273069771854206
Elapsed Time: 5m 2s
********** 91 **********
Average Fitness: 0.17000000000000004
Maximum Fitness: 0.3666666666666667
Average Pen Distance: 0.5292228614630226
Maximum Pen Distance: 0.8371391132845059
Average Dog Distance: 0.47099495922328105
Maximum Dog Distance: 0.8493173249583269
Average Sheep Distance: 0.38425583885314757
Maximum Sheep Distance: 0.5273069771854206
Elapsed Time: 5m 8s
********** 92 **********
Average Fitness: 0.16733333333333333
Maximum Fitness: 0.3666666666666667
Average Pen Distance: 0.5363820518354261
Maximum Pen Distance: 0.8371391132845059
Average Dog Distance: 0.4636639153740611
Maximum Dog Distance: 0.8493173249583269
Average Sheep Distance: 0.38295836211159084
Maximum Sheep Distance: 0.5273069771854206
Elapsed Time: 5m 11s
********** 93 **********
Average Fitness: 0.17
Maximum Fitness: 0.3666666666666667
Average Pen Distance: 0.52857812238268
Maximum Pen Distance: 0.8266524034509302
Average Dog Distance: 0.47225346783539196
Maximum Dog Distance: 0.8493173249583269
Average Sheep Distance: 0.38349570751138257
Maximum Sheep Distance: 0.5273069771854206
Elapsed Time: 4m 56s
********** 94 **********
Average Fitness: 0.1713333333333334
Maximum Fitness: 0.3666666666666667
Average Pen Distance: 0.529159132888817
Maximum Pen Distance: 0.8266524034509302
Average Dog Distance: 0.47054553078070976
Maximum Dog Distance: 0.8493173249583269
Average Sheep Distance: 0.3824694448159331
Maximum Sheep Distance: 0.5273069771854206
Elapsed Time: 5m 5s
********** 95 **********
Average Fitness: 0.17300000000000004
Maximum Fitness: 0.3666666666666667
Average Pen Distance: 0.5263120854752362
Maximum Pen Distance: 0.8214124845539891
Average Dog Distance: 0.47361418536461763
Maximum Dog Distance: 0.8816982230382883
Average Sheep Distance: 0.38437281397521295
Maximum Sheep Distance: 0.5273069771854206
Elapsed Time: 5m 8s
********** 96 **********
Average Fitness: 0.1753333333333334
Maximum Fitness: 0.3666666666666667
Average Pen Distance: 0.5250501412055654
Maximum Pen Distance: 0.8223349260290015
Average Dog Distance: 0.480254021518181
Maximum Dog Distance: 0.8816982230382883
Average Sheep Distance: 0.38520731981114764
Maximum Sheep Distance: 0.5273069771854206
Elapsed Time: 5m 0s
********** 97 **********
Average Fitness: 0.1716666666666667
Maximum Fitness: 0.3666666666666667
Average Pen Distance: 0.5254026436126098
Maximum Pen Distance: 0.895648734301819
Average Dog Distance: 0.4777781472021919
Maximum Dog Distance: 0.9008007364343683
Average Sheep Distance: 0.38426002943414245
Maximum Sheep Distance: 0.5273069771854206
Elapsed Time: 5m 2s
********** 98 **********
Average Fitness: 0.17433333333333337
Maximum Fitness: 0.3666666666666667
Average Pen Distance: 0.5237340934718644
Maximum Pen Distance: 0.895648734301819
Average Dog Distance: 0.48665573080745667
Maximum Dog Distance: 0.9273622526496664
Average Sheep Distance: 0.3832226938484343
Maximum Sheep Distance: 0.5273069771854206
Elapsed Time: 4m 56s
********** 99 **********
Average Fitness: 0.1713333333333334
Maximum Fitness: 0.3666666666666667
Average Pen Distance: 0.5304566460222649
Maximum Pen Distance: 0.895648734301819
Average Dog Distance: 0.4886279670830293
Maximum Dog Distance: 0.9273622526496664
Average Sheep Distance: 0.38305322469523084
Maximum Sheep Distance: 0.5273069771854206
Elapsed Time: 5m 6s
********** 100 **********
Average Fitness: 0.17233333333333337
Maximum Fitness: 0.3666666666666667
Average Pen Distance: 0.5261255786912818
Maximum Pen Distance: 0.895648734301819
Average Dog Distance: 0.47953646096400215
Maximum Dog Distance: 0.9273622526496664
Average Sheep Distance: 0.3858971539324113
Maximum Sheep Distance: 0.5273069771854206
Elapsed Time: 4m 59s
********** 1 **********
Average Fitness: 0.071
Maximum Fitness: 0.26666666666666666
Average Pen Distance: 0.522136047568657
Maximum Pen Distance: 0.7640035621429103
Average Dog Distance: 0.5972277154276113
Maximum Dog Distance: 0.8154406765457402
Average Sheep Distance: 0.362777687333786
Maximum Sheep Distance: 0.45976043502106645
Elapsed Time: 10m 7s
********** 2 **********
Average Fitness: 0.07366666666666666
Maximum Fitness: 0.26666666666666666
Average Pen Distance: 0.5316483946383912
Maximum Pen Distance: 0.7681224081334448
Average Dog Distance: 0.5829317636234735
Maximum Dog Distance: 0.8154406765457402
Average Sheep Distance: 0.3635350161961699
Maximum Sheep Distance: 0.4607863363316884
Elapsed Time: 5m 1s
********** 3 **********
Average Fitness: 0.08433333333333333
Maximum Fitness: 0.26666666666666666
Average Pen Distance: 0.5240832327713228
Maximum Pen Distance: 0.7681224081334448
Average Dog Distance: 0.5730821282482228
Maximum Dog Distance: 0.8154406765457402
Average Sheep Distance: 0.3681786435923245
Maximum Sheep Distance: 0.4632468200749675
Elapsed Time: 5m 3s
********** 4 **********
Average Fitness: 0.09033333333333332
Maximum Fitness: 0.26666666666666666
Average Pen Distance: 0.528415183689955
Maximum Pen Distance: 0.7859796918590987
Average Dog Distance: 0.5613125519134865
Maximum Dog Distance: 0.8154406765457402
Average Sheep Distance: 0.3723235650589731
Maximum Sheep Distance: 0.4764519453871716
Elapsed Time: 5m 14s
********** 5 **********
Average Fitness: 0.09699999999999999
Maximum Fitness: 0.26666666666666666
Average Pen Distance: 0.5323385267146655
Maximum Pen Distance: 0.7934612154318463
Average Dog Distance: 0.563675635196342
Maximum Dog Distance: 0.8154406765457402
Average Sheep Distance: 0.37008385847203334
Maximum Sheep Distance: 0.4764519453871716
Elapsed Time: 5m 6s
********** 6 **********
Average Fitness: 0.1
Maximum Fitness: 0.26666666666666666
Average Pen Distance: 0.5217138244112423
Maximum Pen Distance: 0.7934612154318463
Average Dog Distance: 0.5633254091443649
Maximum Dog Distance: 0.8154406765457402
Average Sheep Distance: 0.37337356485776757
Maximum Sheep Distance: 0.4764519453871716
Elapsed Time: 5m 0s
********** 7 **********
Average Fitness: 0.10733333333333332
Maximum Fitness: 0.3
Average Pen Distance: 0.520184741934854
Maximum Pen Distance: 0.7959104394105915
Average Dog Distance: 0.5543869428970902
Maximum Dog Distance: 0.819684348276028
Average Sheep Distance: 0.37355414492955097
Maximum Sheep Distance: 0.47704709142145535
Elapsed Time: 4m 59s
********** 8 **********
Average Fitness: 0.11399999999999999
Maximum Fitness: 0.3
Average Pen Distance: 0.48981363258728855
Maximum Pen Distance: 0.8034366886756453
Average Dog Distance: 0.5338532260380027
Maximum Dog Distance: 0.821938597892559
Average Sheep Distance: 0.36742744927242954
Maximum Sheep Distance: 0.47704709142145535
Elapsed Time: 5m 2s
********** 9 **********
Average Fitness: 0.11666666666666665
Maximum Fitness: 0.3
Average Pen Distance: 0.5158976154894951
Maximum Pen Distance: 0.8034366886756453
Average Dog Distance: 0.5369293511240897
Maximum Dog Distance: 0.8224292252507094
Average Sheep Distance: 0.37003225801951317
Maximum Sheep Distance: 0.47704709142145535
Elapsed Time: 5m 1s
********** 10 **********
Average Fitness: 0.11866666666666667
Maximum Fitness: 0.3
Average Pen Distance: 0.5308985840374504
Maximum Pen Distance: 0.8034366886756453
Average Dog Distance: 0.538628771756785
Maximum Dog Distance: 0.8224292252507094
Average Sheep Distance: 0.3740969284208625
Maximum Sheep Distance: 0.47704709142145535
Elapsed Time: 5m 0s
********** 11 **********
Average Fitness: 0.12666666666666668
Maximum Fitness: 0.3666666666666667
Average Pen Distance: 0.5250850549134249
Maximum Pen Distance: 0.8034366886756453
Average Dog Distance: 0.5295796812966189
Maximum Dog Distance: 0.8216373768244497
Average Sheep Distance: 0.37216318884596084
Maximum Sheep Distance: 0.47704709142145535
Elapsed Time: 5m 4s
********** 12 **********
Average Fitness: 0.1303333333333333
Maximum Fitness: 0.3666666666666667
Average Pen Distance: 0.5194156263410867
Maximum Pen Distance: 0.8034366886756453
Average Dog Distance: 0.5320205511483638
Maximum Dog Distance: 0.7923719123414744
Average Sheep Distance: 0.36952266387351324
Maximum Sheep Distance: 0.47704709142145535
Elapsed Time: 5m 4s
********** 13 **********
Average Fitness: 0.12933333333333333
Maximum Fitness: 0.3666666666666667
Average Pen Distance: 0.5220955354773745
Maximum Pen Distance: 0.8034366886756453
Average Dog Distance: 0.5273362836165513
Maximum Dog Distance: 0.7910852307033607
Average Sheep Distance: 0.37481373096451526
Maximum Sheep Distance: 0.4860929881382127
Elapsed Time: 5m 4s
********** 14 **********
Average Fitness: 0.126
Maximum Fitness: 0.3666666666666667
Average Pen Distance: 0.5149339367067358
Maximum Pen Distance: 0.8034366886756453
Average Dog Distance: 0.5153860931654777
Maximum Dog Distance: 0.8536539294831192
Average Sheep Distance: 0.3707098408524637
Maximum Sheep Distance: 0.4860929881382127
Elapsed Time: 5m 4s
********** 15 **********
Average Fitness: 0.12966666666666668
Maximum Fitness: 0.3666666666666667
Average Pen Distance: 0.5083480243834019
Maximum Pen Distance: 0.8034366886756453
Average Dog Distance: 0.5074536323410435
Maximum Dog Distance: 0.8536539294831192
Average Sheep Distance: 0.37255025003258696
Maximum Sheep Distance: 0.5060871992338313
Elapsed Time: 5m 8s
********** 16 **********
Average Fitness: 0.13166666666666668
Maximum Fitness: 0.3666666666666667
Average Pen Distance: 0.506121093166229
Maximum Pen Distance: 0.8034366886756453
Average Dog Distance: 0.5157227000755712
Maximum Dog Distance: 0.8536539294831192
Average Sheep Distance: 0.36833603593409897
Maximum Sheep Distance: 0.5060871992338313
Elapsed Time: 4m 56s
********** 17 **********
Average Fitness: 0.136
Maximum Fitness: 0.3666666666666667
Average Pen Distance: 0.5120660347710743
Maximum Pen Distance: 0.8034366886756453
Average Dog Distance: 0.5137539520163545
Maximum Dog Distance: 0.8595287008451903
Average Sheep Distance: 0.37110051153624996
Maximum Sheep Distance: 0.5060871992338313
Elapsed Time: 5m 2s
********** 18 **********
Average Fitness: 0.13933333333333334
Maximum Fitness: 0.3666666666666667
Average Pen Distance: 0.5018678440428699
Maximum Pen Distance: 0.8034366886756453
Average Dog Distance: 0.5122208664906069
Maximum Dog Distance: 0.8595287008451903
Average Sheep Distance: 0.36765813405838804
Maximum Sheep Distance: 0.5060871992338313
Elapsed Time: 5m 4s
********** 19 **********
Average Fitness: 0.14133333333333334
Maximum Fitness: 0.3666666666666667
Average Pen Distance: 0.5047547782450951
Maximum Pen Distance: 0.8034366886756453
Average Dog Distance: 0.519528312468864
Maximum Dog Distance: 0.8595287008451903
Average Sheep Distance: 0.370186594677795
Maximum Sheep Distance: 0.5060871992338313
Elapsed Time: 5m 9s
********** 20 **********
Average Fitness: 0.14066666666666666
Maximum Fitness: 0.3666666666666667
Average Pen Distance: 0.5083601342653159
Maximum Pen Distance: 0.8034366886756453
Average Dog Distance: 0.515002037224943
Maximum Dog Distance: 0.8595287008451903
Average Sheep Distance: 0.3724949597569359
Maximum Sheep Distance: 0.5060871992338313
Elapsed Time: 5m 5s
********** 21 **********
Average Fitness: 0.146
Maximum Fitness: 0.3666666666666667
Average Pen Distance: 0.5020087591731209
Maximum Pen Distance: 0.8034366886756453
Average Dog Distance: 0.5155500409319409
Maximum Dog Distance: 0.8595287008451903
Average Sheep Distance: 0.3729148480003821
Maximum Sheep Distance: 0.5060871992338313
Elapsed Time: 5m 1s
********** 22 **********
Average Fitness: 0.14633333333333332
Maximum Fitness: 0.3666666666666667
Average Pen Distance: 0.5028624921663023
Maximum Pen Distance: 0.8034366886756453
Average Dog Distance: 0.5144029418345354
Maximum Dog Distance: 0.8595287008451903
Average Sheep Distance: 0.37221182524854585
Maximum Sheep Distance: 0.5060871992338313
Elapsed Time: 5m 1s
********** 23 **********
Average Fitness: 0.14666666666666667
Maximum Fitness: 0.3666666666666667
Average Pen Distance: 0.506138664073681
Maximum Pen Distance: 0.8034366886756453
Average Dog Distance: 0.5132243549626782
Maximum Dog Distance: 0.8595287008451903
Average Sheep Distance: 0.3732968925746928
Maximum Sheep Distance: 0.5060871992338313
Elapsed Time: 5m 2s
********** 24 **********
Average Fitness: 0.152
Maximum Fitness: 0.3666666666666667
Average Pen Distance: 0.4998658289281153
Maximum Pen Distance: 0.8059009401927607
Average Dog Distance: 0.5113269647209298
Maximum Dog Distance: 0.8595287008451903
Average Sheep Distance: 0.3720519347066256
Maximum Sheep Distance: 0.5060871992338313
Elapsed Time: 5m 4s
********** 25 **********
Average Fitness: 0.15366666666666665
Maximum Fitness: 0.3666666666666667
Average Pen Distance: 0.49257921814532657
Maximum Pen Distance: 0.8059009401927607
Average Dog Distance: 0.5121279655374575
Maximum Dog Distance: 0.8595287008451903
Average Sheep Distance: 0.37083985099588174
Maximum Sheep Distance: 0.5060871992338313
Elapsed Time: 5m 5s
********** 26 **********
Average Fitness: 0.155
Maximum Fitness: 0.3666666666666667
Average Pen Distance: 0.4857493110437228
Maximum Pen Distance: 0.8059009401927607
Average Dog Distance: 0.505083939435938
Maximum Dog Distance: 0.8595287008451903
Average Sheep Distance: 0.36898849814280543
Maximum Sheep Distance: 0.5060871992338313
Elapsed Time: 5m 3s
********** 27 **********
Average Fitness: 0.15533333333333332
Maximum Fitness: 0.3666666666666667
Average Pen Distance: 0.49596006100490897
Maximum Pen Distance: 0.8059009401927607
Average Dog Distance: 0.5086799046838053
Maximum Dog Distance: 0.8218266538404883
Average Sheep Distance: 0.3708859786626342
Maximum Sheep Distance: 0.5060871992338313
Elapsed Time: 5m 1s
********** 28 **********
Average Fitness: 0.15733333333333335
Maximum Fitness: 0.3666666666666667
Average Pen Distance: 0.4906910913859018
Maximum Pen Distance: 0.8059009401927607
Average Dog Distance: 0.5002800729934603
Maximum Dog Distance: 0.8218266538404883
Average Sheep Distance: 0.369857673197854
Maximum Sheep Distance: 0.5060871992338313
Elapsed Time: 5m 0s
********** 29 **********
Average Fitness: 0.15733333333333335
Maximum Fitness: 0.3666666666666667
Average Pen Distance: 0.4899973123893046
Maximum Pen Distance: 0.8059009401927607
Average Dog Distance: 0.49794897277518
Maximum Dog Distance: 0.8218266538404883
Average Sheep Distance: 0.36892469862867316
Maximum Sheep Distance: 0.482793719946923
Elapsed Time: 5m 3s
********** 30 **********
Average Fitness: 0.158
Maximum Fitness: 0.3666666666666667
Average Pen Distance: 0.49031646611424023
Maximum Pen Distance: 0.8059009401927607
Average Dog Distance: 0.504139435398551
Maximum Dog Distance: 0.8218266538404883
Average Sheep Distance: 0.37049026941812335
Maximum Sheep Distance: 0.482793719946923
Elapsed Time: 5m 0s
********** 31 **********
Average Fitness: 0.15833333333333333
Maximum Fitness: 0.3666666666666667
Average Pen Distance: 0.4940266527915736
Maximum Pen Distance: 0.8317313675148478
Average Dog Distance: 0.5068976451569707
Maximum Dog Distance: 0.8218266538404883
Average Sheep Distance: 0.3700043909559806
Maximum Sheep Distance: 0.482793719946923
Elapsed Time: 5m 2s
********** 32 **********
Average Fitness: 0.161
Maximum Fitness: 0.3666666666666667
Average Pen Distance: 0.49913594297033426
Maximum Pen Distance: 0.8317313675148478
Average Dog Distance: 0.5069792854648021
Maximum Dog Distance: 0.8218266538404883
Average Sheep Distance: 0.3732722436417392
Maximum Sheep Distance: 0.482793719946923
Elapsed Time: 4m 59s
********** 33 **********
Average Fitness: 0.16
Maximum Fitness: 0.3666666666666667
Average Pen Distance: 0.5034336710461543
Maximum Pen Distance: 0.8317313675148478
Average Dog Distance: 0.5101893751113242
Maximum Dog Distance: 0.8218266538404883
Average Sheep Distance: 0.37366431600834665
Maximum Sheep Distance: 0.482793719946923
Elapsed Time: 5m 2s
********** 34 **********
Average Fitness: 0.16166666666666668
Maximum Fitness: 0.3666666666666667
Average Pen Distance: 0.502839483932
Maximum Pen Distance: 0.8317313675148478
Average Dog Distance: 0.511020702137644
Maximum Dog Distance: 0.8218266538404883
Average Sheep Distance: 0.37658505985644075
Maximum Sheep Distance: 0.482793719946923
Elapsed Time: 4m 59s
********** 35 **********
Average Fitness: 0.15933333333333333
Maximum Fitness: 0.3666666666666667
Average Pen Distance: 0.5012440092903331
Maximum Pen Distance: 0.8329676489179492
Average Dog Distance: 0.5038773533052125
Maximum Dog Distance: 0.8218266538404883
Average Sheep Distance: 0.3775072012115343
Maximum Sheep Distance: 0.4933003912979927
Elapsed Time: 5m 8s
********** 36 **********
Average Fitness: 0.15766666666666668
Maximum Fitness: 0.3666666666666667
Average Pen Distance: 0.5091163132706157
Maximum Pen Distance: 0.8329676489179492
Average Dog Distance: 0.4972048311248037
Maximum Dog Distance: 0.8218266538404883
Average Sheep Distance: 0.38017908802606043
Maximum Sheep Distance: 0.532701321484773
Elapsed Time: 5m 11s
********** 37 **********
Average Fitness: 0.15666666666666668
Maximum Fitness: 0.3666666666666667
Average Pen Distance: 0.5166910409889592
Maximum Pen Distance: 0.8329676489179492
Average Dog Distance: 0.49600310554439664
Maximum Dog Distance: 0.8218266538404883
Average Sheep Distance: 0.3805027788992593
Maximum Sheep Distance: 0.532701321484773
Elapsed Time: 5m 3s
********** 38 **********
Average Fitness: 0.15766666666666665
Maximum Fitness: 0.3666666666666667
Average Pen Distance: 0.5107041457753766
Maximum Pen Distance: 0.8329676489179492
Average Dog Distance: 0.4903016509908533
Maximum Dog Distance: 0.8218266538404883
Average Sheep Distance: 0.3811979273685522
Maximum Sheep Distance: 0.532701321484773
Elapsed Time: 4m 58s
********** 39 **********
Average Fitness: 0.15899999999999997
Maximum Fitness: 0.3666666666666667
Average Pen Distance: 0.5135332758701899
Maximum Pen Distance: 0.8329676489179492
Average Dog Distance: 0.5092915980767299
Maximum Dog Distance: 0.8598628335908788
Average Sheep Distance: 0.38489680097692847
Maximum Sheep Distance: 0.532701321484773
Elapsed Time: 5m 5s
********** 40 **********
Average Fitness: 0.158
Maximum Fitness: 0.3666666666666667
Average Pen Distance: 0.5170800307227982
Maximum Pen Distance: 0.8329676489179492
Average Dog Distance: 0.5080398757055503
Maximum Dog Distance: 0.8598628335908788
Average Sheep Distance: 0.3855911087274396
Maximum Sheep Distance: 0.532701321484773
Elapsed Time: 5m 6s
********** 41 **********
Average Fitness: 0.15666666666666665
Maximum Fitness: 0.3666666666666667
Average Pen Distance: 0.519974433158298
Maximum Pen Distance: 0.8329676489179492
Average Dog Distance: 0.5037024543622111
Maximum Dog Distance: 0.8598628335908788
Average Sheep Distance: 0.3869229026166749
Maximum Sheep Distance: 0.532701321484773
Elapsed Time: 5m 3s
********** 42 **********
Average Fitness: 0.15866666666666668
Maximum Fitness: 0.3666666666666667
Average Pen Distance: 0.5230734792606584
Maximum Pen Distance: 0.8329676489179492
Average Dog Distance: 0.5076055311017749
Maximum Dog Distance: 0.8598628335908788
Average Sheep Distance: 0.38714645346982907
Maximum Sheep Distance: 0.532701321484773
Elapsed Time: 5m 6s
********** 43 **********
Average Fitness: 0.15966666666666665
Maximum Fitness: 0.3666666666666667
Average Pen Distance: 0.5190364704013275
Maximum Pen Distance: 0.8329676489179492
Average Dog Distance: 0.504526315693585
Maximum Dog Distance: 0.8598628335908788
Average Sheep Distance: 0.38722018491001536
Maximum Sheep Distance: 0.532701321484773
Elapsed Time: 5m 13s
********** 44 **********
Average Fitness: 0.16033333333333333
Maximum Fitness: 0.3666666666666667
Average Pen Distance: 0.5210615868200371
Maximum Pen Distance: 0.8329676489179492
Average Dog Distance: 0.5100670129009401
Maximum Dog Distance: 0.8601431318193261
Average Sheep Distance: 0.3855129574923313
Maximum Sheep Distance: 0.532701321484773
Elapsed Time: 5m 2s
********** 45 **********
Average Fitness: 0.16233333333333338
Maximum Fitness: 0.3666666666666667
Average Pen Distance: 0.5158282414155171
Maximum Pen Distance: 0.8329676489179492
Average Dog Distance: 0.5019638945232949
Maximum Dog Distance: 0.8608930310632891
Average Sheep Distance: 0.3853529352433598
Maximum Sheep Distance: 0.532701321484773
Elapsed Time: 5m 5s
********** 46 **********
Average Fitness: 0.16266666666666674
Maximum Fitness: 0.3666666666666667
Average Pen Distance: 0.5155691760096853
Maximum Pen Distance: 0.8329676489179492
Average Dog Distance: 0.5040770103456251
Maximum Dog Distance: 0.8608930310632891
Average Sheep Distance: 0.3854042347963809
Maximum Sheep Distance: 0.532701321484773
Elapsed Time: 5m 1s
********** 47 **********
Average Fitness: 0.16433333333333336
Maximum Fitness: 0.3666666666666667
Average Pen Distance: 0.5175171507078429
Maximum Pen Distance: 0.8329676489179492
Average Dog Distance: 0.5031833622337606
Maximum Dog Distance: 0.8608930310632891
Average Sheep Distance: 0.3852869412773078
Maximum Sheep Distance: 0.532701321484773
Elapsed Time: 5m 0s
********** 48 **********
Average Fitness: 0.16366666666666668
Maximum Fitness: 0.3666666666666667
Average Pen Distance: 0.5212917947531368
Maximum Pen Distance: 0.8329676489179492
Average Dog Distance: 0.5014766638179553
Maximum Dog Distance: 0.8608930310632891
Average Sheep Distance: 0.3854106257418299
Maximum Sheep Distance: 0.532701321484773
Elapsed Time: 4m 57s
********** 49 **********
Average Fitness: 0.16400000000000003
Maximum Fitness: 0.3666666666666667
Average Pen Distance: 0.5244944214924941
Maximum Pen Distance: 0.8329676489179492
Average Dog Distance: 0.5027616192264721
Maximum Dog Distance: 0.8445682412370655
Average Sheep Distance: 0.38423328213254665
Maximum Sheep Distance: 0.532701321484773
Elapsed Time: 5m 2s
********** 50 **********
Average Fitness: 0.16200000000000003
Maximum Fitness: 0.3666666666666667
Average Pen Distance: 0.5268832242171481
Maximum Pen Distance: 0.8329676489179492
Average Dog Distance: 0.5029529646292505
Maximum Dog Distance: 0.8733101762631964
Average Sheep Distance: 0.38324995928544275
Maximum Sheep Distance: 0.532701321484773
Elapsed Time: 5m 5s
********** 51 **********
Average Fitness: 0.16266666666666665
Maximum Fitness: 0.3666666666666667
Average Pen Distance: 0.5250924046938953
Maximum Pen Distance: 0.8329676489179492
Average Dog Distance: 0.5029141486113621
Maximum Dog Distance: 0.8733101762631964
Average Sheep Distance: 0.38331804614348547
Maximum Sheep Distance: 0.532701321484773
Elapsed Time: 5m 0s
********** 52 **********
Average Fitness: 0.16166666666666665
Maximum Fitness: 0.3666666666666667
Average Pen Distance: 0.5184852029385832
Maximum Pen Distance: 0.8329676489179492
Average Dog Distance: 0.5053061546388201
Maximum Dog Distance: 0.8733101762631964
Average Sheep Distance: 0.38006721453883296
Maximum Sheep Distance: 0.532701321484773
Elapsed Time: 5m 0s
********** 53 **********
Average Fitness: 0.16366666666666668
Maximum Fitness: 0.3666666666666667
Average Pen Distance: 0.5181642909363385
Maximum Pen Distance: 0.8329676489179492
Average Dog Distance: 0.5072938859516931
Maximum Dog Distance: 0.8733101762631964
Average Sheep Distance: 0.37857824468217155
Maximum Sheep Distance: 0.532701321484773
Elapsed Time: 5m 4s
********** 54 **********
Average Fitness: 0.16400000000000003
Maximum Fitness: 0.3666666666666667
Average Pen Distance: 0.519289725810393
Maximum Pen Distance: 0.8329676489179492
Average Dog Distance: 0.5062533913520856
Maximum Dog Distance: 0.8733101762631964
Average Sheep Distance: 0.3790046610834937
Maximum Sheep Distance: 0.532701321484773
Elapsed Time: 4m 56s
********** 55 **********
Average Fitness: 0.16633333333333333
Maximum Fitness: 0.3666666666666667
Average Pen Distance: 0.5155196939545755
Maximum Pen Distance: 0.8329676489179492
Average Dog Distance: 0.5072136215992642
Maximum Dog Distance: 0.8733101762631964
Average Sheep Distance: 0.38124475866778385
Maximum Sheep Distance: 0.532701321484773
Elapsed Time: 5m 1s
********** 56 **********
Average Fitness: 0.17000000000000004
Maximum Fitness: 0.3666666666666667
Average Pen Distance: 0.5030777275132121
Maximum Pen Distance: 0.8329676489179492
Average Dog Distance: 0.5106393580115423
Maximum Dog Distance: 0.8733101762631964
Average Sheep Distance: 0.37644497920663844
Maximum Sheep Distance: 0.532701321484773
Elapsed Time: 5m 1s
********** 57 **********
Average Fitness: 0.17300000000000001
Maximum Fitness: 0.3666666666666667
Average Pen Distance: 0.5043567495449504
Maximum Pen Distance: 0.8329676489179492
Average Dog Distance: 0.510459986569138
Maximum Dog Distance: 0.8733101762631964
Average Sheep Distance: 0.37858760473608205
Maximum Sheep Distance: 0.5361721243148156
Elapsed Time: 5m 1s
********** 58 **********
Average Fitness: 0.175
Maximum Fitness: 0.3666666666666667
Average Pen Distance: 0.5011584313106422
Maximum Pen Distance: 0.8329676489179492
Average Dog Distance: 0.5090079800771625
Maximum Dog Distance: 0.8733101762631964
Average Sheep Distance: 0.37806117290510505
Maximum Sheep Distance: 0.5361721243148156
Elapsed Time: 5m 1s
********** 59 **********
Average Fitness: 0.17133333333333334
Maximum Fitness: 0.3666666666666667
Average Pen Distance: 0.5007575844218648
Maximum Pen Distance: 0.8329676489179492
Average Dog Distance: 0.5119934597859479
Maximum Dog Distance: 0.8733101762631964
Average Sheep Distance: 0.37753590091142053
Maximum Sheep Distance: 0.5361721243148156
Elapsed Time: 5m 1s
********** 60 **********
Average Fitness: 0.17300000000000001
Maximum Fitness: 0.3666666666666667
Average Pen Distance: 0.4931656427562627
Maximum Pen Distance: 0.8329676489179492
Average Dog Distance: 0.5214280434700121
Maximum Dog Distance: 0.8877021612602162
Average Sheep Distance: 0.3774946369981969
Maximum Sheep Distance: 0.5361721243148156
Elapsed Time: 5m 10s
********** 61 **********
Average Fitness: 0.17600000000000005
Maximum Fitness: 0.3666666666666667
Average Pen Distance: 0.5006530465428134
Maximum Pen Distance: 0.8329676489179492
Average Dog Distance: 0.5152777398683137
Maximum Dog Distance: 0.8877021612602162
Average Sheep Distance: 0.3814074897438725
Maximum Sheep Distance: 0.5413775815090788
Elapsed Time: 5m 5s
********** 62 **********
Average Fitness: 0.17566666666666675
Maximum Fitness: 0.3666666666666667
Average Pen Distance: 0.501509798636467
Maximum Pen Distance: 0.8329676489179492
Average Dog Distance: 0.5132550428319397
Maximum Dog Distance: 0.8877021612602162
Average Sheep Distance: 0.38250569418446745
Maximum Sheep Distance: 0.5413775815090788
Elapsed Time: 5m 12s
********** 63 **********
Average Fitness: 0.175
Maximum Fitness: 0.3666666666666667
Average Pen Distance: 0.5049826765141615
Maximum Pen Distance: 0.8329676489179492
Average Dog Distance: 0.5125534998591855
Maximum Dog Distance: 0.8877021612602162
Average Sheep Distance: 0.3853047760007348
Maximum Sheep Distance: 0.5413775815090788
Elapsed Time: 5m 3s
********** 64 **********
Average Fitness: 0.17433333333333334
Maximum Fitness: 0.3666666666666667
Average Pen Distance: 0.5085042101428516
Maximum Pen Distance: 0.8329676489179492
Average Dog Distance: 0.5121902299196427
Maximum Dog Distance: 0.8877021612602162
Average Sheep Distance: 0.3851847718067613
Maximum Sheep Distance: 0.5413775815090788
Elapsed Time: 5m 2s
********** 65 **********
Average Fitness: 0.1753333333333333
Maximum Fitness: 0.3666666666666667
Average Pen Distance: 0.5014929810892652
Maximum Pen Distance: 0.8329676489179492
Average Dog Distance: 0.5112978870397573
Maximum Dog Distance: 0.8877021612602162
Average Sheep Distance: 0.3857038058003191
Maximum Sheep Distance: 0.5413775815090788
Elapsed Time: 5m 10s
********** 66 **********
Average Fitness: 0.17566666666666667
Maximum Fitness: 0.3666666666666667
Average Pen Distance: 0.5056349833700852
Maximum Pen Distance: 0.8329676489179492
Average Dog Distance: 0.513605625089681
Maximum Dog Distance: 0.8877021612602162
Average Sheep Distance: 0.38569000742637277
Maximum Sheep Distance: 0.5413775815090788
Elapsed Time: 5m 4s
********** 67 **********
Average Fitness: 0.1753333333333333
Maximum Fitness: 0.3666666666666667
Average Pen Distance: 0.508691451308246
Maximum Pen Distance: 0.8329676489179492
Average Dog Distance: 0.5125975743488889
Maximum Dog Distance: 0.8877021612602162
Average Sheep Distance: 0.38374629042024844
Maximum Sheep Distance: 0.5413775815090788
Elapsed Time: 5m 5s
********** 68 **********
Average Fitness: 0.17466666666666664
Maximum Fitness: 0.3666666666666667
Average Pen Distance: 0.5138421104927445
Maximum Pen Distance: 0.8611885694218625
Average Dog Distance: 0.5129456131131965
Maximum Dog Distance: 0.8877021612602162
Average Sheep Distance: 0.38425221152909445
Maximum Sheep Distance: 0.5413775815090788
Elapsed Time: 5m 2s
********** 69 **********
Average Fitness: 0.1753333333333334
Maximum Fitness: 0.3666666666666667
Average Pen Distance: 0.508246232741016
Maximum Pen Distance: 0.8611885694218625
Average Dog Distance: 0.5113650081896527
Maximum Dog Distance: 0.8877021612602162
Average Sheep Distance: 0.38363942841431276
Maximum Sheep Distance: 0.5413775815090788
Elapsed Time: 5m 4s
********** 70 **********
Average Fitness: 0.17633333333333334
Maximum Fitness: 0.3666666666666667
Average Pen Distance: 0.5123423370833663
Maximum Pen Distance: 0.8611885694218625
Average Dog Distance: 0.5096700424069013
Maximum Dog Distance: 0.8877021612602162
Average Sheep Distance: 0.3826275983787291
Maximum Sheep Distance: 0.5413775815090788
Elapsed Time: 5m 14s
********** 71 **********
Average Fitness: 0.17666666666666672
Maximum Fitness: 0.3666666666666667
Average Pen Distance: 0.5065579040855118
Maximum Pen Distance: 0.8611885694218625
Average Dog Distance: 0.5052304366145778
Maximum Dog Distance: 0.8877021612602162
Average Sheep Distance: 0.37988008204172485
Maximum Sheep Distance: 0.5413775815090788
Elapsed Time: 5m 6s
********** 72 **********
Average Fitness: 0.17733333333333334
Maximum Fitness: 0.3666666666666667
Average Pen Distance: 0.5101483510864206
Maximum Pen Distance: 0.8611885694218625
Average Dog Distance: 0.5068214529898701
Maximum Dog Distance: 0.8877021612602162
Average Sheep Distance: 0.38090680728972
Maximum Sheep Distance: 0.5486846932823256
Elapsed Time: 5m 2s
********** 73 **********
Average Fitness: 0.17633333333333334
Maximum Fitness: 0.3666666666666667
Average Pen Distance: 0.5109189123050402
Maximum Pen Distance: 0.8611885694218625
Average Dog Distance: 0.5077987724502758
Maximum Dog Distance: 0.8877021612602162
Average Sheep Distance: 0.38225124589838977
Maximum Sheep Distance: 0.5486846932823256
Elapsed Time: 5m 1s
********** 74 **********
Average Fitness: 0.17766666666666667
Maximum Fitness: 0.3666666666666667
Average Pen Distance: 0.5115184350994035
Maximum Pen Distance: 0.8611885694218625
Average Dog Distance: 0.5075682178808972
Maximum Dog Distance: 0.8877021612602162
Average Sheep Distance: 0.38238867275829397
Maximum Sheep Distance: 0.5486846932823256
Elapsed Time: 5m 2s
********** 75 **********
Average Fitness: 0.17666666666666664
Maximum Fitness: 0.3666666666666667
Average Pen Distance: 0.5071989888596002
Maximum Pen Distance: 0.8611885694218625
Average Dog Distance: 0.5126609696094424
Maximum Dog Distance: 0.8877021612602162
Average Sheep Distance: 0.3806743919157941
Maximum Sheep Distance: 0.5486846932823256
Elapsed Time: 5m 3s
********** 76 **********
Average Fitness: 0.17733333333333334
Maximum Fitness: 0.3666666666666667
Average Pen Distance: 0.5083072106481853
Maximum Pen Distance: 0.8611885694218625
Average Dog Distance: 0.5096076259132778
Maximum Dog Distance: 0.8877021612602162
Average Sheep Distance: 0.3821802321960019
Maximum Sheep Distance: 0.5486846932823256
Elapsed Time: 5m 8s
********** 77 **********
Average Fitness: 0.17966666666666664
Maximum Fitness: 0.3666666666666667
Average Pen Distance: 0.514221169546945
Maximum Pen Distance: 0.8611885694218625
Average Dog Distance: 0.5082467341866804
Maximum Dog Distance: 0.8877021612602162
Average Sheep Distance: 0.38576861380336647
Maximum Sheep Distance: 0.5486846932823256
Elapsed Time: 5m 0s
********** 78 **********
Average Fitness: 0.18066666666666667
Maximum Fitness: 0.3666666666666667
Average Pen Distance: 0.5139636755213101
Maximum Pen Distance: 0.8611885694218625
Average Dog Distance: 0.5102824719944632
Maximum Dog Distance: 0.8877021612602162
Average Sheep Distance: 0.386332577872224
Maximum Sheep Distance: 0.5486846932823256
Elapsed Time: 5m 3s
********** 79 **********
Average Fitness: 0.1836666666666667
Maximum Fitness: 0.3666666666666667
Average Pen Distance: 0.5089601003407581
Maximum Pen Distance: 0.8611885694218625
Average Dog Distance: 0.5064941145855556
Maximum Dog Distance: 0.8877021612602162
Average Sheep Distance: 0.3851878954013707
Maximum Sheep Distance: 0.5486846932823256
Elapsed Time: 5m 3s
********** 80 **********
Average Fitness: 0.18633333333333332
Maximum Fitness: 0.3666666666666667
Average Pen Distance: 0.496575186098619
Maximum Pen Distance: 0.8611885694218625
Average Dog Distance: 0.5072310719243918
Maximum Dog Distance: 0.8877021612602162
Average Sheep Distance: 0.3838454123836664
Maximum Sheep Distance: 0.5486846932823256
Elapsed Time: 5m 4s
********** 81 **********
Average Fitness: 0.18333333333333332
Maximum Fitness: 0.3666666666666667
Average Pen Distance: 0.5017816537098295
Maximum Pen Distance: 0.8611885694218625
Average Dog Distance: 0.5047724654003983
Maximum Dog Distance: 0.8877021612602162
Average Sheep Distance: 0.3841435871417611
Maximum Sheep Distance: 0.5486846932823256
Elapsed Time: 5m 5s
********** 82 **********
Average Fitness: 0.18233333333333335
Maximum Fitness: 0.3666666666666667
Average Pen Distance: 0.4996464917154497
Maximum Pen Distance: 0.8611885694218625
Average Dog Distance: 0.5069267404530376
Maximum Dog Distance: 0.8877021612602162
Average Sheep Distance: 0.38456865627278136
Maximum Sheep Distance: 0.5486846932823256
Elapsed Time: 5m 0s
********** 83 **********
Average Fitness: 0.1796666666666667
Maximum Fitness: 0.3666666666666667
Average Pen Distance: 0.5083065028114485
Maximum Pen Distance: 0.8611885694218625
Average Dog Distance: 0.5059284985454512
Maximum Dog Distance: 0.8877021612602162
Average Sheep Distance: 0.382663850482871
Maximum Sheep Distance: 0.5486846932823256
Elapsed Time: 4m 59s
********** 84 **********
Average Fitness: 0.18033333333333335
Maximum Fitness: 0.3666666666666667
Average Pen Distance: 0.5107493657091277
Maximum Pen Distance: 0.8611885694218625
Average Dog Distance: 0.5055372712954825
Maximum Dog Distance: 0.8877021612602162
Average Sheep Distance: 0.38487354391111117
Maximum Sheep Distance: 0.5486846932823256
Elapsed Time: 5m 6s
********** 85 **********
Average Fitness: 0.18
Maximum Fitness: 0.3666666666666667
Average Pen Distance: 0.5099433767452691
Maximum Pen Distance: 0.8611885694218625
Average Dog Distance: 0.5054570981316343
Maximum Dog Distance: 0.8877021612602162
Average Sheep Distance: 0.3845405362517368
Maximum Sheep Distance: 0.5486846932823256
Elapsed Time: 5m 4s
********** 86 **********
Average Fitness: 0.17933333333333334
Maximum Fitness: 0.3666666666666667
Average Pen Distance: 0.5070784640661257
Maximum Pen Distance: 0.8611885694218625
Average Dog Distance: 0.49752611039413325
Maximum Dog Distance: 0.8877021612602162
Average Sheep Distance: 0.38363794309588606
Maximum Sheep Distance: 0.5486846932823256
Elapsed Time: 5m 5s
********** 87 **********
Average Fitness: 0.18033333333333337
Maximum Fitness: 0.3666666666666667
Average Pen Distance: 0.49821958486839996
Maximum Pen Distance: 0.8611885694218625
Average Dog Distance: 0.4970201293415761
Maximum Dog Distance: 0.8877021612602162
Average Sheep Distance: 0.3830173573801626
Maximum Sheep Distance: 0.5486846932823256
Elapsed Time: 5m 6s
********** 88 **********
Average Fitness: 0.17966666666666672
Maximum Fitness: 0.3666666666666667
Average Pen Distance: 0.49912701830079514
Maximum Pen Distance: 0.8611885694218625
Average Dog Distance: 0.4961361890155478
Maximum Dog Distance: 0.8877021612602162
Average Sheep Distance: 0.38295876341882107
Maximum Sheep Distance: 0.5486846932823256
Elapsed Time: 5m 2s
********** 89 **********
Average Fitness: 0.1776666666666667
Maximum Fitness: 0.3666666666666667
Average Pen Distance: 0.5077348543811809
Maximum Pen Distance: 0.8611885694218625
Average Dog Distance: 0.49772759193139693
Maximum Dog Distance: 0.8877021612602162
Average Sheep Distance: 0.38559686297028334
Maximum Sheep Distance: 0.5486846932823256
Elapsed Time: 5m 7s
********** 90 **********
Average Fitness: 0.1796666666666667
Maximum Fitness: 0.3666666666666667
Average Pen Distance: 0.5112776783880216
Maximum Pen Distance: 0.8611885694218625
Average Dog Distance: 0.5013614979325106
Maximum Dog Distance: 0.8877021612602162
Average Sheep Distance: 0.38673562706636877
Maximum Sheep Distance: 0.5486846932823256
Elapsed Time: 5m 8s
********** 91 **********
Average Fitness: 0.179
Maximum Fitness: 0.3666666666666667
Average Pen Distance: 0.5118485066001629
Maximum Pen Distance: 0.8611885694218625
Average Dog Distance: 0.5026485846989984
Maximum Dog Distance: 0.8877021612602162
Average Sheep Distance: 0.38658051513412933
Maximum Sheep Distance: 0.5486846932823256
Elapsed Time: 5m 2s
********** 92 **********
Average Fitness: 0.18033333333333337
Maximum Fitness: 0.3666666666666667
Average Pen Distance: 0.511249109562343
Maximum Pen Distance: 0.8611885694218625
Average Dog Distance: 0.501925931098065
Maximum Dog Distance: 0.8877021612602162
Average Sheep Distance: 0.3863591035886343
Maximum Sheep Distance: 0.5486846932823256
Elapsed Time: 4m 59s
********** 93 **********
Average Fitness: 0.1826666666666667
Maximum Fitness: 0.3666666666666667
Average Pen Distance: 0.5056051756816902
Maximum Pen Distance: 0.8611885694218625
Average Dog Distance: 0.5032159313050927
Maximum Dog Distance: 0.8877021612602162
Average Sheep Distance: 0.3863563977808388
Maximum Sheep Distance: 0.5486846932823256
Elapsed Time: 5m 2s
********** 94 **********
Average Fitness: 0.18433333333333338
Maximum Fitness: 0.3666666666666667
Average Pen Distance: 0.5017675086352381
Maximum Pen Distance: 0.8611885694218625
Average Dog Distance: 0.5044007359970767
Maximum Dog Distance: 0.8877021612602162
Average Sheep Distance: 0.3862467611912087
Maximum Sheep Distance: 0.5486846932823256
Elapsed Time: 5m 0s
********** 95 **********
Average Fitness: 0.18566666666666673
Maximum Fitness: 0.3666666666666667
Average Pen Distance: 0.5032281317291616
Maximum Pen Distance: 0.8611885694218625
Average Dog Distance: 0.5074258912369145
Maximum Dog Distance: 0.8877021612602162
Average Sheep Distance: 0.3847019287809728
Maximum Sheep Distance: 0.5486846932823256
Elapsed Time: 4m 57s
********** 96 **********
Average Fitness: 0.1813333333333334
Maximum Fitness: 0.3666666666666667
Average Pen Distance: 0.5136472753270778
Maximum Pen Distance: 0.8611885694218625
Average Dog Distance: 0.5077926606698301
Maximum Dog Distance: 0.8877021612602162
Average Sheep Distance: 0.38581620274774964
Maximum Sheep Distance: 0.5486846932823256
Elapsed Time: 5m 3s
********** 97 **********
Average Fitness: 0.18100000000000002
Maximum Fitness: 0.4333333333333333
Average Pen Distance: 0.5200709017291125
Maximum Pen Distance: 0.8611885694218625
Average Dog Distance: 0.5098221803369289
Maximum Dog Distance: 0.8708243566971697
Average Sheep Distance: 0.3879934475997809
Maximum Sheep Distance: 0.5486846932823256
Elapsed Time: 5m 4s
********** 98 **********
Average Fitness: 0.17466666666666672
Maximum Fitness: 0.4333333333333333
Average Pen Distance: 0.5296286641377403
Maximum Pen Distance: 0.8611885694218625
Average Dog Distance: 0.5127984596658886
Maximum Dog Distance: 0.8708243566971697
Average Sheep Distance: 0.38742042248579495
Maximum Sheep Distance: 0.5486846932823256
Elapsed Time: 5m 4s
********** 99 **********
Average Fitness: 0.17500000000000004
Maximum Fitness: 0.4333333333333333
Average Pen Distance: 0.5331646893637233
Maximum Pen Distance: 0.8611885694218625
Average Dog Distance: 0.5088409516083376
Maximum Dog Distance: 0.8708243566971697
Average Sheep Distance: 0.38827006710203527
Maximum Sheep Distance: 0.5843334292701926
Elapsed Time: 5m 3s
********** 100 **********
Average Fitness: 0.17633333333333337
Maximum Fitness: 0.4333333333333333
Average Pen Distance: 0.5271651186880271
Maximum Pen Distance: 0.8611885694218625
Average Dog Distance: 0.5074056417211572
Maximum Dog Distance: 0.8708243566971697
Average Sheep Distance: 0.38833223853016235
Maximum Sheep Distance: 0.5843334292701926
Elapsed Time: 5m 6s
********** 1 **********
Average Fitness: 0.06966666666666665
Maximum Fitness: 0.16666666666666666
Average Pen Distance: 0.4995972220171008
Maximum Pen Distance: 0.7394301190448817
Average Dog Distance: 0.5887699082768754
Maximum Dog Distance: 0.8389551271171708
Average Sheep Distance: 0.3564023024754185
Maximum Sheep Distance: 0.4461461936436166
Elapsed Time: 10m 4s
********** 2 **********
Average Fitness: 0.07866666666666665
Maximum Fitness: 0.16666666666666666
Average Pen Distance: 0.5004095438757721
Maximum Pen Distance: 0.7754373639533855
Average Dog Distance: 0.5783012935105823
Maximum Dog Distance: 0.8389551271171708
Average Sheep Distance: 0.3598139149852497
Maximum Sheep Distance: 0.44779650831687334
Elapsed Time: 5m 0s
********** 3 **********
Average Fitness: 0.08899999999999998
Maximum Fitness: 0.16666666666666666
Average Pen Distance: 0.49716283539042955
Maximum Pen Distance: 0.7754373639533855
Average Dog Distance: 0.5554539957824725
Maximum Dog Distance: 0.8389551271171708
Average Sheep Distance: 0.3596246058958846
Maximum Sheep Distance: 0.44779650831687334
Elapsed Time: 5m 0s
********** 4 **********
Average Fitness: 0.09266666666666663
Maximum Fitness: 0.20000000000000004
Average Pen Distance: 0.5012529605022977
Maximum Pen Distance: 0.7754373639533855
Average Dog Distance: 0.5517901099998692
Maximum Dog Distance: 0.8389551271171708
Average Sheep Distance: 0.36330852246056194
Maximum Sheep Distance: 0.4630615204899113
Elapsed Time: 5m 5s
********** 5 **********
Average Fitness: 0.09633333333333333
Maximum Fitness: 0.2333333333333333
Average Pen Distance: 0.5137178958142701
Maximum Pen Distance: 0.7924679847014549
Average Dog Distance: 0.5497986904287268
Maximum Dog Distance: 0.8389551271171708
Average Sheep Distance: 0.3668443407608919
Maximum Sheep Distance: 0.48878255762351647
Elapsed Time: 5m 1s
********** 6 **********
Average Fitness: 0.10166666666666666
Maximum Fitness: 0.2333333333333333
Average Pen Distance: 0.505678765249224
Maximum Pen Distance: 0.7924679847014549
Average Dog Distance: 0.5542060493663681
Maximum Dog Distance: 0.8389551271171708
Average Sheep Distance: 0.3660972014247964
Maximum Sheep Distance: 0.48878255762351647
Elapsed Time: 4m 59s
********** 7 **********
Average Fitness: 0.10666666666666666
Maximum Fitness: 0.26666666666666666
Average Pen Distance: 0.5150413865458406
Maximum Pen Distance: 0.7924679847014549
Average Dog Distance: 0.5507722309054625
Maximum Dog Distance: 0.8389551271171708
Average Sheep Distance: 0.37393577037227005
Maximum Sheep Distance: 0.4955075239162497
Elapsed Time: 4m 56s
********** 8 **********
Average Fitness: 0.107
Maximum Fitness: 0.26666666666666666
Average Pen Distance: 0.5207745244957079
Maximum Pen Distance: 0.7915061509968302
Average Dog Distance: 0.544155371649765
Maximum Dog Distance: 0.8389551271171708
Average Sheep Distance: 0.37424947346585874
Maximum Sheep Distance: 0.4955075239162497
Elapsed Time: 4m 59s
********** 9 **********
Average Fitness: 0.10933333333333334
Maximum Fitness: 0.26666666666666666
Average Pen Distance: 0.5136546802405166
Maximum Pen Distance: 0.7915061509968302
Average Dog Distance: 0.5363752593341325
Maximum Dog Distance: 0.8389551271171708
Average Sheep Distance: 0.3737292411801127
Maximum Sheep Distance: 0.48878255762351647
Elapsed Time: 4m 57s
********** 10 **********
Average Fitness: 0.11033333333333331
Maximum Fitness: 0.26666666666666666
Average Pen Distance: 0.5204096508120761
Maximum Pen Distance: 0.7915061509968302
Average Dog Distance: 0.5376017926448092
Maximum Dog Distance: 0.8389551271171708
Average Sheep Distance: 0.3740410174125826
Maximum Sheep Distance: 0.5626721350257539
Elapsed Time: 4m 55s
********** 11 **********
Average Fitness: 0.11699999999999999
Maximum Fitness: 0.26666666666666666
Average Pen Distance: 0.5256011401317509
Maximum Pen Distance: 0.7767966438392815
Average Dog Distance: 0.5393679962007636
Maximum Dog Distance: 0.8389551271171708
Average Sheep Distance: 0.3731055992069344
Maximum Sheep Distance: 0.5626721350257539
Elapsed Time: 4m 59s
********** 12 **********
Average Fitness: 0.11533333333333333
Maximum Fitness: 0.26666666666666666
Average Pen Distance: 0.5310748053624471
Maximum Pen Distance: 0.7767966438392815
Average Dog Distance: 0.5365682321790695
Maximum Dog Distance: 0.8326241565206461
Average Sheep Distance: 0.3728530764943278
Maximum Sheep Distance: 0.5626721350257539
Elapsed Time: 4m 59s
********** 13 **********
Average Fitness: 0.118
Maximum Fitness: 0.26666666666666666
Average Pen Distance: 0.5340997548564842
Maximum Pen Distance: 0.7767966438392815
Average Dog Distance: 0.5385037373776004
Maximum Dog Distance: 0.8326241565206461
Average Sheep Distance: 0.37370873166520857
Maximum Sheep Distance: 0.5626721350257539
Elapsed Time: 5m 5s
********** 14 **********
Average Fitness: 0.12233333333333332
Maximum Fitness: 0.26666666666666666
Average Pen Distance: 0.5376876141959684
Maximum Pen Distance: 0.789488915239108
Average Dog Distance: 0.5402923886817186
Maximum Dog Distance: 0.8326241565206461
Average Sheep Distance: 0.37155064817644246
Maximum Sheep Distance: 0.5626721350257539
Elapsed Time: 4m 58s
********** 15 **********
Average Fitness: 0.125
Maximum Fitness: 0.26666666666666666
Average Pen Distance: 0.5290676540795751
Maximum Pen Distance: 0.789488915239108
Average Dog Distance: 0.5409307630849499
Maximum Dog Distance: 0.8326241565206461
Average Sheep Distance: 0.3697351258144157
Maximum Sheep Distance: 0.5626721350257539
Elapsed Time: 4m 58s
********** 16 **********
Average Fitness: 0.127
Maximum Fitness: 0.26666666666666666
Average Pen Distance: 0.5379111745607076
Maximum Pen Distance: 0.7767966438392815
Average Dog Distance: 0.5385302602124185
Maximum Dog Distance: 0.8326241565206461
Average Sheep Distance: 0.37236491298857005
Maximum Sheep Distance: 0.5626721350257539
Elapsed Time: 5m 0s
********** 17 **********
Average Fitness: 0.12633333333333335
Maximum Fitness: 0.26666666666666666
Average Pen Distance: 0.5338153429734692
Maximum Pen Distance: 0.7767966438392815
Average Dog Distance: 0.5384141802970273
Maximum Dog Distance: 0.8326241565206461
Average Sheep Distance: 0.37470397466772326
Maximum Sheep Distance: 0.5626721350257539
Elapsed Time: 4m 58s
********** 18 **********
Average Fitness: 0.13066666666666668
Maximum Fitness: 0.26666666666666666
Average Pen Distance: 0.5320756916112839
Maximum Pen Distance: 0.7941171929655061
Average Dog Distance: 0.5458090132056376
Maximum Dog Distance: 0.8326241565206461
Average Sheep Distance: 0.3745632553142688
Maximum Sheep Distance: 0.5626721350257539
Elapsed Time: 5m 0s
********** 19 **********
Average Fitness: 0.12866666666666665
Maximum Fitness: 0.26666666666666666
Average Pen Distance: 0.5318424079982828
Maximum Pen Distance: 0.8088306049700019
Average Dog Distance: 0.5538817829820456
Maximum Dog Distance: 0.8383756268650909
Average Sheep Distance: 0.37543359934772896
Maximum Sheep Distance: 0.5626721350257539
Elapsed Time: 4m 59s
********** 20 **********
Average Fitness: 0.12766666666666665
Maximum Fitness: 0.26666666666666666
Average Pen Distance: 0.5307663737852678
Maximum Pen Distance: 0.8088306049700019
Average Dog Distance: 0.5456582430165602
Maximum Dog Distance: 0.8383756268650909
Average Sheep Distance: 0.37455797483765635
Maximum Sheep Distance: 0.5626721350257539
Elapsed Time: 4m 54s
********** 21 **********
Average Fitness: 0.12733333333333333
Maximum Fitness: 0.26666666666666666
Average Pen Distance: 0.5350874641451493
Maximum Pen Distance: 0.8088306049700019
Average Dog Distance: 0.545211373918518
Maximum Dog Distance: 0.8383756268650909
Average Sheep Distance: 0.3745790844531806
Maximum Sheep Distance: 0.5626721350257539
Elapsed Time: 5m 1s
********** 22 **********
Average Fitness: 0.12633333333333333
Maximum Fitness: 0.26666666666666666
Average Pen Distance: 0.5349671407673557
Maximum Pen Distance: 0.8088306049700019
Average Dog Distance: 0.5374413966423315
Maximum Dog Distance: 0.8383756268650909
Average Sheep Distance: 0.37487083339417504
Maximum Sheep Distance: 0.5626721350257539
Elapsed Time: 5m 0s
********** 23 **********
Average Fitness: 0.13033333333333333
Maximum Fitness: 0.26666666666666666
Average Pen Distance: 0.5382562540728679
Maximum Pen Distance: 0.8088306049700019
Average Dog Distance: 0.5398160100081528
Maximum Dog Distance: 0.8383756268650909
Average Sheep Distance: 0.37670969136896504
Maximum Sheep Distance: 0.5626721350257539
Elapsed Time: 5m 1s
********** 24 **********
Average Fitness: 0.128
Maximum Fitness: 0.3
Average Pen Distance: 0.5416723891997349
Maximum Pen Distance: 0.8088306049700019
Average Dog Distance: 0.5374747768911341
Maximum Dog Distance: 0.8383756268650909
Average Sheep Distance: 0.37742294400941157
Maximum Sheep Distance: 0.5626721350257539
Elapsed Time: 4m 57s
********** 25 **********
Average Fitness: 0.13166666666666665
Maximum Fitness: 0.3
Average Pen Distance: 0.5408471131452955
Maximum Pen Distance: 0.8140228148090185
Average Dog Distance: 0.5380311254921935
Maximum Dog Distance: 0.8383756268650909
Average Sheep Distance: 0.3769952179521916
Maximum Sheep Distance: 0.5626721350257539
Elapsed Time: 5m 0s
********** 26 **********
Average Fitness: 0.13466666666666666
Maximum Fitness: 0.3
Average Pen Distance: 0.5398700849883191
Maximum Pen Distance: 0.8088306049700019
Average Dog Distance: 0.5311638052837894
Maximum Dog Distance: 0.8383756268650909
Average Sheep Distance: 0.38038783535409243
Maximum Sheep Distance: 0.5626721350257539
Elapsed Time: 4m 59s
********** 27 **********
Average Fitness: 0.13299999999999998
Maximum Fitness: 0.3
Average Pen Distance: 0.5417233034541986
Maximum Pen Distance: 0.8088306049700019
Average Dog Distance: 0.5328286233481221
Maximum Dog Distance: 0.8383756268650909
Average Sheep Distance: 0.38083901771293194
Maximum Sheep Distance: 0.5626721350257539
Elapsed Time: 5m 4s
********** 28 **********
Average Fitness: 0.12999999999999998
Maximum Fitness: 0.3
Average Pen Distance: 0.5504865250349702
Maximum Pen Distance: 0.8415698200893006
Average Dog Distance: 0.5200741040528076
Maximum Dog Distance: 0.8383756268650909
Average Sheep Distance: 0.38007423463874673
Maximum Sheep Distance: 0.5626721350257539
Elapsed Time: 5m 0s
********** 29 **********
Average Fitness: 0.13266666666666665
Maximum Fitness: 0.3
Average Pen Distance: 0.5479093872637733
Maximum Pen Distance: 0.8415698200893006
Average Dog Distance: 0.529267338809833
Maximum Dog Distance: 0.8383756268650909
Average Sheep Distance: 0.38198561388954233
Maximum Sheep Distance: 0.5626721350257539
Elapsed Time: 4m 59s
********** 30 **********
Average Fitness: 0.132
Maximum Fitness: 0.3
Average Pen Distance: 0.5475762303599161
Maximum Pen Distance: 0.8415698200893006
Average Dog Distance: 0.5235071721537936
Maximum Dog Distance: 0.8383756268650909
Average Sheep Distance: 0.3816542302379494
Maximum Sheep Distance: 0.5626721350257539
Elapsed Time: 5m 0s
********** 31 **********
Average Fitness: 0.13499999999999998
Maximum Fitness: 0.3
Average Pen Distance: 0.5316128610678061
Maximum Pen Distance: 0.8415698200893006
Average Dog Distance: 0.5249281624292859
Maximum Dog Distance: 0.8383756268650909
Average Sheep Distance: 0.37627821846532844
Maximum Sheep Distance: 0.5626721350257539
Elapsed Time: 5m 0s
********** 32 **********
Average Fitness: 0.13466666666666666
Maximum Fitness: 0.3
Average Pen Distance: 0.5325676828777182
Maximum Pen Distance: 0.8415698200893006
Average Dog Distance: 0.5189247122652746
Maximum Dog Distance: 0.8383756268650909
Average Sheep Distance: 0.3793947943684337
Maximum Sheep Distance: 0.5626721350257539
Elapsed Time: 5m 5s
********** 33 **********
Average Fitness: 0.13599999999999998
Maximum Fitness: 0.3
Average Pen Distance: 0.5362366021563139
Maximum Pen Distance: 0.8415698200893006
Average Dog Distance: 0.5221129465521415
Maximum Dog Distance: 0.8702226611862529
Average Sheep Distance: 0.3789212902087769
Maximum Sheep Distance: 0.5626721350257539
Elapsed Time: 4m 56s
********** 34 **********
Average Fitness: 0.13499999999999998
Maximum Fitness: 0.3
Average Pen Distance: 0.5252890543600477
Maximum Pen Distance: 0.8415698200893006
Average Dog Distance: 0.5263482947175249
Maximum Dog Distance: 0.8702226611862529
Average Sheep Distance: 0.37899945165432714
Maximum Sheep Distance: 0.5626721350257539
Elapsed Time: 4m 55s
********** 35 **********
Average Fitness: 0.13366666666666666
Maximum Fitness: 0.3333333333333333
Average Pen Distance: 0.5257342233000298
Maximum Pen Distance: 0.8415698200893006
Average Dog Distance: 0.5263254316522125
Maximum Dog Distance: 0.8702226611862529
Average Sheep Distance: 0.37957573775268544
Maximum Sheep Distance: 0.5626721350257539
Elapsed Time: 4m 58s
********** 36 **********
Average Fitness: 0.13799999999999998
Maximum Fitness: 0.3333333333333333
Average Pen Distance: 0.5255370006944511
Maximum Pen Distance: 0.8415698200893006
Average Dog Distance: 0.5274354664306724
Maximum Dog Distance: 0.8702226611862529
Average Sheep Distance: 0.38354851566306314
Maximum Sheep Distance: 0.5626721350257539
Elapsed Time: 5m 6s
********** 37 **********
Average Fitness: 0.1363333333333333
Maximum Fitness: 0.3333333333333333
Average Pen Distance: 0.5321903566486111
Maximum Pen Distance: 0.8415698200893006
Average Dog Distance: 0.5254433567355193
Maximum Dog Distance: 0.8702226611862529
Average Sheep Distance: 0.3854331040973258
Maximum Sheep Distance: 0.5626721350257539
Elapsed Time: 5m 4s
********** 38 **********
Average Fitness: 0.13499999999999998
Maximum Fitness: 0.3333333333333333
Average Pen Distance: 0.53604277109317
Maximum Pen Distance: 0.8415698200893006
Average Dog Distance: 0.5237969709503241
Maximum Dog Distance: 0.8383756268650909
Average Sheep Distance: 0.3897164633849902
Maximum Sheep Distance: 0.5992245116069835
Elapsed Time: 5m 2s
********** 39 **********
Average Fitness: 0.1343333333333333
Maximum Fitness: 0.3333333333333333
Average Pen Distance: 0.5442559347564265
Maximum Pen Distance: 0.8415698200893006
Average Dog Distance: 0.5206790964746566
Maximum Dog Distance: 0.8383756268650909
Average Sheep Distance: 0.3904330100775066
Maximum Sheep Distance: 0.5992245116069835
Elapsed Time: 5m 3s
********** 40 **********
Average Fitness: 0.133
Maximum Fitness: 0.3333333333333333
Average Pen Distance: 0.5419366858181673
Maximum Pen Distance: 0.8415698200893006
Average Dog Distance: 0.5118557109295592
Maximum Dog Distance: 0.8383756268650909
Average Sheep Distance: 0.3902647443281738
Maximum Sheep Distance: 0.5992245116069835
Elapsed Time: 5m 1s
********** 41 **********
Average Fitness: 0.13233333333333333
Maximum Fitness: 0.3333333333333333
Average Pen Distance: 0.5454842514418405
Maximum Pen Distance: 0.8415698200893006
Average Dog Distance: 0.5139636608401084
Maximum Dog Distance: 0.8383756268650909
Average Sheep Distance: 0.3924396431559605
Maximum Sheep Distance: 0.5992245116069835
Elapsed Time: 5m 0s
********** 42 **********
Average Fitness: 0.13333333333333333
Maximum Fitness: 0.3333333333333333
Average Pen Distance: 0.5440647130706143
Maximum Pen Distance: 0.8415698200893006
Average Dog Distance: 0.5111732917517621
Maximum Dog Distance: 0.8383756268650909
Average Sheep Distance: 0.38991849017344643
Maximum Sheep Distance: 0.5992245116069835
Elapsed Time: 4m 59s
********** 43 **********
Average Fitness: 0.13466666666666666
Maximum Fitness: 0.3333333333333333
Average Pen Distance: 0.5386508676436597
Maximum Pen Distance: 0.8415698200893006
Average Dog Distance: 0.5079196734913984
Maximum Dog Distance: 0.8383756268650909
Average Sheep Distance: 0.3877439802765227
Maximum Sheep Distance: 0.5992245116069835
Elapsed Time: 4m 57s
********** 44 **********
Average Fitness: 0.13366666666666666
Maximum Fitness: 0.3333333333333333
Average Pen Distance: 0.541376592489361
Maximum Pen Distance: 0.8415698200893006
Average Dog Distance: 0.5034369186167533
Maximum Dog Distance: 0.8383756268650909
Average Sheep Distance: 0.38656231124163654
Maximum Sheep Distance: 0.5992245116069835
Elapsed Time: 5m 8s
********** 45 **********
Average Fitness: 0.13299999999999998
Maximum Fitness: 0.3333333333333333
Average Pen Distance: 0.5374529413842538
Maximum Pen Distance: 0.8415698200893006
Average Dog Distance: 0.49563725827727334
Maximum Dog Distance: 0.8383756268650909
Average Sheep Distance: 0.3876878868072214
Maximum Sheep Distance: 0.5992245116069835
Elapsed Time: 5m 0s
********** 46 **********
Average Fitness: 0.13366666666666666
Maximum Fitness: 0.3333333333333333
Average Pen Distance: 0.5512010726214166
Maximum Pen Distance: 0.8415698200893006
Average Dog Distance: 0.5046143580573574
Maximum Dog Distance: 0.8383756268650909
Average Sheep Distance: 0.3892992662022577
Maximum Sheep Distance: 0.5992245116069835
Elapsed Time: 5m 2s
********** 47 **********
Average Fitness: 0.13533333333333333
Maximum Fitness: 0.3333333333333333
Average Pen Distance: 0.5458034006482548
Maximum Pen Distance: 0.8415698200893006
Average Dog Distance: 0.5018684818351429
Maximum Dog Distance: 0.8383756268650909
Average Sheep Distance: 0.3887401016902898
Maximum Sheep Distance: 0.5992245116069835
Elapsed Time: 5m 2s
********** 48 **********
Average Fitness: 0.137
Maximum Fitness: 0.3333333333333333
Average Pen Distance: 0.5421015663626304
Maximum Pen Distance: 0.8415698200893006
Average Dog Distance: 0.5030656478538673
Maximum Dog Distance: 0.8383756268650909
Average Sheep Distance: 0.3882425179187131
Maximum Sheep Distance: 0.5992245116069835
Elapsed Time: 5m 0s
********** 49 **********
Average Fitness: 0.1393333333333333
Maximum Fitness: 0.3333333333333333
Average Pen Distance: 0.536001512319425
Maximum Pen Distance: 0.8415698200893006
Average Dog Distance: 0.4944353752368101
Maximum Dog Distance: 0.8383756268650909
Average Sheep Distance: 0.3913780235458201
Maximum Sheep Distance: 0.5992245116069835
Elapsed Time: 5m 6s
********** 50 **********
Average Fitness: 0.14133333333333334
Maximum Fitness: 0.3333333333333333
Average Pen Distance: 0.5396774211518509
Maximum Pen Distance: 0.8415698200893006
Average Dog Distance: 0.5021637100990523
Maximum Dog Distance: 0.8383756268650909
Average Sheep Distance: 0.390455222443345
Maximum Sheep Distance: 0.5992245116069835
Elapsed Time: 5m 1s
********** 51 **********
Average Fitness: 0.143
Maximum Fitness: 0.3333333333333333
Average Pen Distance: 0.5360313725854872
Maximum Pen Distance: 0.8132411280162445
Average Dog Distance: 0.4993203215523521
Maximum Dog Distance: 0.8383756268650909
Average Sheep Distance: 0.39022379227655546
Maximum Sheep Distance: 0.5992245116069835
Elapsed Time: 5m 5s
********** 52 **********
Average Fitness: 0.14266666666666666
Maximum Fitness: 0.3333333333333333
Average Pen Distance: 0.5385105210678982
Maximum Pen Distance: 0.8132411280162445
Average Dog Distance: 0.5007883841530556
Maximum Dog Distance: 0.8383756268650909
Average Sheep Distance: 0.3888342636228046
Maximum Sheep Distance: 0.5992245116069835
Elapsed Time: 5m 5s
********** 53 **********
Average Fitness: 0.14266666666666666
Maximum Fitness: 0.3333333333333333
Average Pen Distance: 0.5226257087852992
Maximum Pen Distance: 0.8132411280162445
Average Dog Distance: 0.4975996492259664
Maximum Dog Distance: 0.8383756268650909
Average Sheep Distance: 0.38892364795696677
Maximum Sheep Distance: 0.5992245116069835
Elapsed Time: 5m 1s
********** 54 **********
Average Fitness: 0.14366666666666666
Maximum Fitness: 0.3333333333333333
Average Pen Distance: 0.5324627704877872
Maximum Pen Distance: 0.8132411280162445
Average Dog Distance: 0.5031143302418993
Maximum Dog Distance: 0.8383756268650909
Average Sheep Distance: 0.38710219043932226
Maximum Sheep Distance: 0.5992245116069835
Elapsed Time: 5m 5s
********** 55 **********
Average Fitness: 0.14
Maximum Fitness: 0.3333333333333333
Average Pen Distance: 0.5416134015861743
Maximum Pen Distance: 0.8132411280162445
Average Dog Distance: 0.5039524778103046
Maximum Dog Distance: 0.8383756268650909
Average Sheep Distance: 0.3865723118754049
Maximum Sheep Distance: 0.5992245116069835
Elapsed Time: 5m 8s
********** 56 **********
Average Fitness: 0.1416666666666667
Maximum Fitness: 0.3333333333333333
Average Pen Distance: 0.5427991702559463
Maximum Pen Distance: 0.8132411280162445
Average Dog Distance: 0.5066672572178956
Maximum Dog Distance: 0.8383756268650909
Average Sheep Distance: 0.3856126958073528
Maximum Sheep Distance: 0.5992245116069835
Elapsed Time: 5m 10s
********** 57 **********
Average Fitness: 0.14466666666666667
Maximum Fitness: 0.3333333333333333
Average Pen Distance: 0.5441963801855471
Maximum Pen Distance: 0.8132411280162445
Average Dog Distance: 0.5134588040902583
Maximum Dog Distance: 0.8383756268650909
Average Sheep Distance: 0.3883571751115911
Maximum Sheep Distance: 0.5992245116069835
Elapsed Time: 4m 59s
********** 58 **********
Average Fitness: 0.14300000000000002
Maximum Fitness: 0.3333333333333333
Average Pen Distance: 0.5418703402929194
Maximum Pen Distance: 0.8388954719410178
Average Dog Distance: 0.5076620536050168
Maximum Dog Distance: 0.8383756268650909
Average Sheep Distance: 0.38987660766544635
Maximum Sheep Distance: 0.5992245116069835
Elapsed Time: 4m 56s
********** 59 **********
Average Fitness: 0.14933333333333335
Maximum Fitness: 0.3333333333333333
Average Pen Distance: 0.5388446102050677
Maximum Pen Distance: 0.8388954719410178
Average Dog Distance: 0.5126707280690473
Maximum Dog Distance: 0.8383756268650909
Average Sheep Distance: 0.38546978457491804
Maximum Sheep Distance: 0.5992245116069835
Elapsed Time: 4m 59s
********** 60 **********
Average Fitness: 0.15133333333333332
Maximum Fitness: 0.3333333333333333
Average Pen Distance: 0.5316384891166241
Maximum Pen Distance: 0.8388954719410178
Average Dog Distance: 0.5130917718282967
Maximum Dog Distance: 0.8383756268650909
Average Sheep Distance: 0.3826514778347719
Maximum Sheep Distance: 0.5992245116069835
Elapsed Time: 5m 1s
********** 61 **********
Average Fitness: 0.15233333333333335
Maximum Fitness: 0.3333333333333333
Average Pen Distance: 0.5323219841789218
Maximum Pen Distance: 0.8388954719410178
Average Dog Distance: 0.5098431857843251
Maximum Dog Distance: 0.8383756268650909
Average Sheep Distance: 0.38124983770473764
Maximum Sheep Distance: 0.5992245116069835
Elapsed Time: 5m 3s
********** 62 **********
Average Fitness: 0.15233333333333335
Maximum Fitness: 0.3333333333333333
Average Pen Distance: 0.5327182839025739
Maximum Pen Distance: 0.8388954719410178
Average Dog Distance: 0.5117855213007542
Maximum Dog Distance: 0.8383756268650909
Average Sheep Distance: 0.3795935572201734
Maximum Sheep Distance: 0.5992245116069835
Elapsed Time: 5m 0s
********** 63 **********
Average Fitness: 0.15133333333333332
Maximum Fitness: 0.3333333333333333
Average Pen Distance: 0.5293540172901037
Maximum Pen Distance: 0.8388954719410178
Average Dog Distance: 0.5068258211046915
Maximum Dog Distance: 0.8383756268650909
Average Sheep Distance: 0.37966048764581833
Maximum Sheep Distance: 0.5992245116069835
Elapsed Time: 5m 13s
********** 64 **********
Average Fitness: 0.15066666666666667
Maximum Fitness: 0.3333333333333333
Average Pen Distance: 0.5278325940685471
Maximum Pen Distance: 0.8388954719410178
Average Dog Distance: 0.5056551752370657
Maximum Dog Distance: 0.8383756268650909
Average Sheep Distance: 0.37724778513418683
Maximum Sheep Distance: 0.5992245116069835
Elapsed Time: 5m 1s
********** 65 **********
Average Fitness: 0.153
Maximum Fitness: 0.43333333333333335
Average Pen Distance: 0.5426049559933903
Maximum Pen Distance: 0.8388954719410178
Average Dog Distance: 0.5076763996570854
Maximum Dog Distance: 0.8383756268650909
Average Sheep Distance: 0.3790401300936499
Maximum Sheep Distance: 0.5992245116069835
Elapsed Time: 5m 0s
********** 66 **********
Average Fitness: 0.157
Maximum Fitness: 0.43333333333333335
Average Pen Distance: 0.5327169404962894
Maximum Pen Distance: 0.8388954719410178
Average Dog Distance: 0.5083049040220636
Maximum Dog Distance: 0.8383756268650909
Average Sheep Distance: 0.37847555257965637
Maximum Sheep Distance: 0.5992245116069835
Elapsed Time: 5m 6s
********** 67 **********
Average Fitness: 0.16133333333333333
Maximum Fitness: 0.43333333333333335
Average Pen Distance: 0.5300994412972753
Maximum Pen Distance: 0.8388954719410178
Average Dog Distance: 0.5067902059500018
Maximum Dog Distance: 0.8383756268650909
Average Sheep Distance: 0.37856433588803495
Maximum Sheep Distance: 0.5992245116069835
Elapsed Time: 5m 11s
********** 68 **********
Average Fitness: 0.16066666666666665
Maximum Fitness: 0.43333333333333335
Average Pen Distance: 0.5323283430427361
Maximum Pen Distance: 0.8388954719410178
Average Dog Distance: 0.50522707730514
Maximum Dog Distance: 0.8383756268650909
Average Sheep Distance: 0.3776914173441544
Maximum Sheep Distance: 0.5992245116069835
Elapsed Time: 5m 1s
********** 69 **********
Average Fitness: 0.1673333333333334
Maximum Fitness: 0.43333333333333335
Average Pen Distance: 0.5243649281513192
Maximum Pen Distance: 0.8388954719410178
Average Dog Distance: 0.5097524242056596
Maximum Dog Distance: 0.8383756268650909
Average Sheep Distance: 0.37994340904914936
Maximum Sheep Distance: 0.5992245116069835
Elapsed Time: 4m 59s
********** 70 **********
Average Fitness: 0.16633333333333336
Maximum Fitness: 0.43333333333333335
Average Pen Distance: 0.5237381676766489
Maximum Pen Distance: 0.8388954719410178
Average Dog Distance: 0.5103837143639766
Maximum Dog Distance: 0.8383756268650909
Average Sheep Distance: 0.3805612837336368
Maximum Sheep Distance: 0.5992245116069835
Elapsed Time: 4m 57s
********** 71 **********
Average Fitness: 0.16433333333333336
Maximum Fitness: 0.43333333333333335
Average Pen Distance: 0.52672898091046
Maximum Pen Distance: 0.8388954719410178
Average Dog Distance: 0.5143174794659514
Maximum Dog Distance: 0.8383756268650909
Average Sheep Distance: 0.38334373221955576
Maximum Sheep Distance: 0.5992245116069835
Elapsed Time: 4m 59s
********** 72 **********
Average Fitness: 0.16300000000000003
Maximum Fitness: 0.43333333333333335
Average Pen Distance: 0.5288295729832614
Maximum Pen Distance: 0.8388954719410178
Average Dog Distance: 0.5170779839380202
Maximum Dog Distance: 0.8383756268650909
Average Sheep Distance: 0.3849734332071633
Maximum Sheep Distance: 0.5992245116069835
Elapsed Time: 4m 56s
********** 73 **********
Average Fitness: 0.16400000000000003
Maximum Fitness: 0.43333333333333335
Average Pen Distance: 0.5267794420375026
Maximum Pen Distance: 0.8388954719410178
Average Dog Distance: 0.5123891658874897
Maximum Dog Distance: 0.8383756268650909
Average Sheep Distance: 0.385134591198481
Maximum Sheep Distance: 0.5992245116069835
Elapsed Time: 5m 4s
********** 74 **********
Average Fitness: 0.16299999999999998
Maximum Fitness: 0.43333333333333335
Average Pen Distance: 0.5291178664388895
Maximum Pen Distance: 0.8388954719410178
Average Dog Distance: 0.5068773982536506
Maximum Dog Distance: 0.8383756268650909
Average Sheep Distance: 0.38491052146337623
Maximum Sheep Distance: 0.5992245116069835
Elapsed Time: 4m 58s
********** 75 **********
Average Fitness: 0.16333333333333333
Maximum Fitness: 0.43333333333333335
Average Pen Distance: 0.5273539987484162
Maximum Pen Distance: 0.8388954719410178
Average Dog Distance: 0.5056004100319239
Maximum Dog Distance: 0.8383756268650909
Average Sheep Distance: 0.3824815172857279
Maximum Sheep Distance: 0.5992245116069835
Elapsed Time: 5m 6s
********** 76 **********
Average Fitness: 0.168
Maximum Fitness: 0.43333333333333335
Average Pen Distance: 0.525374319281117
Maximum Pen Distance: 0.8388954719410178
Average Dog Distance: 0.5065088848617955
Maximum Dog Distance: 0.8383756268650909
Average Sheep Distance: 0.38437122623475234
Maximum Sheep Distance: 0.5992245116069835
Elapsed Time: 4m 59s
********** 77 **********
Average Fitness: 0.17133333333333337
Maximum Fitness: 0.43333333333333335
Average Pen Distance: 0.5216261351237095
Maximum Pen Distance: 0.8388954719410178
Average Dog Distance: 0.5085791758905223
Maximum Dog Distance: 0.8383756268650909
Average Sheep Distance: 0.38490953347539303
Maximum Sheep Distance: 0.5992245116069835
Elapsed Time: 5m 3s
********** 78 **********
Average Fitness: 0.171
Maximum Fitness: 0.43333333333333335
Average Pen Distance: 0.5219385886973611
Maximum Pen Distance: 0.8388954719410178
Average Dog Distance: 0.5108875467985354
Maximum Dog Distance: 0.8383756268650909
Average Sheep Distance: 0.383320263098905
Maximum Sheep Distance: 0.5992245116069835
Elapsed Time: 5m 3s
********** 79 **********
Average Fitness: 0.17400000000000004
Maximum Fitness: 0.43333333333333335
Average Pen Distance: 0.5172510579704322
Maximum Pen Distance: 0.8388954719410178
Average Dog Distance: 0.5092481862408856
Maximum Dog Distance: 0.8383756268650909
Average Sheep Distance: 0.3837774421202746
Maximum Sheep Distance: 0.5992245116069835
Elapsed Time: 5m 7s
********** 80 **********
Average Fitness: 0.17500000000000004
Maximum Fitness: 0.43333333333333335
Average Pen Distance: 0.5117072020903382
Maximum Pen Distance: 0.8388954719410178
Average Dog Distance: 0.5072028643941432
Maximum Dog Distance: 0.8383756268650909
Average Sheep Distance: 0.3857358380381333
Maximum Sheep Distance: 0.5992245116069835
Elapsed Time: 4m 57s
********** 81 **********
Average Fitness: 0.17700000000000002
Maximum Fitness: 0.43333333333333335
Average Pen Distance: 0.5132530613453504
Maximum Pen Distance: 0.8388954719410178
Average Dog Distance: 0.5158526157806568
Maximum Dog Distance: 0.8383756268650909
Average Sheep Distance: 0.3829407087980009
Maximum Sheep Distance: 0.5992245116069835
Elapsed Time: 5m 0s
********** 82 **********
Average Fitness: 0.1796666666666667
Maximum Fitness: 0.43333333333333335
Average Pen Distance: 0.510035991689456
Maximum Pen Distance: 0.8388954719410178
Average Dog Distance: 0.5170941651098734
Maximum Dog Distance: 0.8383756268650909
Average Sheep Distance: 0.3865924548056139
Maximum Sheep Distance: 0.5992245116069835
Elapsed Time: 4m 58s
********** 83 **********
Average Fitness: 0.18166666666666667
Maximum Fitness: 0.43333333333333335
Average Pen Distance: 0.509365823318596
Maximum Pen Distance: 0.8388954719410178
Average Dog Distance: 0.5178583384449301
Maximum Dog Distance: 0.8383756268650909
Average Sheep Distance: 0.3870279786844826
Maximum Sheep Distance: 0.5992245116069835
Elapsed Time: 5m 0s
********** 84 **********
Average Fitness: 0.1786666666666667
Maximum Fitness: 0.43333333333333335
Average Pen Distance: 0.506660854155475
Maximum Pen Distance: 0.8388954719410178
Average Dog Distance: 0.5026154434950022
Maximum Dog Distance: 0.814067281248259
Average Sheep Distance: 0.38582414591732955
Maximum Sheep Distance: 0.5992245116069835
Elapsed Time: 5m 3s
********** 85 **********
Average Fitness: 0.17566666666666667
Maximum Fitness: 0.43333333333333335
Average Pen Distance: 0.5123893547792262
Maximum Pen Distance: 0.8388954719410178
Average Dog Distance: 0.506009900967993
Maximum Dog Distance: 0.814067281248259
Average Sheep Distance: 0.38533824815605106
Maximum Sheep Distance: 0.5992245116069835
Elapsed Time: 4m 58s
********** 86 **********
Average Fitness: 0.175
Maximum Fitness: 0.43333333333333335
Average Pen Distance: 0.51709225247329
Maximum Pen Distance: 0.8388954719410178
Average Dog Distance: 0.5025942053365129
Maximum Dog Distance: 0.814067281248259
Average Sheep Distance: 0.3854668304791114
Maximum Sheep Distance: 0.5992245116069835
Elapsed Time: 4m 57s
********** 87 **********
Average Fitness: 0.17833333333333334
Maximum Fitness: 0.43333333333333335
Average Pen Distance: 0.5162847431725521
Maximum Pen Distance: 0.8388954719410178
Average Dog Distance: 0.5005093320471016
Maximum Dog Distance: 0.814067281248259
Average Sheep Distance: 0.38715183717772034
Maximum Sheep Distance: 0.5992245116069835
Elapsed Time: 5m 5s
********** 88 **********
Average Fitness: 0.17933333333333337
Maximum Fitness: 0.43333333333333335
Average Pen Distance: 0.5209034374943287
Maximum Pen Distance: 0.8388954719410178
Average Dog Distance: 0.5069718092441651
Maximum Dog Distance: 0.814067281248259
Average Sheep Distance: 0.3871667513442324
Maximum Sheep Distance: 0.5992245116069835
Elapsed Time: 5m 1s
********** 89 **********
Average Fitness: 0.1776666666666667
Maximum Fitness: 0.43333333333333335
Average Pen Distance: 0.5253784055008558
Maximum Pen Distance: 0.8388954719410178
Average Dog Distance: 0.5068395767958035
Maximum Dog Distance: 0.814067281248259
Average Sheep Distance: 0.3870196294103287
Maximum Sheep Distance: 0.5992245116069835
Elapsed Time: 4m 58s
********** 90 **********
Average Fitness: 0.17933333333333337
Maximum Fitness: 0.43333333333333335
Average Pen Distance: 0.5232900030196255
Maximum Pen Distance: 0.8388954719410178
Average Dog Distance: 0.5024216397178773
Maximum Dog Distance: 0.814067281248259
Average Sheep Distance: 0.3866826969004337
Maximum Sheep Distance: 0.5992245116069835
Elapsed Time: 4m 58s
********** 91 **********
Average Fitness: 0.18133333333333337
Maximum Fitness: 0.43333333333333335
Average Pen Distance: 0.5204815830487975
Maximum Pen Distance: 0.8388954719410178
Average Dog Distance: 0.5002595861796456
Maximum Dog Distance: 0.814067281248259
Average Sheep Distance: 0.38616636036621066
Maximum Sheep Distance: 0.5992245116069835
Elapsed Time: 5m 8s
********** 92 **********
Average Fitness: 0.18100000000000005
Maximum Fitness: 0.43333333333333335
Average Pen Distance: 0.5189260248069717
Maximum Pen Distance: 0.8388954719410178
Average Dog Distance: 0.5034426246545475
Maximum Dog Distance: 0.814067281248259
Average Sheep Distance: 0.3856782188872592
Maximum Sheep Distance: 0.5992245116069835
Elapsed Time: 5m 3s
********** 93 **********
Average Fitness: 0.17766666666666667
Maximum Fitness: 0.43333333333333335
Average Pen Distance: 0.5170011848864262
Maximum Pen Distance: 0.8388954719410178
Average Dog Distance: 0.49709337475987064
Maximum Dog Distance: 0.814067281248259
Average Sheep Distance: 0.3879666247390419
Maximum Sheep Distance: 0.5992245116069835
Elapsed Time: 5m 0s
********** 94 **********
Average Fitness: 0.17666666666666667
Maximum Fitness: 0.43333333333333335
Average Pen Distance: 0.5203116774327142
Maximum Pen Distance: 0.8388954719410178
Average Dog Distance: 0.48988086229626104
Maximum Dog Distance: 0.814067281248259
Average Sheep Distance: 0.3877179132019861
Maximum Sheep Distance: 0.5992245116069835
Elapsed Time: 5m 0s
********** 95 **********
Average Fitness: 0.18033333333333337
Maximum Fitness: 0.43333333333333335
Average Pen Distance: 0.5214973572892166
Maximum Pen Distance: 0.8388954719410178
Average Dog Distance: 0.4862069637518976
Maximum Dog Distance: 0.814067281248259
Average Sheep Distance: 0.38722516999250545
Maximum Sheep Distance: 0.5992245116069835
Elapsed Time: 5m 6s
********** 96 **********
Average Fitness: 0.18133333333333337
Maximum Fitness: 0.43333333333333335
Average Pen Distance: 0.5208956748175736
Maximum Pen Distance: 0.8388954719410178
Average Dog Distance: 0.4832912974457383
Maximum Dog Distance: 0.814067281248259
Average Sheep Distance: 0.387506082938288
Maximum Sheep Distance: 0.5992245116069835
Elapsed Time: 5m 5s
********** 97 **********
Average Fitness: 0.18133333333333332
Maximum Fitness: 0.43333333333333335
Average Pen Distance: 0.5260153020666644
Maximum Pen Distance: 0.8388954719410178
Average Dog Distance: 0.4854846067835433
Maximum Dog Distance: 0.814067281248259
Average Sheep Distance: 0.3880682769171534
Maximum Sheep Distance: 0.5992245116069835
Elapsed Time: 5m 2s
********** 98 **********
Average Fitness: 0.17733333333333337
Maximum Fitness: 0.43333333333333335
Average Pen Distance: 0.5337573477444972
Maximum Pen Distance: 0.8388954719410178
Average Dog Distance: 0.48519331705667257
Maximum Dog Distance: 0.814067281248259
Average Sheep Distance: 0.3877384475223259
Maximum Sheep Distance: 0.5992245116069835
Elapsed Time: 4m 55s
********** 99 **********
Average Fitness: 0.18066666666666667
Maximum Fitness: 0.43333333333333335
Average Pen Distance: 0.5345934413919663
Maximum Pen Distance: 0.8388954719410178
Average Dog Distance: 0.4916497203537412
Maximum Dog Distance: 0.8597389566374103
Average Sheep Distance: 0.38664789484090895
Maximum Sheep Distance: 0.5992245116069835
Elapsed Time: 5m 7s
********** 100 **********
Average Fitness: 0.18100000000000002
Maximum Fitness: 0.43333333333333335
Average Pen Distance: 0.5383454649413314
Maximum Pen Distance: 0.8388954719410178
Average Dog Distance: 0.496458697773825
Maximum Dog Distance: 0.814067281248259
Average Sheep Distance: 0.38921222199420746
Maximum Sheep Distance: 0.5992245116069835
Elapsed Time: 4m 58s
********** 1 **********
Average Fitness: 0.075
Maximum Fitness: 0.2333333333333333
Average Pen Distance: 0.5272128565052513
Maximum Pen Distance: 0.8247058854518766
Average Dog Distance: 0.6077644949406075
Maximum Dog Distance: 0.882193732834106
Average Sheep Distance: 0.36168412813137585
Maximum Sheep Distance: 0.5088857974578107
Elapsed Time: 9m 58s
********** 2 **********
Average Fitness: 0.08766666666666667
Maximum Fitness: 0.3333333333333333
Average Pen Distance: 0.5173641528990629
Maximum Pen Distance: 0.8247058854518766
Average Dog Distance: 0.5966093220473648
Maximum Dog Distance: 0.882193732834106
Average Sheep Distance: 0.35996235353654027
Maximum Sheep Distance: 0.5088857974578107
Elapsed Time: 4m 53s
********** 3 **********
Average Fitness: 0.09033333333333333
Maximum Fitness: 0.3333333333333333
Average Pen Distance: 0.5104224054222896
Maximum Pen Distance: 0.8247058854518766
Average Dog Distance: 0.5843074073222797
Maximum Dog Distance: 0.882193732834106
Average Sheep Distance: 0.36004785264357764
Maximum Sheep Distance: 0.5088857974578107
Elapsed Time: 4m 54s
********** 4 **********
Average Fitness: 0.09566666666666665
Maximum Fitness: 0.3333333333333333
Average Pen Distance: 0.5209600816419894
Maximum Pen Distance: 0.8247058854518766
Average Dog Distance: 0.5901896091745276
Maximum Dog Distance: 0.882193732834106
Average Sheep Distance: 0.3666404613549404
Maximum Sheep Distance: 0.5088857974578107
Elapsed Time: 4m 56s
********** 5 **********
Average Fitness: 0.08966666666666664
Maximum Fitness: 0.3333333333333333
Average Pen Distance: 0.5285222550303991
Maximum Pen Distance: 0.8247058854518766
Average Dog Distance: 0.5839654725392311
Maximum Dog Distance: 0.8828162614378146
Average Sheep Distance: 0.36886742798889527
Maximum Sheep Distance: 0.5088857974578107
Elapsed Time: 4m 54s
********** 6 **********
Average Fitness: 0.10033333333333333
Maximum Fitness: 0.3333333333333333
Average Pen Distance: 0.5244685866571159
Maximum Pen Distance: 0.8247058854518766
Average Dog Distance: 0.5783693440539941
Maximum Dog Distance: 0.882193732834106
Average Sheep Distance: 0.36961990324801425
Maximum Sheep Distance: 0.5088857974578107
Elapsed Time: 4m 57s
********** 7 **********
Average Fitness: 0.10266666666666666
Maximum Fitness: 0.3333333333333333
Average Pen Distance: 0.5315591081148624
Maximum Pen Distance: 0.8247058854518766
Average Dog Distance: 0.5761884655472778
Maximum Dog Distance: 0.882193732834106
Average Sheep Distance: 0.37336119823220043
Maximum Sheep Distance: 0.5088857974578107
Elapsed Time: 5m 1s
********** 8 **********
Average Fitness: 0.106
Maximum Fitness: 0.3333333333333333
Average Pen Distance: 0.5386710177528227
Maximum Pen Distance: 0.8247058854518766
Average Dog Distance: 0.5827030135091317
Maximum Dog Distance: 0.882193732834106
Average Sheep Distance: 0.3742711261135822
Maximum Sheep Distance: 0.5088857974578107
Elapsed Time: 5m 0s
********** 9 **********
Average Fitness: 0.11066666666666666
Maximum Fitness: 0.3333333333333333
Average Pen Distance: 0.5420159120609601
Maximum Pen Distance: 0.8247058854518766
Average Dog Distance: 0.5719155258210238
Maximum Dog Distance: 0.882193732834106
Average Sheep Distance: 0.3750572102111018
Maximum Sheep Distance: 0.5088857974578107
Elapsed Time: 4m 52s
********** 10 **********
Average Fitness: 0.11866666666666666
Maximum Fitness: 0.3333333333333333
Average Pen Distance: 0.521712597093392
Maximum Pen Distance: 0.8247058854518766
Average Dog Distance: 0.5733897338056605
Maximum Dog Distance: 0.882193732834106
Average Sheep Distance: 0.3734936575825224
Maximum Sheep Distance: 0.5088857974578107
Elapsed Time: 4m 58s
********** 11 **********
Average Fitness: 0.12666666666666665
Maximum Fitness: 0.3333333333333333
Average Pen Distance: 0.5129452585748994
Maximum Pen Distance: 0.8247058854518766
Average Dog Distance: 0.5753954884733858
Maximum Dog Distance: 0.882193732834106
Average Sheep Distance: 0.3733859542460573
Maximum Sheep Distance: 0.5088857974578107
Elapsed Time: 5m 3s
********** 12 **********
Average Fitness: 0.12266666666666666
Maximum Fitness: 0.3333333333333333
Average Pen Distance: 0.5286137140030418
Maximum Pen Distance: 0.8247058854518766
Average Dog Distance: 0.5696579761840735
Maximum Dog Distance: 0.882193732834106
Average Sheep Distance: 0.37691675296971894
Maximum Sheep Distance: 0.5088857974578107
Elapsed Time: 5m 2s
********** 13 **********
Average Fitness: 0.12500000000000003
Maximum Fitness: 0.3333333333333333
Average Pen Distance: 0.5355783767983765
Maximum Pen Distance: 0.8588640254796404
Average Dog Distance: 0.5745857785044567
Maximum Dog Distance: 0.882193732834106
Average Sheep Distance: 0.3770413185577092
Maximum Sheep Distance: 0.5088857974578107
Elapsed Time: 5m 10s
********** 14 **********
Average Fitness: 0.129
Maximum Fitness: 0.3333333333333333
Average Pen Distance: 0.5308008477252346
Maximum Pen Distance: 0.8588640254796404
Average Dog Distance: 0.5782210048982466
Maximum Dog Distance: 0.882193732834106
Average Sheep Distance: 0.37358041826363625
Maximum Sheep Distance: 0.5088857974578107
Elapsed Time: 5m 3s
********** 15 **********
Average Fitness: 0.13066666666666665
Maximum Fitness: 0.3333333333333333
Average Pen Distance: 0.5296990401429383
Maximum Pen Distance: 0.8588640254796404
Average Dog Distance: 0.579675426464703
Maximum Dog Distance: 0.882193732834106
Average Sheep Distance: 0.37618442932626883
Maximum Sheep Distance: 0.5088857974578107
Elapsed Time: 5m 6s
********** 16 **********
Average Fitness: 0.13733333333333334
Maximum Fitness: 0.3333333333333333
Average Pen Distance: 0.5183982971055852
Maximum Pen Distance: 0.8588640254796404
Average Dog Distance: 0.5800963848570135
Maximum Dog Distance: 0.882193732834106
Average Sheep Distance: 0.37644378881111573
Maximum Sheep Distance: 0.5088857974578107
Elapsed Time: 4m 58s
********** 17 **********
Average Fitness: 0.13866666666666666
Maximum Fitness: 0.3333333333333333
Average Pen Distance: 0.512392179076627
Maximum Pen Distance: 0.8588640254796404
Average Dog Distance: 0.5893523244935313
Maximum Dog Distance: 0.882193732834106
Average Sheep Distance: 0.3767286582044585
Maximum Sheep Distance: 0.5088857974578107
Elapsed Time: 5m 3s
********** 18 **********
Average Fitness: 0.13766666666666666
Maximum Fitness: 0.3333333333333333
Average Pen Distance: 0.515593872989647
Maximum Pen Distance: 0.8588640254796404
Average Dog Distance: 0.5797614518715428
Maximum Dog Distance: 0.882193732834106
Average Sheep Distance: 0.3757783410170849
Maximum Sheep Distance: 0.5088857974578107
Elapsed Time: 5m 4s
********** 19 **********
Average Fitness: 0.13666666666666666
Maximum Fitness: 0.3333333333333333
Average Pen Distance: 0.5180806363127507
Maximum Pen Distance: 0.8588640254796404
Average Dog Distance: 0.5780408221918898
Maximum Dog Distance: 0.882193732834106
Average Sheep Distance: 0.37363852284590143
Maximum Sheep Distance: 0.5088857974578107
Elapsed Time: 4m 57s
********** 20 **********
Average Fitness: 0.136
Maximum Fitness: 0.3333333333333333
Average Pen Distance: 0.5239947654457617
Maximum Pen Distance: 0.8588640254796404
Average Dog Distance: 0.5780705645448262
Maximum Dog Distance: 0.882193732834106
Average Sheep Distance: 0.3743716261478015
Maximum Sheep Distance: 0.5088857974578107
Elapsed Time: 4m 55s
********** 21 **********
Average Fitness: 0.14333333333333334
Maximum Fitness: 0.3333333333333333
Average Pen Distance: 0.5197463145326805
Maximum Pen Distance: 0.8588640254796404
Average Dog Distance: 0.5748716856521091
Maximum Dog Distance: 0.882193732834106
Average Sheep Distance: 0.3722211834540062
Maximum Sheep Distance: 0.5088857974578107
Elapsed Time: 4m 59s
********** 22 **********
Average Fitness: 0.151
Maximum Fitness: 0.3333333333333333
Average Pen Distance: 0.5112738227670144
Maximum Pen Distance: 0.8588640254796404
Average Dog Distance: 0.5676562012899173
Maximum Dog Distance: 0.882193732834106
Average Sheep Distance: 0.36998410485083094
Maximum Sheep Distance: 0.5088857974578107
Elapsed Time: 5m 0s
********** 23 **********
Average Fitness: 0.15333333333333332
Maximum Fitness: 0.3333333333333333
Average Pen Distance: 0.5073138782696041
Maximum Pen Distance: 0.8588640254796404
Average Dog Distance: 0.569901496053154
Maximum Dog Distance: 0.882193732834106
Average Sheep Distance: 0.37114404138405704
Maximum Sheep Distance: 0.5088857974578107
Elapsed Time: 4m 59s
********** 24 **********
Average Fitness: 0.15166666666666667
Maximum Fitness: 0.3333333333333333
Average Pen Distance: 0.504358862017442
Maximum Pen Distance: 0.8588640254796404
Average Dog Distance: 0.5604546551639944
Maximum Dog Distance: 0.882193732834106
Average Sheep Distance: 0.36878588078258884
Maximum Sheep Distance: 0.5088857974578107
Elapsed Time: 5m 1s
********** 25 **********
Average Fitness: 0.151
Maximum Fitness: 0.3333333333333333
Average Pen Distance: 0.514398976037228
Maximum Pen Distance: 0.8588640254796404
Average Dog Distance: 0.5584450440236441
Maximum Dog Distance: 0.882193732834106
Average Sheep Distance: 0.36821982232762385
Maximum Sheep Distance: 0.5088857974578107
Elapsed Time: 5m 2s
********** 26 **********
Average Fitness: 0.15066666666666664
Maximum Fitness: 0.3333333333333333
Average Pen Distance: 0.519050910000029
Maximum Pen Distance: 0.8588640254796404
Average Dog Distance: 0.5641405314552965
Maximum Dog Distance: 0.8885015502442245
Average Sheep Distance: 0.36994838559614857
Maximum Sheep Distance: 0.5088857974578107
Elapsed Time: 5m 1s
********** 27 **********
Average Fitness: 0.15433333333333332
Maximum Fitness: 0.3333333333333333
Average Pen Distance: 0.5245018771172273
Maximum Pen Distance: 0.8588640254796404
Average Dog Distance: 0.5651900620691247
Maximum Dog Distance: 0.8885015502442245
Average Sheep Distance: 0.3708656982294072
Maximum Sheep Distance: 0.5088857974578107
Elapsed Time: 4m 58s
********** 28 **********
Average Fitness: 0.157
Maximum Fitness: 0.3333333333333333
Average Pen Distance: 0.512305140839466
Maximum Pen Distance: 0.8588640254796404
Average Dog Distance: 0.5691070424186612
Maximum Dog Distance: 0.8885015502442245
Average Sheep Distance: 0.36845433540560873
Maximum Sheep Distance: 0.5088857974578107
Elapsed Time: 4m 59s
********** 29 **********
Average Fitness: 0.15633333333333332
Maximum Fitness: 0.3333333333333333
Average Pen Distance: 0.5119125942578452
Maximum Pen Distance: 0.8588640254796404
Average Dog Distance: 0.5672881077404
Maximum Dog Distance: 0.8885015502442245
Average Sheep Distance: 0.3690885169658503
Maximum Sheep Distance: 0.5088857974578107
Elapsed Time: 4m 57s
********** 30 **********
Average Fitness: 0.15633333333333332
Maximum Fitness: 0.3333333333333333
Average Pen Distance: 0.5104018527888957
Maximum Pen Distance: 0.8588640254796404
Average Dog Distance: 0.5650774565605673
Maximum Dog Distance: 0.8885015502442245
Average Sheep Distance: 0.3692632874509193
Maximum Sheep Distance: 0.5088857974578107
Elapsed Time: 5m 3s
********** 31 **********
Average Fitness: 0.15433333333333332
Maximum Fitness: 0.3333333333333333
Average Pen Distance: 0.5065242788815287
Maximum Pen Distance: 0.8588640254796404
Average Dog Distance: 0.5571787218662371
Maximum Dog Distance: 0.882193732834106
Average Sheep Distance: 0.3715926476791783
Maximum Sheep Distance: 0.5088857974578107
Elapsed Time: 4m 56s
********** 32 **********
Average Fitness: 0.15133333333333332
Maximum Fitness: 0.3333333333333333
Average Pen Distance: 0.5083557366146646
Maximum Pen Distance: 0.8588640254796404
Average Dog Distance: 0.5430378549976234
Maximum Dog Distance: 0.882193732834106
Average Sheep Distance: 0.3701427669638799
Maximum Sheep Distance: 0.5088857974578107
Elapsed Time: 4m 57s
********** 33 **********
Average Fitness: 0.15199999999999997
Maximum Fitness: 0.3333333333333333
Average Pen Distance: 0.5162273934794063
Maximum Pen Distance: 0.8588640254796404
Average Dog Distance: 0.5444336501592324
Maximum Dog Distance: 0.882193732834106
Average Sheep Distance: 0.37229180818875224
Maximum Sheep Distance: 0.5088857974578107
Elapsed Time: 5m 3s
********** 34 **********
Average Fitness: 0.15333333333333332
Maximum Fitness: 0.3333333333333333
Average Pen Distance: 0.5137036913918296
Maximum Pen Distance: 0.8588640254796404
Average Dog Distance: 0.536815639282299
Maximum Dog Distance: 0.882193732834106
Average Sheep Distance: 0.3739667494815439
Maximum Sheep Distance: 0.5088857974578107
Elapsed Time: 4m 57s
********** 35 **********
Average Fitness: 0.15133333333333335
Maximum Fitness: 0.3333333333333333
Average Pen Distance: 0.5181056072568471
Maximum Pen Distance: 0.8588640254796404
Average Dog Distance: 0.5309082203280546
Maximum Dog Distance: 0.882193732834106
Average Sheep Distance: 0.3737329117013794
Maximum Sheep Distance: 0.5088857974578107
Elapsed Time: 4m 59s
********** 36 **********
Average Fitness: 0.153
Maximum Fitness: 0.3333333333333333
Average Pen Distance: 0.5185438536218181
Maximum Pen Distance: 0.8588640254796404
Average Dog Distance: 0.5290406950775124
Maximum Dog Distance: 0.882193732834106
Average Sheep Distance: 0.374512999663118
Maximum Sheep Distance: 0.5088857974578107
Elapsed Time: 4m 58s
********** 37 **********
Average Fitness: 0.157
Maximum Fitness: 0.3333333333333333
Average Pen Distance: 0.5191426943518038
Maximum Pen Distance: 0.8588640254796404
Average Dog Distance: 0.5259361885084521
Maximum Dog Distance: 0.882193732834106
Average Sheep Distance: 0.37452513487840905
Maximum Sheep Distance: 0.5088857974578107
Elapsed Time: 4m 56s
********** 38 **********
Average Fitness: 0.16266666666666668
Maximum Fitness: 0.3666666666666667
Average Pen Distance: 0.5195442796932236
Maximum Pen Distance: 0.8588640254796404
Average Dog Distance: 0.529715066871946
Maximum Dog Distance: 0.882193732834106
Average Sheep Distance: 0.373868445786995
Maximum Sheep Distance: 0.5088857974578107
Elapsed Time: 4m 58s
********** 39 **********
Average Fitness: 0.16533333333333336
Maximum Fitness: 0.3666666666666667
Average Pen Distance: 0.516281161794576
Maximum Pen Distance: 0.8588640254796404
Average Dog Distance: 0.5280208567875231
Maximum Dog Distance: 0.882193732834106
Average Sheep Distance: 0.37055403901107087
Maximum Sheep Distance: 0.5088857974578107
Elapsed Time: 5m 0s
********** 40 **********
Average Fitness: 0.16399999999999998
Maximum Fitness: 0.3666666666666667
Average Pen Distance: 0.5128727741072745
Maximum Pen Distance: 0.8588640254796404
Average Dog Distance: 0.5295225569513027
Maximum Dog Distance: 0.882193732834106
Average Sheep Distance: 0.37473802062125977
Maximum Sheep Distance: 0.5088857974578107
Elapsed Time: 4m 59s
********** 41 **********
Average Fitness: 0.16400000000000003
Maximum Fitness: 0.3666666666666667
Average Pen Distance: 0.5112126896569699
Maximum Pen Distance: 0.8588640254796404
Average Dog Distance: 0.5211954614250324
Maximum Dog Distance: 0.882193732834106
Average Sheep Distance: 0.37296336697341786
Maximum Sheep Distance: 0.5088857974578107
Elapsed Time: 4m 57s
********** 42 **********
Average Fitness: 0.16600000000000004
Maximum Fitness: 0.3666666666666667
Average Pen Distance: 0.5035833580371069
Maximum Pen Distance: 0.8588640254796404
Average Dog Distance: 0.5234771009016065
Maximum Dog Distance: 0.882193732834106
Average Sheep Distance: 0.3724967146479925
Maximum Sheep Distance: 0.5088857974578107
Elapsed Time: 5m 5s
********** 43 **********
Average Fitness: 0.16700000000000004
Maximum Fitness: 0.3666666666666667
Average Pen Distance: 0.5135529923779097
Maximum Pen Distance: 0.8588640254796404
Average Dog Distance: 0.5229569231582591
Maximum Dog Distance: 0.882193732834106
Average Sheep Distance: 0.3719994049453701
Maximum Sheep Distance: 0.5088857974578107
Elapsed Time: 5m 6s
********** 44 **********
Average Fitness: 0.16766666666666674
Maximum Fitness: 0.3666666666666667
Average Pen Distance: 0.5135293455412497
Maximum Pen Distance: 0.8588640254796404
Average Dog Distance: 0.5222142436660991
Maximum Dog Distance: 0.882193732834106
Average Sheep Distance: 0.3748341840396056
Maximum Sheep Distance: 0.5088857974578107
Elapsed Time: 5m 2s
********** 45 **********
Average Fitness: 0.16666666666666669
Maximum Fitness: 0.3666666666666667
Average Pen Distance: 0.5149114029471366
Maximum Pen Distance: 0.8588640254796404
Average Dog Distance: 0.5161815642983608
Maximum Dog Distance: 0.882193732834106
Average Sheep Distance: 0.3766566944148628
Maximum Sheep Distance: 0.5924582929535621
Elapsed Time: 5m 5s
********** 46 **********
Average Fitness: 0.1706666666666667
Maximum Fitness: 0.3666666666666667
Average Pen Distance: 0.512540461549326
Maximum Pen Distance: 0.8588640254796404
Average Dog Distance: 0.5176667496495273
Maximum Dog Distance: 0.882193732834106
Average Sheep Distance: 0.3734818559523113
Maximum Sheep Distance: 0.5924582929535621
Elapsed Time: 5m 0s
********** 47 **********
Average Fitness: 0.1713333333333334
Maximum Fitness: 0.3666666666666667
Average Pen Distance: 0.5148463114644516
Maximum Pen Distance: 0.8588640254796404
Average Dog Distance: 0.5154558098548311
Maximum Dog Distance: 0.882193732834106
Average Sheep Distance: 0.37538091492383097
Maximum Sheep Distance: 0.5924582929535621
Elapsed Time: 4m 56s
********** 48 **********
Average Fitness: 0.17433333333333337
Maximum Fitness: 0.3666666666666667
Average Pen Distance: 0.5163279987515308
Maximum Pen Distance: 0.8588640254796404
Average Dog Distance: 0.5172334239075773
Maximum Dog Distance: 0.882193732834106
Average Sheep Distance: 0.37488720826613464
Maximum Sheep Distance: 0.5924582929535621
Elapsed Time: 5m 7s
********** 49 **********
Average Fitness: 0.16633333333333336
Maximum Fitness: 0.3666666666666667
Average Pen Distance: 0.5212801464504333
Maximum Pen Distance: 0.8588640254796404
Average Dog Distance: 0.5122411974114675
Maximum Dog Distance: 0.882193732834106
Average Sheep Distance: 0.3771739098959982
Maximum Sheep Distance: 0.5924582929535621
Elapsed Time: 5m 3s
********** 50 **********
Average Fitness: 0.16566666666666663
Maximum Fitness: 0.3666666666666667
Average Pen Distance: 0.5172671071015514
Maximum Pen Distance: 0.8588640254796404
Average Dog Distance: 0.513468278142366
Maximum Dog Distance: 0.882193732834106
Average Sheep Distance: 0.37432129698967836
Maximum Sheep Distance: 0.5924582929535621
Elapsed Time: 5m 1s
********** 51 **********
Average Fitness: 0.16433333333333333
Maximum Fitness: 0.3666666666666667
Average Pen Distance: 0.5219569635952626
Maximum Pen Distance: 0.8588640254796404
Average Dog Distance: 0.5157466015951759
Maximum Dog Distance: 0.882193732834106
Average Sheep Distance: 0.37624006443614283
Maximum Sheep Distance: 0.5924582929535621
Elapsed Time: 5m 5s
********** 52 **********
Average Fitness: 0.16033333333333333
Maximum Fitness: 0.3666666666666667
Average Pen Distance: 0.5254170013310138
Maximum Pen Distance: 0.8588640254796404
Average Dog Distance: 0.5069169842640853
Maximum Dog Distance: 0.882193732834106
Average Sheep Distance: 0.3741673406685868
Maximum Sheep Distance: 0.5924582929535621
Elapsed Time: 4m 57s
********** 53 **********
Average Fitness: 0.1646666666666667
Maximum Fitness: 0.3666666666666667
Average Pen Distance: 0.5282636022100116
Maximum Pen Distance: 0.8588640254796404
Average Dog Distance: 0.5102854332491336
Maximum Dog Distance: 0.882193732834106
Average Sheep Distance: 0.3733696799259021
Maximum Sheep Distance: 0.5924582929535621
Elapsed Time: 5m 6s
********** 54 **********
Average Fitness: 0.1646666666666667
Maximum Fitness: 0.3666666666666667
Average Pen Distance: 0.5309701010087546
Maximum Pen Distance: 0.8588640254796404
Average Dog Distance: 0.5104713075293822
Maximum Dog Distance: 0.882193732834106
Average Sheep Distance: 0.37770153955973995
Maximum Sheep Distance: 0.5924582929535621
Elapsed Time: 4m 57s
********** 55 **********
Average Fitness: 0.16833333333333336
Maximum Fitness: 0.3666666666666667
Average Pen Distance: 0.5264640286544812
Maximum Pen Distance: 0.8588640254796404
Average Dog Distance: 0.5091023113895231
Maximum Dog Distance: 0.882193732834106
Average Sheep Distance: 0.37890454442896476
Maximum Sheep Distance: 0.5924582929535621
Elapsed Time: 5m 1s
********** 56 **********
Average Fitness: 0.169
Maximum Fitness: 0.3666666666666667
Average Pen Distance: 0.524993447704715
Maximum Pen Distance: 0.8588640254796404
Average Dog Distance: 0.5089062330813924
Maximum Dog Distance: 0.882193732834106
Average Sheep Distance: 0.37569216107540016
Maximum Sheep Distance: 0.5924582929535621
Elapsed Time: 4m 58s
********** 57 **********
Average Fitness: 0.16800000000000004
Maximum Fitness: 0.3666666666666667
Average Pen Distance: 0.5302110030055548
Maximum Pen Distance: 0.8588640254796404
Average Dog Distance: 0.5145434439801402
Maximum Dog Distance: 0.882193732834106
Average Sheep Distance: 0.376783696142178
Maximum Sheep Distance: 0.5924582929535621
Elapsed Time: 4m 57s
********** 58 **********
Average Fitness: 0.17133333333333337
Maximum Fitness: 0.3666666666666667
Average Pen Distance: 0.5288674708565132
Maximum Pen Distance: 0.8588640254796404
Average Dog Distance: 0.5130567189803737
Maximum Dog Distance: 0.882193732834106
Average Sheep Distance: 0.37777736170934134
Maximum Sheep Distance: 0.5924582929535621
Elapsed Time: 4m 57s
********** 59 **********
Average Fitness: 0.17033333333333334
Maximum Fitness: 0.3666666666666667
Average Pen Distance: 0.5302912262860534
Maximum Pen Distance: 0.8588640254796404
Average Dog Distance: 0.5106783572222771
Maximum Dog Distance: 0.882193732834106
Average Sheep Distance: 0.37707405846338493
Maximum Sheep Distance: 0.5924582929535621
Elapsed Time: 5m 2s
********** 60 **********
Average Fitness: 0.1706666666666667
Maximum Fitness: 0.3666666666666667
Average Pen Distance: 0.5269441322539138
Maximum Pen Distance: 0.8588640254796404
Average Dog Distance: 0.5034221870047254
Maximum Dog Distance: 0.882193732834106
Average Sheep Distance: 0.3760416048914755
Maximum Sheep Distance: 0.5924582929535621
Elapsed Time: 5m 2s
********** 61 **********
Average Fitness: 0.16533333333333336
Maximum Fitness: 0.3666666666666667
Average Pen Distance: 0.537475283698775
Maximum Pen Distance: 0.8588640254796404
Average Dog Distance: 0.5024613560133333
Maximum Dog Distance: 0.882193732834106
Average Sheep Distance: 0.37932265887957
Maximum Sheep Distance: 0.5924582929535621
Elapsed Time: 4m 58s
********** 62 **********
Average Fitness: 0.1656666666666667
Maximum Fitness: 0.3666666666666667
Average Pen Distance: 0.5395522794165952
Maximum Pen Distance: 0.8588640254796404
Average Dog Distance: 0.5007599924225233
Maximum Dog Distance: 0.882193732834106
Average Sheep Distance: 0.3805806896114637
Maximum Sheep Distance: 0.5924582929535621
Elapsed Time: 4m 58s
********** 63 **********
Average Fitness: 0.16566666666666674
Maximum Fitness: 0.3666666666666667
Average Pen Distance: 0.5287077113709783
Maximum Pen Distance: 0.8588640254796404
Average Dog Distance: 0.49138549707508217
Maximum Dog Distance: 0.882193732834106
Average Sheep Distance: 0.38086468692012737
Maximum Sheep Distance: 0.5924582929535621
Elapsed Time: 4m 59s
********** 64 **********
Average Fitness: 0.166
Maximum Fitness: 0.3666666666666667
Average Pen Distance: 0.5297514211548835
Maximum Pen Distance: 0.8588640254796404
Average Dog Distance: 0.4983126094787134
Maximum Dog Distance: 0.882193732834106
Average Sheep Distance: 0.3827253209292077
Maximum Sheep Distance: 0.5924582929535621
Elapsed Time: 5m 0s
********** 65 **********
Average Fitness: 0.16866666666666666
Maximum Fitness: 0.3666666666666667
Average Pen Distance: 0.5308166287241308
Maximum Pen Distance: 0.8588640254796404
Average Dog Distance: 0.4975883743570933
Maximum Dog Distance: 0.882193732834106
Average Sheep Distance: 0.3844411029181963
Maximum Sheep Distance: 0.5924582929535621
Elapsed Time: 4m 57s
********** 66 **********
Average Fitness: 0.16866666666666663
Maximum Fitness: 0.3666666666666667
Average Pen Distance: 0.526634596635302
Maximum Pen Distance: 0.8629193822491946
Average Dog Distance: 0.49569551744803114
Maximum Dog Distance: 0.882193732834106
Average Sheep Distance: 0.3822446413077609
Maximum Sheep Distance: 0.5924582929535621
Elapsed Time: 5m 0s
********** 67 **********
Average Fitness: 0.16833333333333336
Maximum Fitness: 0.3666666666666667
Average Pen Distance: 0.5223944041794494
Maximum Pen Distance: 0.8629193822491946
Average Dog Distance: 0.49930429298904394
Maximum Dog Distance: 0.882193732834106
Average Sheep Distance: 0.3819670161151577
Maximum Sheep Distance: 0.5924582929535621
Elapsed Time: 5m 0s
********** 68 **********
Average Fitness: 0.17000000000000004
Maximum Fitness: 0.3666666666666667
Average Pen Distance: 0.519253841310753
Maximum Pen Distance: 0.8629193822491946
Average Dog Distance: 0.49202907619472924
Maximum Dog Distance: 0.882193732834106
Average Sheep Distance: 0.38269648069794265
Maximum Sheep Distance: 0.5924582929535621
Elapsed Time: 4m 56s
********** 69 **********
Average Fitness: 0.16933333333333334
Maximum Fitness: 0.3666666666666667
Average Pen Distance: 0.5219738732057464
Maximum Pen Distance: 0.8629193822491946
Average Dog Distance: 0.4886550988580984
Maximum Dog Distance: 0.882193732834106
Average Sheep Distance: 0.3851673905674734
Maximum Sheep Distance: 0.5924582929535621
Elapsed Time: 5m 3s
********** 70 **********
Average Fitness: 0.17033333333333334
Maximum Fitness: 0.4666666666666666
Average Pen Distance: 0.5236213816033106
Maximum Pen Distance: 0.8629193822491946
Average Dog Distance: 0.48010070545129097
Maximum Dog Distance: 0.882193732834106
Average Sheep Distance: 0.38488101553799936
Maximum Sheep Distance: 0.5924582929535621
Elapsed Time: 5m 1s
********** 71 **********
Average Fitness: 0.17133333333333337
Maximum Fitness: 0.4666666666666666
Average Pen Distance: 0.5216493025004536
Maximum Pen Distance: 0.8629193822491946
Average Dog Distance: 0.4801760959843341
Maximum Dog Distance: 0.882193732834106
Average Sheep Distance: 0.38456835224019964
Maximum Sheep Distance: 0.5924582929535621
Elapsed Time: 4m 57s
********** 72 **********
Average Fitness: 0.16633333333333333
Maximum Fitness: 0.4666666666666666
Average Pen Distance: 0.5349470456279155
Maximum Pen Distance: 0.8629193822491946
Average Dog Distance: 0.48716450726732874
Maximum Dog Distance: 0.882193732834106
Average Sheep Distance: 0.38653102706788234
Maximum Sheep Distance: 0.5924582929535621
Elapsed Time: 5m 2s
********** 73 **********
Average Fitness: 0.16533333333333336
Maximum Fitness: 0.4666666666666666
Average Pen Distance: 0.5394642547771262
Maximum Pen Distance: 0.8629193822491946
Average Dog Distance: 0.48183376130229744
Maximum Dog Distance: 0.882193732834106
Average Sheep Distance: 0.3852760792908634
Maximum Sheep Distance: 0.5924582929535621
Elapsed Time: 5m 6s
********** 74 **********
Average Fitness: 0.16466666666666668
Maximum Fitness: 0.4666666666666666
Average Pen Distance: 0.5473978067395998
Maximum Pen Distance: 0.8629193822491946
Average Dog Distance: 0.48454374085855145
Maximum Dog Distance: 0.882193732834106
Average Sheep Distance: 0.3801153304836825
Maximum Sheep Distance: 0.5924582929535621
Elapsed Time: 4m 58s
********** 75 **********
Average Fitness: 0.16366666666666668
Maximum Fitness: 0.4666666666666666
Average Pen Distance: 0.5499584563311227
Maximum Pen Distance: 0.8629193822491946
Average Dog Distance: 0.48264388935569513
Maximum Dog Distance: 0.882193732834106
Average Sheep Distance: 0.3804490584812472
Maximum Sheep Distance: 0.5924582929535621
Elapsed Time: 5m 1s
********** 76 **********
Average Fitness: 0.16700000000000004
Maximum Fitness: 0.4666666666666666
Average Pen Distance: 0.5496278792414678
Maximum Pen Distance: 0.8629193822491946
Average Dog Distance: 0.4879028878706677
Maximum Dog Distance: 0.882193732834106
Average Sheep Distance: 0.37979104045217
Maximum Sheep Distance: 0.5924582929535621
Elapsed Time: 5m 2s
********** 77 **********
Average Fitness: 0.168
Maximum Fitness: 0.4666666666666666
Average Pen Distance: 0.5475526114466291
Maximum Pen Distance: 0.8629193822491946
Average Dog Distance: 0.47932099794919336
Maximum Dog Distance: 0.882193732834106
Average Sheep Distance: 0.38016204474982174
Maximum Sheep Distance: 0.5924582929535621
Elapsed Time: 4m 53s
********** 78 **********
Average Fitness: 0.16766666666666674
Maximum Fitness: 0.4666666666666666
Average Pen Distance: 0.5498086600469453
Maximum Pen Distance: 0.8629193822491946
Average Dog Distance: 0.481560607246874
Maximum Dog Distance: 0.8859657319481538
Average Sheep Distance: 0.38197661393729204
Maximum Sheep Distance: 0.5924582929535621
Elapsed Time: 5m 4s
********** 79 **********
Average Fitness: 0.17166666666666672
Maximum Fitness: 0.4666666666666666
Average Pen Distance: 0.5477309120881475
Maximum Pen Distance: 0.8629193822491946
Average Dog Distance: 0.4842960789510713
Maximum Dog Distance: 0.8859657319481538
Average Sheep Distance: 0.3794646371897867
Maximum Sheep Distance: 0.5924582929535621
Elapsed Time: 5m 3s
********** 80 **********
Average Fitness: 0.1726666666666667
Maximum Fitness: 0.4666666666666666
Average Pen Distance: 0.5478092157726749
Maximum Pen Distance: 0.8629193822491946
Average Dog Distance: 0.4848160505885764
Maximum Dog Distance: 0.8859657319481538
Average Sheep Distance: 0.3790113482672402
Maximum Sheep Distance: 0.5924582929535621
Elapsed Time: 5m 2s
********** 81 **********
Average Fitness: 0.17133333333333337
Maximum Fitness: 0.4666666666666666
Average Pen Distance: 0.5490381278235814
Maximum Pen Distance: 0.8629193822491946
Average Dog Distance: 0.4743647579641807
Maximum Dog Distance: 0.882193732834106
Average Sheep Distance: 0.3778195208566546
Maximum Sheep Distance: 0.5924582929535621
Elapsed Time: 5m 1s
********** 82 **********
Average Fitness: 0.1746666666666667
Maximum Fitness: 0.4666666666666666
Average Pen Distance: 0.5434672425656821
Maximum Pen Distance: 0.8629193822491946
Average Dog Distance: 0.4734922890709246
Maximum Dog Distance: 0.882193732834106
Average Sheep Distance: 0.37923010557084225
Maximum Sheep Distance: 0.5924582929535621
Elapsed Time: 5m 3s
********** 83 **********
Average Fitness: 0.1763333333333334
Maximum Fitness: 0.4666666666666666
Average Pen Distance: 0.5430813602020725
Maximum Pen Distance: 0.8629193822491946
Average Dog Distance: 0.47784767940931544
Maximum Dog Distance: 0.882193732834106
Average Sheep Distance: 0.3790898017795765
Maximum Sheep Distance: 0.5924582929535621
Elapsed Time: 4m 56s
********** 84 **********
Average Fitness: 0.1776666666666667
Maximum Fitness: 0.4666666666666666
Average Pen Distance: 0.5427646526177979
Maximum Pen Distance: 0.8629193822491946
Average Dog Distance: 0.48166552143433206
Maximum Dog Distance: 0.8891162614574872
Average Sheep Distance: 0.3796370448721688
Maximum Sheep Distance: 0.5924582929535621
Elapsed Time: 5m 3s
********** 85 **********
Average Fitness: 0.18000000000000005
Maximum Fitness: 0.4666666666666666
Average Pen Distance: 0.5411463965232045
Maximum Pen Distance: 0.8629193822491946
Average Dog Distance: 0.4856125017701421
Maximum Dog Distance: 0.8891162614574872
Average Sheep Distance: 0.37835094132956654
Maximum Sheep Distance: 0.5924582929535621
Elapsed Time: 4m 59s
********** 86 **********
Average Fitness: 0.18066666666666667
Maximum Fitness: 0.4666666666666666
Average Pen Distance: 0.5367794175134577
Maximum Pen Distance: 0.8629193822491946
Average Dog Distance: 0.48816492290746516
Maximum Dog Distance: 0.8891162614574872
Average Sheep Distance: 0.3794340363324058
Maximum Sheep Distance: 0.5924582929535621
Elapsed Time: 5m 0s
********** 87 **********
Average Fitness: 0.18033333333333335
Maximum Fitness: 0.4666666666666666
Average Pen Distance: 0.534724913968056
Maximum Pen Distance: 0.8629193822491946
Average Dog Distance: 0.49104799519233
Maximum Dog Distance: 0.8891162614574872
Average Sheep Distance: 0.378995598928039
Maximum Sheep Distance: 0.5924582929535621
Elapsed Time: 5m 2s
********** 88 **********
Average Fitness: 0.18133333333333337
Maximum Fitness: 0.4666666666666666
Average Pen Distance: 0.5369911809493298
Maximum Pen Distance: 0.8629193822491946
Average Dog Distance: 0.4897840236456594
Maximum Dog Distance: 0.8891162614574872
Average Sheep Distance: 0.3797431914675469
Maximum Sheep Distance: 0.5924582929535621
Elapsed Time: 5m 2s
********** 89 **********
Average Fitness: 0.18600000000000003
Maximum Fitness: 0.4666666666666666
Average Pen Distance: 0.5361262127983992
Maximum Pen Distance: 0.8629193822491946
Average Dog Distance: 0.4972441363233081
Maximum Dog Distance: 0.8891162614574872
Average Sheep Distance: 0.3795506521490761
Maximum Sheep Distance: 0.5924582929535621
Elapsed Time: 5m 3s
********** 90 **********
Average Fitness: 0.17933333333333337
Maximum Fitness: 0.4666666666666666
Average Pen Distance: 0.5413589423121259
Maximum Pen Distance: 0.8629193822491946
Average Dog Distance: 0.4902493825736229
Maximum Dog Distance: 0.8891162614574872
Average Sheep Distance: 0.38250765055472596
Maximum Sheep Distance: 0.5924582929535621
Elapsed Time: 5m 0s
********** 91 **********
Average Fitness: 0.1806666666666667
Maximum Fitness: 0.4666666666666666
Average Pen Distance: 0.5363701555630596
Maximum Pen Distance: 0.8629193822491946
Average Dog Distance: 0.4915446758919246
Maximum Dog Distance: 0.8891162614574872
Average Sheep Distance: 0.38037251777480974
Maximum Sheep Distance: 0.5924582929535621
Elapsed Time: 5m 7s
********** 92 **********
Average Fitness: 0.17866666666666675
Maximum Fitness: 0.4666666666666666
Average Pen Distance: 0.5391454267939274
Maximum Pen Distance: 0.8629193822491946
Average Dog Distance: 0.4890228833147647
Maximum Dog Distance: 0.8891162614574872
Average Sheep Distance: 0.3854495185684436
Maximum Sheep Distance: 0.5924582929535621
Elapsed Time: 5m 5s
********** 93 **********
Average Fitness: 0.1806666666666667
Maximum Fitness: 0.4666666666666666
Average Pen Distance: 0.5414416106762261
Maximum Pen Distance: 0.8629193822491946
Average Dog Distance: 0.48718018848371647
Maximum Dog Distance: 0.8891162614574872
Average Sheep Distance: 0.3823686337785044
Maximum Sheep Distance: 0.5924582929535621
Elapsed Time: 4m 56s
********** 94 **********
Average Fitness: 0.18033333333333337
Maximum Fitness: 0.4666666666666666
Average Pen Distance: 0.5386932488916237
Maximum Pen Distance: 0.8629193822491946
Average Dog Distance: 0.4857642718934204
Maximum Dog Distance: 0.8708445455163917
Average Sheep Distance: 0.3833966808148757
Maximum Sheep Distance: 0.5924582929535621
Elapsed Time: 4m 57s
********** 95 **********
Average Fitness: 0.18200000000000005
Maximum Fitness: 0.4666666666666666
Average Pen Distance: 0.5410542959191686
Maximum Pen Distance: 0.8629193822491946
Average Dog Distance: 0.48241833351769253
Maximum Dog Distance: 0.8708445455163917
Average Sheep Distance: 0.38179533607904204
Maximum Sheep Distance: 0.5924582929535621
Elapsed Time: 5m 1s
********** 96 **********
Average Fitness: 0.18233333333333338
Maximum Fitness: 0.4666666666666666
Average Pen Distance: 0.5407348614835336
Maximum Pen Distance: 0.8629193822491946
Average Dog Distance: 0.48314644161646997
Maximum Dog Distance: 0.8708445455163917
Average Sheep Distance: 0.38219123014780637
Maximum Sheep Distance: 0.5924582929535621
Elapsed Time: 4m 55s
********** 97 **********
Average Fitness: 0.18600000000000003
Maximum Fitness: 0.4666666666666666
Average Pen Distance: 0.5425446102035185
Maximum Pen Distance: 0.8629193822491946
Average Dog Distance: 0.4851706964458276
Maximum Dog Distance: 0.8708445455163917
Average Sheep Distance: 0.3846390517111347
Maximum Sheep Distance: 0.5924582929535621
Elapsed Time: 5m 2s
********** 98 **********
Average Fitness: 0.18766666666666665
Maximum Fitness: 0.4666666666666666
Average Pen Distance: 0.5485535523095268
Maximum Pen Distance: 0.8629193822491946
Average Dog Distance: 0.4947997964670403
Maximum Dog Distance: 0.8708445455163917
Average Sheep Distance: 0.38263537442000234
Maximum Sheep Distance: 0.5924582929535621
Elapsed Time: 4m 56s
********** 99 **********
Average Fitness: 0.18233333333333332
Maximum Fitness: 0.4666666666666666
Average Pen Distance: 0.5492567464652152
Maximum Pen Distance: 0.8629193822491946
Average Dog Distance: 0.49062150398908144
Maximum Dog Distance: 0.8708445455163917
Average Sheep Distance: 0.38357265363926374
Maximum Sheep Distance: 0.5924582929535621
Elapsed Time: 5m 2s
********** 100 **********
Average Fitness: 0.18166666666666667
Maximum Fitness: 0.4666666666666666
Average Pen Distance: 0.5449930010789488
Maximum Pen Distance: 0.8629193822491946
Average Dog Distance: 0.482852176904851
Maximum Dog Distance: 0.8708445455163917
Average Sheep Distance: 0.38434626458222937
Maximum Sheep Distance: 0.5924582929535621
Elapsed Time: 4m 59s
********** 1 **********
Average Fitness: 0.071
Maximum Fitness: 0.26666666666666666
Average Pen Distance: 0.5274957423899781
Maximum Pen Distance: 0.7735108264743055
Average Dog Distance: 0.6049482172494018
Maximum Dog Distance: 0.8159239935448458
Average Sheep Distance: 0.3586167546152015
Maximum Sheep Distance: 0.44231147977820356
Elapsed Time: 9m 54s
********** 2 **********
Average Fitness: 0.08933333333333332
Maximum Fitness: 0.26666666666666666
Average Pen Distance: 0.5111207915687147
Maximum Pen Distance: 0.7735108264743055
Average Dog Distance: 0.5934535341184632
Maximum Dog Distance: 0.8424542577132761
Average Sheep Distance: 0.35886799951764287
Maximum Sheep Distance: 0.44711637151932004
Elapsed Time: 5m 0s
********** 3 **********
Average Fitness: 0.09399999999999999
Maximum Fitness: 0.26666666666666666
Average Pen Distance: 0.5123380630044576
Maximum Pen Distance: 0.7863729527226155
Average Dog Distance: 0.5843189092469118
Maximum Dog Distance: 0.8424542577132761
Average Sheep Distance: 0.3612960738990463
Maximum Sheep Distance: 0.4954917952229847
Elapsed Time: 5m 0s
********** 4 **********
Average Fitness: 0.09733333333333333
Maximum Fitness: 0.26666666666666666
Average Pen Distance: 0.511161596956327
Maximum Pen Distance: 0.7863729527226155
Average Dog Distance: 0.5777746711131598
Maximum Dog Distance: 0.8424542577132761
Average Sheep Distance: 0.3676391920795388
Maximum Sheep Distance: 0.4954917952229847
Elapsed Time: 5m 6s
********** 5 **********
Average Fitness: 0.107
Maximum Fitness: 0.3
Average Pen Distance: 0.5055070637650758
Maximum Pen Distance: 0.7863729527226155
Average Dog Distance: 0.5639462280853618
Maximum Dog Distance: 0.8424542577132761
Average Sheep Distance: 0.36628821824117247
Maximum Sheep Distance: 0.4954917952229847
Elapsed Time: 5m 2s
********** 6 **********
Average Fitness: 0.10766666666666663
Maximum Fitness: 0.3
Average Pen Distance: 0.5150670906330522
Maximum Pen Distance: 0.8131647251777848
Average Dog Distance: 0.568789069037717
Maximum Dog Distance: 0.8654669611710073
Average Sheep Distance: 0.36457138921523674
Maximum Sheep Distance: 0.4954917952229847
Elapsed Time: 4m 59s
********** 7 **********
Average Fitness: 0.10833333333333334
Maximum Fitness: 0.3
Average Pen Distance: 0.5182251290205648
Maximum Pen Distance: 0.8131647251777848
Average Dog Distance: 0.5617999845003078
Maximum Dog Distance: 0.8654669611710073
Average Sheep Distance: 0.36422843070708283
Maximum Sheep Distance: 0.4954917952229847
Elapsed Time: 5m 6s
********** 8 **********
Average Fitness: 0.111
Maximum Fitness: 0.3
Average Pen Distance: 0.5403216712836197
Maximum Pen Distance: 0.8405360143876566
Average Dog Distance: 0.5749694263017485
Maximum Dog Distance: 0.8730277404389022
Average Sheep Distance: 0.36851141471177434
Maximum Sheep Distance: 0.4954917952229847
Elapsed Time: 5m 2s
********** 9 **********
Average Fitness: 0.11466666666666665
Maximum Fitness: 0.3
Average Pen Distance: 0.5277064806654953
Maximum Pen Distance: 0.8405360143876566
Average Dog Distance: 0.5692513604856759
Maximum Dog Distance: 0.8834699771429458
Average Sheep Distance: 0.3652509619419431
Maximum Sheep Distance: 0.4954917952229847
Elapsed Time: 4m 56s
********** 10 **********
Average Fitness: 0.12133333333333333
Maximum Fitness: 0.3
Average Pen Distance: 0.523477602027109
Maximum Pen Distance: 0.8405360143876566
Average Dog Distance: 0.5549124718979378
Maximum Dog Distance: 0.8834699771429458
Average Sheep Distance: 0.36712533189662805
Maximum Sheep Distance: 0.5012310652910738
Elapsed Time: 5m 11s
********** 11 **********
Average Fitness: 0.127
Maximum Fitness: 0.3
Average Pen Distance: 0.522280289161163
Maximum Pen Distance: 0.8405360143876566
Average Dog Distance: 0.5506738421946521
Maximum Dog Distance: 0.8795720818026561
Average Sheep Distance: 0.3679013942427299
Maximum Sheep Distance: 0.5012310652910738
Elapsed Time: 5m 4s
********** 12 **********
Average Fitness: 0.12933333333333333
Maximum Fitness: 0.3
Average Pen Distance: 0.5270455093033555
Maximum Pen Distance: 0.8405360143876566
Average Dog Distance: 0.556889780574275
Maximum Dog Distance: 0.8795720818026561
Average Sheep Distance: 0.3708664613459405
Maximum Sheep Distance: 0.5012310652910738
Elapsed Time: 5m 5s
********** 13 **********
Average Fitness: 0.133
Maximum Fitness: 0.3
Average Pen Distance: 0.5271140097775416
Maximum Pen Distance: 0.8326136499368136
Average Dog Distance: 0.553588743228475
Maximum Dog Distance: 0.8795720818026561
Average Sheep Distance: 0.3699529039553682
Maximum Sheep Distance: 0.5012310652910738
Elapsed Time: 5m 4s
********** 14 **********
Average Fitness: 0.13233333333333333
Maximum Fitness: 0.3
Average Pen Distance: 0.5336411129505836
Maximum Pen Distance: 0.8379789844480436
Average Dog Distance: 0.5452914424662716
Maximum Dog Distance: 0.8795720818026561
Average Sheep Distance: 0.37251204403613136
Maximum Sheep Distance: 0.5012310652910738
Elapsed Time: 4m 57s
********** 15 **********
Average Fitness: 0.13099999999999998
Maximum Fitness: 0.3
Average Pen Distance: 0.5305203758288213
Maximum Pen Distance: 0.8379789844480436
Average Dog Distance: 0.5406820515614665
Maximum Dog Distance: 0.8795720818026561
Average Sheep Distance: 0.37111469775298545
Maximum Sheep Distance: 0.5012310652910738
Elapsed Time: 5m 6s
********** 16 **********
Average Fitness: 0.1313333333333333
Maximum Fitness: 0.3
Average Pen Distance: 0.5340672481694968
Maximum Pen Distance: 0.8379789844480436
Average Dog Distance: 0.5378653497877331
Maximum Dog Distance: 0.8795720818026561
Average Sheep Distance: 0.37073183879481986
Maximum Sheep Distance: 0.5012310652910738
Elapsed Time: 5m 3s
********** 17 **********
Average Fitness: 0.13
Maximum Fitness: 0.3
Average Pen Distance: 0.5426873986107856
Maximum Pen Distance: 0.8379789844480436
Average Dog Distance: 0.5469514335599811
Maximum Dog Distance: 0.8795720818026561
Average Sheep Distance: 0.3729998029535217
Maximum Sheep Distance: 0.5156663372299717
Elapsed Time: 5m 3s
********** 18 **********
Average Fitness: 0.13
Maximum Fitness: 0.3
Average Pen Distance: 0.550545830883211
Maximum Pen Distance: 0.8379789844480436
Average Dog Distance: 0.544435682666156
Maximum Dog Distance: 0.8795720818026561
Average Sheep Distance: 0.37584985171682256
Maximum Sheep Distance: 0.5156663372299717
Elapsed Time: 5m 3s
********** 19 **********
Average Fitness: 0.13466666666666663
Maximum Fitness: 0.3
Average Pen Distance: 0.5564600824547132
Maximum Pen Distance: 0.8379789844480436
Average Dog Distance: 0.5438576520650316
Maximum Dog Distance: 0.8795720818026561
Average Sheep Distance: 0.3786911378316745
Maximum Sheep Distance: 0.5156663372299717
Elapsed Time: 5m 2s
********** 20 **********
Average Fitness: 0.13833333333333334
Maximum Fitness: 0.3
Average Pen Distance: 0.5568015295492699
Maximum Pen Distance: 0.8379789844480436
Average Dog Distance: 0.5407485805117745
Maximum Dog Distance: 0.8795720818026561
Average Sheep Distance: 0.38181404482570586
Maximum Sheep Distance: 0.5156663372299717
Elapsed Time: 5m 5s
********** 21 **********
Average Fitness: 0.14166666666666666
Maximum Fitness: 0.3
Average Pen Distance: 0.5526160487875574
Maximum Pen Distance: 0.8379789844480436
Average Dog Distance: 0.5486366453868468
Maximum Dog Distance: 0.8795720818026561
Average Sheep Distance: 0.3815449518776965
Maximum Sheep Distance: 0.5226284513971172
Elapsed Time: 5m 0s
********** 22 **********
Average Fitness: 0.145
Maximum Fitness: 0.3
Average Pen Distance: 0.5387221339143891
Maximum Pen Distance: 0.8379789844480436
Average Dog Distance: 0.5420235575663093
Maximum Dog Distance: 0.8795720818026561
Average Sheep Distance: 0.37931583355741794
Maximum Sheep Distance: 0.5226284513971172
Elapsed Time: 4m 57s
********** 23 **********
Average Fitness: 0.15
Maximum Fitness: 0.39999999999999997
Average Pen Distance: 0.5435703702624481
Maximum Pen Distance: 0.8363839142880858
Average Dog Distance: 0.551270460844874
Maximum Dog Distance: 0.8795720818026561
Average Sheep Distance: 0.37822822145877516
Maximum Sheep Distance: 0.5226284513971172
Elapsed Time: 5m 0s
********** 24 **********
Average Fitness: 0.14666666666666667
Maximum Fitness: 0.39999999999999997
Average Pen Distance: 0.548209518612798
Maximum Pen Distance: 0.8363839142880858
Average Dog Distance: 0.5507257368073257
Maximum Dog Distance: 0.8795720818026561
Average Sheep Distance: 0.37729780832110804
Maximum Sheep Distance: 0.5226284513971172
Elapsed Time: 4m 58s
********** 25 **********
Average Fitness: 0.15066666666666667
Maximum Fitness: 0.39999999999999997
Average Pen Distance: 0.5365690255444414
Maximum Pen Distance: 0.8363839142880858
Average Dog Distance: 0.5500484019617718
Maximum Dog Distance: 0.8795720818026561
Average Sheep Distance: 0.3748556287739002
Maximum Sheep Distance: 0.5226284513971172
Elapsed Time: 5m 0s
********** 26 **********
Average Fitness: 0.14866666666666664
Maximum Fitness: 0.39999999999999997
Average Pen Distance: 0.5477581776203698
Maximum Pen Distance: 0.8363839142880858
Average Dog Distance: 0.5497700659020072
Maximum Dog Distance: 0.87972298777875
Average Sheep Distance: 0.37634128439153186
Maximum Sheep Distance: 0.5226284513971172
Elapsed Time: 5m 1s
********** 27 **********
Average Fitness: 0.145
Maximum Fitness: 0.39999999999999997
Average Pen Distance: 0.5457820182470698
Maximum Pen Distance: 0.8363839142880858
Average Dog Distance: 0.547113010790322
Maximum Dog Distance: 0.87972298777875
Average Sheep Distance: 0.3782143502067123
Maximum Sheep Distance: 0.5226284513971172
Elapsed Time: 5m 1s
********** 28 **********
Average Fitness: 0.15
Maximum Fitness: 0.39999999999999997
Average Pen Distance: 0.5381262327892266
Maximum Pen Distance: 0.8363839142880858
Average Dog Distance: 0.5453223525093839
Maximum Dog Distance: 0.87972298777875
Average Sheep Distance: 0.37613479035917236
Maximum Sheep Distance: 0.5226284513971172
Elapsed Time: 4m 56s
********** 29 **********
Average Fitness: 0.14766666666666667
Maximum Fitness: 0.39999999999999997
Average Pen Distance: 0.540989298220255
Maximum Pen Distance: 0.8363839142880858
Average Dog Distance: 0.5491574879417473
Maximum Dog Distance: 0.87972298777875
Average Sheep Distance: 0.37298663781038416
Maximum Sheep Distance: 0.5226284513971172
Elapsed Time: 5m 1s
********** 30 **********
Average Fitness: 0.14766666666666667
Maximum Fitness: 0.39999999999999997
Average Pen Distance: 0.5369416014980684
Maximum Pen Distance: 0.8363839142880858
Average Dog Distance: 0.5423799411399061
Maximum Dog Distance: 0.87972298777875
Average Sheep Distance: 0.375096888264057
Maximum Sheep Distance: 0.5226284513971172
Elapsed Time: 4m 58s
********** 31 **********
Average Fitness: 0.146
Maximum Fitness: 0.39999999999999997
Average Pen Distance: 0.5433978642254498
Maximum Pen Distance: 0.8363839142880858
Average Dog Distance: 0.5450055015671027
Maximum Dog Distance: 0.87972298777875
Average Sheep Distance: 0.37678336793901657
Maximum Sheep Distance: 0.5226284513971172
Elapsed Time: 5m 0s
********** 32 **********
Average Fitness: 0.14866666666666664
Maximum Fitness: 0.39999999999999997
Average Pen Distance: 0.5343089473275843
Maximum Pen Distance: 0.8363839142880858
Average Dog Distance: 0.5425448415625297
Maximum Dog Distance: 0.87972298777875
Average Sheep Distance: 0.3774159471379697
Maximum Sheep Distance: 0.5226284513971172
Elapsed Time: 4m 54s
********** 33 **********
Average Fitness: 0.14699999999999996
Maximum Fitness: 0.39999999999999997
Average Pen Distance: 0.5395634074771938
Maximum Pen Distance: 0.8326136499368136
Average Dog Distance: 0.5411784674861928
Maximum Dog Distance: 0.87972298777875
Average Sheep Distance: 0.37699904373668347
Maximum Sheep Distance: 0.5226284513971172
Elapsed Time: 4m 55s
********** 34 **********
Average Fitness: 0.1443333333333333
Maximum Fitness: 0.39999999999999997
Average Pen Distance: 0.5434662579764503
Maximum Pen Distance: 0.8326136499368136
Average Dog Distance: 0.5406959922063092
Maximum Dog Distance: 0.871192709787281
Average Sheep Distance: 0.38013561284080066
Maximum Sheep Distance: 0.5226284513971172
Elapsed Time: 5m 1s
********** 35 **********
Average Fitness: 0.14833333333333332
Maximum Fitness: 0.39999999999999997
Average Pen Distance: 0.5338680128197469
Maximum Pen Distance: 0.8326136499368136
Average Dog Distance: 0.5404332849653597
Maximum Dog Distance: 0.8642446146533237
Average Sheep Distance: 0.37649741416811167
Maximum Sheep Distance: 0.5226284513971172
Elapsed Time: 5m 2s
********** 36 **********
Average Fitness: 0.14766666666666667
Maximum Fitness: 0.39999999999999997
Average Pen Distance: 0.5331371230521719
Maximum Pen Distance: 0.8326136499368136
Average Dog Distance: 0.5526302879861694
Maximum Dog Distance: 0.8642446146533237
Average Sheep Distance: 0.3784152736481876
Maximum Sheep Distance: 0.5226284513971172
Elapsed Time: 5m 6s
********** 37 **********
Average Fitness: 0.15533333333333332
Maximum Fitness: 0.39999999999999997
Average Pen Distance: 0.5281963552496957
Maximum Pen Distance: 0.8326136499368136
Average Dog Distance: 0.5540008377635709
Maximum Dog Distance: 0.8642446146533237
Average Sheep Distance: 0.3783419611508034
Maximum Sheep Distance: 0.5226284513971172
Elapsed Time: 5m 0s
********** 38 **********
Average Fitness: 0.15166666666666667
Maximum Fitness: 0.39999999999999997
Average Pen Distance: 0.5370947201555508
Maximum Pen Distance: 0.8326136499368136
Average Dog Distance: 0.5525023709543803
Maximum Dog Distance: 0.8642446146533237
Average Sheep Distance: 0.37917231917436
Maximum Sheep Distance: 0.5226284513971172
Elapsed Time: 4m 58s
********** 39 **********
Average Fitness: 0.155
Maximum Fitness: 0.39999999999999997
Average Pen Distance: 0.5347400637131454
Maximum Pen Distance: 0.8326136499368136
Average Dog Distance: 0.5475969256077822
Maximum Dog Distance: 0.8642446146533237
Average Sheep Distance: 0.38304569735034444
Maximum Sheep Distance: 0.5226284513971172
Elapsed Time: 5m 0s
********** 40 **********
Average Fitness: 0.16066666666666665
Maximum Fitness: 0.39999999999999997
Average Pen Distance: 0.5201861081369324
Maximum Pen Distance: 0.8326136499368136
Average Dog Distance: 0.5475853703434377
Maximum Dog Distance: 0.8642446146533237
Average Sheep Distance: 0.37929778693497584
Maximum Sheep Distance: 0.5226284513971172
Elapsed Time: 5m 5s
********** 41 **********
Average Fitness: 0.16233333333333333
Maximum Fitness: 0.39999999999999997
Average Pen Distance: 0.5170261169307824
Maximum Pen Distance: 0.8326136499368136
Average Dog Distance: 0.5404674149258637
Maximum Dog Distance: 0.8642446146533237
Average Sheep Distance: 0.3768098657545458
Maximum Sheep Distance: 0.5226284513971172
Elapsed Time: 4m 58s
********** 42 **********
Average Fitness: 0.16266666666666665
Maximum Fitness: 0.39999999999999997
Average Pen Distance: 0.5246834523275499
Maximum Pen Distance: 0.8326136499368136
Average Dog Distance: 0.5442085718744297
Maximum Dog Distance: 0.8642446146533237
Average Sheep Distance: 0.37729390864059853
Maximum Sheep Distance: 0.5226284513971172
Elapsed Time: 5m 3s
********** 43 **********
Average Fitness: 0.16066666666666665
Maximum Fitness: 0.39999999999999997
Average Pen Distance: 0.5307438006105393
Maximum Pen Distance: 0.8326136499368136
Average Dog Distance: 0.539112974754307
Maximum Dog Distance: 0.8642446146533237
Average Sheep Distance: 0.379743239506654
Maximum Sheep Distance: 0.5226284513971172
Elapsed Time: 4m 59s
********** 44 **********
Average Fitness: 0.16399999999999998
Maximum Fitness: 0.39999999999999997
Average Pen Distance: 0.527565207689939
Maximum Pen Distance: 0.8326136499368136
Average Dog Distance: 0.5347444546869643
Maximum Dog Distance: 0.8642446146533237
Average Sheep Distance: 0.37906828874019377
Maximum Sheep Distance: 0.5226284513971172
Elapsed Time: 5m 6s
********** 45 **********
Average Fitness: 0.153
Maximum Fitness: 0.39999999999999997
Average Pen Distance: 0.5402710736099593
Maximum Pen Distance: 0.8326136499368136
Average Dog Distance: 0.5296571695099119
Maximum Dog Distance: 0.8642446146533237
Average Sheep Distance: 0.3822797089074975
Maximum Sheep Distance: 0.5956766109861961
Elapsed Time: 5m 0s
********** 46 **********
Average Fitness: 0.156
Maximum Fitness: 0.39999999999999997
Average Pen Distance: 0.5395436346265892
Maximum Pen Distance: 0.8326136499368136
Average Dog Distance: 0.5308573367362022
Maximum Dog Distance: 0.8642446146533237
Average Sheep Distance: 0.38092206899894615
Maximum Sheep Distance: 0.5956766109861961
Elapsed Time: 5m 3s
********** 47 **********
Average Fitness: 0.16633333333333333
Maximum Fitness: 0.39999999999999997
Average Pen Distance: 0.5221084778778964
Maximum Pen Distance: 0.8326136499368136
Average Dog Distance: 0.5347380962241874
Maximum Dog Distance: 0.8642446146533237
Average Sheep Distance: 0.3781803027108394
Maximum Sheep Distance: 0.5956766109861961
Elapsed Time: 5m 5s
********** 48 **********
Average Fitness: 0.16466666666666668
Maximum Fitness: 0.39999999999999997
Average Pen Distance: 0.5271294766361625
Maximum Pen Distance: 0.8326136499368136
Average Dog Distance: 0.5359899718452191
Maximum Dog Distance: 0.8642446146533237
Average Sheep Distance: 0.3826129480753446
Maximum Sheep Distance: 0.5956766109861961
Elapsed Time: 5m 10s
********** 49 **********
Average Fitness: 0.16366666666666668
Maximum Fitness: 0.39999999999999997
Average Pen Distance: 0.52656990121106
Maximum Pen Distance: 0.8326136499368136
Average Dog Distance: 0.5389607049094679
Maximum Dog Distance: 0.8642446146533237
Average Sheep Distance: 0.38110940497576606
Maximum Sheep Distance: 0.5956766109861961
Elapsed Time: 4m 53s
********** 50 **********
Average Fitness: 0.16700000000000004
Maximum Fitness: 0.39999999999999997
Average Pen Distance: 0.5182590081527656
Maximum Pen Distance: 0.8326136499368136
Average Dog Distance: 0.5227089794583615
Maximum Dog Distance: 0.8642446146533237
Average Sheep Distance: 0.3762294248142283
Maximum Sheep Distance: 0.5956766109861961
Elapsed Time: 5m 6s
********** 51 **********
Average Fitness: 0.1673333333333333
Maximum Fitness: 0.39999999999999997
Average Pen Distance: 0.5228606355783287
Maximum Pen Distance: 0.8326136499368136
Average Dog Distance: 0.5319225816013305
Maximum Dog Distance: 0.8642446146533237
Average Sheep Distance: 0.37817327033439696
Maximum Sheep Distance: 0.5956766109861961
Elapsed Time: 5m 4s
********** 52 **********
Average Fitness: 0.16966666666666666
Maximum Fitness: 0.39999999999999997
Average Pen Distance: 0.5210360235608239
Maximum Pen Distance: 0.8326136499368136
Average Dog Distance: 0.525101252964339
Maximum Dog Distance: 0.8642446146533237
Average Sheep Distance: 0.378553880562353
Maximum Sheep Distance: 0.5956766109861961
Elapsed Time: 5m 1s
********** 53 **********
Average Fitness: 0.166
Maximum Fitness: 0.39999999999999997
Average Pen Distance: 0.5207573493405413
Maximum Pen Distance: 0.8340411635335517
Average Dog Distance: 0.5193337856554676
Maximum Dog Distance: 0.8642446146533237
Average Sheep Distance: 0.38164488141068637
Maximum Sheep Distance: 0.5956766109861961
Elapsed Time: 5m 3s
********** 54 **********
Average Fitness: 0.16499999999999995
Maximum Fitness: 0.39999999999999997
Average Pen Distance: 0.5238981844546359
Maximum Pen Distance: 0.8340411635335517
Average Dog Distance: 0.5200674394314411
Maximum Dog Distance: 0.8642446146533237
Average Sheep Distance: 0.38331633266570486
Maximum Sheep Distance: 0.5956766109861961
Elapsed Time: 5m 3s
********** 55 **********
Average Fitness: 0.15966666666666668
Maximum Fitness: 0.39999999999999997
Average Pen Distance: 0.5230788334442121
Maximum Pen Distance: 0.8326136499368136
Average Dog Distance: 0.514709975694943
Maximum Dog Distance: 0.8755808274823176
Average Sheep Distance: 0.38404320387333213
Maximum Sheep Distance: 0.5956766109861961
Elapsed Time: 4m 58s
********** 56 **********
Average Fitness: 0.163
Maximum Fitness: 0.39999999999999997
Average Pen Distance: 0.5208661323594809
Maximum Pen Distance: 0.8326136499368136
Average Dog Distance: 0.5125832471921976
Maximum Dog Distance: 0.8755808274823176
Average Sheep Distance: 0.3830389242341379
Maximum Sheep Distance: 0.5956766109861961
Elapsed Time: 4m 57s
********** 57 **********
Average Fitness: 0.15733333333333333
Maximum Fitness: 0.39999999999999997
Average Pen Distance: 0.5194256908451329
Maximum Pen Distance: 0.8326136499368136
Average Dog Distance: 0.5051300799833701
Maximum Dog Distance: 0.8755808274823176
Average Sheep Distance: 0.382437707162523
Maximum Sheep Distance: 0.5956766109861961
Elapsed Time: 5m 2s
********** 58 **********
Average Fitness: 0.15866666666666665
Maximum Fitness: 0.39999999999999997
Average Pen Distance: 0.5229802888366372
Maximum Pen Distance: 0.8326136499368136
Average Dog Distance: 0.506486860924304
Maximum Dog Distance: 0.8755808274823176
Average Sheep Distance: 0.3825594743896542
Maximum Sheep Distance: 0.5956766109861961
Elapsed Time: 5m 2s
********** 59 **********
Average Fitness: 0.16066666666666665
Maximum Fitness: 0.39999999999999997
Average Pen Distance: 0.5232421981084301
Maximum Pen Distance: 0.8326136499368136
Average Dog Distance: 0.5093406277218462
Maximum Dog Distance: 0.8755808274823176
Average Sheep Distance: 0.3801054501822232
Maximum Sheep Distance: 0.5956766109861961
Elapsed Time: 5m 2s
********** 60 **********
Average Fitness: 0.16133333333333336
Maximum Fitness: 0.39999999999999997
Average Pen Distance: 0.5326163140780862
Maximum Pen Distance: 0.8326136499368136
Average Dog Distance: 0.5093829621664775
Maximum Dog Distance: 0.8755808274823176
Average Sheep Distance: 0.3795332514072884
Maximum Sheep Distance: 0.5956766109861961
Elapsed Time: 5m 1s
********** 61 **********
Average Fitness: 0.16033333333333333
Maximum Fitness: 0.39999999999999997
Average Pen Distance: 0.5265941074761099
Maximum Pen Distance: 0.8326136499368136
Average Dog Distance: 0.5083523585159443
Maximum Dog Distance: 0.8755808274823176
Average Sheep Distance: 0.37860332092234955
Maximum Sheep Distance: 0.5956766109861961
Elapsed Time: 4m 59s
********** 62 **********
Average Fitness: 0.16400000000000003
Maximum Fitness: 0.39999999999999997
Average Pen Distance: 0.5337116872897637
Maximum Pen Distance: 0.8326136499368136
Average Dog Distance: 0.5137201939764959
Maximum Dog Distance: 0.8755808274823176
Average Sheep Distance: 0.3798427592956852
Maximum Sheep Distance: 0.5956766109861961
Elapsed Time: 5m 1s
********** 63 **********
Average Fitness: 0.16366666666666668
Maximum Fitness: 0.39999999999999997
Average Pen Distance: 0.5323515482323236
Maximum Pen Distance: 0.8326136499368136
Average Dog Distance: 0.5136826972274675
Maximum Dog Distance: 0.8755808274823176
Average Sheep Distance: 0.3796176210982381
Maximum Sheep Distance: 0.5956766109861961
Elapsed Time: 5m 14s
********** 64 **********
Average Fitness: 0.1646666666666667
Maximum Fitness: 0.39999999999999997
Average Pen Distance: 0.5291963840492007
Maximum Pen Distance: 0.8326136499368136
Average Dog Distance: 0.4997207060143141
Maximum Dog Distance: 0.8755808274823176
Average Sheep Distance: 0.378326472262976
Maximum Sheep Distance: 0.5956766109861961
Elapsed Time: 5m 5s
********** 65 **********
Average Fitness: 0.16500000000000004
Maximum Fitness: 0.39999999999999997
Average Pen Distance: 0.5295156044199507
Maximum Pen Distance: 0.8326136499368136
Average Dog Distance: 0.5090377977259284
Maximum Dog Distance: 0.8755808274823176
Average Sheep Distance: 0.3799077382987506
Maximum Sheep Distance: 0.5956766109861961
Elapsed Time: 5m 2s
********** 66 **********
Average Fitness: 0.16766666666666674
Maximum Fitness: 0.39999999999999997
Average Pen Distance: 0.5237827107673461
Maximum Pen Distance: 0.8326136499368136
Average Dog Distance: 0.5027614797286539
Maximum Dog Distance: 0.8755808274823176
Average Sheep Distance: 0.37950683695073706
Maximum Sheep Distance: 0.5956766109861961
Elapsed Time: 5m 7s
********** 67 **********
Average Fitness: 0.16866666666666671
Maximum Fitness: 0.39999999999999997
Average Pen Distance: 0.520065561895999
Maximum Pen Distance: 0.8326136499368136
Average Dog Distance: 0.5102919429224209
Maximum Dog Distance: 0.8755808274823176
Average Sheep Distance: 0.3791186695920848
Maximum Sheep Distance: 0.5956766109861961
Elapsed Time: 4m 58s
********** 68 **********
Average Fitness: 0.16866666666666674
Maximum Fitness: 0.39999999999999997
Average Pen Distance: 0.5187775011821141
Maximum Pen Distance: 0.8326136499368136
Average Dog Distance: 0.5132895329299068
Maximum Dog Distance: 0.8755808274823176
Average Sheep Distance: 0.3790214979315089
Maximum Sheep Distance: 0.5956766109861961
Elapsed Time: 5m 4s
********** 69 **********
Average Fitness: 0.1660000000000001
Maximum Fitness: 0.39999999999999997
Average Pen Distance: 0.5170623750432842
Maximum Pen Distance: 0.8326136499368136
Average Dog Distance: 0.5086984015137551
Maximum Dog Distance: 0.8755808274823176
Average Sheep Distance: 0.3773661418858768
Maximum Sheep Distance: 0.5956766109861961
Elapsed Time: 5m 0s
********** 70 **********
Average Fitness: 0.1636666666666667
Maximum Fitness: 0.39999999999999997
Average Pen Distance: 0.5258216141973263
Maximum Pen Distance: 0.8326136499368136
Average Dog Distance: 0.5134365498702074
Maximum Dog Distance: 0.8834210064532817
Average Sheep Distance: 0.3774508750579359
Maximum Sheep Distance: 0.5956766109861961
Elapsed Time: 5m 4s
********** 71 **********
Average Fitness: 0.16500000000000006
Maximum Fitness: 0.39999999999999997
Average Pen Distance: 0.5303422045871321
Maximum Pen Distance: 0.8326136499368136
Average Dog Distance: 0.5215725434964789
Maximum Dog Distance: 0.8834210064532817
Average Sheep Distance: 0.3765070191354251
Maximum Sheep Distance: 0.5956766109861961
Elapsed Time: 5m 5s
********** 72 **********
Average Fitness: 0.16400000000000003
Maximum Fitness: 0.39999999999999997
Average Pen Distance: 0.5291746542116733
Maximum Pen Distance: 0.8326136499368136
Average Dog Distance: 0.510040225629036
Maximum Dog Distance: 0.8834210064532817
Average Sheep Distance: 0.38010701193780655
Maximum Sheep Distance: 0.5956766109861961
Elapsed Time: 4m 54s
********** 73 **********
Average Fitness: 0.17233333333333334
Maximum Fitness: 0.39999999999999997
Average Pen Distance: 0.5255777144453363
Maximum Pen Distance: 0.8326136499368136
Average Dog Distance: 0.5220317428753696
Maximum Dog Distance: 0.8834210064532817
Average Sheep Distance: 0.3801595260129785
Maximum Sheep Distance: 0.5956766109861961
Elapsed Time: 4m 58s
********** 74 **********
Average Fitness: 0.17633333333333337
Maximum Fitness: 0.39999999999999997
Average Pen Distance: 0.5264720183292589
Maximum Pen Distance: 0.8326136499368136
Average Dog Distance: 0.5251245476866943
Maximum Dog Distance: 0.8834210064532817
Average Sheep Distance: 0.37865094926579734
Maximum Sheep Distance: 0.5956766109861961
Elapsed Time: 5m 2s
********** 75 **********
Average Fitness: 0.175
Maximum Fitness: 0.39999999999999997
Average Pen Distance: 0.520044720924577
Maximum Pen Distance: 0.8326136499368136
Average Dog Distance: 0.5193252398573428
Maximum Dog Distance: 0.8834210064532817
Average Sheep Distance: 0.38044334071746055
Maximum Sheep Distance: 0.5956766109861961
Elapsed Time: 4m 55s
********** 76 **********
Average Fitness: 0.17133333333333337
Maximum Fitness: 0.39999999999999997
Average Pen Distance: 0.5333361868086013
Maximum Pen Distance: 0.8560133833924803
Average Dog Distance: 0.5179579098470701
Maximum Dog Distance: 0.8834210064532817
Average Sheep Distance: 0.38065861626551617
Maximum Sheep Distance: 0.5956766109861961
Elapsed Time: 5m 4s
********** 77 **********
Average Fitness: 0.16866666666666671
Maximum Fitness: 0.39999999999999997
Average Pen Distance: 0.5339716440493355
Maximum Pen Distance: 0.8560133833924803
Average Dog Distance: 0.5125289466385575
Maximum Dog Distance: 0.8834210064532817
Average Sheep Distance: 0.38086033203131153
Maximum Sheep Distance: 0.5956766109861961
Elapsed Time: 5m 1s
********** 78 **********
Average Fitness: 0.17300000000000004
Maximum Fitness: 0.39999999999999997
Average Pen Distance: 0.5244415757868139
Maximum Pen Distance: 0.8557912237953579
Average Dog Distance: 0.5160304173137938
Maximum Dog Distance: 0.8834210064532817
Average Sheep Distance: 0.38002391068983016
Maximum Sheep Distance: 0.5956766109861961
Elapsed Time: 5m 0s
********** 79 **********
Average Fitness: 0.17166666666666672
Maximum Fitness: 0.39999999999999997
Average Pen Distance: 0.5277935029979172
Maximum Pen Distance: 0.8557912237953579
Average Dog Distance: 0.5156585169776668
Maximum Dog Distance: 0.8834210064532817
Average Sheep Distance: 0.3790100595224979
Maximum Sheep Distance: 0.5956766109861961
Elapsed Time: 5m 2s
********** 80 **********
Average Fitness: 0.17033333333333334
Maximum Fitness: 0.39999999999999997
Average Pen Distance: 0.5325636155463804
Maximum Pen Distance: 0.8557912237953579
Average Dog Distance: 0.5121979361195246
Maximum Dog Distance: 0.8834210064532817
Average Sheep Distance: 0.38087598632500513
Maximum Sheep Distance: 0.5956766109861961
Elapsed Time: 5m 7s
********** 81 **********
Average Fitness: 0.1696666666666667
Maximum Fitness: 0.39999999999999997
Average Pen Distance: 0.5464547792011314
Maximum Pen Distance: 0.8557912237953579
Average Dog Distance: 0.5186941681885887
Maximum Dog Distance: 0.8834210064532817
Average Sheep Distance: 0.3786680852390707
Maximum Sheep Distance: 0.5956766109861961
Elapsed Time: 5m 2s
********** 82 **********
Average Fitness: 0.17433333333333337
Maximum Fitness: 0.39999999999999997
Average Pen Distance: 0.5433994950504218
Maximum Pen Distance: 0.8557912237953579
Average Dog Distance: 0.5116159698504463
Maximum Dog Distance: 0.8834210064532817
Average Sheep Distance: 0.377950449272764
Maximum Sheep Distance: 0.5956766109861961
Elapsed Time: 4m 56s
********** 83 **********
Average Fitness: 0.17200000000000004
Maximum Fitness: 0.39999999999999997
Average Pen Distance: 0.5541024805875591
Maximum Pen Distance: 0.8557912237953579
Average Dog Distance: 0.5222023580823032
Maximum Dog Distance: 0.8834210064532817
Average Sheep Distance: 0.37736806532925427
Maximum Sheep Distance: 0.5956766109861961
Elapsed Time: 5m 4s
********** 84 **********
Average Fitness: 0.174
Maximum Fitness: 0.39999999999999997
Average Pen Distance: 0.556398699044206
Maximum Pen Distance: 0.8557912237953579
Average Dog Distance: 0.5279461426555113
Maximum Dog Distance: 0.8834210064532817
Average Sheep Distance: 0.3771301972950095
Maximum Sheep Distance: 0.5956766109861961
Elapsed Time: 5m 6s
********** 85 **********
Average Fitness: 0.17133333333333337
Maximum Fitness: 0.39999999999999997
Average Pen Distance: 0.5637408091561817
Maximum Pen Distance: 0.8557912237953579
Average Dog Distance: 0.5234062879890529
Maximum Dog Distance: 0.8834210064532817
Average Sheep Distance: 0.37829345594831437
Maximum Sheep Distance: 0.5956766109861961
Elapsed Time: 5m 0s
********** 86 **********
Average Fitness: 0.17166666666666672
Maximum Fitness: 0.39999999999999997
Average Pen Distance: 0.5646256143567612
Maximum Pen Distance: 0.8557912237953579
Average Dog Distance: 0.5346952589490033
Maximum Dog Distance: 0.9050412081854851
Average Sheep Distance: 0.38003690479803937
Maximum Sheep Distance: 0.5956766109861961
Elapsed Time: 5m 1s
********** 87 **********
Average Fitness: 0.1726666666666667
Maximum Fitness: 0.39999999999999997
Average Pen Distance: 0.5607407577340381
Maximum Pen Distance: 0.8557912237953579
Average Dog Distance: 0.5290485159245206
Maximum Dog Distance: 0.9050412081854851
Average Sheep Distance: 0.38011131373657664
Maximum Sheep Distance: 0.5956766109861961
Elapsed Time: 5m 8s
********** 88 **********
Average Fitness: 0.17533333333333334
Maximum Fitness: 0.39999999999999997
Average Pen Distance: 0.5605318478879165
Maximum Pen Distance: 0.8557912237953579
Average Dog Distance: 0.5270106555454234
Maximum Dog Distance: 0.9050412081854851
Average Sheep Distance: 0.3787298492805388
Maximum Sheep Distance: 0.5956766109861961
Elapsed Time: 5m 2s
********** 89 **********
Average Fitness: 0.17433333333333334
Maximum Fitness: 0.39999999999999997
Average Pen Distance: 0.559145158606362
Maximum Pen Distance: 0.8557912237953579
Average Dog Distance: 0.5270280915336379
Maximum Dog Distance: 0.9050412081854851
Average Sheep Distance: 0.3765126963792592
Maximum Sheep Distance: 0.5956766109861961
Elapsed Time: 4m 57s
********** 90 **********
Average Fitness: 0.171
Maximum Fitness: 0.39999999999999997
Average Pen Distance: 0.5472511099729487
Maximum Pen Distance: 0.8557912237953579
Average Dog Distance: 0.5223990808857579
Maximum Dog Distance: 0.8834210064532817
Average Sheep Distance: 0.3771973994717448
Maximum Sheep Distance: 0.5956766109861961
Elapsed Time: 5m 4s
********** 91 **********
Average Fitness: 0.169
Maximum Fitness: 0.39999999999999997
Average Pen Distance: 0.5466157397209931
Maximum Pen Distance: 0.8557912237953579
Average Dog Distance: 0.5175765482779693
Maximum Dog Distance: 0.8834210064532817
Average Sheep Distance: 0.380465025991274
Maximum Sheep Distance: 0.5956766109861961
Elapsed Time: 4m 58s
********** 92 **********
Average Fitness: 0.169
Maximum Fitness: 0.39999999999999997
Average Pen Distance: 0.5512913954681854
Maximum Pen Distance: 0.871762280412251
Average Dog Distance: 0.5144147637254689
Maximum Dog Distance: 0.8834210064532817
Average Sheep Distance: 0.383591756088235
Maximum Sheep Distance: 0.5956766109861961
Elapsed Time: 4m 59s
********** 93 **********
Average Fitness: 0.17200000000000004
Maximum Fitness: 0.39999999999999997
Average Pen Distance: 0.5487201128810377
Maximum Pen Distance: 0.871762280412251
Average Dog Distance: 0.5240852804841507
Maximum Dog Distance: 0.8834210064532817
Average Sheep Distance: 0.3817513694999271
Maximum Sheep Distance: 0.5956766109861961
Elapsed Time: 5m 1s
********** 94 **********
Average Fitness: 0.17
Maximum Fitness: 0.39999999999999997
Average Pen Distance: 0.5488413725306912
Maximum Pen Distance: 0.871762280412251
Average Dog Distance: 0.5260482932828116
Maximum Dog Distance: 0.8834210064532817
Average Sheep Distance: 0.38279037497542184
Maximum Sheep Distance: 0.5956766109861961
Elapsed Time: 5m 8s
********** 95 **********
Average Fitness: 0.17066666666666666
Maximum Fitness: 0.39999999999999997
Average Pen Distance: 0.5473897020586604
Maximum Pen Distance: 0.871762280412251
Average Dog Distance: 0.5336399592910263
Maximum Dog Distance: 0.8834210064532817
Average Sheep Distance: 0.38144598515232675
Maximum Sheep Distance: 0.5956766109861961
Elapsed Time: 5m 2s
********** 96 **********
Average Fitness: 0.17133333333333337
Maximum Fitness: 0.39999999999999997
Average Pen Distance: 0.5478744751084929
Maximum Pen Distance: 0.871762280412251
Average Dog Distance: 0.543608943255966
Maximum Dog Distance: 0.9056127988524051
Average Sheep Distance: 0.38107184586478016
Maximum Sheep Distance: 0.5956766109861961
Elapsed Time: 5m 0s
********** 97 **********
Average Fitness: 0.17600000000000002
Maximum Fitness: 0.39999999999999997
Average Pen Distance: 0.5452562461531505
Maximum Pen Distance: 0.871762280412251
Average Dog Distance: 0.5448651545073664
Maximum Dog Distance: 0.9056127988524051
Average Sheep Distance: 0.3798680493578523
Maximum Sheep Distance: 0.5956766109861961
Elapsed Time: 4m 54s
********** 98 **********
Average Fitness: 0.17433333333333334
Maximum Fitness: 0.39999999999999997
Average Pen Distance: 0.5446268068742461
Maximum Pen Distance: 0.871762280412251
Average Dog Distance: 0.535012197618459
Maximum Dog Distance: 0.9056127988524051
Average Sheep Distance: 0.3802163342948473
Maximum Sheep Distance: 0.5956766109861961
Elapsed Time: 4m 59s
********** 99 **********
Average Fitness: 0.17700000000000002
Maximum Fitness: 0.39999999999999997
Average Pen Distance: 0.5468391372878791
Maximum Pen Distance: 0.871762280412251
Average Dog Distance: 0.5292008862105426
Maximum Dog Distance: 0.9056127988524051
Average Sheep Distance: 0.37941870874495737
Maximum Sheep Distance: 0.5956766109861961
Elapsed Time: 5m 4s
********** 100 **********
Average Fitness: 0.17533333333333334
Maximum Fitness: 0.39999999999999997
Average Pen Distance: 0.5471077879083718
Maximum Pen Distance: 0.871762280412251
Average Dog Distance: 0.5237110547092285
Maximum Dog Distance: 0.9056127988524051
Average Sheep Distance: 0.3824024691809548
Maximum Sheep Distance: 0.5956766109861961
Elapsed Time: 5m 4s
