nproc is 1
cnode0179.cm.cluster
********** 1 **********
Average Fitness: 0.07666666666666666
Maximum Fitness: 0.26666666666666666
Average Pen Distance: 0.5049818124359997
Maximum Pen Distance: 0.7929653335932909
Average Dog Distance: 0.6014851332269415
Maximum Dog Distance: 0.7888131625032258
Average Sheep Distance: 0.3469546586037581
Maximum Sheep Distance: 0.4239056682123417
Elapsed Time: 10m 30s
********** 2 **********
Average Fitness: 0.08766666666666666
Maximum Fitness: 0.26666666666666666
Average Pen Distance: 0.5012157734725572
Maximum Pen Distance: 0.7929653335932909
Average Dog Distance: 0.5754308673774893
Maximum Dog Distance: 0.8226312672981645
Average Sheep Distance: 0.3464291779054765
Maximum Sheep Distance: 0.4239056682123417
Elapsed Time: 5m 11s
********** 3 **********
Average Fitness: 0.09966666666666665
Maximum Fitness: 0.26666666666666666
Average Pen Distance: 0.5154321467483591
Maximum Pen Distance: 0.79924391958165
Average Dog Distance: 0.5720629184571652
Maximum Dog Distance: 0.8288674658519658
Average Sheep Distance: 0.3499621307643579
Maximum Sheep Distance: 0.4239056682123417
Elapsed Time: 5m 12s
********** 4 **********
Average Fitness: 0.11133333333333333
Maximum Fitness: 0.26666666666666666
Average Pen Distance: 0.5115372300636603
Maximum Pen Distance: 0.79924391958165
Average Dog Distance: 0.571869483160237
Maximum Dog Distance: 0.8288674658519658
Average Sheep Distance: 0.35062439942946033
Maximum Sheep Distance: 0.5065299592975725
Elapsed Time: 5m 22s
********** 5 **********
Average Fitness: 0.11833333333333332
Maximum Fitness: 0.26666666666666666
Average Pen Distance: 0.5176855440457763
Maximum Pen Distance: 0.8135308846901258
Average Dog Distance: 0.5686537942958017
Maximum Dog Distance: 0.8416077082176282
Average Sheep Distance: 0.35406115963468515
Maximum Sheep Distance: 0.5065299592975725
Elapsed Time: 5m 15s
********** 6 **********
Average Fitness: 0.12499999999999999
Maximum Fitness: 0.3
Average Pen Distance: 0.510567043811835
Maximum Pen Distance: 0.8145460853781307
Average Dog Distance: 0.5609853209846757
Maximum Dog Distance: 0.8416077082176282
Average Sheep Distance: 0.35700013683461035
Maximum Sheep Distance: 0.5065299592975725
Elapsed Time: 5m 17s
********** 7 **********
Average Fitness: 0.12566666666666668
Maximum Fitness: 0.3
Average Pen Distance: 0.5260651214970947
Maximum Pen Distance: 0.8279745689675421
Average Dog Distance: 0.5670193619442317
Maximum Dog Distance: 0.8416077082176282
Average Sheep Distance: 0.3590850593862994
Maximum Sheep Distance: 0.5065299592975725
Elapsed Time: 5m 14s
********** 8 **********
Average Fitness: 0.13333333333333333
Maximum Fitness: 0.3
Average Pen Distance: 0.5235004505863753
Maximum Pen Distance: 0.8279745689675421
Average Dog Distance: 0.5706258444988008
Maximum Dog Distance: 0.8416077082176282
Average Sheep Distance: 0.3580959342442345
Maximum Sheep Distance: 0.5065299592975725
Elapsed Time: 5m 9s
********** 9 **********
Average Fitness: 0.13766666666666666
Maximum Fitness: 0.3
Average Pen Distance: 0.5108029472239796
Maximum Pen Distance: 0.8279745689675421
Average Dog Distance: 0.5604613057762035
Maximum Dog Distance: 0.8416077082176282
Average Sheep Distance: 0.3575685021783632
Maximum Sheep Distance: 0.5065299592975725
Elapsed Time: 5m 9s
********** 10 **********
Average Fitness: 0.14166666666666664
Maximum Fitness: 0.3
Average Pen Distance: 0.4962297854171758
Maximum Pen Distance: 0.8211713621181254
Average Dog Distance: 0.5600912355835731
Maximum Dog Distance: 0.8288674658519658
Average Sheep Distance: 0.35729902355564497
Maximum Sheep Distance: 0.5065299592975725
Elapsed Time: 5m 12s
********** 11 **********
Average Fitness: 0.144
Maximum Fitness: 0.3
Average Pen Distance: 0.5045189319388161
Maximum Pen Distance: 0.8211713621181254
Average Dog Distance: 0.5607481775045042
Maximum Dog Distance: 0.8288674658519658
Average Sheep Distance: 0.35886729025697617
Maximum Sheep Distance: 0.5065299592975725
Elapsed Time: 5m 13s
********** 12 **********
Average Fitness: 0.14466666666666664
Maximum Fitness: 0.3
Average Pen Distance: 0.5167793948239503
Maximum Pen Distance: 0.8211713621181254
Average Dog Distance: 0.5616466425586784
Maximum Dog Distance: 0.8288674658519658
Average Sheep Distance: 0.3602670268153228
Maximum Sheep Distance: 0.5065299592975725
Elapsed Time: 5m 15s
********** 13 **********
Average Fitness: 0.146
Maximum Fitness: 0.3
Average Pen Distance: 0.5088286421025024
Maximum Pen Distance: 0.8282294754747146
Average Dog Distance: 0.5573127876687672
Maximum Dog Distance: 0.8288674658519658
Average Sheep Distance: 0.358120924737798
Maximum Sheep Distance: 0.5065299592975725
Elapsed Time: 5m 10s
********** 14 **********
Average Fitness: 0.14933333333333332
Maximum Fitness: 0.3333333333333333
Average Pen Distance: 0.5127111038160371
Maximum Pen Distance: 0.8282294754747146
Average Dog Distance: 0.5567739887920555
Maximum Dog Distance: 0.8288674658519658
Average Sheep Distance: 0.36029177877212676
Maximum Sheep Distance: 0.5065299592975725
Elapsed Time: 5m 11s
********** 15 **********
Average Fitness: 0.15266666666666664
Maximum Fitness: 0.3333333333333333
Average Pen Distance: 0.5203927309401019
Maximum Pen Distance: 0.8782695560022598
Average Dog Distance: 0.5519958915703269
Maximum Dog Distance: 0.8288674658519658
Average Sheep Distance: 0.3641372209861701
Maximum Sheep Distance: 0.5065299592975725
Elapsed Time: 5m 19s
********** 16 **********
Average Fitness: 0.15333333333333332
Maximum Fitness: 0.3333333333333333
Average Pen Distance: 0.5329984113176556
Maximum Pen Distance: 0.8782695560022598
Average Dog Distance: 0.5518278268197646
Maximum Dog Distance: 0.8288674658519658
Average Sheep Distance: 0.3654324012797241
Maximum Sheep Distance: 0.5065299592975725
Elapsed Time: 5m 18s
********** 17 **********
Average Fitness: 0.157
Maximum Fitness: 0.3333333333333333
Average Pen Distance: 0.5244169793391084
Maximum Pen Distance: 0.8782695560022598
Average Dog Distance: 0.5550984074488496
Maximum Dog Distance: 0.8288674658519658
Average Sheep Distance: 0.3651746336616576
Maximum Sheep Distance: 0.5065299592975725
Elapsed Time: 5m 18s
********** 18 **********
Average Fitness: 0.15666666666666665
Maximum Fitness: 0.3333333333333333
Average Pen Distance: 0.5357696389503487
Maximum Pen Distance: 0.8318481052377859
Average Dog Distance: 0.5616060000349566
Maximum Dog Distance: 0.8415227544236035
Average Sheep Distance: 0.3670450727240064
Maximum Sheep Distance: 0.5065299592975725
Elapsed Time: 5m 15s
********** 19 **********
Average Fitness: 0.16066666666666665
Maximum Fitness: 0.3333333333333333
Average Pen Distance: 0.5325776720252674
Maximum Pen Distance: 0.8318481052377859
Average Dog Distance: 0.5586944417701928
Maximum Dog Distance: 0.8415227544236035
Average Sheep Distance: 0.3677025060051502
Maximum Sheep Distance: 0.5065299592975725
Elapsed Time: 5m 16s
********** 20 **********
Average Fitness: 0.16333333333333336
Maximum Fitness: 0.3333333333333333
Average Pen Distance: 0.5281761138965674
Maximum Pen Distance: 0.8318481052377859
Average Dog Distance: 0.5620297327907342
Maximum Dog Distance: 0.8415227544236035
Average Sheep Distance: 0.37055812753569156
Maximum Sheep Distance: 0.5065299592975725
Elapsed Time: 5m 13s
********** 21 **********
Average Fitness: 0.16666666666666669
Maximum Fitness: 0.3333333333333333
Average Pen Distance: 0.5170873994564988
Maximum Pen Distance: 0.8318481052377859
Average Dog Distance: 0.5529713390683162
Maximum Dog Distance: 0.8415227544236035
Average Sheep Distance: 0.36806492115352313
Maximum Sheep Distance: 0.5065299592975725
Elapsed Time: 5m 13s
********** 22 **********
Average Fitness: 0.165
Maximum Fitness: 0.3333333333333333
Average Pen Distance: 0.5208415708865892
Maximum Pen Distance: 0.8318481052377859
Average Dog Distance: 0.5477387969422293
Maximum Dog Distance: 0.8415227544236035
Average Sheep Distance: 0.3680958971647675
Maximum Sheep Distance: 0.5065299592975725
Elapsed Time: 5m 13s
********** 23 **********
Average Fitness: 0.1666666666666667
Maximum Fitness: 0.3333333333333333
Average Pen Distance: 0.5222536714890897
Maximum Pen Distance: 0.8282294754747146
Average Dog Distance: 0.5512441226116316
Maximum Dog Distance: 0.8288674658519658
Average Sheep Distance: 0.36682384067257545
Maximum Sheep Distance: 0.5065299592975725
Elapsed Time: 5m 17s
********** 24 **********
Average Fitness: 0.171
Maximum Fitness: 0.3333333333333333
Average Pen Distance: 0.527177034137401
Maximum Pen Distance: 0.8562113258580334
Average Dog Distance: 0.5513378344711205
Maximum Dog Distance: 0.8288674658519658
Average Sheep Distance: 0.3673036210418615
Maximum Sheep Distance: 0.5065299592975725
Elapsed Time: 5m 14s
********** 25 **********
Average Fitness: 0.17300000000000004
Maximum Fitness: 0.4666666666666666
Average Pen Distance: 0.5213325289298163
Maximum Pen Distance: 0.8562113258580334
Average Dog Distance: 0.5433533783714087
Maximum Dog Distance: 0.8288674658519658
Average Sheep Distance: 0.36820861613803735
Maximum Sheep Distance: 0.5065299592975725
Elapsed Time: 5m 21s
********** 26 **********
Average Fitness: 0.17366666666666672
Maximum Fitness: 0.4666666666666666
Average Pen Distance: 0.5316299015227971
Maximum Pen Distance: 0.8562113258580334
Average Dog Distance: 0.5478743154628016
Maximum Dog Distance: 0.8288674658519658
Average Sheep Distance: 0.3706149110922338
Maximum Sheep Distance: 0.5065299592975725
Elapsed Time: 5m 15s
********** 27 **********
Average Fitness: 0.17466666666666672
Maximum Fitness: 0.4666666666666666
Average Pen Distance: 0.531825850728184
Maximum Pen Distance: 0.844703362092997
Average Dog Distance: 0.5491477076268382
Maximum Dog Distance: 0.8288674658519658
Average Sheep Distance: 0.3686546567120751
Maximum Sheep Distance: 0.5065299592975725
Elapsed Time: 5m 20s
********** 28 **********
Average Fitness: 0.18233333333333335
Maximum Fitness: 0.4666666666666666
Average Pen Distance: 0.5231523523001961
Maximum Pen Distance: 0.8282294754747146
Average Dog Distance: 0.552513096562791
Maximum Dog Distance: 0.8288674658519658
Average Sheep Distance: 0.3682951653683041
Maximum Sheep Distance: 0.5065299592975725
Elapsed Time: 5m 14s
********** 29 **********
Average Fitness: 0.1806666666666667
Maximum Fitness: 0.4666666666666666
Average Pen Distance: 0.5274468666264509
Maximum Pen Distance: 0.8282294754747146
Average Dog Distance: 0.55505980364102
Maximum Dog Distance: 0.8288674658519658
Average Sheep Distance: 0.36841980956340814
Maximum Sheep Distance: 0.5065299592975725
Elapsed Time: 5m 15s
********** 30 **********
Average Fitness: 0.183
Maximum Fitness: 0.4666666666666666
Average Pen Distance: 0.5339717811692992
Maximum Pen Distance: 0.8282294754747146
Average Dog Distance: 0.5618500937577496
Maximum Dog Distance: 0.8321410503176626
Average Sheep Distance: 0.3699054900761363
Maximum Sheep Distance: 0.5065299592975725
Elapsed Time: 5m 13s
********** 31 **********
Average Fitness: 0.18399999999999994
Maximum Fitness: 0.4666666666666666
Average Pen Distance: 0.5364815984552469
Maximum Pen Distance: 0.8282294754747146
Average Dog Distance: 0.5586801927684191
Maximum Dog Distance: 0.8321410503176626
Average Sheep Distance: 0.3696155303559576
Maximum Sheep Distance: 0.5065299592975725
Elapsed Time: 5m 17s
********** 32 **********
Average Fitness: 0.18433333333333335
Maximum Fitness: 0.4666666666666666
Average Pen Distance: 0.5346430475380959
Maximum Pen Distance: 0.8282294754747146
Average Dog Distance: 0.556808362522421
Maximum Dog Distance: 0.8321410503176626
Average Sheep Distance: 0.3697917644672431
Maximum Sheep Distance: 0.5065299592975725
Elapsed Time: 5m 17s
********** 33 **********
Average Fitness: 0.18800000000000006
Maximum Fitness: 0.4666666666666666
Average Pen Distance: 0.5349360813924884
Maximum Pen Distance: 0.8282294754747146
Average Dog Distance: 0.5541442659033258
Maximum Dog Distance: 0.8321410503176626
Average Sheep Distance: 0.3695526331109202
Maximum Sheep Distance: 0.5065299592975725
Elapsed Time: 5m 13s
********** 34 **********
Average Fitness: 0.19
Maximum Fitness: 0.4666666666666666
Average Pen Distance: 0.5224473403428465
Maximum Pen Distance: 0.8282294754747146
Average Dog Distance: 0.5487369238033856
Maximum Dog Distance: 0.8321410503176626
Average Sheep Distance: 0.365338600936186
Maximum Sheep Distance: 0.5065299592975725
Elapsed Time: 5m 12s
********** 35 **********
Average Fitness: 0.1876666666666667
Maximum Fitness: 0.4666666666666666
Average Pen Distance: 0.5354816023819546
Maximum Pen Distance: 0.838945596765169
Average Dog Distance: 0.5487530897024314
Maximum Dog Distance: 0.8321410503176626
Average Sheep Distance: 0.36688647260411505
Maximum Sheep Distance: 0.5065299592975725
Elapsed Time: 5m 16s
********** 36 **********
Average Fitness: 0.18800000000000008
Maximum Fitness: 0.4666666666666666
Average Pen Distance: 0.5202255268584502
Maximum Pen Distance: 0.838945596765169
Average Dog Distance: 0.5436634752921459
Maximum Dog Distance: 0.8321410503176626
Average Sheep Distance: 0.362996889569994
Maximum Sheep Distance: 0.5065299592975725
Elapsed Time: 5m 9s
********** 37 **********
Average Fitness: 0.19000000000000006
Maximum Fitness: 0.4666666666666666
Average Pen Distance: 0.5279344961665754
Maximum Pen Distance: 0.8764214630903632
Average Dog Distance: 0.5503052063719456
Maximum Dog Distance: 0.8321410503176626
Average Sheep Distance: 0.36413197605279035
Maximum Sheep Distance: 0.5065299592975725
Elapsed Time: 5m 12s
********** 38 **********
Average Fitness: 0.1916666666666667
Maximum Fitness: 0.4666666666666666
Average Pen Distance: 0.5164905862664948
Maximum Pen Distance: 0.838945596765169
Average Dog Distance: 0.5454010913640112
Maximum Dog Distance: 0.8321410503176626
Average Sheep Distance: 0.3646615519403313
Maximum Sheep Distance: 0.5065299592975725
Elapsed Time: 5m 16s
********** 39 **********
Average Fitness: 0.18833333333333338
Maximum Fitness: 0.4666666666666666
Average Pen Distance: 0.5222926402659382
Maximum Pen Distance: 0.8611837238044885
Average Dog Distance: 0.543348201032393
Maximum Dog Distance: 0.8363246163474111
Average Sheep Distance: 0.3658247010299944
Maximum Sheep Distance: 0.5065299592975725
Elapsed Time: 5m 27s
********** 40 **********
Average Fitness: 0.18766666666666673
Maximum Fitness: 0.4666666666666666
Average Pen Distance: 0.5253680079444771
Maximum Pen Distance: 0.8611837238044885
Average Dog Distance: 0.5415471613303786
Maximum Dog Distance: 0.8363246163474111
Average Sheep Distance: 0.3679259191047418
Maximum Sheep Distance: 0.5065299592975725
Elapsed Time: 5m 12s
********** 41 **********
Average Fitness: 0.19466666666666668
Maximum Fitness: 0.4666666666666666
Average Pen Distance: 0.5178999308944796
Maximum Pen Distance: 0.8611837238044885
Average Dog Distance: 0.53844440771359
Maximum Dog Distance: 0.8321410503176626
Average Sheep Distance: 0.36899383135195213
Maximum Sheep Distance: 0.5065299592975725
Elapsed Time: 5m 15s
********** 42 **********
Average Fitness: 0.19633333333333336
Maximum Fitness: 0.4666666666666666
Average Pen Distance: 0.5170829539635188
Maximum Pen Distance: 0.8620863079065814
Average Dog Distance: 0.5439148857685321
Maximum Dog Distance: 0.8321410503176626
Average Sheep Distance: 0.36553577331894666
Maximum Sheep Distance: 0.5065299592975725
Elapsed Time: 5m 16s
********** 43 **********
Average Fitness: 0.193
Maximum Fitness: 0.4666666666666666
Average Pen Distance: 0.5248298774097608
Maximum Pen Distance: 0.8620863079065814
Average Dog Distance: 0.5393820022500363
Maximum Dog Distance: 0.8321410503176626
Average Sheep Distance: 0.36779030406993307
Maximum Sheep Distance: 0.5065299592975725
Elapsed Time: 5m 9s
********** 44 **********
Average Fitness: 0.19233333333333336
Maximum Fitness: 0.4666666666666666
Average Pen Distance: 0.5283223967002985
Maximum Pen Distance: 0.8620863079065814
Average Dog Distance: 0.5339468644739334
Maximum Dog Distance: 0.8321410503176626
Average Sheep Distance: 0.36956845925890397
Maximum Sheep Distance: 0.5065299592975725
Elapsed Time: 5m 16s
********** 45 **********
Average Fitness: 0.1936666666666667
Maximum Fitness: 0.4666666666666666
Average Pen Distance: 0.527829854330474
Maximum Pen Distance: 0.8620863079065814
Average Dog Distance: 0.5373056998027669
Maximum Dog Distance: 0.8321410503176626
Average Sheep Distance: 0.3693231153527458
Maximum Sheep Distance: 0.5065299592975725
Elapsed Time: 5m 12s
********** 46 **********
Average Fitness: 0.19500000000000003
Maximum Fitness: 0.4666666666666666
Average Pen Distance: 0.5238732189288009
Maximum Pen Distance: 0.8620863079065814
Average Dog Distance: 0.5376336263318412
Maximum Dog Distance: 0.8321410503176626
Average Sheep Distance: 0.37134248532388725
Maximum Sheep Distance: 0.5065299592975725
Elapsed Time: 5m 16s
********** 47 **********
Average Fitness: 0.1966666666666667
Maximum Fitness: 0.4666666666666666
Average Pen Distance: 0.5138022687438689
Maximum Pen Distance: 0.8620863079065814
Average Dog Distance: 0.537053139803317
Maximum Dog Distance: 0.8321410503176626
Average Sheep Distance: 0.3700596986565825
Maximum Sheep Distance: 0.5065299592975725
Elapsed Time: 5m 13s
********** 48 **********
Average Fitness: 0.19766666666666668
Maximum Fitness: 0.4666666666666666
Average Pen Distance: 0.5162172595422458
Maximum Pen Distance: 0.8620863079065814
Average Dog Distance: 0.5425234414766996
Maximum Dog Distance: 0.8321410503176626
Average Sheep Distance: 0.3686658320018744
Maximum Sheep Distance: 0.5065299592975725
Elapsed Time: 5m 11s
********** 49 **********
Average Fitness: 0.19399999999999998
Maximum Fitness: 0.4666666666666666
Average Pen Distance: 0.5296922573090448
Maximum Pen Distance: 0.8620863079065814
Average Dog Distance: 0.5380060759492371
Maximum Dog Distance: 0.8379361583509682
Average Sheep Distance: 0.3707468555862489
Maximum Sheep Distance: 0.5065299592975725
Elapsed Time: 5m 10s
********** 50 **********
Average Fitness: 0.19500000000000003
Maximum Fitness: 0.4666666666666666
Average Pen Distance: 0.5242978991198735
Maximum Pen Distance: 0.8620863079065814
Average Dog Distance: 0.5406725274534728
Maximum Dog Distance: 0.8379361583509682
Average Sheep Distance: 0.37057056881561484
Maximum Sheep Distance: 0.5065299592975725
Elapsed Time: 5m 8s
********** 51 **********
Average Fitness: 0.19366666666666668
Maximum Fitness: 0.4666666666666666
Average Pen Distance: 0.5207371853514459
Maximum Pen Distance: 0.8620863079065814
Average Dog Distance: 0.5429101807903245
Maximum Dog Distance: 0.8379361583509682
Average Sheep Distance: 0.37033946136924634
Maximum Sheep Distance: 0.5065299592975725
Elapsed Time: 5m 16s
********** 52 **********
Average Fitness: 0.19333333333333336
Maximum Fitness: 0.4666666666666666
Average Pen Distance: 0.516164588396966
Maximum Pen Distance: 0.8620863079065814
Average Dog Distance: 0.5406994873383275
Maximum Dog Distance: 0.8379361583509682
Average Sheep Distance: 0.36804266444099343
Maximum Sheep Distance: 0.5065299592975725
Elapsed Time: 5m 12s
********** 53 **********
Average Fitness: 0.19433333333333336
Maximum Fitness: 0.4666666666666666
Average Pen Distance: 0.5189011439875999
Maximum Pen Distance: 0.8620863079065814
Average Dog Distance: 0.541149264765889
Maximum Dog Distance: 0.8321410503176626
Average Sheep Distance: 0.37051644323739796
Maximum Sheep Distance: 0.5065299592975725
Elapsed Time: 5m 12s
********** 54 **********
Average Fitness: 0.19566666666666666
Maximum Fitness: 0.4666666666666666
Average Pen Distance: 0.5133773592059018
Maximum Pen Distance: 0.8620863079065814
Average Dog Distance: 0.530906153033802
Maximum Dog Distance: 0.8321410503176626
Average Sheep Distance: 0.36714729671082624
Maximum Sheep Distance: 0.5065299592975725
Elapsed Time: 5m 12s
********** 55 **********
Average Fitness: 0.19833333333333336
Maximum Fitness: 0.4666666666666666
Average Pen Distance: 0.5201595692323507
Maximum Pen Distance: 0.8620863079065814
Average Dog Distance: 0.5337058821847125
Maximum Dog Distance: 0.8321410503176626
Average Sheep Distance: 0.36739520189749153
Maximum Sheep Distance: 0.514598560214926
Elapsed Time: 5m 13s
********** 56 **********
Average Fitness: 0.20000000000000004
Maximum Fitness: 0.4666666666666666
Average Pen Distance: 0.521486792244694
Maximum Pen Distance: 0.8620863079065814
Average Dog Distance: 0.5357895812859258
Maximum Dog Distance: 0.8321410503176626
Average Sheep Distance: 0.3707618192733101
Maximum Sheep Distance: 0.514598560214926
Elapsed Time: 5m 13s
********** 57 **********
Average Fitness: 0.2053333333333333
Maximum Fitness: 0.4666666666666666
Average Pen Distance: 0.520983564263345
Maximum Pen Distance: 0.8620863079065814
Average Dog Distance: 0.5362228543876526
Maximum Dog Distance: 0.8321410503176626
Average Sheep Distance: 0.36995741762430784
Maximum Sheep Distance: 0.514598560214926
Elapsed Time: 5m 15s
********** 58 **********
Average Fitness: 0.2026666666666667
Maximum Fitness: 0.4666666666666666
Average Pen Distance: 0.5227659058342007
Maximum Pen Distance: 0.8620863079065814
Average Dog Distance: 0.534513924473337
Maximum Dog Distance: 0.8321410503176626
Average Sheep Distance: 0.36941271844199897
Maximum Sheep Distance: 0.514598560214926
Elapsed Time: 5m 11s
********** 59 **********
Average Fitness: 0.20566666666666675
Maximum Fitness: 0.4666666666666666
Average Pen Distance: 0.5170563018711393
Maximum Pen Distance: 0.8620863079065814
Average Dog Distance: 0.5397364632837071
Maximum Dog Distance: 0.8321410503176626
Average Sheep Distance: 0.3667047324156385
Maximum Sheep Distance: 0.514598560214926
Elapsed Time: 5m 14s
********** 60 **********
Average Fitness: 0.20866666666666667
Maximum Fitness: 0.4666666666666666
Average Pen Distance: 0.5194391300410145
Maximum Pen Distance: 0.8620863079065814
Average Dog Distance: 0.5452127281053015
Maximum Dog Distance: 0.8321410503176626
Average Sheep Distance: 0.3672423002496574
Maximum Sheep Distance: 0.514598560214926
Elapsed Time: 5m 14s
********** 61 **********
Average Fitness: 0.21166666666666667
Maximum Fitness: 0.4666666666666666
Average Pen Distance: 0.5184451952710422
Maximum Pen Distance: 0.8620863079065814
Average Dog Distance: 0.5423999034950806
Maximum Dog Distance: 0.8321410503176626
Average Sheep Distance: 0.36661429546211133
Maximum Sheep Distance: 0.514598560214926
Elapsed Time: 5m 18s
********** 62 **********
Average Fitness: 0.21100000000000005
Maximum Fitness: 0.4666666666666666
Average Pen Distance: 0.5237600616465192
Maximum Pen Distance: 0.8620863079065814
Average Dog Distance: 0.5405297031831564
Maximum Dog Distance: 0.8321410503176626
Average Sheep Distance: 0.36848064217025356
Maximum Sheep Distance: 0.514598560214926
Elapsed Time: 5m 14s
********** 63 **********
Average Fitness: 0.21166666666666673
Maximum Fitness: 0.4666666666666666
Average Pen Distance: 0.5320510581108855
Maximum Pen Distance: 0.8620863079065814
Average Dog Distance: 0.5427727181241905
Maximum Dog Distance: 0.8321410503176626
Average Sheep Distance: 0.3676573441810435
Maximum Sheep Distance: 0.514598560214926
Elapsed Time: 5m 9s
********** 64 **********
Average Fitness: 0.21366666666666667
Maximum Fitness: 0.4666666666666666
Average Pen Distance: 0.5218061592863215
Maximum Pen Distance: 0.8620863079065814
Average Dog Distance: 0.5385501542296334
Maximum Dog Distance: 0.8321410503176626
Average Sheep Distance: 0.36828874898014313
Maximum Sheep Distance: 0.514598560214926
Elapsed Time: 5m 10s
********** 65 **********
Average Fitness: 0.21233333333333337
Maximum Fitness: 0.4666666666666666
Average Pen Distance: 0.5317461121183993
Maximum Pen Distance: 0.8620863079065814
Average Dog Distance: 0.5396044292908999
Maximum Dog Distance: 0.834514237075071
Average Sheep Distance: 0.3710281146158081
Maximum Sheep Distance: 0.514598560214926
Elapsed Time: 5m 6s
********** 66 **********
Average Fitness: 0.2133333333333334
Maximum Fitness: 0.4666666666666666
Average Pen Distance: 0.5275321032001127
Maximum Pen Distance: 0.8620863079065814
Average Dog Distance: 0.5391566842576075
Maximum Dog Distance: 0.8321410503176626
Average Sheep Distance: 0.3697663690605573
Maximum Sheep Distance: 0.514598560214926
Elapsed Time: 5m 15s
********** 67 **********
Average Fitness: 0.21066666666666667
Maximum Fitness: 0.4666666666666666
Average Pen Distance: 0.527738646321347
Maximum Pen Distance: 0.8620863079065814
Average Dog Distance: 0.5357840533207527
Maximum Dog Distance: 0.8321410503176626
Average Sheep Distance: 0.36883382609774196
Maximum Sheep Distance: 0.514598560214926
Elapsed Time: 5m 16s
********** 68 **********
Average Fitness: 0.20866666666666667
Maximum Fitness: 0.4666666666666666
Average Pen Distance: 0.5348879563819016
Maximum Pen Distance: 0.8620863079065814
Average Dog Distance: 0.5373644722338292
Maximum Dog Distance: 0.8321410503176626
Average Sheep Distance: 0.3694396491065228
Maximum Sheep Distance: 0.514598560214926
Elapsed Time: 5m 10s
********** 69 **********
Average Fitness: 0.20900000000000002
Maximum Fitness: 0.4666666666666666
Average Pen Distance: 0.5337973274164542
Maximum Pen Distance: 0.8620863079065814
Average Dog Distance: 0.5334474762983622
Maximum Dog Distance: 0.8321410503176626
Average Sheep Distance: 0.37059247220817965
Maximum Sheep Distance: 0.514598560214926
Elapsed Time: 5m 13s
********** 70 **********
Average Fitness: 0.21166666666666664
Maximum Fitness: 0.4666666666666666
Average Pen Distance: 0.5316058415029046
Maximum Pen Distance: 0.8620863079065814
Average Dog Distance: 0.5302557990830923
Maximum Dog Distance: 0.8321410503176626
Average Sheep Distance: 0.36557421266746964
Maximum Sheep Distance: 0.514598560214926
Elapsed Time: 5m 10s
********** 71 **********
Average Fitness: 0.21133333333333337
Maximum Fitness: 0.4666666666666666
Average Pen Distance: 0.5355832818842143
Maximum Pen Distance: 0.8620863079065814
Average Dog Distance: 0.528066925264822
Maximum Dog Distance: 0.8321410503176626
Average Sheep Distance: 0.3672226216180545
Maximum Sheep Distance: 0.514598560214926
Elapsed Time: 5m 14s
********** 72 **********
Average Fitness: 0.217
Maximum Fitness: 0.4666666666666666
Average Pen Distance: 0.5269477844242809
Maximum Pen Distance: 0.8620863079065814
Average Dog Distance: 0.5228718148597973
Maximum Dog Distance: 0.8321410503176626
Average Sheep Distance: 0.3651904440165971
Maximum Sheep Distance: 0.514598560214926
Elapsed Time: 27m 17s
********** 73 **********
Average Fitness: 0.21400000000000002
Maximum Fitness: 0.4666666666666666
Average Pen Distance: 0.5377302944241681
Maximum Pen Distance: 0.8620863079065814
Average Dog Distance: 0.5196735588628467
Maximum Dog Distance: 0.8321410503176626
Average Sheep Distance: 0.3665245150339436
Maximum Sheep Distance: 0.514598560214926
Elapsed Time: 5m 17s
********** 74 **********
Average Fitness: 0.21466666666666667
Maximum Fitness: 0.4666666666666666
Average Pen Distance: 0.5392595354815872
Maximum Pen Distance: 0.8620863079065814
Average Dog Distance: 0.5190955191458196
Maximum Dog Distance: 0.8321410503176626
Average Sheep Distance: 0.3656163095273202
Maximum Sheep Distance: 0.514598560214926
Elapsed Time: 5m 12s
********** 75 **********
Average Fitness: 0.21533333333333335
Maximum Fitness: 0.4666666666666666
Average Pen Distance: 0.5327068300161413
Maximum Pen Distance: 0.8620863079065814
Average Dog Distance: 0.5189556854422267
Maximum Dog Distance: 0.8321410503176626
Average Sheep Distance: 0.3632922000419649
Maximum Sheep Distance: 0.514598560214926
Elapsed Time: 5m 9s
********** 76 **********
Average Fitness: 0.21500000000000008
Maximum Fitness: 0.4666666666666666
Average Pen Distance: 0.5364449342125808
Maximum Pen Distance: 0.8668588456570564
Average Dog Distance: 0.5212860891202713
Maximum Dog Distance: 0.8321410503176626
Average Sheep Distance: 0.3640365791144081
Maximum Sheep Distance: 0.514598560214926
Elapsed Time: 5m 16s
********** 77 **********
Average Fitness: 0.2186666666666667
Maximum Fitness: 0.4666666666666666
Average Pen Distance: 0.5262567317475287
Maximum Pen Distance: 0.8685277770678651
Average Dog Distance: 0.5243117178695743
Maximum Dog Distance: 0.8321410503176626
Average Sheep Distance: 0.3657509007539291
Maximum Sheep Distance: 0.514598560214926
Elapsed Time: 5m 14s
********** 78 **********
Average Fitness: 0.21966666666666668
Maximum Fitness: 0.4666666666666666
Average Pen Distance: 0.5193110352770924
Maximum Pen Distance: 0.8685277770678651
Average Dog Distance: 0.5275835757336303
Maximum Dog Distance: 0.8321410503176626
Average Sheep Distance: 0.36354130591872524
Maximum Sheep Distance: 0.514598560214926
Elapsed Time: 5m 10s
********** 79 **********
Average Fitness: 0.22100000000000006
Maximum Fitness: 0.4666666666666666
Average Pen Distance: 0.5172929684757331
Maximum Pen Distance: 0.8685277770678651
Average Dog Distance: 0.5256001756759897
Maximum Dog Distance: 0.8321410503176626
Average Sheep Distance: 0.36267612870101856
Maximum Sheep Distance: 0.514598560214926
Elapsed Time: 5m 13s
********** 80 **********
Average Fitness: 0.22133333333333335
Maximum Fitness: 0.4666666666666666
Average Pen Distance: 0.5118512832924277
Maximum Pen Distance: 0.8685277770678651
Average Dog Distance: 0.5220578129441411
Maximum Dog Distance: 0.8321410503176626
Average Sheep Distance: 0.36022868679979597
Maximum Sheep Distance: 0.514598560214926
Elapsed Time: 5m 12s
********** 81 **********
Average Fitness: 0.22233333333333336
Maximum Fitness: 0.4666666666666666
Average Pen Distance: 0.5204549123891713
Maximum Pen Distance: 0.8685277770678651
Average Dog Distance: 0.5267799535047932
Maximum Dog Distance: 0.8321410503176626
Average Sheep Distance: 0.3624168423285464
Maximum Sheep Distance: 0.514598560214926
Elapsed Time: 5m 17s
********** 82 **********
Average Fitness: 0.2236666666666667
Maximum Fitness: 0.4666666666666666
Average Pen Distance: 0.5205865749285974
Maximum Pen Distance: 0.8685277770678651
Average Dog Distance: 0.5210103118772481
Maximum Dog Distance: 0.8321410503176626
Average Sheep Distance: 0.3604084015556703
Maximum Sheep Distance: 0.514598560214926
Elapsed Time: 5m 15s
********** 83 **********
Average Fitness: 0.22066666666666668
Maximum Fitness: 0.4666666666666666
Average Pen Distance: 0.5200569188485374
Maximum Pen Distance: 0.8685277770678651
Average Dog Distance: 0.5304707334668314
Maximum Dog Distance: 0.8321410503176626
Average Sheep Distance: 0.3626741085014391
Maximum Sheep Distance: 0.514598560214926
Elapsed Time: 5m 21s
********** 84 **********
Average Fitness: 0.22800000000000004
Maximum Fitness: 0.4666666666666666
Average Pen Distance: 0.5141603925031258
Maximum Pen Distance: 0.8685277770678651
Average Dog Distance: 0.52507579293339
Maximum Dog Distance: 0.8321410503176626
Average Sheep Distance: 0.3593665841713039
Maximum Sheep Distance: 0.514598560214926
Elapsed Time: 5m 8s
********** 85 **********
Average Fitness: 0.22833333333333336
Maximum Fitness: 0.4666666666666666
Average Pen Distance: 0.516742581463424
Maximum Pen Distance: 0.8685277770678651
Average Dog Distance: 0.5217938896697266
Maximum Dog Distance: 0.8321410503176626
Average Sheep Distance: 0.3604880031231234
Maximum Sheep Distance: 0.514598560214926
Elapsed Time: 5m 13s
********** 86 **********
Average Fitness: 0.22600000000000006
Maximum Fitness: 0.4666666666666666
Average Pen Distance: 0.5087941766853856
Maximum Pen Distance: 0.8685277770678651
Average Dog Distance: 0.5264192676651661
Maximum Dog Distance: 0.8321410503176626
Average Sheep Distance: 0.35979369121201726
Maximum Sheep Distance: 0.514598560214926
Elapsed Time: 5m 19s
********** 87 **********
Average Fitness: 0.229
Maximum Fitness: 0.4666666666666666
Average Pen Distance: 0.5035623587659898
Maximum Pen Distance: 0.8685277770678651
Average Dog Distance: 0.5274109619000684
Maximum Dog Distance: 0.8321410503176626
Average Sheep Distance: 0.3591117074154151
Maximum Sheep Distance: 0.514598560214926
Elapsed Time: 5m 9s
********** 88 **********
Average Fitness: 0.228
Maximum Fitness: 0.4666666666666666
Average Pen Distance: 0.5138382257510697
Maximum Pen Distance: 0.8685277770678651
Average Dog Distance: 0.5263000671595571
Maximum Dog Distance: 0.8321410503176626
Average Sheep Distance: 0.3621582990531437
Maximum Sheep Distance: 0.514598560214926
Elapsed Time: 5m 15s
********** 89 **********
Average Fitness: 0.23233333333333334
Maximum Fitness: 0.4666666666666666
Average Pen Distance: 0.5190245582692345
Maximum Pen Distance: 0.8685277770678651
Average Dog Distance: 0.5310823596930668
Maximum Dog Distance: 0.8321410503176626
Average Sheep Distance: 0.3635742085713365
Maximum Sheep Distance: 0.514598560214926
Elapsed Time: 5m 21s
********** 90 **********
Average Fitness: 0.23166666666666663
Maximum Fitness: 0.46666666666666673
Average Pen Distance: 0.5160691577366476
Maximum Pen Distance: 0.8685277770678651
Average Dog Distance: 0.5339360113608596
Maximum Dog Distance: 0.8321410503176626
Average Sheep Distance: 0.36152606887351907
Maximum Sheep Distance: 0.514598560214926
Elapsed Time: 5m 17s
********** 91 **********
Average Fitness: 0.22833333333333333
Maximum Fitness: 0.46666666666666673
Average Pen Distance: 0.5168264684725881
Maximum Pen Distance: 0.8685277770678651
Average Dog Distance: 0.5301985927305876
Maximum Dog Distance: 0.8321410503176626
Average Sheep Distance: 0.3603272955306565
Maximum Sheep Distance: 0.514598560214926
Elapsed Time: 5m 17s
********** 92 **********
Average Fitness: 0.22766666666666674
Maximum Fitness: 0.46666666666666673
Average Pen Distance: 0.5227011054863177
Maximum Pen Distance: 0.8685277770678651
Average Dog Distance: 0.5320702657126347
Maximum Dog Distance: 0.8321410503176626
Average Sheep Distance: 0.3611386493681568
Maximum Sheep Distance: 0.514598560214926
Elapsed Time: 5m 12s
********** 93 **********
Average Fitness: 0.2326666666666667
Maximum Fitness: 0.46666666666666673
Average Pen Distance: 0.5151045841865056
Maximum Pen Distance: 0.8685277770678651
Average Dog Distance: 0.5350497443607558
Maximum Dog Distance: 0.8321410503176626
Average Sheep Distance: 0.3608275616614886
Maximum Sheep Distance: 0.514598560214926
Elapsed Time: 5m 14s
********** 94 **********
Average Fitness: 0.231
Maximum Fitness: 0.46666666666666673
Average Pen Distance: 0.5106000473190744
Maximum Pen Distance: 0.8685277770678651
Average Dog Distance: 0.5330111799357014
Maximum Dog Distance: 0.8321410503176626
Average Sheep Distance: 0.3599692920936448
Maximum Sheep Distance: 0.514598560214926
Elapsed Time: 5m 15s
********** 95 **********
Average Fitness: 0.22633333333333333
Maximum Fitness: 0.46666666666666673
Average Pen Distance: 0.5082984214411749
Maximum Pen Distance: 0.8685277770678651
Average Dog Distance: 0.527438155407486
Maximum Dog Distance: 0.8321410503176626
Average Sheep Distance: 0.36048744852102826
Maximum Sheep Distance: 0.514598560214926
Elapsed Time: 5m 19s
********** 96 **********
Average Fitness: 0.2266666666666667
Maximum Fitness: 0.46666666666666673
Average Pen Distance: 0.5176843241863798
Maximum Pen Distance: 0.8685277770678651
Average Dog Distance: 0.5334593656848933
Maximum Dog Distance: 0.8321410503176626
Average Sheep Distance: 0.36344206924324335
Maximum Sheep Distance: 0.514598560214926
Elapsed Time: 5m 7s
********** 97 **********
Average Fitness: 0.22633333333333336
Maximum Fitness: 0.46666666666666673
Average Pen Distance: 0.5268235192306004
Maximum Pen Distance: 0.8685277770678651
Average Dog Distance: 0.5342918343687841
Maximum Dog Distance: 0.8321410503176626
Average Sheep Distance: 0.36535116030894904
Maximum Sheep Distance: 0.514598560214926
Elapsed Time: 5m 11s
********** 98 **********
Average Fitness: 0.2286666666666667
Maximum Fitness: 0.46666666666666673
Average Pen Distance: 0.5226739202550855
Maximum Pen Distance: 0.8678680007266105
Average Dog Distance: 0.5228180910728861
Maximum Dog Distance: 0.8321410503176626
Average Sheep Distance: 0.3661232449797523
Maximum Sheep Distance: 0.514598560214926
Elapsed Time: 5m 15s
********** 99 **********
Average Fitness: 0.23
Maximum Fitness: 0.46666666666666673
Average Pen Distance: 0.5141868862528889
Maximum Pen Distance: 0.8678680007266105
Average Dog Distance: 0.5198589733183554
Maximum Dog Distance: 0.8321410503176626
Average Sheep Distance: 0.36385747933430035
Maximum Sheep Distance: 0.514598560214926
Elapsed Time: 5m 14s
********** 100 **********
Average Fitness: 0.22933333333333336
Maximum Fitness: 0.46666666666666673
Average Pen Distance: 0.5142275253409511
Maximum Pen Distance: 0.8678680007266105
Average Dog Distance: 0.5247448542875848
Maximum Dog Distance: 0.8321410503176626
Average Sheep Distance: 0.36446868012367084
Maximum Sheep Distance: 0.514598560214926
Elapsed Time: 5m 23s
********** 1 **********
Average Fitness: 0.09966666666666667
Maximum Fitness: 0.26666666666666666
Average Pen Distance: 0.5112083083592224
Maximum Pen Distance: 0.8017932006795417
Average Dog Distance: 0.6133602995628109
Maximum Dog Distance: 0.8215894303020247
Average Sheep Distance: 0.35239791063276427
Maximum Sheep Distance: 0.42381138460884915
Elapsed Time: 10m 26s
********** 2 **********
Average Fitness: 0.113
Maximum Fitness: 0.26666666666666666
Average Pen Distance: 0.48874893045613577
Maximum Pen Distance: 0.8017932006795417
Average Dog Distance: 0.5943223667003225
Maximum Dog Distance: 0.8215894303020247
Average Sheep Distance: 0.3501166881950125
Maximum Sheep Distance: 0.41595650391954386
Elapsed Time: 5m 7s
********** 3 **********
Average Fitness: 0.12133333333333333
Maximum Fitness: 0.3
Average Pen Distance: 0.4998023941344997
Maximum Pen Distance: 0.8017932006795417
Average Dog Distance: 0.5950231169203112
Maximum Dog Distance: 0.8515820121281149
Average Sheep Distance: 0.3545236605326715
Maximum Sheep Distance: 0.41595650391954386
Elapsed Time: 5m 5s
********** 4 **********
Average Fitness: 0.126
Maximum Fitness: 0.3
Average Pen Distance: 0.4974474578838274
Maximum Pen Distance: 0.8017932006795417
Average Dog Distance: 0.5837789702784754
Maximum Dog Distance: 0.8515820121281149
Average Sheep Distance: 0.35731420429545807
Maximum Sheep Distance: 0.4966951064173925
Elapsed Time: 5m 14s
********** 5 **********
Average Fitness: 0.129
Maximum Fitness: 0.3
Average Pen Distance: 0.4983496611671854
Maximum Pen Distance: 0.8092283024981115
Average Dog Distance: 0.5860450113983
Maximum Dog Distance: 0.8840769494536399
Average Sheep Distance: 0.35776072185672286
Maximum Sheep Distance: 0.4966951064173925
Elapsed Time: 5m 5s
********** 6 **********
Average Fitness: 0.13566666666666669
Maximum Fitness: 0.3
Average Pen Distance: 0.5027737461826459
Maximum Pen Distance: 0.8092283024981115
Average Dog Distance: 0.5823506597830876
Maximum Dog Distance: 0.8840769494536399
Average Sheep Distance: 0.35674890646214813
Maximum Sheep Distance: 0.4966951064173925
Elapsed Time: 5m 11s
********** 7 **********
Average Fitness: 0.141
Maximum Fitness: 0.3
Average Pen Distance: 0.5033807293895731
Maximum Pen Distance: 0.8092283024981115
Average Dog Distance: 0.581452419193422
Maximum Dog Distance: 0.8840769494536399
Average Sheep Distance: 0.3564553385366965
Maximum Sheep Distance: 0.4966951064173925
Elapsed Time: 5m 4s
********** 8 **********
Average Fitness: 0.14433333333333334
Maximum Fitness: 0.3
Average Pen Distance: 0.5053927536891685
Maximum Pen Distance: 0.8092283024981115
Average Dog Distance: 0.5825505392636057
Maximum Dog Distance: 0.8840769494536399
Average Sheep Distance: 0.3566981853399077
Maximum Sheep Distance: 0.4966951064173925
Elapsed Time: 5m 15s
********** 9 **********
Average Fitness: 0.14633333333333332
Maximum Fitness: 0.3
Average Pen Distance: 0.5056127082797061
Maximum Pen Distance: 0.8092283024981115
Average Dog Distance: 0.5793500419333059
Maximum Dog Distance: 0.8840769494536399
Average Sheep Distance: 0.3552885835979607
Maximum Sheep Distance: 0.4966951064173925
Elapsed Time: 5m 7s
********** 10 **********
Average Fitness: 0.15133333333333332
Maximum Fitness: 0.3
Average Pen Distance: 0.500096843763593
Maximum Pen Distance: 0.7629181016700809
Average Dog Distance: 0.5886658098087364
Maximum Dog Distance: 0.8840769494536399
Average Sheep Distance: 0.35315043470659246
Maximum Sheep Distance: 0.4966951064173925
Elapsed Time: 5m 16s
********** 11 **********
Average Fitness: 0.15266666666666664
Maximum Fitness: 0.3
Average Pen Distance: 0.5046185026881452
Maximum Pen Distance: 0.76801635369059
Average Dog Distance: 0.5916799126677929
Maximum Dog Distance: 0.8840769494536399
Average Sheep Distance: 0.35451999326675254
Maximum Sheep Distance: 0.4966951064173925
Elapsed Time: 5m 8s
********** 12 **********
Average Fitness: 0.15633333333333332
Maximum Fitness: 0.3
Average Pen Distance: 0.5025504149130658
Maximum Pen Distance: 0.7629181016700809
Average Dog Distance: 0.592790620881542
Maximum Dog Distance: 0.8840769494536399
Average Sheep Distance: 0.35567816926403006
Maximum Sheep Distance: 0.4966951064173925
Elapsed Time: 5m 18s
********** 13 **********
Average Fitness: 0.15733333333333333
Maximum Fitness: 0.3
Average Pen Distance: 0.5078973315949286
Maximum Pen Distance: 0.7629181016700809
Average Dog Distance: 0.5884797012841129
Maximum Dog Distance: 0.8840769494536399
Average Sheep Distance: 0.354644376154439
Maximum Sheep Distance: 0.4966951064173925
Elapsed Time: 5m 9s
********** 14 **********
Average Fitness: 0.16266666666666674
Maximum Fitness: 0.3333333333333333
Average Pen Distance: 0.4995618135583831
Maximum Pen Distance: 0.7629181016700809
Average Dog Distance: 0.5886034412363587
Maximum Dog Distance: 0.8840769494536399
Average Sheep Distance: 0.35373933966900367
Maximum Sheep Distance: 0.4966951064173925
Elapsed Time: 5m 10s
********** 15 **********
Average Fitness: 0.162
Maximum Fitness: 0.3333333333333333
Average Pen Distance: 0.49564726279608273
Maximum Pen Distance: 0.7629181016700809
Average Dog Distance: 0.5899212084283891
Maximum Dog Distance: 0.8840769494536399
Average Sheep Distance: 0.354004984707662
Maximum Sheep Distance: 0.4966951064173925
Elapsed Time: 5m 14s
********** 16 **********
Average Fitness: 0.172
Maximum Fitness: 0.3666666666666667
Average Pen Distance: 0.4971810789267081
Maximum Pen Distance: 0.7629181016700809
Average Dog Distance: 0.5939050132203305
Maximum Dog Distance: 0.8840769494536399
Average Sheep Distance: 0.35463875755591123
Maximum Sheep Distance: 0.4966951064173925
Elapsed Time: 5m 14s
********** 17 **********
Average Fitness: 0.17233333333333334
Maximum Fitness: 0.3666666666666667
Average Pen Distance: 0.5022034131521252
Maximum Pen Distance: 0.7703010218613345
Average Dog Distance: 0.5944617745152752
Maximum Dog Distance: 0.8840769494536399
Average Sheep Distance: 0.3525372061930652
Maximum Sheep Distance: 0.4966951064173925
Elapsed Time: 5m 9s
********** 18 **********
Average Fitness: 0.1673333333333334
Maximum Fitness: 0.3666666666666667
Average Pen Distance: 0.5078193959162608
Maximum Pen Distance: 0.7703010218613345
Average Dog Distance: 0.5899618021506726
Maximum Dog Distance: 0.8840769494536399
Average Sheep Distance: 0.3545950875028299
Maximum Sheep Distance: 0.4966951064173925
Elapsed Time: 5m 11s
********** 19 **********
Average Fitness: 0.1726666666666667
Maximum Fitness: 0.3666666666666667
Average Pen Distance: 0.5006004222246357
Maximum Pen Distance: 0.7703010218613345
Average Dog Distance: 0.5903666921904661
Maximum Dog Distance: 0.8840769494536399
Average Sheep Distance: 0.35536483374832434
Maximum Sheep Distance: 0.4966951064173925
Elapsed Time: 5m 9s
********** 20 **********
Average Fitness: 0.17300000000000004
Maximum Fitness: 0.3666666666666667
Average Pen Distance: 0.4981065226646023
Maximum Pen Distance: 0.7703010218613345
Average Dog Distance: 0.5843812311880618
Maximum Dog Distance: 0.8840769494536399
Average Sheep Distance: 0.3568324261990328
Maximum Sheep Distance: 0.4966951064173925
Elapsed Time: 5m 6s
********** 21 **********
Average Fitness: 0.175
Maximum Fitness: 0.3666666666666667
Average Pen Distance: 0.49856429418784814
Maximum Pen Distance: 0.7883727799227804
Average Dog Distance: 0.5794160731389421
Maximum Dog Distance: 0.8840769494536399
Average Sheep Distance: 0.35714982303674087
Maximum Sheep Distance: 0.4966951064173925
Elapsed Time: 5m 12s
********** 22 **********
Average Fitness: 0.17433333333333337
Maximum Fitness: 0.3666666666666667
Average Pen Distance: 0.4970899769058593
Maximum Pen Distance: 0.8243930107852755
Average Dog Distance: 0.5844381321092933
Maximum Dog Distance: 0.8840769494536399
Average Sheep Distance: 0.3558083991650245
Maximum Sheep Distance: 0.4966951064173925
Elapsed Time: 5m 17s
********** 23 **********
Average Fitness: 0.17066666666666666
Maximum Fitness: 0.3666666666666667
Average Pen Distance: 0.5082951182352341
Maximum Pen Distance: 0.8243930107852755
Average Dog Distance: 0.5819074302484412
Maximum Dog Distance: 0.8840769494536399
Average Sheep Distance: 0.35735040456211203
Maximum Sheep Distance: 0.4966951064173925
Elapsed Time: 5m 11s
********** 24 **********
Average Fitness: 0.17566666666666675
Maximum Fitness: 0.3666666666666667
Average Pen Distance: 0.5078789401343051
Maximum Pen Distance: 0.8243930107852755
Average Dog Distance: 0.5851134119280907
Maximum Dog Distance: 0.8840769494536399
Average Sheep Distance: 0.359471974237646
Maximum Sheep Distance: 0.4966951064173925
Elapsed Time: 5m 15s
********** 25 **********
Average Fitness: 0.17833333333333332
Maximum Fitness: 0.3666666666666667
Average Pen Distance: 0.5073935103091789
Maximum Pen Distance: 0.8173641303070331
Average Dog Distance: 0.592182721202772
Maximum Dog Distance: 0.8840769494536399
Average Sheep Distance: 0.36081862142374005
Maximum Sheep Distance: 0.4966951064173925
Elapsed Time: 5m 13s
********** 26 **********
Average Fitness: 0.17400000000000002
Maximum Fitness: 0.3666666666666667
Average Pen Distance: 0.5163425092662592
Maximum Pen Distance: 0.8173641303070331
Average Dog Distance: 0.5890915077434373
Maximum Dog Distance: 0.8935919619131975
Average Sheep Distance: 0.3624768203609074
Maximum Sheep Distance: 0.4966951064173925
Elapsed Time: 5m 10s
********** 27 **********
Average Fitness: 0.18166666666666667
Maximum Fitness: 0.3666666666666667
Average Pen Distance: 0.5090008833673285
Maximum Pen Distance: 0.8173641303070331
Average Dog Distance: 0.5860623068989652
Maximum Dog Distance: 0.8935919619131975
Average Sheep Distance: 0.3626361412161949
Maximum Sheep Distance: 0.4966951064173925
Elapsed Time: 5m 8s
********** 28 **********
Average Fitness: 0.18233333333333335
Maximum Fitness: 0.3666666666666667
Average Pen Distance: 0.5137527354439966
Maximum Pen Distance: 0.8184316326709659
Average Dog Distance: 0.585745221914558
Maximum Dog Distance: 0.8935919619131975
Average Sheep Distance: 0.36513664746779384
Maximum Sheep Distance: 0.4966951064173925
Elapsed Time: 5m 13s
********** 29 **********
Average Fitness: 0.18466666666666673
Maximum Fitness: 0.3666666666666667
Average Pen Distance: 0.5052161919983554
Maximum Pen Distance: 0.8184316326709659
Average Dog Distance: 0.5796033630900309
Maximum Dog Distance: 0.8935919619131975
Average Sheep Distance: 0.3650216436153226
Maximum Sheep Distance: 0.4966951064173925
Elapsed Time: 5m 4s
********** 30 **********
Average Fitness: 0.18366666666666667
Maximum Fitness: 0.3666666666666667
Average Pen Distance: 0.5097067845827027
Maximum Pen Distance: 0.8184316326709659
Average Dog Distance: 0.578075941642711
Maximum Dog Distance: 0.8935919619131975
Average Sheep Distance: 0.36635895723526396
Maximum Sheep Distance: 0.4966951064173925
Elapsed Time: 5m 23s
********** 31 **********
Average Fitness: 0.18233333333333335
Maximum Fitness: 0.3666666666666667
Average Pen Distance: 0.5150793478547648
Maximum Pen Distance: 0.839270327118291
Average Dog Distance: 0.5881602369425416
Maximum Dog Distance: 0.8935919619131975
Average Sheep Distance: 0.36296725502959937
Maximum Sheep Distance: 0.4966951064173925
Elapsed Time: 5m 8s
********** 32 **********
Average Fitness: 0.183
Maximum Fitness: 0.3666666666666667
Average Pen Distance: 0.5119488448047513
Maximum Pen Distance: 0.8479520492525706
Average Dog Distance: 0.5901145723525374
Maximum Dog Distance: 0.8935919619131975
Average Sheep Distance: 0.3616353447917043
Maximum Sheep Distance: 0.4966951064173925
Elapsed Time: 5m 15s
********** 33 **********
Average Fitness: 0.18233333333333338
Maximum Fitness: 0.3666666666666667
Average Pen Distance: 0.5171973455473069
Maximum Pen Distance: 0.8479520492525706
Average Dog Distance: 0.581470118065941
Maximum Dog Distance: 0.8935919619131975
Average Sheep Distance: 0.36394821087587365
Maximum Sheep Distance: 0.4966951064173925
Elapsed Time: 5m 5s
********** 34 **********
Average Fitness: 0.18233333333333338
Maximum Fitness: 0.3666666666666667
Average Pen Distance: 0.5156075761185299
Maximum Pen Distance: 0.8479520492525706
Average Dog Distance: 0.572272704400207
Maximum Dog Distance: 0.8935919619131975
Average Sheep Distance: 0.36542480839102665
Maximum Sheep Distance: 0.4966951064173925
Elapsed Time: 5m 15s
********** 35 **********
Average Fitness: 0.18533333333333335
Maximum Fitness: 0.3666666666666667
Average Pen Distance: 0.5091934900928112
Maximum Pen Distance: 0.8479520492525706
Average Dog Distance: 0.5718493263809029
Maximum Dog Distance: 0.8935919619131975
Average Sheep Distance: 0.3658254129796393
Maximum Sheep Distance: 0.4966951064173925
Elapsed Time: 5m 4s
********** 36 **********
Average Fitness: 0.18533333333333338
Maximum Fitness: 0.3666666666666667
Average Pen Distance: 0.5081920081063039
Maximum Pen Distance: 0.8479520492525706
Average Dog Distance: 0.5683769488326429
Maximum Dog Distance: 0.8806298248682028
Average Sheep Distance: 0.36362751281473316
Maximum Sheep Distance: 0.4966951064173925
Elapsed Time: 5m 12s
********** 37 **********
Average Fitness: 0.1856666666666667
Maximum Fitness: 0.4333333333333333
Average Pen Distance: 0.5193468825311401
Maximum Pen Distance: 0.8804786145658277
Average Dog Distance: 0.5675791689944402
Maximum Dog Distance: 0.8806298248682028
Average Sheep Distance: 0.3668698365743742
Maximum Sheep Distance: 0.4966951064173925
Elapsed Time: 5m 15s
********** 38 **********
Average Fitness: 0.18133333333333337
Maximum Fitness: 0.4333333333333333
Average Pen Distance: 0.5290468323652228
Maximum Pen Distance: 0.8804786145658277
Average Dog Distance: 0.5701744007059151
Maximum Dog Distance: 0.8806298248682028
Average Sheep Distance: 0.3680165661757689
Maximum Sheep Distance: 0.4966951064173925
Elapsed Time: 5m 9s
********** 39 **********
Average Fitness: 0.179
Maximum Fitness: 0.4333333333333333
Average Pen Distance: 0.5385386083944188
Maximum Pen Distance: 0.8804786145658277
Average Dog Distance: 0.5620431233966936
Maximum Dog Distance: 0.8806298248682028
Average Sheep Distance: 0.3725786823264096
Maximum Sheep Distance: 0.4966951064173925
Elapsed Time: 5m 20s
********** 40 **********
Average Fitness: 0.18200000000000002
Maximum Fitness: 0.4333333333333333
Average Pen Distance: 0.5346386147591429
Maximum Pen Distance: 0.8804786145658277
Average Dog Distance: 0.5575570714113166
Maximum Dog Distance: 0.8515199558757357
Average Sheep Distance: 0.37425172757407255
Maximum Sheep Distance: 0.4966951064173925
Elapsed Time: 5m 9s
********** 41 **********
Average Fitness: 0.18500000000000003
Maximum Fitness: 0.4333333333333333
Average Pen Distance: 0.5332230522647009
Maximum Pen Distance: 0.8804786145658277
Average Dog Distance: 0.5536572244204565
Maximum Dog Distance: 0.8515199558757357
Average Sheep Distance: 0.37232100169570936
Maximum Sheep Distance: 0.4966951064173925
Elapsed Time: 5m 10s
********** 42 **********
Average Fitness: 0.1886666666666667
Maximum Fitness: 0.4333333333333333
Average Pen Distance: 0.5327566613057454
Maximum Pen Distance: 0.8804786145658277
Average Dog Distance: 0.5570502179936496
Maximum Dog Distance: 0.8515199558757357
Average Sheep Distance: 0.37246872352460764
Maximum Sheep Distance: 0.4966951064173925
Elapsed Time: 5m 18s
********** 43 **********
Average Fitness: 0.18766666666666673
Maximum Fitness: 0.4333333333333333
Average Pen Distance: 0.5287039172654192
Maximum Pen Distance: 0.8804786145658277
Average Dog Distance: 0.5555724905699012
Maximum Dog Distance: 0.8665623631361719
Average Sheep Distance: 0.37130020766821026
Maximum Sheep Distance: 0.4966951064173925
Elapsed Time: 5m 7s
********** 44 **********
Average Fitness: 0.19000000000000006
Maximum Fitness: 0.4333333333333333
Average Pen Distance: 0.5175736739810868
Maximum Pen Distance: 0.8804786145658277
Average Dog Distance: 0.5600786976758036
Maximum Dog Distance: 0.8790655856567972
Average Sheep Distance: 0.36952257300107016
Maximum Sheep Distance: 0.4966951064173925
Elapsed Time: 5m 13s
********** 45 **********
Average Fitness: 0.18933333333333338
Maximum Fitness: 0.4333333333333333
Average Pen Distance: 0.5202720606178096
Maximum Pen Distance: 0.8804786145658277
Average Dog Distance: 0.5504013332891293
Maximum Dog Distance: 0.8790655856567972
Average Sheep Distance: 0.3681791496409997
Maximum Sheep Distance: 0.4966951064173925
Elapsed Time: 5m 10s
********** 46 **********
Average Fitness: 0.1866666666666667
Maximum Fitness: 0.4333333333333333
Average Pen Distance: 0.5228012535329379
Maximum Pen Distance: 0.8804786145658277
Average Dog Distance: 0.5453792434454502
Maximum Dog Distance: 0.8790655856567972
Average Sheep Distance: 0.3683946829287794
Maximum Sheep Distance: 0.4966951064173925
Elapsed Time: 5m 16s
********** 47 **********
Average Fitness: 0.19233333333333338
Maximum Fitness: 0.4333333333333333
Average Pen Distance: 0.5239313931325137
Maximum Pen Distance: 0.8804786145658277
Average Dog Distance: 0.5427019304374903
Maximum Dog Distance: 0.8790655856567972
Average Sheep Distance: 0.3680401426296141
Maximum Sheep Distance: 0.4966951064173925
Elapsed Time: 5m 11s
********** 48 **********
Average Fitness: 0.1946666666666667
Maximum Fitness: 0.4333333333333333
Average Pen Distance: 0.5234332462644663
Maximum Pen Distance: 0.865223786779952
Average Dog Distance: 0.5550671762339783
Maximum Dog Distance: 0.8790655856567972
Average Sheep Distance: 0.36708050183116486
Maximum Sheep Distance: 0.4966951064173925
Elapsed Time: 5m 13s
********** 49 **********
Average Fitness: 0.19800000000000004
Maximum Fitness: 0.4333333333333333
Average Pen Distance: 0.510198780245953
Maximum Pen Distance: 0.8778334522628647
Average Dog Distance: 0.5519182987821857
Maximum Dog Distance: 0.8790655856567972
Average Sheep Distance: 0.36517609747503627
Maximum Sheep Distance: 0.4966951064173925
Elapsed Time: 5m 18s
********** 50 **********
Average Fitness: 0.19966666666666671
Maximum Fitness: 0.4333333333333333
Average Pen Distance: 0.5110131371200268
Maximum Pen Distance: 0.8778334522628647
Average Dog Distance: 0.5495348762524856
Maximum Dog Distance: 0.874182185434702
Average Sheep Distance: 0.36482716777083324
Maximum Sheep Distance: 0.4966951064173925
Elapsed Time: 5m 7s
********** 51 **********
Average Fitness: 0.19900000000000007
Maximum Fitness: 0.4333333333333333
Average Pen Distance: 0.5166534235418865
Maximum Pen Distance: 0.857566442464162
Average Dog Distance: 0.551646248640894
Maximum Dog Distance: 0.874182185434702
Average Sheep Distance: 0.3671613604069116
Maximum Sheep Distance: 0.4966951064173925
Elapsed Time: 5m 15s
********** 52 **********
Average Fitness: 0.1953333333333334
Maximum Fitness: 0.4333333333333333
Average Pen Distance: 0.5070169496292964
Maximum Pen Distance: 0.857566442464162
Average Dog Distance: 0.5362068105832103
Maximum Dog Distance: 0.874182185434702
Average Sheep Distance: 0.36760183316696027
Maximum Sheep Distance: 0.4966951064173925
Elapsed Time: 5m 12s
********** 53 **********
Average Fitness: 0.19533333333333336
Maximum Fitness: 0.4333333333333333
Average Pen Distance: 0.5138233203874271
Maximum Pen Distance: 0.857566442464162
Average Dog Distance: 0.5446638208330618
Maximum Dog Distance: 0.874182185434702
Average Sheep Distance: 0.3683275546720872
Maximum Sheep Distance: 0.4966951064173925
Elapsed Time: 5m 14s
********** 54 **********
Average Fitness: 0.195
Maximum Fitness: 0.4333333333333333
Average Pen Distance: 0.5180873841253247
Maximum Pen Distance: 0.857566442464162
Average Dog Distance: 0.5404871115225848
Maximum Dog Distance: 0.874182185434702
Average Sheep Distance: 0.3659521693508203
Maximum Sheep Distance: 0.4966951064173925
Elapsed Time: 5m 17s
********** 55 **********
Average Fitness: 0.1930000000000001
Maximum Fitness: 0.4333333333333333
Average Pen Distance: 0.5130455849142724
Maximum Pen Distance: 0.8766889852610459
Average Dog Distance: 0.5354205209570503
Maximum Dog Distance: 0.874182185434702
Average Sheep Distance: 0.3654176240791105
Maximum Sheep Distance: 0.4966951064173925
Elapsed Time: 5m 14s
********** 56 **********
Average Fitness: 0.19899999999999998
Maximum Fitness: 0.4333333333333333
Average Pen Distance: 0.5076154987830587
Maximum Pen Distance: 0.8657594933384499
Average Dog Distance: 0.5357040163707132
Maximum Dog Distance: 0.874182185434702
Average Sheep Distance: 0.36513848824984685
Maximum Sheep Distance: 0.4966951064173925
Elapsed Time: 5m 11s
********** 57 **********
Average Fitness: 0.19733333333333333
Maximum Fitness: 0.4333333333333333
Average Pen Distance: 0.5186218946832424
Maximum Pen Distance: 0.8657594933384499
Average Dog Distance: 0.5301339055383681
Maximum Dog Distance: 0.874182185434702
Average Sheep Distance: 0.3638668427529278
Maximum Sheep Distance: 0.4966951064173925
Elapsed Time: 5m 9s
********** 58 **********
Average Fitness: 0.1996666666666667
Maximum Fitness: 0.4333333333333333
Average Pen Distance: 0.5266216247476136
Maximum Pen Distance: 0.8657594933384499
Average Dog Distance: 0.5393784801812456
Maximum Dog Distance: 0.874182185434702
Average Sheep Distance: 0.36610009867948645
Maximum Sheep Distance: 0.4966951064173925
Elapsed Time: 5m 9s
********** 59 **********
Average Fitness: 0.20400000000000001
Maximum Fitness: 0.4333333333333333
Average Pen Distance: 0.5228936387452681
Maximum Pen Distance: 0.8657594933384499
Average Dog Distance: 0.5380724014528145
Maximum Dog Distance: 0.874182185434702
Average Sheep Distance: 0.36679328216147444
Maximum Sheep Distance: 0.4966951064173925
Elapsed Time: 5m 13s
********** 60 **********
Average Fitness: 0.20133333333333334
Maximum Fitness: 0.4333333333333333
Average Pen Distance: 0.529744327840613
Maximum Pen Distance: 0.8657594933384499
Average Dog Distance: 0.5427663350215387
Maximum Dog Distance: 0.8796721554278234
Average Sheep Distance: 0.3676867229677427
Maximum Sheep Distance: 0.4966951064173925
Elapsed Time: 5m 7s
********** 61 **********
Average Fitness: 0.20266666666666666
Maximum Fitness: 0.4333333333333333
Average Pen Distance: 0.5324390014213922
Maximum Pen Distance: 0.8657594933384499
Average Dog Distance: 0.5503489402527834
Maximum Dog Distance: 0.8796721554278234
Average Sheep Distance: 0.3665429669520431
Maximum Sheep Distance: 0.4966951064173925
Elapsed Time: 5m 8s
********** 62 **********
Average Fitness: 0.20133333333333334
Maximum Fitness: 0.4333333333333333
Average Pen Distance: 0.5339189878412202
Maximum Pen Distance: 0.8886386745715823
Average Dog Distance: 0.5590056883778611
Maximum Dog Distance: 0.8796721554278234
Average Sheep Distance: 0.3688810422703979
Maximum Sheep Distance: 0.4966951064173925
Elapsed Time: 5m 7s
********** 63 **********
Average Fitness: 0.201
Maximum Fitness: 0.4333333333333333
Average Pen Distance: 0.534942746828357
Maximum Pen Distance: 0.8886386745715823
Average Dog Distance: 0.5531932854601955
Maximum Dog Distance: 0.874182185434702
Average Sheep Distance: 0.37025780058960756
Maximum Sheep Distance: 0.4983525122309193
Elapsed Time: 5m 13s
********** 64 **********
Average Fitness: 0.20066666666666663
Maximum Fitness: 0.4333333333333333
Average Pen Distance: 0.5336698949760131
Maximum Pen Distance: 0.902587582837576
Average Dog Distance: 0.5392277854580256
Maximum Dog Distance: 0.874182185434702
Average Sheep Distance: 0.37001045136013105
Maximum Sheep Distance: 0.4983525122309193
Elapsed Time: 5m 13s
********** 65 **********
Average Fitness: 0.20199999999999999
Maximum Fitness: 0.4333333333333333
Average Pen Distance: 0.5314205386649969
Maximum Pen Distance: 0.8886386745715823
Average Dog Distance: 0.5404554322914236
Maximum Dog Distance: 0.874182185434702
Average Sheep Distance: 0.36882475326018943
Maximum Sheep Distance: 0.4983525122309193
Elapsed Time: 5m 19s
********** 66 **********
Average Fitness: 0.20066666666666666
Maximum Fitness: 0.4333333333333333
Average Pen Distance: 0.5342101568793629
Maximum Pen Distance: 0.8886386745715823
Average Dog Distance: 0.5345717225560077
Maximum Dog Distance: 0.8498873341896301
Average Sheep Distance: 0.369946393766581
Maximum Sheep Distance: 0.4983525122309193
Elapsed Time: 5m 11s
********** 67 **********
Average Fitness: 0.2026666666666667
Maximum Fitness: 0.4333333333333333
Average Pen Distance: 0.5292478439064403
Maximum Pen Distance: 0.8886386745715823
Average Dog Distance: 0.526994300785745
Maximum Dog Distance: 0.8498873341896301
Average Sheep Distance: 0.3698206179116061
Maximum Sheep Distance: 0.4983525122309193
Elapsed Time: 5m 10s
********** 68 **********
Average Fitness: 0.19833333333333336
Maximum Fitness: 0.4333333333333333
Average Pen Distance: 0.5261226353341482
Maximum Pen Distance: 0.8936621062011986
Average Dog Distance: 0.5213324966707894
Maximum Dog Distance: 0.8498873341896301
Average Sheep Distance: 0.36951561036724223
Maximum Sheep Distance: 0.4983525122309193
Elapsed Time: 5m 19s
********** 69 **********
Average Fitness: 0.19733333333333333
Maximum Fitness: 0.4333333333333333
Average Pen Distance: 0.5262700688800124
Maximum Pen Distance: 0.8936621062011986
Average Dog Distance: 0.5160289243306194
Maximum Dog Distance: 0.8498873341896301
Average Sheep Distance: 0.368556926839816
Maximum Sheep Distance: 0.4966951064173925
Elapsed Time: 5m 17s
********** 70 **********
Average Fitness: 0.198
Maximum Fitness: 0.4333333333333333
Average Pen Distance: 0.5301040378098141
Maximum Pen Distance: 0.8936621062011986
Average Dog Distance: 0.5169199013950355
Maximum Dog Distance: 0.8498873341896301
Average Sheep Distance: 0.3695011479535031
Maximum Sheep Distance: 0.4966951064173925
Elapsed Time: 5m 13s
********** 71 **********
Average Fitness: 0.20100000000000004
Maximum Fitness: 0.4333333333333333
Average Pen Distance: 0.5267798954102445
Maximum Pen Distance: 0.8936621062011986
Average Dog Distance: 0.5248602719507006
Maximum Dog Distance: 0.8498873341896301
Average Sheep Distance: 0.3700271769531615
Maximum Sheep Distance: 0.4966951064173925
Elapsed Time: 5m 14s
********** 72 **********
Average Fitness: 0.2026666666666667
Maximum Fitness: 0.4333333333333333
Average Pen Distance: 0.5306698589454073
Maximum Pen Distance: 0.8936621062011986
Average Dog Distance: 0.5222834202046347
Maximum Dog Distance: 0.8498873341896301
Average Sheep Distance: 0.3722216855904615
Maximum Sheep Distance: 0.5019585703066344
Elapsed Time: 5m 9s
********** 73 **********
Average Fitness: 0.2026666666666667
Maximum Fitness: 0.4333333333333333
Average Pen Distance: 0.5341580823459584
Maximum Pen Distance: 0.8936621062011986
Average Dog Distance: 0.5175901820535335
Maximum Dog Distance: 0.8498873341896301
Average Sheep Distance: 0.3695537650158186
Maximum Sheep Distance: 0.5019585703066344
Elapsed Time: 5m 11s
********** 74 **********
Average Fitness: 0.20199999999999999
Maximum Fitness: 0.4333333333333333
Average Pen Distance: 0.5363916836066511
Maximum Pen Distance: 0.8936621062011986
Average Dog Distance: 0.5150510259664536
Maximum Dog Distance: 0.8498873341896301
Average Sheep Distance: 0.3704853004417693
Maximum Sheep Distance: 0.5019585703066344
Elapsed Time: 5m 10s
********** 75 **********
Average Fitness: 0.20366666666666672
Maximum Fitness: 0.4333333333333333
Average Pen Distance: 0.532166940799296
Maximum Pen Distance: 0.8936621062011986
Average Dog Distance: 0.512627044579127
Maximum Dog Distance: 0.8498873341896301
Average Sheep Distance: 0.36972136396691757
Maximum Sheep Distance: 0.5019585703066344
Elapsed Time: 5m 10s
********** 76 **********
Average Fitness: 0.20600000000000002
Maximum Fitness: 0.4333333333333333
Average Pen Distance: 0.5393266131736556
Maximum Pen Distance: 0.8936621062011986
Average Dog Distance: 0.5178357503039426
Maximum Dog Distance: 0.8498873341896301
Average Sheep Distance: 0.36998984695192993
Maximum Sheep Distance: 0.5019585703066344
Elapsed Time: 5m 19s
********** 77 **********
Average Fitness: 0.20433333333333337
Maximum Fitness: 0.4333333333333333
Average Pen Distance: 0.5432792159565495
Maximum Pen Distance: 0.8936621062011986
Average Dog Distance: 0.526443835651282
Maximum Dog Distance: 0.8498873341896301
Average Sheep Distance: 0.3723397316366553
Maximum Sheep Distance: 0.5019585703066344
Elapsed Time: 5m 7s
********** 78 **********
Average Fitness: 0.20533333333333334
Maximum Fitness: 0.4333333333333333
Average Pen Distance: 0.5440784922201249
Maximum Pen Distance: 0.8936621062011986
Average Dog Distance: 0.5266231195758813
Maximum Dog Distance: 0.8498873341896301
Average Sheep Distance: 0.3718133931003561
Maximum Sheep Distance: 0.5019585703066344
Elapsed Time: 5m 22s
********** 79 **********
Average Fitness: 0.20566666666666666
Maximum Fitness: 0.4333333333333333
Average Pen Distance: 0.5482621472441316
Maximum Pen Distance: 0.8936621062011986
Average Dog Distance: 0.5258598369770769
Maximum Dog Distance: 0.8498873341896301
Average Sheep Distance: 0.3729784684552295
Maximum Sheep Distance: 0.5019585703066344
Elapsed Time: 5m 18s
********** 80 **********
Average Fitness: 0.20566666666666666
Maximum Fitness: 0.4333333333333333
Average Pen Distance: 0.545759867778568
Maximum Pen Distance: 0.8936621062011986
Average Dog Distance: 0.5222299913241428
Maximum Dog Distance: 0.8498873341896301
Average Sheep Distance: 0.371575315875794
Maximum Sheep Distance: 0.5019585703066344
Elapsed Time: 5m 12s
********** 81 **********
Average Fitness: 0.2076666666666667
Maximum Fitness: 0.4333333333333333
Average Pen Distance: 0.5389220231116275
Maximum Pen Distance: 0.8936621062011986
Average Dog Distance: 0.5202032367054475
Maximum Dog Distance: 0.8498873341896301
Average Sheep Distance: 0.37145025442852136
Maximum Sheep Distance: 0.5019585703066344
Elapsed Time: 5m 25s
********** 82 **********
Average Fitness: 0.20900000000000005
Maximum Fitness: 0.4333333333333333
Average Pen Distance: 0.5390693393008263
Maximum Pen Distance: 0.8936621062011986
Average Dog Distance: 0.5244725031744852
Maximum Dog Distance: 0.8498873341896301
Average Sheep Distance: 0.37061928425552276
Maximum Sheep Distance: 0.48551559603735117
Elapsed Time: 5m 10s
********** 83 **********
Average Fitness: 0.21033333333333337
Maximum Fitness: 0.4333333333333333
Average Pen Distance: 0.5298721225229995
Maximum Pen Distance: 0.8936621062011986
Average Dog Distance: 0.5098376835734296
Maximum Dog Distance: 0.8498873341896301
Average Sheep Distance: 0.3689536736067906
Maximum Sheep Distance: 0.48551559603735117
Elapsed Time: 5m 14s
********** 84 **********
Average Fitness: 0.21100000000000002
Maximum Fitness: 0.4333333333333333
Average Pen Distance: 0.5314929318885265
Maximum Pen Distance: 0.8936621062011986
Average Dog Distance: 0.5201788545761962
Maximum Dog Distance: 0.8498873341896301
Average Sheep Distance: 0.3693460246032364
Maximum Sheep Distance: 0.48551559603735117
Elapsed Time: 5m 14s
********** 85 **********
Average Fitness: 0.21333333333333335
Maximum Fitness: 0.4333333333333333
Average Pen Distance: 0.5279070914652007
Maximum Pen Distance: 0.8936621062011986
Average Dog Distance: 0.519218185553422
Maximum Dog Distance: 0.8498873341896301
Average Sheep Distance: 0.3694177583323423
Maximum Sheep Distance: 0.48551559603735117
Elapsed Time: 5m 11s
********** 86 **********
Average Fitness: 0.21333333333333335
Maximum Fitness: 0.5666666666666667
Average Pen Distance: 0.5296258679161479
Maximum Pen Distance: 0.8936621062011986
Average Dog Distance: 0.5108742196725187
Maximum Dog Distance: 0.8498873341896301
Average Sheep Distance: 0.36960616000939767
Maximum Sheep Distance: 0.48551559603735117
Elapsed Time: 5m 7s
********** 87 **********
Average Fitness: 0.21333333333333332
Maximum Fitness: 0.5666666666666667
Average Pen Distance: 0.5300892104348041
Maximum Pen Distance: 0.8936621062011986
Average Dog Distance: 0.508633575395716
Maximum Dog Distance: 0.8498873341896301
Average Sheep Distance: 0.3700420170443596
Maximum Sheep Distance: 0.48551559603735117
Elapsed Time: 5m 12s
********** 88 **********
Average Fitness: 0.21466666666666667
Maximum Fitness: 0.5666666666666667
Average Pen Distance: 0.5253941504100532
Maximum Pen Distance: 0.8936621062011986
Average Dog Distance: 0.51271250087634
Maximum Dog Distance: 0.8498873341896301
Average Sheep Distance: 0.36972998253225886
Maximum Sheep Distance: 0.48551559603735117
Elapsed Time: 5m 11s
********** 89 **********
Average Fitness: 0.21933333333333338
Maximum Fitness: 0.5666666666666667
Average Pen Distance: 0.5121191889471697
Maximum Pen Distance: 0.8936621062011986
Average Dog Distance: 0.5206119171650258
Maximum Dog Distance: 0.8498873341896301
Average Sheep Distance: 0.3666107068208923
Maximum Sheep Distance: 0.48551559603735117
Elapsed Time: 5m 19s
********** 90 **********
Average Fitness: 0.21933333333333338
Maximum Fitness: 0.5666666666666667
Average Pen Distance: 0.5151302562124872
Maximum Pen Distance: 0.8936621062011986
Average Dog Distance: 0.5156003174569525
Maximum Dog Distance: 0.8498873341896301
Average Sheep Distance: 0.3666451288901257
Maximum Sheep Distance: 0.48551559603735117
Elapsed Time: 5m 12s
********** 91 **********
Average Fitness: 0.21700000000000005
Maximum Fitness: 0.5666666666666667
Average Pen Distance: 0.5133679186708902
Maximum Pen Distance: 0.8936621062011986
Average Dog Distance: 0.5190645328350683
Maximum Dog Distance: 0.8498873341896301
Average Sheep Distance: 0.3648002997516919
Maximum Sheep Distance: 0.48551559603735117
Elapsed Time: 5m 11s
********** 92 **********
Average Fitness: 0.21966666666666673
Maximum Fitness: 0.5666666666666667
Average Pen Distance: 0.5158520581034981
Maximum Pen Distance: 0.8936621062011986
Average Dog Distance: 0.523423109147465
Maximum Dog Distance: 0.8498873341896301
Average Sheep Distance: 0.3671250802771249
Maximum Sheep Distance: 0.48551559603735117
Elapsed Time: 5m 12s
********** 93 **********
Average Fitness: 0.22200000000000006
Maximum Fitness: 0.5666666666666667
Average Pen Distance: 0.5066847799630795
Maximum Pen Distance: 0.8936621062011986
Average Dog Distance: 0.5137606984262473
Maximum Dog Distance: 0.8498873341896301
Average Sheep Distance: 0.3675096545260645
Maximum Sheep Distance: 0.48551559603735117
Elapsed Time: 5m 13s
********** 94 **********
Average Fitness: 0.22233333333333336
Maximum Fitness: 0.5666666666666667
Average Pen Distance: 0.4970453342303054
Maximum Pen Distance: 0.8936621062011986
Average Dog Distance: 0.5198070265292444
Maximum Dog Distance: 0.8498873341896301
Average Sheep Distance: 0.36640556965293103
Maximum Sheep Distance: 0.4855594609287884
Elapsed Time: 5m 14s
********** 95 **********
Average Fitness: 0.2236666666666667
Maximum Fitness: 0.5666666666666667
Average Pen Distance: 0.49817746258580464
Maximum Pen Distance: 0.8936621062011986
Average Dog Distance: 0.5193407517640282
Maximum Dog Distance: 0.8498873341896301
Average Sheep Distance: 0.36506394251124274
Maximum Sheep Distance: 0.4855594609287884
Elapsed Time: 5m 10s
********** 96 **********
Average Fitness: 0.22500000000000003
Maximum Fitness: 0.5666666666666667
Average Pen Distance: 0.495747367718233
Maximum Pen Distance: 0.8936621062011986
Average Dog Distance: 0.5211138304845367
Maximum Dog Distance: 0.8498873341896301
Average Sheep Distance: 0.3663487232881216
Maximum Sheep Distance: 0.4855594609287884
Elapsed Time: 5m 9s
********** 97 **********
Average Fitness: 0.22533333333333336
Maximum Fitness: 0.5666666666666667
Average Pen Distance: 0.504075809185752
Maximum Pen Distance: 0.8936621062011986
Average Dog Distance: 0.5244040647624066
Maximum Dog Distance: 0.8498873341896301
Average Sheep Distance: 0.3683133572245958
Maximum Sheep Distance: 0.4900923444100011
Elapsed Time: 5m 26s
********** 98 **********
Average Fitness: 0.22333333333333336
Maximum Fitness: 0.5666666666666667
Average Pen Distance: 0.49837096066758774
Maximum Pen Distance: 0.8936621062011986
Average Dog Distance: 0.5206392375214621
Maximum Dog Distance: 0.8498873341896301
Average Sheep Distance: 0.3674307347726243
Maximum Sheep Distance: 0.4900923444100011
Elapsed Time: 5m 15s
********** 99 **********
Average Fitness: 0.21800000000000005
Maximum Fitness: 0.5666666666666667
Average Pen Distance: 0.5058317881855942
Maximum Pen Distance: 0.8936621062011986
Average Dog Distance: 0.5162518668941832
Maximum Dog Distance: 0.8498873341896301
Average Sheep Distance: 0.3692320585887341
Maximum Sheep Distance: 0.4900923444100011
Elapsed Time: 5m 20s
********** 100 **********
Average Fitness: 0.22500000000000003
Maximum Fitness: 0.5666666666666667
Average Pen Distance: 0.49468373358584783
Maximum Pen Distance: 0.8936621062011986
Average Dog Distance: 0.5158244288353621
Maximum Dog Distance: 0.8498873341896301
Average Sheep Distance: 0.3673748138657376
Maximum Sheep Distance: 0.4855594609287884
Elapsed Time: 5m 8s
********** 1 **********
Average Fitness: 0.08866666666666667
Maximum Fitness: 0.23333333333333336
Average Pen Distance: 0.5042729297143365
Maximum Pen Distance: 0.7977445678110543
Average Dog Distance: 0.6166823371031016
Maximum Dog Distance: 0.8201991130096746
Average Sheep Distance: 0.34489599691263273
Maximum Sheep Distance: 0.4396385016044458
Elapsed Time: 10m 32s
********** 2 **********
Average Fitness: 0.09699999999999999
Maximum Fitness: 0.26666666666666666
Average Pen Distance: 0.5292804121948639
Maximum Pen Distance: 0.7977445678110543
Average Dog Distance: 0.6197139622791535
Maximum Dog Distance: 0.8360586166551559
Average Sheep Distance: 0.35054796482702555
Maximum Sheep Distance: 0.46900509419602726
Elapsed Time: 5m 21s
********** 3 **********
Average Fitness: 0.10666666666666666
Maximum Fitness: 0.26666666666666666
Average Pen Distance: 0.5174133171021837
Maximum Pen Distance: 0.7977445678110543
Average Dog Distance: 0.6025082603741612
Maximum Dog Distance: 0.8098377949497508
Average Sheep Distance: 0.3493318859927004
Maximum Sheep Distance: 0.46900509419602726
Elapsed Time: 5m 11s
********** 4 **********
Average Fitness: 0.11200000000000002
Maximum Fitness: 0.26666666666666666
Average Pen Distance: 0.5085235681204805
Maximum Pen Distance: 0.7977445678110543
Average Dog Distance: 0.5884413693204796
Maximum Dog Distance: 0.812961025683899
Average Sheep Distance: 0.3482725268769702
Maximum Sheep Distance: 0.46900509419602726
Elapsed Time: 5m 8s
********** 5 **********
Average Fitness: 0.12633333333333335
Maximum Fitness: 0.26666666666666666
Average Pen Distance: 0.5167774658721074
Maximum Pen Distance: 0.8504159129102323
Average Dog Distance: 0.6032944589813914
Maximum Dog Distance: 0.812961025683899
Average Sheep Distance: 0.353252872165978
Maximum Sheep Distance: 0.46900509419602726
Elapsed Time: 5m 14s
********** 6 **********
Average Fitness: 0.127
Maximum Fitness: 0.26666666666666666
Average Pen Distance: 0.5214027889371197
Maximum Pen Distance: 0.8504159129102323
Average Dog Distance: 0.5906277361913702
Maximum Dog Distance: 0.8253398752136393
Average Sheep Distance: 0.35408660616164667
Maximum Sheep Distance: 0.46900509419602726
Elapsed Time: 5m 15s
********** 7 **********
Average Fitness: 0.1263333333333333
Maximum Fitness: 0.26666666666666666
Average Pen Distance: 0.5254173457304001
Maximum Pen Distance: 0.8504159129102323
Average Dog Distance: 0.5826861732215501
Maximum Dog Distance: 0.8253398752136393
Average Sheep Distance: 0.35668265683023487
Maximum Sheep Distance: 0.46900509419602726
Elapsed Time: 5m 17s
********** 8 **********
Average Fitness: 0.12399999999999999
Maximum Fitness: 0.26666666666666666
Average Pen Distance: 0.5277262783684418
Maximum Pen Distance: 0.8568158572089338
Average Dog Distance: 0.5720493669052256
Maximum Dog Distance: 0.812961025683899
Average Sheep Distance: 0.3574051958309932
Maximum Sheep Distance: 0.46900509419602726
Elapsed Time: 5m 11s
********** 9 **********
Average Fitness: 0.12966666666666668
Maximum Fitness: 0.26666666666666666
Average Pen Distance: 0.5129825591236623
Maximum Pen Distance: 0.8568158572089338
Average Dog Distance: 0.5710998834753688
Maximum Dog Distance: 0.812961025683899
Average Sheep Distance: 0.35659805697131064
Maximum Sheep Distance: 0.46663474992605436
Elapsed Time: 5m 16s
********** 10 **********
Average Fitness: 0.1363333333333333
Maximum Fitness: 0.26666666666666666
Average Pen Distance: 0.5092585727363271
Maximum Pen Distance: 0.8568158572089338
Average Dog Distance: 0.5736516400159615
Maximum Dog Distance: 0.825461707927741
Average Sheep Distance: 0.3567793542286931
Maximum Sheep Distance: 0.46663474992605436
Elapsed Time: 5m 12s
********** 11 **********
Average Fitness: 0.13466666666666666
Maximum Fitness: 0.26666666666666666
Average Pen Distance: 0.5264275359094153
Maximum Pen Distance: 0.8568158572089338
Average Dog Distance: 0.583358284728875
Maximum Dog Distance: 0.8508938249898543
Average Sheep Distance: 0.3598057149861492
Maximum Sheep Distance: 0.491364756502718
Elapsed Time: 5m 11s
********** 12 **********
Average Fitness: 0.1376666666666667
Maximum Fitness: 0.30000000000000004
Average Pen Distance: 0.530733535714566
Maximum Pen Distance: 0.8568158572089338
Average Dog Distance: 0.5827898499120776
Maximum Dog Distance: 0.8720279793666045
Average Sheep Distance: 0.35913092652506756
Maximum Sheep Distance: 0.46312706226354217
Elapsed Time: 5m 13s
********** 13 **********
Average Fitness: 0.1376666666666667
Maximum Fitness: 0.30000000000000004
Average Pen Distance: 0.5285039242748426
Maximum Pen Distance: 0.8568158572089338
Average Dog Distance: 0.5799692110303192
Maximum Dog Distance: 0.8720279793666045
Average Sheep Distance: 0.35961769940103644
Maximum Sheep Distance: 0.46312706226354217
Elapsed Time: 5m 20s
********** 14 **********
Average Fitness: 0.14200000000000002
Maximum Fitness: 0.30000000000000004
Average Pen Distance: 0.5236859737177363
Maximum Pen Distance: 0.8568158572089338
Average Dog Distance: 0.571340136260087
Maximum Dog Distance: 0.8720279793666045
Average Sheep Distance: 0.3577419622756356
Maximum Sheep Distance: 0.46312706226354217
Elapsed Time: 5m 11s
********** 15 **********
Average Fitness: 0.14133333333333334
Maximum Fitness: 0.30000000000000004
Average Pen Distance: 0.5201837150091404
Maximum Pen Distance: 0.8568158572089338
Average Dog Distance: 0.5653755200740977
Maximum Dog Distance: 0.8720279793666045
Average Sheep Distance: 0.35843226471407263
Maximum Sheep Distance: 0.46312706226354217
Elapsed Time: 5m 18s
********** 16 **********
Average Fitness: 0.146
Maximum Fitness: 0.30000000000000004
Average Pen Distance: 0.5326582146180757
Maximum Pen Distance: 0.8568158572089338
Average Dog Distance: 0.5713350888857411
Maximum Dog Distance: 0.8720279793666045
Average Sheep Distance: 0.36213197286666143
Maximum Sheep Distance: 0.46312706226354217
Elapsed Time: 5m 16s
********** 17 **********
Average Fitness: 0.14666666666666667
Maximum Fitness: 0.30000000000000004
Average Pen Distance: 0.5277634533196907
Maximum Pen Distance: 0.8568158572089338
Average Dog Distance: 0.5703495640729627
Maximum Dog Distance: 0.8720279793666045
Average Sheep Distance: 0.36207256244124053
Maximum Sheep Distance: 0.46312706226354217
Elapsed Time: 5m 11s
********** 18 **********
Average Fitness: 0.14666666666666667
Maximum Fitness: 0.30000000000000004
Average Pen Distance: 0.5216036191998262
Maximum Pen Distance: 0.8568158572089338
Average Dog Distance: 0.5584418704325734
Maximum Dog Distance: 0.8720279793666045
Average Sheep Distance: 0.3595496950495317
Maximum Sheep Distance: 0.46312706226354217
Elapsed Time: 5m 11s
********** 19 **********
Average Fitness: 0.14666666666666664
Maximum Fitness: 0.30000000000000004
Average Pen Distance: 0.5302675953102188
Maximum Pen Distance: 0.8568158572089338
Average Dog Distance: 0.5606733306852246
Maximum Dog Distance: 0.8720279793666045
Average Sheep Distance: 0.36289277338932974
Maximum Sheep Distance: 0.46312706226354217
Elapsed Time: 5m 12s
********** 20 **********
Average Fitness: 0.15166666666666667
Maximum Fitness: 0.30000000000000004
Average Pen Distance: 0.535110421855865
Maximum Pen Distance: 0.8568158572089338
Average Dog Distance: 0.5489098628787605
Maximum Dog Distance: 0.8720279793666045
Average Sheep Distance: 0.36475406372156965
Maximum Sheep Distance: 0.46312706226354217
Elapsed Time: 5m 15s
********** 21 **********
Average Fitness: 0.15266666666666667
Maximum Fitness: 0.30000000000000004
Average Pen Distance: 0.5411154274456956
Maximum Pen Distance: 0.8568158572089338
Average Dog Distance: 0.5421509743400699
Maximum Dog Distance: 0.8720279793666045
Average Sheep Distance: 0.3646782294386435
Maximum Sheep Distance: 0.46312706226354217
Elapsed Time: 5m 19s
********** 22 **********
Average Fitness: 0.158
Maximum Fitness: 0.30000000000000004
Average Pen Distance: 0.5375885543999046
Maximum Pen Distance: 0.8568158572089338
Average Dog Distance: 0.5564569938616859
Maximum Dog Distance: 0.8720279793666045
Average Sheep Distance: 0.3645911097774788
Maximum Sheep Distance: 0.47984382523961594
Elapsed Time: 5m 9s
********** 23 **********
Average Fitness: 0.15733333333333333
Maximum Fitness: 0.30000000000000004
Average Pen Distance: 0.5484713121812321
Maximum Pen Distance: 0.8568158572089338
Average Dog Distance: 0.5565790755310697
Maximum Dog Distance: 0.8720279793666045
Average Sheep Distance: 0.36750231787750104
Maximum Sheep Distance: 0.47984382523961594
Elapsed Time: 5m 16s
********** 24 **********
Average Fitness: 0.155
Maximum Fitness: 0.30000000000000004
Average Pen Distance: 0.5556515128819364
Maximum Pen Distance: 0.8568158572089338
Average Dog Distance: 0.5563554124943938
Maximum Dog Distance: 0.8720279793666045
Average Sheep Distance: 0.36624976999992503
Maximum Sheep Distance: 0.47984382523961594
Elapsed Time: 5m 13s
********** 25 **********
Average Fitness: 0.16166666666666668
Maximum Fitness: 0.3333333333333333
Average Pen Distance: 0.5515452092375275
Maximum Pen Distance: 0.8568158572089338
Average Dog Distance: 0.5528364028233879
Maximum Dog Distance: 0.8720279793666045
Average Sheep Distance: 0.3659329007058493
Maximum Sheep Distance: 0.47984382523961594
Elapsed Time: 5m 13s
********** 26 **********
Average Fitness: 0.16600000000000004
Maximum Fitness: 0.3333333333333333
Average Pen Distance: 0.5445777098283509
Maximum Pen Distance: 0.8568158572089338
Average Dog Distance: 0.5651506128848925
Maximum Dog Distance: 0.8720279793666045
Average Sheep Distance: 0.3662525006979406
Maximum Sheep Distance: 0.47984382523961594
Elapsed Time: 5m 20s
********** 27 **********
Average Fitness: 0.16966666666666666
Maximum Fitness: 0.3333333333333333
Average Pen Distance: 0.5398146351740578
Maximum Pen Distance: 0.8545481132936784
Average Dog Distance: 0.5598958632749991
Maximum Dog Distance: 0.8720279793666045
Average Sheep Distance: 0.36568228597009755
Maximum Sheep Distance: 0.47984382523961594
Elapsed Time: 5m 10s
********** 28 **********
Average Fitness: 0.17866666666666667
Maximum Fitness: 0.3333333333333333
Average Pen Distance: 0.5205678450220877
Maximum Pen Distance: 0.8545481132936784
Average Dog Distance: 0.5632945293080482
Maximum Dog Distance: 0.8720279793666045
Average Sheep Distance: 0.36465197588774617
Maximum Sheep Distance: 0.47984382523961594
Elapsed Time: 5m 11s
********** 29 **********
Average Fitness: 0.1786666666666667
Maximum Fitness: 0.3666666666666667
Average Pen Distance: 0.5346928876705833
Maximum Pen Distance: 0.8545481132936784
Average Dog Distance: 0.5554601363984274
Maximum Dog Distance: 0.8720279793666045
Average Sheep Distance: 0.3692125026968663
Maximum Sheep Distance: 0.47984382523961594
Elapsed Time: 5m 8s
********** 30 **********
Average Fitness: 0.17800000000000002
Maximum Fitness: 0.3666666666666667
Average Pen Distance: 0.5388664506959667
Maximum Pen Distance: 0.8545481132936784
Average Dog Distance: 0.5540857348217867
Maximum Dog Distance: 0.8720279793666045
Average Sheep Distance: 0.3695965760497686
Maximum Sheep Distance: 0.47984382523961594
Elapsed Time: 5m 15s
********** 31 **********
Average Fitness: 0.17666666666666672
Maximum Fitness: 0.3666666666666667
Average Pen Distance: 0.5283569136798362
Maximum Pen Distance: 0.8545481132936784
Average Dog Distance: 0.5503266407494846
Maximum Dog Distance: 0.8720279793666045
Average Sheep Distance: 0.367655104014275
Maximum Sheep Distance: 0.47984382523961594
Elapsed Time: 5m 17s
********** 32 **********
Average Fitness: 0.17433333333333334
Maximum Fitness: 0.3666666666666667
Average Pen Distance: 0.5163554541797454
Maximum Pen Distance: 0.8545481132936784
Average Dog Distance: 0.5409090376365285
Maximum Dog Distance: 0.8720279793666045
Average Sheep Distance: 0.3644220093050899
Maximum Sheep Distance: 0.47984382523961594
Elapsed Time: 5m 12s
********** 33 **********
Average Fitness: 0.1783333333333334
Maximum Fitness: 0.3666666666666667
Average Pen Distance: 0.5208987830145619
Maximum Pen Distance: 0.8545481132936784
Average Dog Distance: 0.544494951492335
Maximum Dog Distance: 0.8720279793666045
Average Sheep Distance: 0.3644335203554092
Maximum Sheep Distance: 0.47984382523961594
Elapsed Time: 5m 21s
********** 34 **********
Average Fitness: 0.17933333333333334
Maximum Fitness: 0.3666666666666667
Average Pen Distance: 0.5363788609925738
Maximum Pen Distance: 0.8545481132936784
Average Dog Distance: 0.5446786723642337
Maximum Dog Distance: 0.8720279793666045
Average Sheep Distance: 0.3652147689180426
Maximum Sheep Distance: 0.47984382523961594
Elapsed Time: 5m 8s
********** 35 **********
Average Fitness: 0.17933333333333334
Maximum Fitness: 0.3666666666666667
Average Pen Distance: 0.524746647819906
Maximum Pen Distance: 0.8545481132936784
Average Dog Distance: 0.5449500592853453
Maximum Dog Distance: 0.8720279793666045
Average Sheep Distance: 0.3659905019895905
Maximum Sheep Distance: 0.47984382523961594
Elapsed Time: 5m 14s
********** 36 **********
Average Fitness: 0.1776666666666667
Maximum Fitness: 0.3666666666666667
Average Pen Distance: 0.5353102779185148
Maximum Pen Distance: 0.8545481132936784
Average Dog Distance: 0.5438297015220899
Maximum Dog Distance: 0.8720279793666045
Average Sheep Distance: 0.3652246424425077
Maximum Sheep Distance: 0.47984382523961594
Elapsed Time: 5m 11s
********** 37 **********
Average Fitness: 0.17700000000000007
Maximum Fitness: 0.3666666666666667
Average Pen Distance: 0.5452349810465567
Maximum Pen Distance: 0.8545481132936784
Average Dog Distance: 0.5397345126446652
Maximum Dog Distance: 0.8720279793666045
Average Sheep Distance: 0.3695315373584622
Maximum Sheep Distance: 0.5095460870063749
Elapsed Time: 5m 20s
********** 38 **********
Average Fitness: 0.18000000000000005
Maximum Fitness: 0.3666666666666667
Average Pen Distance: 0.5313877242066828
Maximum Pen Distance: 0.8378586830062466
Average Dog Distance: 0.530717844655318
Maximum Dog Distance: 0.8720279793666045
Average Sheep Distance: 0.36902819788393465
Maximum Sheep Distance: 0.5095460870063749
Elapsed Time: 5m 8s
********** 39 **********
Average Fitness: 0.17733333333333334
Maximum Fitness: 0.3666666666666667
Average Pen Distance: 0.53025423324947
Maximum Pen Distance: 0.8378586830062466
Average Dog Distance: 0.5186123613743618
Maximum Dog Distance: 0.8720279793666045
Average Sheep Distance: 0.36605878557409405
Maximum Sheep Distance: 0.5095460870063749
Elapsed Time: 5m 15s
********** 40 **********
Average Fitness: 0.17633333333333334
Maximum Fitness: 0.3666666666666667
Average Pen Distance: 0.532196371326901
Maximum Pen Distance: 0.8378586830062466
Average Dog Distance: 0.517759109617898
Maximum Dog Distance: 0.8720279793666045
Average Sheep Distance: 0.367283580643497
Maximum Sheep Distance: 0.5095460870063749
Elapsed Time: 5m 11s
********** 41 **********
Average Fitness: 0.1806666666666667
Maximum Fitness: 0.3666666666666667
Average Pen Distance: 0.5296701377754751
Maximum Pen Distance: 0.8378586830062466
Average Dog Distance: 0.5171995748673117
Maximum Dog Distance: 0.8720279793666045
Average Sheep Distance: 0.36685318889007484
Maximum Sheep Distance: 0.5095460870063749
Elapsed Time: 5m 18s
********** 42 **********
Average Fitness: 0.17833333333333332
Maximum Fitness: 0.3666666666666667
Average Pen Distance: 0.5272467791340699
Maximum Pen Distance: 0.8378586830062466
Average Dog Distance: 0.5204202060459943
Maximum Dog Distance: 0.8720279793666045
Average Sheep Distance: 0.3646043977710013
Maximum Sheep Distance: 0.5095460870063749
Elapsed Time: 5m 8s
********** 43 **********
Average Fitness: 0.18266666666666664
Maximum Fitness: 0.3666666666666667
Average Pen Distance: 0.5286591843643994
Maximum Pen Distance: 0.8378586830062466
Average Dog Distance: 0.524187378799262
Maximum Dog Distance: 0.8720279793666045
Average Sheep Distance: 0.3687492679727305
Maximum Sheep Distance: 0.5095460870063749
Elapsed Time: 5m 12s
********** 44 **********
Average Fitness: 0.18133333333333332
Maximum Fitness: 0.3666666666666667
Average Pen Distance: 0.522479641526336
Maximum Pen Distance: 0.8628919391139712
Average Dog Distance: 0.5231919309498486
Maximum Dog Distance: 0.8720279793666045
Average Sheep Distance: 0.3679450913642246
Maximum Sheep Distance: 0.5095460870063749
Elapsed Time: 5m 13s
********** 45 **********
Average Fitness: 0.1806666666666667
Maximum Fitness: 0.3666666666666667
Average Pen Distance: 0.5265929198180005
Maximum Pen Distance: 0.8628919391139712
Average Dog Distance: 0.5255435189199854
Maximum Dog Distance: 0.8720279793666045
Average Sheep Distance: 0.3679093113423999
Maximum Sheep Distance: 0.5095460870063749
Elapsed Time: 5m 12s
********** 46 **********
Average Fitness: 0.1826666666666667
Maximum Fitness: 0.3666666666666667
Average Pen Distance: 0.5283434697817332
Maximum Pen Distance: 0.8628919391139712
Average Dog Distance: 0.5317642157486181
Maximum Dog Distance: 0.842751437997269
Average Sheep Distance: 0.3684964428731242
Maximum Sheep Distance: 0.5095460870063749
Elapsed Time: 5m 9s
********** 47 **********
Average Fitness: 0.18433333333333335
Maximum Fitness: 0.4000000000000001
Average Pen Distance: 0.5277618115250011
Maximum Pen Distance: 0.8628919391139712
Average Dog Distance: 0.5244747705192057
Maximum Dog Distance: 0.842751437997269
Average Sheep Distance: 0.3672820417819458
Maximum Sheep Distance: 0.5095460870063749
Elapsed Time: 5m 11s
********** 48 **********
Average Fitness: 0.19
Maximum Fitness: 0.4000000000000001
Average Pen Distance: 0.5244834112623389
Maximum Pen Distance: 0.8628919391139712
Average Dog Distance: 0.5295364172782476
Maximum Dog Distance: 0.842751437997269
Average Sheep Distance: 0.36745412705601743
Maximum Sheep Distance: 0.5095460870063749
Elapsed Time: 5m 11s
********** 49 **********
Average Fitness: 0.18933333333333333
Maximum Fitness: 0.4000000000000001
Average Pen Distance: 0.5253851124073363
Maximum Pen Distance: 0.8628919391139712
Average Dog Distance: 0.5303704402369348
Maximum Dog Distance: 0.842751437997269
Average Sheep Distance: 0.36767575588784396
Maximum Sheep Distance: 0.5004130641793656
Elapsed Time: 5m 13s
********** 50 **********
Average Fitness: 0.19166666666666668
Maximum Fitness: 0.4000000000000001
Average Pen Distance: 0.5182127681608399
Maximum Pen Distance: 0.8628919391139712
Average Dog Distance: 0.5260510424698561
Maximum Dog Distance: 0.842751437997269
Average Sheep Distance: 0.36669240778003387
Maximum Sheep Distance: 0.5004130641793656
Elapsed Time: 5m 13s
********** 51 **********
Average Fitness: 0.18899999999999997
Maximum Fitness: 0.4000000000000001
Average Pen Distance: 0.5253284594028058
Maximum Pen Distance: 0.8628919391139712
Average Dog Distance: 0.5256063178172559
Maximum Dog Distance: 0.842751437997269
Average Sheep Distance: 0.36796901948994337
Maximum Sheep Distance: 0.5004130641793656
Elapsed Time: 5m 7s
********** 52 **********
Average Fitness: 0.18666666666666668
Maximum Fitness: 0.4000000000000001
Average Pen Distance: 0.5177056171364286
Maximum Pen Distance: 0.8628919391139712
Average Dog Distance: 0.5233233023078191
Maximum Dog Distance: 0.842751437997269
Average Sheep Distance: 0.3685666491491094
Maximum Sheep Distance: 0.5004130641793656
Elapsed Time: 5m 15s
********** 53 **********
Average Fitness: 0.18866666666666668
Maximum Fitness: 0.4000000000000001
Average Pen Distance: 0.5197003947687899
Maximum Pen Distance: 0.8628919391139712
Average Dog Distance: 0.5177525720878465
Maximum Dog Distance: 0.842751437997269
Average Sheep Distance: 0.3683183997312829
Maximum Sheep Distance: 0.5004130641793656
Elapsed Time: 5m 11s
********** 54 **********
Average Fitness: 0.18533333333333335
Maximum Fitness: 0.4000000000000001
Average Pen Distance: 0.5199757912674187
Maximum Pen Distance: 0.8628919391139712
Average Dog Distance: 0.5155048640319265
Maximum Dog Distance: 0.842751437997269
Average Sheep Distance: 0.3672937586715179
Maximum Sheep Distance: 0.5004130641793656
Elapsed Time: 5m 7s
********** 55 **********
Average Fitness: 0.19033333333333335
Maximum Fitness: 0.4000000000000001
Average Pen Distance: 0.5137591665824369
Maximum Pen Distance: 0.8628919391139712
Average Dog Distance: 0.5156572569996434
Maximum Dog Distance: 0.842751437997269
Average Sheep Distance: 0.3673395557880529
Maximum Sheep Distance: 0.5004130641793656
Elapsed Time: 5m 21s
********** 56 **********
Average Fitness: 0.19699999999999998
Maximum Fitness: 0.4000000000000001
Average Pen Distance: 0.5073270661099456
Maximum Pen Distance: 0.8628919391139712
Average Dog Distance: 0.5107723325390539
Maximum Dog Distance: 0.842751437997269
Average Sheep Distance: 0.3658643412865013
Maximum Sheep Distance: 0.5004130641793656
Elapsed Time: 5m 9s
********** 57 **********
Average Fitness: 0.19533333333333336
Maximum Fitness: 0.4000000000000001
Average Pen Distance: 0.5109402442840807
Maximum Pen Distance: 0.8628919391139712
Average Dog Distance: 0.5163117037495045
Maximum Dog Distance: 0.842751437997269
Average Sheep Distance: 0.367515782012657
Maximum Sheep Distance: 0.5004130641793656
Elapsed Time: 5m 12s
********** 58 **********
Average Fitness: 0.19333333333333336
Maximum Fitness: 0.4000000000000001
Average Pen Distance: 0.5256211429973167
Maximum Pen Distance: 0.8628919391139712
Average Dog Distance: 0.5200928153267362
Maximum Dog Distance: 0.842751437997269
Average Sheep Distance: 0.37002336748630327
Maximum Sheep Distance: 0.5004130641793656
Elapsed Time: 5m 11s
********** 59 **********
Average Fitness: 0.19666666666666668
Maximum Fitness: 0.4000000000000001
Average Pen Distance: 0.5242762493869264
Maximum Pen Distance: 0.8628919391139712
Average Dog Distance: 0.5234316515825104
Maximum Dog Distance: 0.842751437997269
Average Sheep Distance: 0.37190824519412274
Maximum Sheep Distance: 0.5200382246015444
Elapsed Time: 5m 11s
********** 60 **********
Average Fitness: 0.19766666666666668
Maximum Fitness: 0.4000000000000001
Average Pen Distance: 0.5151350920290717
Maximum Pen Distance: 0.8628919391139712
Average Dog Distance: 0.5205989720289697
Maximum Dog Distance: 0.8321623056112645
Average Sheep Distance: 0.3688980857908012
Maximum Sheep Distance: 0.5200382246015444
Elapsed Time: 5m 18s
********** 61 **********
Average Fitness: 0.2
Maximum Fitness: 0.4000000000000001
Average Pen Distance: 0.5019113411478273
Maximum Pen Distance: 0.8628919391139712
Average Dog Distance: 0.5163939077015933
Maximum Dog Distance: 0.8321623056112645
Average Sheep Distance: 0.36587539761734433
Maximum Sheep Distance: 0.5200382246015444
Elapsed Time: 5m 27s
********** 62 **********
Average Fitness: 0.20300000000000004
Maximum Fitness: 0.4000000000000001
Average Pen Distance: 0.5091926379477354
Maximum Pen Distance: 0.8628919391139712
Average Dog Distance: 0.5155949720427132
Maximum Dog Distance: 0.8321623056112645
Average Sheep Distance: 0.3655402614957024
Maximum Sheep Distance: 0.5200382246015444
Elapsed Time: 5m 11s
********** 63 **********
Average Fitness: 0.2086666666666667
Maximum Fitness: 0.4000000000000001
Average Pen Distance: 0.5128967800822862
Maximum Pen Distance: 0.8628919391139712
Average Dog Distance: 0.5190590760489635
Maximum Dog Distance: 0.8321623056112645
Average Sheep Distance: 0.3671859955285437
Maximum Sheep Distance: 0.5200382246015444
Elapsed Time: 5m 11s
********** 64 **********
Average Fitness: 0.21100000000000002
Maximum Fitness: 0.4000000000000001
Average Pen Distance: 0.5073262741507986
Maximum Pen Distance: 0.8628919391139712
Average Dog Distance: 0.512420263417858
Maximum Dog Distance: 0.8321623056112645
Average Sheep Distance: 0.3684867812589323
Maximum Sheep Distance: 0.5200382246015444
Elapsed Time: 5m 10s
********** 65 **********
Average Fitness: 0.21133333333333332
Maximum Fitness: 0.4000000000000001
Average Pen Distance: 0.5059233274141383
Maximum Pen Distance: 0.8628919391139712
Average Dog Distance: 0.5152389271196488
Maximum Dog Distance: 0.8321623056112645
Average Sheep Distance: 0.36809519278100333
Maximum Sheep Distance: 0.5200382246015444
Elapsed Time: 5m 11s
********** 66 **********
Average Fitness: 0.20866666666666667
Maximum Fitness: 0.4000000000000001
Average Pen Distance: 0.5170726879216503
Maximum Pen Distance: 0.8628919391139712
Average Dog Distance: 0.5095500073787804
Maximum Dog Distance: 0.8321623056112645
Average Sheep Distance: 0.37057949454119127
Maximum Sheep Distance: 0.5200382246015444
Elapsed Time: 5m 12s
********** 67 **********
Average Fitness: 0.20866666666666667
Maximum Fitness: 0.4000000000000001
Average Pen Distance: 0.5182533197018354
Maximum Pen Distance: 0.8628919391139712
Average Dog Distance: 0.5160285199033597
Maximum Dog Distance: 0.8321623056112645
Average Sheep Distance: 0.372060371616979
Maximum Sheep Distance: 0.5200382246015444
Elapsed Time: 5m 15s
********** 68 **********
Average Fitness: 0.20700000000000007
Maximum Fitness: 0.4000000000000001
Average Pen Distance: 0.5198964014426694
Maximum Pen Distance: 0.8628919391139712
Average Dog Distance: 0.5182098704987942
Maximum Dog Distance: 0.8321623056112645
Average Sheep Distance: 0.37299054218689487
Maximum Sheep Distance: 0.5200382246015444
Elapsed Time: 5m 18s
********** 69 **********
Average Fitness: 0.20800000000000005
Maximum Fitness: 0.4000000000000001
Average Pen Distance: 0.5127115953968586
Maximum Pen Distance: 0.8628919391139712
Average Dog Distance: 0.5236392311155094
Maximum Dog Distance: 0.8321623056112645
Average Sheep Distance: 0.37217884262237483
Maximum Sheep Distance: 0.5200382246015444
Elapsed Time: 5m 11s
********** 70 **********
Average Fitness: 0.21033333333333337
Maximum Fitness: 0.4000000000000001
Average Pen Distance: 0.5056330071487366
Maximum Pen Distance: 0.8628919391139712
Average Dog Distance: 0.5192377417012732
Maximum Dog Distance: 0.8321623056112645
Average Sheep Distance: 0.3688990471642118
Maximum Sheep Distance: 0.5200382246015444
Elapsed Time: 5m 21s
********** 71 **********
Average Fitness: 0.2076666666666667
Maximum Fitness: 0.4000000000000001
Average Pen Distance: 0.5081327224409872
Maximum Pen Distance: 0.8628919391139712
Average Dog Distance: 0.5208497857495794
Maximum Dog Distance: 0.8321623056112645
Average Sheep Distance: 0.3690369265863677
Maximum Sheep Distance: 0.5200382246015444
Elapsed Time: 5m 9s
********** 72 **********
Average Fitness: 0.20733333333333334
Maximum Fitness: 0.4000000000000001
Average Pen Distance: 0.5211860137766271
Maximum Pen Distance: 0.8628919391139712
Average Dog Distance: 0.5237443850011054
Maximum Dog Distance: 0.8321623056112645
Average Sheep Distance: 0.3700966640335912
Maximum Sheep Distance: 0.5200382246015444
Elapsed Time: 5m 11s
********** 73 **********
Average Fitness: 0.1983333333333334
Maximum Fitness: 0.4000000000000001
Average Pen Distance: 0.5272921566554817
Maximum Pen Distance: 0.8772127708982641
Average Dog Distance: 0.5170891436563041
Maximum Dog Distance: 0.8321623056112645
Average Sheep Distance: 0.3724034294190598
Maximum Sheep Distance: 0.5200382246015444
Elapsed Time: 5m 15s
********** 74 **********
Average Fitness: 0.20133333333333334
Maximum Fitness: 0.4000000000000001
Average Pen Distance: 0.5234433347052042
Maximum Pen Distance: 0.8772127708982641
Average Dog Distance: 0.5208248275469026
Maximum Dog Distance: 0.8321623056112645
Average Sheep Distance: 0.37256937457397965
Maximum Sheep Distance: 0.5200382246015444
Elapsed Time: 5m 12s
********** 75 **********
Average Fitness: 0.1973333333333333
Maximum Fitness: 0.4000000000000001
Average Pen Distance: 0.5296800699985547
Maximum Pen Distance: 0.8772127708982641
Average Dog Distance: 0.520164450408566
Maximum Dog Distance: 0.8321623056112645
Average Sheep Distance: 0.37324539488556924
Maximum Sheep Distance: 0.5200382246015444
Elapsed Time: 5m 18s
********** 76 **********
Average Fitness: 0.19633333333333333
Maximum Fitness: 0.4000000000000001
Average Pen Distance: 0.5321095382784824
Maximum Pen Distance: 0.8772127708982641
Average Dog Distance: 0.5228518688210183
Maximum Dog Distance: 0.8321623056112645
Average Sheep Distance: 0.37610315682503176
Maximum Sheep Distance: 0.5200382246015444
Elapsed Time: 5m 15s
********** 77 **********
Average Fitness: 0.1986666666666667
Maximum Fitness: 0.4000000000000001
Average Pen Distance: 0.5137782568654002
Maximum Pen Distance: 0.876743299159469
Average Dog Distance: 0.5061245755063816
Maximum Dog Distance: 0.8148622161655128
Average Sheep Distance: 0.3733809316338526
Maximum Sheep Distance: 0.5200382246015444
Elapsed Time: 5m 12s
********** 78 **********
Average Fitness: 0.2
Maximum Fitness: 0.4666666666666666
Average Pen Distance: 0.5130492291540707
Maximum Pen Distance: 0.876743299159469
Average Dog Distance: 0.5000600311198828
Maximum Dog Distance: 0.8148622161655128
Average Sheep Distance: 0.37308734081080996
Maximum Sheep Distance: 0.5200382246015444
Elapsed Time: 5m 20s
********** 79 **********
Average Fitness: 0.20200000000000004
Maximum Fitness: 0.4666666666666666
Average Pen Distance: 0.5120849778091204
Maximum Pen Distance: 0.876743299159469
Average Dog Distance: 0.5031164037672484
Maximum Dog Distance: 0.8148622161655128
Average Sheep Distance: 0.3734135038442845
Maximum Sheep Distance: 0.5200382246015444
Elapsed Time: 5m 15s
********** 80 **********
Average Fitness: 0.2096666666666667
Maximum Fitness: 0.4666666666666666
Average Pen Distance: 0.5044598080368666
Maximum Pen Distance: 0.876743299159469
Average Dog Distance: 0.5004323598269848
Maximum Dog Distance: 0.8148622161655128
Average Sheep Distance: 0.37262311133827575
Maximum Sheep Distance: 0.5200382246015444
Elapsed Time: 5m 17s
********** 81 **********
Average Fitness: 0.21033333333333337
Maximum Fitness: 0.4666666666666666
Average Pen Distance: 0.5047288035808928
Maximum Pen Distance: 0.876743299159469
Average Dog Distance: 0.4997772751646293
Maximum Dog Distance: 0.8148622161655128
Average Sheep Distance: 0.37150748166131975
Maximum Sheep Distance: 0.5200382246015444
Elapsed Time: 5m 9s
********** 82 **********
Average Fitness: 0.20700000000000002
Maximum Fitness: 0.4666666666666666
Average Pen Distance: 0.5117740206514855
Maximum Pen Distance: 0.876743299159469
Average Dog Distance: 0.4960783295044868
Maximum Dog Distance: 0.8148622161655128
Average Sheep Distance: 0.3759302761466499
Maximum Sheep Distance: 0.5200382246015444
Elapsed Time: 5m 14s
********** 83 **********
Average Fitness: 0.2096666666666667
Maximum Fitness: 0.4666666666666666
Average Pen Distance: 0.5037133871170686
Maximum Pen Distance: 0.8628919391139712
Average Dog Distance: 0.4920319916357628
Maximum Dog Distance: 0.8148622161655128
Average Sheep Distance: 0.37508931767299847
Maximum Sheep Distance: 0.5200382246015444
Elapsed Time: 5m 19s
********** 84 **********
Average Fitness: 0.21233333333333335
Maximum Fitness: 0.4666666666666666
Average Pen Distance: 0.49493726668812704
Maximum Pen Distance: 0.8628919391139712
Average Dog Distance: 0.4934384986781847
Maximum Dog Distance: 0.8148622161655128
Average Sheep Distance: 0.3726155204859396
Maximum Sheep Distance: 0.5200382246015444
Elapsed Time: 5m 10s
********** 85 **********
Average Fitness: 0.2123333333333334
Maximum Fitness: 0.4666666666666666
Average Pen Distance: 0.49644694406578294
Maximum Pen Distance: 0.8651908243765684
Average Dog Distance: 0.4968098242964601
Maximum Dog Distance: 0.8148622161655128
Average Sheep Distance: 0.37294022936999754
Maximum Sheep Distance: 0.5200382246015444
Elapsed Time: 5m 20s
********** 86 **********
Average Fitness: 0.21333333333333335
Maximum Fitness: 0.4666666666666666
Average Pen Distance: 0.4997367434473256
Maximum Pen Distance: 0.8642193824504298
Average Dog Distance: 0.4975626497539116
Maximum Dog Distance: 0.8148622161655128
Average Sheep Distance: 0.3719394564467073
Maximum Sheep Distance: 0.5200382246015444
Elapsed Time: 5m 7s
********** 87 **********
Average Fitness: 0.2113333333333333
Maximum Fitness: 0.4666666666666666
Average Pen Distance: 0.5074692134274268
Maximum Pen Distance: 0.8666179581406683
Average Dog Distance: 0.5012079243936968
Maximum Dog Distance: 0.8148622161655128
Average Sheep Distance: 0.3745298134130676
Maximum Sheep Distance: 0.5200382246015444
Elapsed Time: 5m 14s
********** 88 **********
Average Fitness: 0.21166666666666664
Maximum Fitness: 0.4666666666666666
Average Pen Distance: 0.5142307827648721
Maximum Pen Distance: 0.8429432761032079
Average Dog Distance: 0.505182781167757
Maximum Dog Distance: 0.8148622161655128
Average Sheep Distance: 0.37445613699666697
Maximum Sheep Distance: 0.5200382246015444
Elapsed Time: 5m 10s
********** 89 **********
Average Fitness: 0.21466666666666664
Maximum Fitness: 0.4666666666666666
Average Pen Distance: 0.5071237708809831
Maximum Pen Distance: 0.8429432761032079
Average Dog Distance: 0.5051645718827465
Maximum Dog Distance: 0.8148622161655128
Average Sheep Distance: 0.37365352594252976
Maximum Sheep Distance: 0.5200382246015444
Elapsed Time: 5m 11s
********** 90 **********
Average Fitness: 0.21666666666666667
Maximum Fitness: 0.4666666666666666
Average Pen Distance: 0.5046000827305672
Maximum Pen Distance: 0.8429432761032079
Average Dog Distance: 0.5024290685060357
Maximum Dog Distance: 0.8148622161655128
Average Sheep Distance: 0.3720811818309903
Maximum Sheep Distance: 0.5200382246015444
Elapsed Time: 5m 13s
********** 91 **********
Average Fitness: 0.21833333333333335
Maximum Fitness: 0.4666666666666666
Average Pen Distance: 0.4937852121460724
Maximum Pen Distance: 0.8429432761032079
Average Dog Distance: 0.5000861846318548
Maximum Dog Distance: 0.8148622161655128
Average Sheep Distance: 0.37230112123709913
Maximum Sheep Distance: 0.5200382246015444
Elapsed Time: 5m 12s
********** 92 **********
Average Fitness: 0.21700000000000003
Maximum Fitness: 0.4666666666666666
Average Pen Distance: 0.4993586167224683
Maximum Pen Distance: 0.8589026146357451
Average Dog Distance: 0.5057394309130848
Maximum Dog Distance: 0.8148622161655128
Average Sheep Distance: 0.37231275919863327
Maximum Sheep Distance: 0.5200382246015444
Elapsed Time: 5m 7s
********** 93 **********
Average Fitness: 0.2166666666666667
Maximum Fitness: 0.4666666666666666
Average Pen Distance: 0.5029591545195463
Maximum Pen Distance: 0.8589026146357451
Average Dog Distance: 0.5058764174623982
Maximum Dog Distance: 0.8148622161655128
Average Sheep Distance: 0.3731603932664054
Maximum Sheep Distance: 0.5200382246015444
Elapsed Time: 5m 14s
********** 94 **********
Average Fitness: 0.21600000000000003
Maximum Fitness: 0.4666666666666666
Average Pen Distance: 0.5092271463313566
Maximum Pen Distance: 0.9027885227246503
Average Dog Distance: 0.5061942215756453
Maximum Dog Distance: 0.8148622161655128
Average Sheep Distance: 0.3739841444304386
Maximum Sheep Distance: 0.5200382246015444
Elapsed Time: 5m 13s
********** 95 **********
Average Fitness: 0.21600000000000003
Maximum Fitness: 0.4666666666666666
Average Pen Distance: 0.5138251144958299
Maximum Pen Distance: 0.9027885227246503
Average Dog Distance: 0.5065093290793229
Maximum Dog Distance: 0.8148622161655128
Average Sheep Distance: 0.37371613162231926
Maximum Sheep Distance: 0.5200382246015444
Elapsed Time: 5m 21s
********** 96 **********
Average Fitness: 0.2166666666666667
Maximum Fitness: 0.4666666666666666
Average Pen Distance: 0.5177473683384691
Maximum Pen Distance: 0.9027885227246503
Average Dog Distance: 0.5080322570296297
Maximum Dog Distance: 0.8148622161655128
Average Sheep Distance: 0.3750451726182116
Maximum Sheep Distance: 0.5200382246015444
Elapsed Time: 5m 7s
********** 97 **********
Average Fitness: 0.2156666666666667
Maximum Fitness: 0.4666666666666666
Average Pen Distance: 0.5196914705945541
Maximum Pen Distance: 0.9027885227246503
Average Dog Distance: 0.5078384700399563
Maximum Dog Distance: 0.8148622161655128
Average Sheep Distance: 0.37516962004980686
Maximum Sheep Distance: 0.5200382246015444
Elapsed Time: 5m 9s
********** 98 **********
Average Fitness: 0.2156666666666667
Maximum Fitness: 0.4666666666666666
Average Pen Distance: 0.5140463723900597
Maximum Pen Distance: 0.9027885227246503
Average Dog Distance: 0.511209580230591
Maximum Dog Distance: 0.8714104734779432
Average Sheep Distance: 0.37391149203284924
Maximum Sheep Distance: 0.5200382246015444
Elapsed Time: 5m 7s
********** 99 **********
Average Fitness: 0.21500000000000002
Maximum Fitness: 0.4666666666666666
Average Pen Distance: 0.5205346924868788
Maximum Pen Distance: 0.9027885227246503
Average Dog Distance: 0.5101600941940372
Maximum Dog Distance: 0.8714104734779432
Average Sheep Distance: 0.3729047766176184
Maximum Sheep Distance: 0.5200382246015444
Elapsed Time: 5m 9s
********** 100 **********
Average Fitness: 0.2166666666666667
Maximum Fitness: 0.4666666666666666
Average Pen Distance: 0.5255853534313324
Maximum Pen Distance: 0.9027885227246503
Average Dog Distance: 0.5079417419072535
Maximum Dog Distance: 0.8148622161655128
Average Sheep Distance: 0.3735877638400959
Maximum Sheep Distance: 0.5200382246015444
Elapsed Time: 5m 11s
********** 1 **********
Average Fitness: 0.091
Maximum Fitness: 0.2333333333333333
Average Pen Distance: 0.4943580693764828
Maximum Pen Distance: 0.7522375658622105
Average Dog Distance: 0.6201921247666405
Maximum Dog Distance: 0.82203818232444
Average Sheep Distance: 0.34429195044403477
Maximum Sheep Distance: 0.42082328870234836
Elapsed Time: 10m 15s
********** 2 **********
Average Fitness: 0.10833333333333332
Maximum Fitness: 0.3
Average Pen Distance: 0.48707269157167327
Maximum Pen Distance: 0.7726306833137939
Average Dog Distance: 0.6105274146100976
Maximum Dog Distance: 0.8248141082905924
Average Sheep Distance: 0.34479061650209675
Maximum Sheep Distance: 0.4242325224605
Elapsed Time: 5m 21s
********** 3 **********
Average Fitness: 0.11166666666666666
Maximum Fitness: 0.3
Average Pen Distance: 0.4931913571639472
Maximum Pen Distance: 0.7726306833137939
Average Dog Distance: 0.5949129490549392
Maximum Dog Distance: 0.8248141082905924
Average Sheep Distance: 0.35121615174373155
Maximum Sheep Distance: 0.4380067602794182
Elapsed Time: 5m 8s
********** 4 **********
Average Fitness: 0.12266666666666667
Maximum Fitness: 0.3666666666666667
Average Pen Distance: 0.4767269375503116
Maximum Pen Distance: 0.7726306833137939
Average Dog Distance: 0.5813061129176001
Maximum Dog Distance: 0.8444471969240023
Average Sheep Distance: 0.35016819971937996
Maximum Sheep Distance: 0.4380067602794182
Elapsed Time: 5m 9s
********** 5 **********
Average Fitness: 0.128
Maximum Fitness: 0.3666666666666667
Average Pen Distance: 0.4931004743301562
Maximum Pen Distance: 0.7824517499957934
Average Dog Distance: 0.5938801238230736
Maximum Dog Distance: 0.8444471969240023
Average Sheep Distance: 0.3546686294653954
Maximum Sheep Distance: 0.4686557808891035
Elapsed Time: 5m 12s
********** 6 **********
Average Fitness: 0.133
Maximum Fitness: 0.3666666666666667
Average Pen Distance: 0.48675429358061373
Maximum Pen Distance: 0.7824517499957934
Average Dog Distance: 0.5774065179293425
Maximum Dog Distance: 0.8444471969240023
Average Sheep Distance: 0.35259327287590764
Maximum Sheep Distance: 0.4686557808891035
Elapsed Time: 5m 10s
********** 7 **********
Average Fitness: 0.13799999999999998
Maximum Fitness: 0.3666666666666667
Average Pen Distance: 0.47814605845701136
Maximum Pen Distance: 0.7824517499957934
Average Dog Distance: 0.5755463730737532
Maximum Dog Distance: 0.8444471969240023
Average Sheep Distance: 0.35296935247098604
Maximum Sheep Distance: 0.4686557808891035
Elapsed Time: 5m 13s
********** 8 **********
Average Fitness: 0.14566666666666664
Maximum Fitness: 0.3666666666666667
Average Pen Distance: 0.4774004773135833
Maximum Pen Distance: 0.7824517499957934
Average Dog Distance: 0.5721992034141162
Maximum Dog Distance: 0.8444471969240023
Average Sheep Distance: 0.3557276134071065
Maximum Sheep Distance: 0.4840259774835653
Elapsed Time: 5m 12s
********** 9 **********
Average Fitness: 0.14566666666666667
Maximum Fitness: 0.3666666666666667
Average Pen Distance: 0.4889540080555428
Maximum Pen Distance: 0.7824517499957934
Average Dog Distance: 0.5718608753699745
Maximum Dog Distance: 0.8483175513567075
Average Sheep Distance: 0.35327379950938215
Maximum Sheep Distance: 0.4840259774835653
Elapsed Time: 5m 9s
********** 10 **********
Average Fitness: 0.15
Maximum Fitness: 0.3666666666666667
Average Pen Distance: 0.4878474904155378
Maximum Pen Distance: 0.7824517499957934
Average Dog Distance: 0.5756883742668193
Maximum Dog Distance: 0.8483175513567075
Average Sheep Distance: 0.35836562455405035
Maximum Sheep Distance: 0.4840259774835653
Elapsed Time: 5m 15s
********** 11 **********
Average Fitness: 0.15766666666666665
Maximum Fitness: 0.3666666666666667
Average Pen Distance: 0.47674901876057474
Maximum Pen Distance: 0.7752975108544783
Average Dog Distance: 0.564865180454378
Maximum Dog Distance: 0.8483175513567075
Average Sheep Distance: 0.35795960830078527
Maximum Sheep Distance: 0.4840259774835653
Elapsed Time: 5m 22s
********** 12 **********
Average Fitness: 0.15966666666666668
Maximum Fitness: 0.3666666666666667
Average Pen Distance: 0.4929786746920996
Maximum Pen Distance: 0.7752975108544783
Average Dog Distance: 0.5740025783558643
Maximum Dog Distance: 0.8444471969240023
Average Sheep Distance: 0.3616882860515924
Maximum Sheep Distance: 0.4840259774835653
Elapsed Time: 5m 18s
********** 13 **********
Average Fitness: 0.159
Maximum Fitness: 0.3666666666666667
Average Pen Distance: 0.49063876681864854
Maximum Pen Distance: 0.7752975108544783
Average Dog Distance: 0.5693742281634757
Maximum Dog Distance: 0.8444471969240023
Average Sheep Distance: 0.362819863499485
Maximum Sheep Distance: 0.4840259774835653
Elapsed Time: 5m 13s
********** 14 **********
Average Fitness: 0.163
Maximum Fitness: 0.3666666666666667
Average Pen Distance: 0.4908971867941623
Maximum Pen Distance: 0.7976550905595419
Average Dog Distance: 0.5701055754071561
Maximum Dog Distance: 0.8444471969240023
Average Sheep Distance: 0.36289577857329464
Maximum Sheep Distance: 0.4840259774835653
Elapsed Time: 5m 14s
********** 15 **********
Average Fitness: 0.16400000000000003
Maximum Fitness: 0.3666666666666667
Average Pen Distance: 0.49319723444663444
Maximum Pen Distance: 0.7976550905595419
Average Dog Distance: 0.572573600107262
Maximum Dog Distance: 0.8444471969240023
Average Sheep Distance: 0.36372357193997873
Maximum Sheep Distance: 0.49462246255563197
Elapsed Time: 5m 8s
********** 16 **********
Average Fitness: 0.15866666666666665
Maximum Fitness: 0.3666666666666667
Average Pen Distance: 0.5009902637781783
Maximum Pen Distance: 0.846779275717027
Average Dog Distance: 0.568487431980452
Maximum Dog Distance: 0.8444471969240023
Average Sheep Distance: 0.36436311210993916
Maximum Sheep Distance: 0.49462246255563197
Elapsed Time: 5m 12s
********** 17 **********
Average Fitness: 0.1663333333333334
Maximum Fitness: 0.3666666666666667
Average Pen Distance: 0.5007845216267419
Maximum Pen Distance: 0.846779275717027
Average Dog Distance: 0.5643377815418896
Maximum Dog Distance: 0.8444471969240023
Average Sheep Distance: 0.36586960212621633
Maximum Sheep Distance: 0.49462246255563197
Elapsed Time: 5m 7s
********** 18 **********
Average Fitness: 0.168
Maximum Fitness: 0.3666666666666667
Average Pen Distance: 0.4979677930698609
Maximum Pen Distance: 0.846779275717027
Average Dog Distance: 0.5651411737844899
Maximum Dog Distance: 0.8444471969240023
Average Sheep Distance: 0.36251224540234334
Maximum Sheep Distance: 0.49462246255563197
Elapsed Time: 5m 12s
********** 19 **********
Average Fitness: 0.16666666666666663
Maximum Fitness: 0.3666666666666667
Average Pen Distance: 0.5062180591668741
Maximum Pen Distance: 0.846779275717027
Average Dog Distance: 0.5600519648050576
Maximum Dog Distance: 0.8444471969240023
Average Sheep Distance: 0.3669697663067102
Maximum Sheep Distance: 0.49462246255563197
Elapsed Time: 5m 8s
********** 20 **********
Average Fitness: 0.166
Maximum Fitness: 0.3666666666666667
Average Pen Distance: 0.5117321698266628
Maximum Pen Distance: 0.846779275717027
Average Dog Distance: 0.5525302199832645
Maximum Dog Distance: 0.8444471969240023
Average Sheep Distance: 0.36596171701818486
Maximum Sheep Distance: 0.49462246255563197
Elapsed Time: 5m 12s
********** 21 **********
Average Fitness: 0.17166666666666663
Maximum Fitness: 0.3666666666666667
Average Pen Distance: 0.5067562129084451
Maximum Pen Distance: 0.846779275717027
Average Dog Distance: 0.5543703914192436
Maximum Dog Distance: 0.8444471969240023
Average Sheep Distance: 0.3654408979585099
Maximum Sheep Distance: 0.49462246255563197
Elapsed Time: 5m 17s
********** 22 **********
Average Fitness: 0.169
Maximum Fitness: 0.3666666666666667
Average Pen Distance: 0.5197925210530362
Maximum Pen Distance: 0.846779275717027
Average Dog Distance: 0.5481535689751263
Maximum Dog Distance: 0.8444471969240023
Average Sheep Distance: 0.3676328795597699
Maximum Sheep Distance: 0.49462246255563197
Elapsed Time: 5m 11s
********** 23 **********
Average Fitness: 0.17133333333333337
Maximum Fitness: 0.3666666666666667
Average Pen Distance: 0.5175131041468399
Maximum Pen Distance: 0.846779275717027
Average Dog Distance: 0.5527929669200796
Maximum Dog Distance: 0.8822558556961821
Average Sheep Distance: 0.36900219244074156
Maximum Sheep Distance: 0.49462246255563197
Elapsed Time: 5m 17s
********** 24 **********
Average Fitness: 0.17600000000000005
Maximum Fitness: 0.3666666666666667
Average Pen Distance: 0.5197679586548101
Maximum Pen Distance: 0.846779275717027
Average Dog Distance: 0.5614066069756674
Maximum Dog Distance: 0.8822558556961821
Average Sheep Distance: 0.3696550290274521
Maximum Sheep Distance: 0.49462246255563197
Elapsed Time: 5m 11s
********** 25 **********
Average Fitness: 0.172
Maximum Fitness: 0.39999999999999997
Average Pen Distance: 0.5231345801118914
Maximum Pen Distance: 0.846779275717027
Average Dog Distance: 0.5564240553713096
Maximum Dog Distance: 0.8822558556961821
Average Sheep Distance: 0.37115798813776363
Maximum Sheep Distance: 0.49462246255563197
Elapsed Time: 5m 11s
********** 26 **********
Average Fitness: 0.17300000000000001
Maximum Fitness: 0.39999999999999997
Average Pen Distance: 0.523754852154049
Maximum Pen Distance: 0.8490384463863735
Average Dog Distance: 0.5479481207855267
Maximum Dog Distance: 0.8444471969240023
Average Sheep Distance: 0.36739170787226305
Maximum Sheep Distance: 0.49462246255563197
Elapsed Time: 5m 16s
********** 27 **********
Average Fitness: 0.17066666666666666
Maximum Fitness: 0.39999999999999997
Average Pen Distance: 0.527969160474863
Maximum Pen Distance: 0.8502310092140246
Average Dog Distance: 0.5461072075934547
Maximum Dog Distance: 0.8444471969240023
Average Sheep Distance: 0.36690906107460974
Maximum Sheep Distance: 0.49462246255563197
Elapsed Time: 5m 18s
********** 28 **********
Average Fitness: 0.1786666666666667
Maximum Fitness: 0.39999999999999997
Average Pen Distance: 0.5239210264565718
Maximum Pen Distance: 0.8490384463863735
Average Dog Distance: 0.5520827671629145
Maximum Dog Distance: 0.8444471969240023
Average Sheep Distance: 0.36775419113175434
Maximum Sheep Distance: 0.49462246255563197
Elapsed Time: 5m 10s
********** 29 **********
Average Fitness: 0.18166666666666664
Maximum Fitness: 0.39999999999999997
Average Pen Distance: 0.5215595107660272
Maximum Pen Distance: 0.8490384463863735
Average Dog Distance: 0.5524349707276222
Maximum Dog Distance: 0.8444471969240023
Average Sheep Distance: 0.36404565821034024
Maximum Sheep Distance: 0.4686557808891035
Elapsed Time: 5m 7s
********** 30 **********
Average Fitness: 0.1733333333333334
Maximum Fitness: 0.39999999999999997
Average Pen Distance: 0.5335454250045406
Maximum Pen Distance: 0.8490384463863735
Average Dog Distance: 0.5500314857578247
Maximum Dog Distance: 0.8444471969240023
Average Sheep Distance: 0.3675556777434564
Maximum Sheep Distance: 0.4686557808891035
Elapsed Time: 5m 10s
********** 31 **********
Average Fitness: 0.18033333333333335
Maximum Fitness: 0.39999999999999997
Average Pen Distance: 0.5249751615351526
Maximum Pen Distance: 0.8490384463863735
Average Dog Distance: 0.552205701284865
Maximum Dog Distance: 0.8444471969240023
Average Sheep Distance: 0.36534344844886235
Maximum Sheep Distance: 0.4686557808891035
Elapsed Time: 5m 22s
********** 32 **********
Average Fitness: 0.18133333333333332
Maximum Fitness: 0.39999999999999997
Average Pen Distance: 0.5328853519507789
Maximum Pen Distance: 0.8490384463863735
Average Dog Distance: 0.5486723749150196
Maximum Dog Distance: 0.8444471969240023
Average Sheep Distance: 0.368474781614704
Maximum Sheep Distance: 0.4686557808891035
Elapsed Time: 5m 11s
********** 33 **********
Average Fitness: 0.17900000000000005
Maximum Fitness: 0.39999999999999997
Average Pen Distance: 0.5384828906215662
Maximum Pen Distance: 0.8490384463863735
Average Dog Distance: 0.5549342996922315
Maximum Dog Distance: 0.8444471969240023
Average Sheep Distance: 0.3688252393209545
Maximum Sheep Distance: 0.4686557808891035
Elapsed Time: 5m 15s
********** 34 **********
Average Fitness: 0.18033333333333335
Maximum Fitness: 0.39999999999999997
Average Pen Distance: 0.5344636624157636
Maximum Pen Distance: 0.8490384463863735
Average Dog Distance: 0.5534225394451912
Maximum Dog Distance: 0.8444471969240023
Average Sheep Distance: 0.3690269464675294
Maximum Sheep Distance: 0.4686557808891035
Elapsed Time: 5m 8s
********** 35 **********
Average Fitness: 0.17900000000000002
Maximum Fitness: 0.39999999999999997
Average Pen Distance: 0.5504807422806305
Maximum Pen Distance: 0.8490384463863735
Average Dog Distance: 0.555264665188593
Maximum Dog Distance: 0.8444471969240023
Average Sheep Distance: 0.36940758194666495
Maximum Sheep Distance: 0.4686557808891035
Elapsed Time: 5m 12s
********** 36 **********
Average Fitness: 0.18666666666666668
Maximum Fitness: 0.39999999999999997
Average Pen Distance: 0.5381537346944745
Maximum Pen Distance: 0.8490384463863735
Average Dog Distance: 0.5527348683967932
Maximum Dog Distance: 0.8444471969240023
Average Sheep Distance: 0.3677832980969231
Maximum Sheep Distance: 0.4686557808891035
Elapsed Time: 5m 16s
********** 37 **********
Average Fitness: 0.18600000000000003
Maximum Fitness: 0.39999999999999997
Average Pen Distance: 0.5434630849046093
Maximum Pen Distance: 0.8490384463863735
Average Dog Distance: 0.5457427170069756
Maximum Dog Distance: 0.8444471969240023
Average Sheep Distance: 0.36870954256271843
Maximum Sheep Distance: 0.4686557808891035
Elapsed Time: 5m 16s
********** 38 **********
Average Fitness: 0.18366666666666667
Maximum Fitness: 0.39999999999999997
Average Pen Distance: 0.5465213888893723
Maximum Pen Distance: 0.8490384463863735
Average Dog Distance: 0.5406266675188763
Maximum Dog Distance: 0.8444471969240023
Average Sheep Distance: 0.367849727339171
Maximum Sheep Distance: 0.4686557808891035
Elapsed Time: 5m 11s
********** 39 **********
Average Fitness: 0.1836666666666667
Maximum Fitness: 0.39999999999999997
Average Pen Distance: 0.5496185266637688
Maximum Pen Distance: 0.8657717267876391
Average Dog Distance: 0.5396361128664807
Maximum Dog Distance: 0.8444471969240023
Average Sheep Distance: 0.36884628821201054
Maximum Sheep Distance: 0.4686557808891035
Elapsed Time: 5m 7s
********** 40 **********
Average Fitness: 0.18533333333333335
Maximum Fitness: 0.39999999999999997
Average Pen Distance: 0.5425823509479146
Maximum Pen Distance: 0.8657717267876391
Average Dog Distance: 0.5467539167761167
Maximum Dog Distance: 0.8444471969240023
Average Sheep Distance: 0.3685550384893993
Maximum Sheep Distance: 0.4924978850960982
Elapsed Time: 5m 11s
********** 41 **********
Average Fitness: 0.18433333333333338
Maximum Fitness: 0.39999999999999997
Average Pen Distance: 0.5478465740341562
Maximum Pen Distance: 0.8728845457827014
Average Dog Distance: 0.5496295780513283
Maximum Dog Distance: 0.8444471969240023
Average Sheep Distance: 0.36839386813858693
Maximum Sheep Distance: 0.49629442459570683
Elapsed Time: 5m 6s
********** 42 **********
Average Fitness: 0.18400000000000005
Maximum Fitness: 0.39999999999999997
Average Pen Distance: 0.5456997203248336
Maximum Pen Distance: 0.8728845457827014
Average Dog Distance: 0.5481892253835434
Maximum Dog Distance: 0.8444471969240023
Average Sheep Distance: 0.3655327376517217
Maximum Sheep Distance: 0.49629442459570683
Elapsed Time: 5m 10s
********** 43 **********
Average Fitness: 0.1876666666666667
Maximum Fitness: 0.39999999999999997
Average Pen Distance: 0.5377072556074397
Maximum Pen Distance: 0.8728845457827014
Average Dog Distance: 0.5439143237360853
Maximum Dog Distance: 0.8444471969240023
Average Sheep Distance: 0.3646126590440664
Maximum Sheep Distance: 0.49629442459570683
Elapsed Time: 5m 15s
********** 44 **********
Average Fitness: 0.18833333333333332
Maximum Fitness: 0.39999999999999997
Average Pen Distance: 0.535192435634384
Maximum Pen Distance: 0.8728845457827014
Average Dog Distance: 0.5453419953253343
Maximum Dog Distance: 0.8444471969240023
Average Sheep Distance: 0.3647477897874214
Maximum Sheep Distance: 0.49629442459570683
Elapsed Time: 5m 15s
********** 45 **********
Average Fitness: 0.18900000000000003
Maximum Fitness: 0.39999999999999997
Average Pen Distance: 0.5365550785673959
Maximum Pen Distance: 0.8728845457827014
Average Dog Distance: 0.5411369376754593
Maximum Dog Distance: 0.8444471969240023
Average Sheep Distance: 0.3662613814783112
Maximum Sheep Distance: 0.49629442459570683
Elapsed Time: 5m 15s
********** 46 **********
Average Fitness: 0.19100000000000006
Maximum Fitness: 0.39999999999999997
Average Pen Distance: 0.5392176337903637
Maximum Pen Distance: 0.8728845457827014
Average Dog Distance: 0.5409955691550625
Maximum Dog Distance: 0.8444471969240023
Average Sheep Distance: 0.3673675163419915
Maximum Sheep Distance: 0.49629442459570683
Elapsed Time: 5m 20s
********** 47 **********
Average Fitness: 0.18833333333333335
Maximum Fitness: 0.39999999999999997
Average Pen Distance: 0.5467286795078217
Maximum Pen Distance: 0.8728845457827014
Average Dog Distance: 0.5341072837511055
Maximum Dog Distance: 0.8444471969240023
Average Sheep Distance: 0.3687562064357388
Maximum Sheep Distance: 0.49629442459570683
Elapsed Time: 5m 18s
********** 48 **********
Average Fitness: 0.18800000000000006
Maximum Fitness: 0.39999999999999997
Average Pen Distance: 0.5495285256081445
Maximum Pen Distance: 0.8728845457827014
Average Dog Distance: 0.5356402070263077
Maximum Dog Distance: 0.8444471969240023
Average Sheep Distance: 0.36776137811950094
Maximum Sheep Distance: 0.49629442459570683
Elapsed Time: 5m 17s
********** 49 **********
Average Fitness: 0.18900000000000006
Maximum Fitness: 0.39999999999999997
Average Pen Distance: 0.5480407156542373
Maximum Pen Distance: 0.8728845457827014
Average Dog Distance: 0.536802088127445
Maximum Dog Distance: 0.8444471969240023
Average Sheep Distance: 0.36948083984365643
Maximum Sheep Distance: 0.5190020566308099
Elapsed Time: 5m 21s
********** 50 **********
Average Fitness: 0.18633333333333335
Maximum Fitness: 0.39999999999999997
Average Pen Distance: 0.5562833248378033
Maximum Pen Distance: 0.8728845457827014
Average Dog Distance: 0.5301856143640205
Maximum Dog Distance: 0.8444471969240023
Average Sheep Distance: 0.37107477289106994
Maximum Sheep Distance: 0.5190020566308099
Elapsed Time: 5m 15s
********** 51 **********
Average Fitness: 0.18933333333333333
Maximum Fitness: 0.39999999999999997
Average Pen Distance: 0.5543699835136633
Maximum Pen Distance: 0.8728845457827014
Average Dog Distance: 0.5348079380789132
Maximum Dog Distance: 0.8444471969240023
Average Sheep Distance: 0.3696348518415318
Maximum Sheep Distance: 0.5190020566308099
Elapsed Time: 5m 15s
********** 52 **********
Average Fitness: 0.188
Maximum Fitness: 0.39999999999999997
Average Pen Distance: 0.5471689497300509
Maximum Pen Distance: 0.8728845457827014
Average Dog Distance: 0.5342403530076673
Maximum Dog Distance: 0.8659593678919942
Average Sheep Distance: 0.3707657254353524
Maximum Sheep Distance: 0.5190020566308099
Elapsed Time: 5m 15s
********** 53 **********
Average Fitness: 0.18666666666666668
Maximum Fitness: 0.39999999999999997
Average Pen Distance: 0.5511325599316267
Maximum Pen Distance: 0.8728845457827014
Average Dog Distance: 0.5391826412829063
Maximum Dog Distance: 0.8659593678919942
Average Sheep Distance: 0.37012499049820186
Maximum Sheep Distance: 0.5190020566308099
Elapsed Time: 5m 6s
********** 54 **********
Average Fitness: 0.1813333333333334
Maximum Fitness: 0.39999999999999997
Average Pen Distance: 0.5592946663229078
Maximum Pen Distance: 0.8728845457827014
Average Dog Distance: 0.5435542385113646
Maximum Dog Distance: 0.8659593678919942
Average Sheep Distance: 0.37332613973305534
Maximum Sheep Distance: 0.5190020566308099
Elapsed Time: 5m 20s
********** 55 **********
Average Fitness: 0.18599999999999997
Maximum Fitness: 0.39999999999999997
Average Pen Distance: 0.5532997252937976
Maximum Pen Distance: 0.8728845457827014
Average Dog Distance: 0.5468299796545921
Maximum Dog Distance: 0.8659593678919942
Average Sheep Distance: 0.37276937771321955
Maximum Sheep Distance: 0.5190020566308099
Elapsed Time: 5m 12s
********** 56 **********
Average Fitness: 0.188
Maximum Fitness: 0.39999999999999997
Average Pen Distance: 0.544512821404179
Maximum Pen Distance: 0.8728845457827014
Average Dog Distance: 0.5488257884509522
Maximum Dog Distance: 0.8659593678919942
Average Sheep Distance: 0.37104922804359247
Maximum Sheep Distance: 0.5190020566308099
Elapsed Time: 5m 13s
********** 57 **********
Average Fitness: 0.18966666666666668
Maximum Fitness: 0.39999999999999997
Average Pen Distance: 0.5416747143086874
Maximum Pen Distance: 0.8728845457827014
Average Dog Distance: 0.5470904605310672
Maximum Dog Distance: 0.8659593678919942
Average Sheep Distance: 0.37057550273903095
Maximum Sheep Distance: 0.5190020566308099
Elapsed Time: 5m 18s
********** 58 **********
Average Fitness: 0.19
Maximum Fitness: 0.39999999999999997
Average Pen Distance: 0.5434317605219291
Maximum Pen Distance: 0.8728845457827014
Average Dog Distance: 0.5477573344063823
Maximum Dog Distance: 0.8444471969240023
Average Sheep Distance: 0.3699264141190834
Maximum Sheep Distance: 0.5190020566308099
Elapsed Time: 5m 6s
********** 59 **********
Average Fitness: 0.195
Maximum Fitness: 0.39999999999999997
Average Pen Distance: 0.5358837269857368
Maximum Pen Distance: 0.8728845457827014
Average Dog Distance: 0.5473455590693501
Maximum Dog Distance: 0.8444471969240023
Average Sheep Distance: 0.36910601623955097
Maximum Sheep Distance: 0.5190020566308099
Elapsed Time: 5m 15s
********** 60 **********
Average Fitness: 0.19633333333333333
Maximum Fitness: 0.39999999999999997
Average Pen Distance: 0.52812246604495
Maximum Pen Distance: 0.8728845457827014
Average Dog Distance: 0.5439186461597
Maximum Dog Distance: 0.8444471969240023
Average Sheep Distance: 0.36923064700697744
Maximum Sheep Distance: 0.5190020566308099
Elapsed Time: 5m 15s
********** 61 **********
Average Fitness: 0.19666666666666666
Maximum Fitness: 0.39999999999999997
Average Pen Distance: 0.5380689116256206
Maximum Pen Distance: 0.8728845457827014
Average Dog Distance: 0.5464862274225532
Maximum Dog Distance: 0.8444471969240023
Average Sheep Distance: 0.37038156102606284
Maximum Sheep Distance: 0.5190020566308099
Elapsed Time: 5m 8s
********** 62 **********
Average Fitness: 0.198
Maximum Fitness: 0.39999999999999997
Average Pen Distance: 0.5427529028718273
Maximum Pen Distance: 0.8728845457827014
Average Dog Distance: 0.5461544621718923
Maximum Dog Distance: 0.8444471969240023
Average Sheep Distance: 0.37201371090381563
Maximum Sheep Distance: 0.5190020566308099
Elapsed Time: 5m 17s
********** 63 **********
Average Fitness: 0.19466666666666665
Maximum Fitness: 0.39999999999999997
Average Pen Distance: 0.5492495736637192
Maximum Pen Distance: 0.8728845457827014
Average Dog Distance: 0.5376527585508203
Maximum Dog Distance: 0.8444471969240023
Average Sheep Distance: 0.3696243272685942
Maximum Sheep Distance: 0.5190020566308099
Elapsed Time: 5m 13s
********** 64 **********
Average Fitness: 0.19200000000000003
Maximum Fitness: 0.39999999999999997
Average Pen Distance: 0.5441325278259889
Maximum Pen Distance: 0.8728845457827014
Average Dog Distance: 0.5401691216828505
Maximum Dog Distance: 0.8444471969240023
Average Sheep Distance: 0.3673896126905052
Maximum Sheep Distance: 0.5190020566308099
Elapsed Time: 5m 12s
********** 65 **********
Average Fitness: 0.19466666666666668
Maximum Fitness: 0.39999999999999997
Average Pen Distance: 0.5409119826532041
Maximum Pen Distance: 0.8728845457827014
Average Dog Distance: 0.5407150097656391
Maximum Dog Distance: 0.8444471969240023
Average Sheep Distance: 0.3689396313618253
Maximum Sheep Distance: 0.5190020566308099
Elapsed Time: 5m 17s
********** 66 **********
Average Fitness: 0.19599999999999998
Maximum Fitness: 0.39999999999999997
Average Pen Distance: 0.5385207147367039
Maximum Pen Distance: 0.8728845457827014
Average Dog Distance: 0.541065316710573
Maximum Dog Distance: 0.8444471969240023
Average Sheep Distance: 0.3681544547282716
Maximum Sheep Distance: 0.49629442459570683
Elapsed Time: 5m 18s
********** 67 **********
Average Fitness: 0.1993333333333333
Maximum Fitness: 0.39999999999999997
Average Pen Distance: 0.5400029885743278
Maximum Pen Distance: 0.8728845457827014
Average Dog Distance: 0.5424681780353238
Maximum Dog Distance: 0.8444471969240023
Average Sheep Distance: 0.36964282306526963
Maximum Sheep Distance: 0.49629442459570683
Elapsed Time: 5m 14s
********** 68 **********
Average Fitness: 0.19899999999999998
Maximum Fitness: 0.39999999999999997
Average Pen Distance: 0.5428524475942746
Maximum Pen Distance: 0.8728845457827014
Average Dog Distance: 0.5443998513996428
Maximum Dog Distance: 0.8444471969240023
Average Sheep Distance: 0.367992508465123
Maximum Sheep Distance: 0.49629442459570683
Elapsed Time: 5m 23s
********** 69 **********
Average Fitness: 0.20100000000000004
Maximum Fitness: 0.39999999999999997
Average Pen Distance: 0.5425521274361707
Maximum Pen Distance: 0.8728845457827014
Average Dog Distance: 0.537290578815719
Maximum Dog Distance: 0.8444471969240023
Average Sheep Distance: 0.36962206445886814
Maximum Sheep Distance: 0.49629442459570683
Elapsed Time: 5m 15s
********** 70 **********
Average Fitness: 0.19699999999999995
Maximum Fitness: 0.39999999999999997
Average Pen Distance: 0.5411360559111426
Maximum Pen Distance: 0.8728845457827014
Average Dog Distance: 0.5316077730238804
Maximum Dog Distance: 0.8533400245986297
Average Sheep Distance: 0.3710653768781671
Maximum Sheep Distance: 0.49629442459570683
Elapsed Time: 5m 22s
********** 71 **********
Average Fitness: 0.19866666666666663
Maximum Fitness: 0.39999999999999997
Average Pen Distance: 0.5393790910662208
Maximum Pen Distance: 0.8728845457827014
Average Dog Distance: 0.5360401165957431
Maximum Dog Distance: 0.8533400245986297
Average Sheep Distance: 0.3719012327697248
Maximum Sheep Distance: 0.49629442459570683
Elapsed Time: 5m 19s
********** 72 **********
Average Fitness: 0.19433333333333333
Maximum Fitness: 0.39999999999999997
Average Pen Distance: 0.5407445528316237
Maximum Pen Distance: 0.8728845457827014
Average Dog Distance: 0.533532517573129
Maximum Dog Distance: 0.8533400245986297
Average Sheep Distance: 0.372449966226561
Maximum Sheep Distance: 0.49629442459570683
Elapsed Time: 5m 11s
********** 73 **********
Average Fitness: 0.19433333333333333
Maximum Fitness: 0.39999999999999997
Average Pen Distance: 0.5373838035994027
Maximum Pen Distance: 0.8728845457827014
Average Dog Distance: 0.5266061266560164
Maximum Dog Distance: 0.8533400245986297
Average Sheep Distance: 0.3718764955921342
Maximum Sheep Distance: 0.49629442459570683
Elapsed Time: 5m 17s
********** 74 **********
Average Fitness: 0.193
Maximum Fitness: 0.39999999999999997
Average Pen Distance: 0.548978730050942
Maximum Pen Distance: 0.8728845457827014
Average Dog Distance: 0.5347781472841132
Maximum Dog Distance: 0.8533400245986297
Average Sheep Distance: 0.3704418609365656
Maximum Sheep Distance: 0.49629442459570683
Elapsed Time: 5m 17s
********** 75 **********
Average Fitness: 0.19233333333333336
Maximum Fitness: 0.39999999999999997
Average Pen Distance: 0.5496878444845581
Maximum Pen Distance: 0.8728845457827014
Average Dog Distance: 0.5252263458812324
Maximum Dog Distance: 0.8444471969240023
Average Sheep Distance: 0.3711441117003358
Maximum Sheep Distance: 0.49629442459570683
Elapsed Time: 5m 11s
********** 76 **********
Average Fitness: 0.19333333333333336
Maximum Fitness: 0.39999999999999997
Average Pen Distance: 0.5456379387503417
Maximum Pen Distance: 0.8728845457827014
Average Dog Distance: 0.5243349108975586
Maximum Dog Distance: 0.8444471969240023
Average Sheep Distance: 0.3684834761794295
Maximum Sheep Distance: 0.49629442459570683
Elapsed Time: 5m 20s
********** 77 **********
Average Fitness: 0.19533333333333336
Maximum Fitness: 0.39999999999999997
Average Pen Distance: 0.543113003375202
Maximum Pen Distance: 0.8728845457827014
Average Dog Distance: 0.5288043169992727
Maximum Dog Distance: 0.8444471969240023
Average Sheep Distance: 0.36862294599218787
Maximum Sheep Distance: 0.49629442459570683
Elapsed Time: 5m 13s
********** 78 **********
Average Fitness: 0.198
Maximum Fitness: 0.39999999999999997
Average Pen Distance: 0.5361615155700702
Maximum Pen Distance: 0.8728845457827014
Average Dog Distance: 0.5285640047908976
Maximum Dog Distance: 0.8444471969240023
Average Sheep Distance: 0.36843733507819054
Maximum Sheep Distance: 0.49629442459570683
Elapsed Time: 5m 18s
********** 79 **********
Average Fitness: 0.1996666666666667
Maximum Fitness: 0.39999999999999997
Average Pen Distance: 0.5329850595545594
Maximum Pen Distance: 0.8728845457827014
Average Dog Distance: 0.5326272002053843
Maximum Dog Distance: 0.8444471969240023
Average Sheep Distance: 0.3658321331544785
Maximum Sheep Distance: 0.49629442459570683
Elapsed Time: 5m 15s
********** 80 **********
Average Fitness: 0.1973333333333333
Maximum Fitness: 0.39999999999999997
Average Pen Distance: 0.5389977750650817
Maximum Pen Distance: 0.8728845457827014
Average Dog Distance: 0.5286395563589887
Maximum Dog Distance: 0.8444471969240023
Average Sheep Distance: 0.36840717235459286
Maximum Sheep Distance: 0.49629442459570683
Elapsed Time: 5m 15s
********** 81 **********
Average Fitness: 0.195
Maximum Fitness: 0.39999999999999997
Average Pen Distance: 0.5410396963981131
Maximum Pen Distance: 0.8728845457827014
Average Dog Distance: 0.5211318786396909
Maximum Dog Distance: 0.8444471969240023
Average Sheep Distance: 0.36828268761809224
Maximum Sheep Distance: 0.49629442459570683
Elapsed Time: 5m 18s
********** 82 **********
Average Fitness: 0.19699999999999998
Maximum Fitness: 0.39999999999999997
Average Pen Distance: 0.5393771519964212
Maximum Pen Distance: 0.8728845457827014
Average Dog Distance: 0.5273068499870759
Maximum Dog Distance: 0.8444471969240023
Average Sheep Distance: 0.36687665784467904
Maximum Sheep Distance: 0.49629442459570683
Elapsed Time: 5m 11s
********** 83 **********
Average Fitness: 0.19866666666666663
Maximum Fitness: 0.39999999999999997
Average Pen Distance: 0.5390743811035107
Maximum Pen Distance: 0.8728845457827014
Average Dog Distance: 0.529022316383483
Maximum Dog Distance: 0.8444471969240023
Average Sheep Distance: 0.367856743386799
Maximum Sheep Distance: 0.49629442459570683
Elapsed Time: 5m 15s
********** 84 **********
Average Fitness: 0.198
Maximum Fitness: 0.39999999999999997
Average Pen Distance: 0.536464058259512
Maximum Pen Distance: 0.8728845457827014
Average Dog Distance: 0.5218632488172128
Maximum Dog Distance: 0.8444471969240023
Average Sheep Distance: 0.36859035393837525
Maximum Sheep Distance: 0.49629442459570683
Elapsed Time: 5m 11s
********** 85 **********
Average Fitness: 0.19666666666666668
Maximum Fitness: 0.39999999999999997
Average Pen Distance: 0.5396522934595536
Maximum Pen Distance: 0.8728845457827014
Average Dog Distance: 0.5190558576830072
Maximum Dog Distance: 0.8444471969240023
Average Sheep Distance: 0.3685579479294052
Maximum Sheep Distance: 0.49629442459570683
Elapsed Time: 5m 16s
********** 86 **********
Average Fitness: 0.19733333333333333
Maximum Fitness: 0.39999999999999997
Average Pen Distance: 0.5480564809960669
Maximum Pen Distance: 0.8728845457827014
Average Dog Distance: 0.5216786021777383
Maximum Dog Distance: 0.8444471969240023
Average Sheep Distance: 0.37120454210537596
Maximum Sheep Distance: 0.49629442459570683
Elapsed Time: 5m 12s
********** 87 **********
Average Fitness: 0.19866666666666666
Maximum Fitness: 0.39999999999999997
Average Pen Distance: 0.5478287201162471
Maximum Pen Distance: 0.8728845457827014
Average Dog Distance: 0.5266307031895938
Maximum Dog Distance: 0.8444471969240023
Average Sheep Distance: 0.3716572260042291
Maximum Sheep Distance: 0.49629442459570683
Elapsed Time: 5m 21s
********** 88 **********
Average Fitness: 0.19633333333333333
Maximum Fitness: 0.39999999999999997
Average Pen Distance: 0.5561786597316845
Maximum Pen Distance: 0.8728845457827014
Average Dog Distance: 0.5201737871882615
Maximum Dog Distance: 0.8444471969240023
Average Sheep Distance: 0.3733437332624051
Maximum Sheep Distance: 0.49629442459570683
Elapsed Time: 5m 14s
********** 89 **********
Average Fitness: 0.19599999999999998
Maximum Fitness: 0.39999999999999997
Average Pen Distance: 0.5462879469165436
Maximum Pen Distance: 0.8569042071829175
Average Dog Distance: 0.5169405555565212
Maximum Dog Distance: 0.8444471969240023
Average Sheep Distance: 0.37237605966888027
Maximum Sheep Distance: 0.4924978850960982
Elapsed Time: 5m 16s
********** 90 **********
Average Fitness: 0.19599999999999998
Maximum Fitness: 0.39999999999999997
Average Pen Distance: 0.5537868231511287
Maximum Pen Distance: 0.8569042071829175
Average Dog Distance: 0.5272939688463758
Maximum Dog Distance: 0.8494926341187532
Average Sheep Distance: 0.370506544258224
Maximum Sheep Distance: 0.4924978850960982
Elapsed Time: 5m 8s
********** 91 **********
Average Fitness: 0.198
Maximum Fitness: 0.39999999999999997
Average Pen Distance: 0.5548586875235657
Maximum Pen Distance: 0.8569042071829175
Average Dog Distance: 0.5270677840449415
Maximum Dog Distance: 0.8494926341187532
Average Sheep Distance: 0.37302500606988787
Maximum Sheep Distance: 0.4924978850960982
Elapsed Time: 5m 16s
********** 92 **********
Average Fitness: 0.19699999999999998
Maximum Fitness: 0.39999999999999997
Average Pen Distance: 0.5517578913074187
Maximum Pen Distance: 0.8569042071829175
Average Dog Distance: 0.5230425548838056
Maximum Dog Distance: 0.8494926341187532
Average Sheep Distance: 0.3704115464598176
Maximum Sheep Distance: 0.4924978850960982
Elapsed Time: 5m 9s
********** 93 **********
Average Fitness: 0.2023333333333333
Maximum Fitness: 0.39999999999999997
Average Pen Distance: 0.5504215001139636
Maximum Pen Distance: 0.8569042071829175
Average Dog Distance: 0.5174009927503074
Maximum Dog Distance: 0.8444471969240023
Average Sheep Distance: 0.3704043239821012
Maximum Sheep Distance: 0.4924978850960982
Elapsed Time: 5m 21s
********** 94 **********
Average Fitness: 0.20233333333333334
Maximum Fitness: 0.39999999999999997
Average Pen Distance: 0.5466012999434229
Maximum Pen Distance: 0.8569042071829175
Average Dog Distance: 0.5171847964714362
Maximum Dog Distance: 0.8444471969240023
Average Sheep Distance: 0.3717445045133923
Maximum Sheep Distance: 0.4924978850960982
Elapsed Time: 5m 23s
********** 95 **********
Average Fitness: 0.20433333333333334
Maximum Fitness: 0.39999999999999997
Average Pen Distance: 0.5469630305218297
Maximum Pen Distance: 0.8569042071829175
Average Dog Distance: 0.5162121919759471
Maximum Dog Distance: 0.8444471969240023
Average Sheep Distance: 0.371216234654422
Maximum Sheep Distance: 0.4924978850960982
Elapsed Time: 5m 10s
********** 96 **********
Average Fitness: 0.20633333333333337
Maximum Fitness: 0.39999999999999997
Average Pen Distance: 0.5509147440114254
Maximum Pen Distance: 0.8697602230900127
Average Dog Distance: 0.5162937742446183
Maximum Dog Distance: 0.8444471969240023
Average Sheep Distance: 0.37103450575675845
Maximum Sheep Distance: 0.4924978850960982
Elapsed Time: 5m 11s
********** 97 **********
Average Fitness: 0.20733333333333334
Maximum Fitness: 0.39999999999999997
Average Pen Distance: 0.5513458905876574
Maximum Pen Distance: 0.8526503284807698
Average Dog Distance: 0.5152547323007296
Maximum Dog Distance: 0.8444471969240023
Average Sheep Distance: 0.3708179274362168
Maximum Sheep Distance: 0.4924978850960982
Elapsed Time: 5m 12s
********** 98 **********
Average Fitness: 0.20666666666666667
Maximum Fitness: 0.39999999999999997
Average Pen Distance: 0.5492185149218138
Maximum Pen Distance: 0.8526503284807698
Average Dog Distance: 0.5154254904048579
Maximum Dog Distance: 0.8444471969240023
Average Sheep Distance: 0.370780865867185
Maximum Sheep Distance: 0.4924978850960982
Elapsed Time: 5m 20s
********** 99 **********
Average Fitness: 0.20533333333333334
Maximum Fitness: 0.39999999999999997
Average Pen Distance: 0.5393470353114164
Maximum Pen Distance: 0.8526503284807698
Average Dog Distance: 0.5117668400190822
Maximum Dog Distance: 0.8444471969240023
Average Sheep Distance: 0.36953689961752156
Maximum Sheep Distance: 0.4924978850960982
Elapsed Time: 5m 10s
********** 100 **********
Average Fitness: 0.20633333333333337
Maximum Fitness: 0.39999999999999997
Average Pen Distance: 0.5393705862241092
Maximum Pen Distance: 0.8526503284807698
Average Dog Distance: 0.5094465430756138
Maximum Dog Distance: 0.8444471969240023
Average Sheep Distance: 0.37053449395218174
Maximum Sheep Distance: 0.4924978850960982
Elapsed Time: 5m 23s
********** 1 **********
Average Fitness: 0.08266666666666665
Maximum Fitness: 0.20000000000000004
Average Pen Distance: 0.5128003284009567
Maximum Pen Distance: 0.7564894030156982
Average Dog Distance: 0.608610064378933
Maximum Dog Distance: 0.8444023368898949
Average Sheep Distance: 0.3441100098247093
Maximum Sheep Distance: 0.4521748276537312
Elapsed Time: 10m 23s
********** 2 **********
Average Fitness: 0.10133333333333333
Maximum Fitness: 0.2333333333333333
Average Pen Distance: 0.4941571603129891
Maximum Pen Distance: 0.7564894030156982
Average Dog Distance: 0.5899566082871317
Maximum Dog Distance: 0.8444023368898949
Average Sheep Distance: 0.34317545033377145
Maximum Sheep Distance: 0.4521748276537312
Elapsed Time: 5m 17s
********** 3 **********
Average Fitness: 0.10799999999999997
Maximum Fitness: 0.2333333333333333
Average Pen Distance: 0.48677217715207993
Maximum Pen Distance: 0.7709405684970371
Average Dog Distance: 0.5831367521245345
Maximum Dog Distance: 0.8444023368898949
Average Sheep Distance: 0.3450014017553982
Maximum Sheep Distance: 0.4521748276537312
Elapsed Time: 5m 13s
********** 4 **********
Average Fitness: 0.10866666666666668
Maximum Fitness: 0.23333333333333336
Average Pen Distance: 0.49485112142859916
Maximum Pen Distance: 0.7709405684970371
Average Dog Distance: 0.5864895939345474
Maximum Dog Distance: 0.8444023368898949
Average Sheep Distance: 0.34885345568219117
Maximum Sheep Distance: 0.4521748276537312
Elapsed Time: 5m 14s
********** 5 **********
Average Fitness: 0.11199999999999999
Maximum Fitness: 0.26666666666666666
Average Pen Distance: 0.5112371549036285
Maximum Pen Distance: 0.7709405684970371
Average Dog Distance: 0.5870590824832594
Maximum Dog Distance: 0.8561261518512125
Average Sheep Distance: 0.3514504892533399
Maximum Sheep Distance: 0.4521748276537312
Elapsed Time: 5m 27s
********** 6 **********
Average Fitness: 0.11433333333333331
Maximum Fitness: 0.26666666666666666
Average Pen Distance: 0.5096676984599027
Maximum Pen Distance: 0.7709405684970371
Average Dog Distance: 0.5809905608835915
Maximum Dog Distance: 0.8561261518512125
Average Sheep Distance: 0.35114420780378275
Maximum Sheep Distance: 0.4516601425489802
Elapsed Time: 5m 13s
********** 7 **********
Average Fitness: 0.122
Maximum Fitness: 0.26666666666666666
Average Pen Distance: 0.4990887579780125
Maximum Pen Distance: 0.7818223796075626
Average Dog Distance: 0.5863903545205902
Maximum Dog Distance: 0.8561261518512125
Average Sheep Distance: 0.35050125586928715
Maximum Sheep Distance: 0.4516601425489802
Elapsed Time: 5m 10s
********** 8 **********
Average Fitness: 0.12666666666666665
Maximum Fitness: 0.26666666666666666
Average Pen Distance: 0.48923639231098165
Maximum Pen Distance: 0.7818223796075626
Average Dog Distance: 0.5860252018268303
Maximum Dog Distance: 0.860469570748244
Average Sheep Distance: 0.35114543404332266
Maximum Sheep Distance: 0.4516601425489802
Elapsed Time: 5m 9s
********** 9 **********
Average Fitness: 0.13033333333333333
Maximum Fitness: 0.26666666666666666
Average Pen Distance: 0.49674078576521474
Maximum Pen Distance: 0.7818223796075626
Average Dog Distance: 0.5858148041700646
Maximum Dog Distance: 0.860469570748244
Average Sheep Distance: 0.35324833785109855
Maximum Sheep Distance: 0.4516601425489802
Elapsed Time: 5m 9s
********** 10 **********
Average Fitness: 0.127
Maximum Fitness: 0.26666666666666666
Average Pen Distance: 0.51067788935486
Maximum Pen Distance: 0.7818223796075626
Average Dog Distance: 0.5750513606510846
Maximum Dog Distance: 0.860469570748244
Average Sheep Distance: 0.3573767013015353
Maximum Sheep Distance: 0.4522079913591182
Elapsed Time: 5m 7s
********** 11 **********
Average Fitness: 0.12933333333333333
Maximum Fitness: 0.26666666666666666
Average Pen Distance: 0.5117480921864261
Maximum Pen Distance: 0.7818223796075626
Average Dog Distance: 0.5712316672902853
Maximum Dog Distance: 0.860469570748244
Average Sheep Distance: 0.35797318603986256
Maximum Sheep Distance: 0.4522079913591182
Elapsed Time: 5m 7s
********** 12 **********
Average Fitness: 0.14033333333333334
Maximum Fitness: 0.3666666666666667
Average Pen Distance: 0.5033722406158269
Maximum Pen Distance: 0.7818223796075626
Average Dog Distance: 0.5673413880363503
Maximum Dog Distance: 0.860469570748244
Average Sheep Distance: 0.3558735909574946
Maximum Sheep Distance: 0.4522079913591182
Elapsed Time: 5m 24s
********** 13 **********
Average Fitness: 0.146
Maximum Fitness: 0.3666666666666667
Average Pen Distance: 0.5079714998111996
Maximum Pen Distance: 0.7818223796075626
Average Dog Distance: 0.5694960772668874
Maximum Dog Distance: 0.860469570748244
Average Sheep Distance: 0.35620747135049163
Maximum Sheep Distance: 0.4522079913591182
Elapsed Time: 5m 6s
********** 14 **********
Average Fitness: 0.15
Maximum Fitness: 0.3666666666666667
Average Pen Distance: 0.5056593192495996
Maximum Pen Distance: 0.7888661451406865
Average Dog Distance: 0.5676723956065728
Maximum Dog Distance: 0.860469570748244
Average Sheep Distance: 0.35412789035018577
Maximum Sheep Distance: 0.4522079913591182
Elapsed Time: 5m 16s
********** 15 **********
Average Fitness: 0.15066666666666667
Maximum Fitness: 0.4000000000000001
Average Pen Distance: 0.5092188302695339
Maximum Pen Distance: 0.7889932933191793
Average Dog Distance: 0.5711824264480991
Maximum Dog Distance: 0.860469570748244
Average Sheep Distance: 0.3569601364683867
Maximum Sheep Distance: 0.4522079913591182
Elapsed Time: 5m 15s
********** 16 **********
Average Fitness: 0.151
Maximum Fitness: 0.4000000000000001
Average Pen Distance: 0.5115264081130659
Maximum Pen Distance: 0.7889932933191793
Average Dog Distance: 0.5665228112955345
Maximum Dog Distance: 0.860469570748244
Average Sheep Distance: 0.3565050775034525
Maximum Sheep Distance: 0.4522079913591182
Elapsed Time: 5m 14s
********** 17 **********
Average Fitness: 0.15166666666666667
Maximum Fitness: 0.4000000000000001
Average Pen Distance: 0.5037961810020698
Maximum Pen Distance: 0.7889932933191793
Average Dog Distance: 0.5551913454696491
Maximum Dog Distance: 0.860469570748244
Average Sheep Distance: 0.35697963058585586
Maximum Sheep Distance: 0.4522079913591182
Elapsed Time: 5m 15s
********** 18 **********
Average Fitness: 0.15266666666666667
Maximum Fitness: 0.4000000000000001
Average Pen Distance: 0.50786475446044
Maximum Pen Distance: 0.7889932933191793
Average Dog Distance: 0.5610949259360882
Maximum Dog Distance: 0.860469570748244
Average Sheep Distance: 0.35685782097415425
Maximum Sheep Distance: 0.4522079913591182
Elapsed Time: 5m 10s
********** 19 **********
Average Fitness: 0.15266666666666667
Maximum Fitness: 0.4000000000000001
Average Pen Distance: 0.5181734452551486
Maximum Pen Distance: 0.7937215462628823
Average Dog Distance: 0.5656670131937532
Maximum Dog Distance: 0.860469570748244
Average Sheep Distance: 0.35883897283952443
Maximum Sheep Distance: 0.46719065000878873
Elapsed Time: 5m 6s
********** 20 **********
Average Fitness: 0.16166666666666668
Maximum Fitness: 0.4000000000000001
Average Pen Distance: 0.5124786194266768
Maximum Pen Distance: 0.7889932933191793
Average Dog Distance: 0.5731509066143645
Maximum Dog Distance: 0.860469570748244
Average Sheep Distance: 0.35679863113258675
Maximum Sheep Distance: 0.4522079913591182
Elapsed Time: 5m 6s
********** 21 **********
Average Fitness: 0.16366666666666674
Maximum Fitness: 0.4000000000000001
Average Pen Distance: 0.5058495587706414
Maximum Pen Distance: 0.7985752559511221
Average Dog Distance: 0.564410097676761
Maximum Dog Distance: 0.860469570748244
Average Sheep Distance: 0.35522933134849205
Maximum Sheep Distance: 0.46249198940003966
Elapsed Time: 5m 19s
********** 22 **********
Average Fitness: 0.16500000000000006
Maximum Fitness: 0.4000000000000001
Average Pen Distance: 0.5058635800154413
Maximum Pen Distance: 0.7985752559511221
Average Dog Distance: 0.5640327933362488
Maximum Dog Distance: 0.860469570748244
Average Sheep Distance: 0.35724379087263
Maximum Sheep Distance: 0.46249198940003966
Elapsed Time: 5m 13s
********** 23 **********
Average Fitness: 0.16933333333333336
Maximum Fitness: 0.4000000000000001
Average Pen Distance: 0.5120023639508525
Maximum Pen Distance: 0.8129533913091193
Average Dog Distance: 0.5619003648320386
Maximum Dog Distance: 0.860469570748244
Average Sheep Distance: 0.3591419491531898
Maximum Sheep Distance: 0.4683682784848853
Elapsed Time: 5m 11s
********** 24 **********
Average Fitness: 0.175
Maximum Fitness: 0.4000000000000001
Average Pen Distance: 0.5001955949453417
Maximum Pen Distance: 0.8129533913091193
Average Dog Distance: 0.5664395863373219
Maximum Dog Distance: 0.860469570748244
Average Sheep Distance: 0.35508842862141193
Maximum Sheep Distance: 0.4683682784848853
Elapsed Time: 5m 14s
********** 25 **********
Average Fitness: 0.17433333333333337
Maximum Fitness: 0.4000000000000001
Average Pen Distance: 0.5009421029884961
Maximum Pen Distance: 0.8251570779714091
Average Dog Distance: 0.5681338362915394
Maximum Dog Distance: 0.860469570748244
Average Sheep Distance: 0.3574302115915765
Maximum Sheep Distance: 0.45700480559725626
Elapsed Time: 5m 14s
********** 26 **********
Average Fitness: 0.169
Maximum Fitness: 0.4000000000000001
Average Pen Distance: 0.5007066849990637
Maximum Pen Distance: 0.8251570779714091
Average Dog Distance: 0.5599660586524925
Maximum Dog Distance: 0.860469570748244
Average Sheep Distance: 0.35902138242958975
Maximum Sheep Distance: 0.45700480559725626
Elapsed Time: 5m 9s
********** 27 **********
Average Fitness: 0.17066666666666666
Maximum Fitness: 0.4000000000000001
Average Pen Distance: 0.4993220481329329
Maximum Pen Distance: 0.8251570779714091
Average Dog Distance: 0.5626882844495126
Maximum Dog Distance: 0.860469570748244
Average Sheep Distance: 0.35819078686986183
Maximum Sheep Distance: 0.45700480559725626
Elapsed Time: 5m 17s
********** 28 **********
Average Fitness: 0.17300000000000001
Maximum Fitness: 0.4000000000000001
Average Pen Distance: 0.5134219922349229
Maximum Pen Distance: 0.8549336057607976
Average Dog Distance: 0.5619215378088118
Maximum Dog Distance: 0.860469570748244
Average Sheep Distance: 0.3606852730888007
Maximum Sheep Distance: 0.45700480559725626
Elapsed Time: 5m 11s
********** 29 **********
Average Fitness: 0.17499999999999996
Maximum Fitness: 0.4000000000000001
Average Pen Distance: 0.4961967934372202
Maximum Pen Distance: 0.8549336057607976
Average Dog Distance: 0.5508008195874553
Maximum Dog Distance: 0.860469570748244
Average Sheep Distance: 0.3591222047077398
Maximum Sheep Distance: 0.45700480559725626
Elapsed Time: 5m 14s
********** 30 **********
Average Fitness: 0.17733333333333334
Maximum Fitness: 0.4000000000000001
Average Pen Distance: 0.4950063777006659
Maximum Pen Distance: 0.8549336057607976
Average Dog Distance: 0.5474264587696562
Maximum Dog Distance: 0.860469570748244
Average Sheep Distance: 0.3580600619343228
Maximum Sheep Distance: 0.4506271507951492
Elapsed Time: 5m 17s
********** 31 **********
Average Fitness: 0.17333333333333337
Maximum Fitness: 0.4000000000000001
Average Pen Distance: 0.50738678570903
Maximum Pen Distance: 0.8549336057607976
Average Dog Distance: 0.5482714289202023
Maximum Dog Distance: 0.860469570748244
Average Sheep Distance: 0.36252119992218534
Maximum Sheep Distance: 0.5074093570772363
Elapsed Time: 5m 13s
********** 32 **********
Average Fitness: 0.17066666666666666
Maximum Fitness: 0.4000000000000001
Average Pen Distance: 0.49971275429552775
Maximum Pen Distance: 0.8549336057607976
Average Dog Distance: 0.5427642552814886
Maximum Dog Distance: 0.860469570748244
Average Sheep Distance: 0.36117350743794935
Maximum Sheep Distance: 0.5074093570772363
Elapsed Time: 5m 16s
********** 33 **********
Average Fitness: 0.17133333333333337
Maximum Fitness: 0.4000000000000001
Average Pen Distance: 0.5002223402309821
Maximum Pen Distance: 0.8549336057607976
Average Dog Distance: 0.5442379961559464
Maximum Dog Distance: 0.860469570748244
Average Sheep Distance: 0.36179179759035685
Maximum Sheep Distance: 0.5074093570772363
Elapsed Time: 5m 13s
********** 34 **********
Average Fitness: 0.17233333333333334
Maximum Fitness: 0.4000000000000001
Average Pen Distance: 0.501183149406027
Maximum Pen Distance: 0.8549336057607976
Average Dog Distance: 0.5362307842966793
Maximum Dog Distance: 0.860469570748244
Average Sheep Distance: 0.36323847080828
Maximum Sheep Distance: 0.5074093570772363
Elapsed Time: 5m 24s
********** 35 **********
Average Fitness: 0.17266666666666666
Maximum Fitness: 0.4000000000000001
Average Pen Distance: 0.49431146454923114
Maximum Pen Distance: 0.8549336057607976
Average Dog Distance: 0.5404387252676236
Maximum Dog Distance: 0.8936617924830811
Average Sheep Distance: 0.36154692261111665
Maximum Sheep Distance: 0.5074093570772363
Elapsed Time: 5m 17s
********** 36 **********
Average Fitness: 0.17400000000000002
Maximum Fitness: 0.4000000000000001
Average Pen Distance: 0.49727972109746965
Maximum Pen Distance: 0.8549336057607976
Average Dog Distance: 0.5451351073345416
Maximum Dog Distance: 0.8936617924830811
Average Sheep Distance: 0.3625837282641676
Maximum Sheep Distance: 0.5074093570772363
Elapsed Time: 5m 16s
********** 37 **********
Average Fitness: 0.1746666666666667
Maximum Fitness: 0.4000000000000001
Average Pen Distance: 0.5050117300957448
Maximum Pen Distance: 0.8549336057607976
Average Dog Distance: 0.5441280040416779
Maximum Dog Distance: 0.8936617924830811
Average Sheep Distance: 0.36483666889559735
Maximum Sheep Distance: 0.5074093570772363
Elapsed Time: 5m 13s
********** 38 **********
Average Fitness: 0.17800000000000005
Maximum Fitness: 0.4000000000000001
Average Pen Distance: 0.4889129088733108
Maximum Pen Distance: 0.8549336057607976
Average Dog Distance: 0.5412716854633366
Maximum Dog Distance: 0.8936617924830811
Average Sheep Distance: 0.3613461956268095
Maximum Sheep Distance: 0.5074093570772363
Elapsed Time: 5m 12s
********** 39 **********
Average Fitness: 0.18000000000000005
Maximum Fitness: 0.4333333333333333
Average Pen Distance: 0.4891562555983807
Maximum Pen Distance: 0.8549336057607976
Average Dog Distance: 0.5460587015149838
Maximum Dog Distance: 0.8936617924830811
Average Sheep Distance: 0.36257592886552836
Maximum Sheep Distance: 0.5074093570772363
Elapsed Time: 5m 8s
********** 40 **********
Average Fitness: 0.17800000000000005
Maximum Fitness: 0.4333333333333333
Average Pen Distance: 0.5010350897895612
Maximum Pen Distance: 0.8549336057607976
Average Dog Distance: 0.5489226545663083
Maximum Dog Distance: 0.8936617924830811
Average Sheep Distance: 0.36261299839311795
Maximum Sheep Distance: 0.5074093570772363
Elapsed Time: 5m 13s
********** 41 **********
Average Fitness: 0.17800000000000005
Maximum Fitness: 0.4333333333333333
Average Pen Distance: 0.5030883160339521
Maximum Pen Distance: 0.8549336057607976
Average Dog Distance: 0.5493547896547104
Maximum Dog Distance: 0.860469570748244
Average Sheep Distance: 0.3621988006700398
Maximum Sheep Distance: 0.5074093570772363
Elapsed Time: 5m 28s
********** 42 **********
Average Fitness: 0.17833333333333332
Maximum Fitness: 0.4333333333333333
Average Pen Distance: 0.49342762475267926
Maximum Pen Distance: 0.8586160288492094
Average Dog Distance: 0.5430915879533904
Maximum Dog Distance: 0.860469570748244
Average Sheep Distance: 0.3597724586894991
Maximum Sheep Distance: 0.5074093570772363
Elapsed Time: 5m 7s
********** 43 **********
Average Fitness: 0.18100000000000002
Maximum Fitness: 0.4333333333333333
Average Pen Distance: 0.5049357973434201
Maximum Pen Distance: 0.8586160288492094
Average Dog Distance: 0.5422151719242617
Maximum Dog Distance: 0.860469570748244
Average Sheep Distance: 0.3656727988101164
Maximum Sheep Distance: 0.5402042625491933
Elapsed Time: 5m 11s
********** 44 **********
Average Fitness: 0.17566666666666667
Maximum Fitness: 0.4333333333333333
Average Pen Distance: 0.5220677588285595
Maximum Pen Distance: 0.8586160288492094
Average Dog Distance: 0.5406091605450328
Maximum Dog Distance: 0.860469570748244
Average Sheep Distance: 0.36762944524293617
Maximum Sheep Distance: 0.5402042625491933
Elapsed Time: 5m 21s
********** 45 **********
Average Fitness: 0.1763333333333334
Maximum Fitness: 0.4333333333333333
Average Pen Distance: 0.5213933957007978
Maximum Pen Distance: 0.8586160288492094
Average Dog Distance: 0.5449510389140231
Maximum Dog Distance: 0.860469570748244
Average Sheep Distance: 0.36764639417446815
Maximum Sheep Distance: 0.5402042625491933
Elapsed Time: 5m 11s
********** 46 **********
Average Fitness: 0.17600000000000002
Maximum Fitness: 0.4333333333333333
Average Pen Distance: 0.5181480069361408
Maximum Pen Distance: 0.8586160288492094
Average Dog Distance: 0.5515922931979493
Maximum Dog Distance: 0.860469570748244
Average Sheep Distance: 0.36615856404886726
Maximum Sheep Distance: 0.5402042625491933
Elapsed Time: 5m 14s
********** 47 **********
Average Fitness: 0.1756666666666667
Maximum Fitness: 0.4333333333333333
Average Pen Distance: 0.5288219930209832
Maximum Pen Distance: 0.8586160288492094
Average Dog Distance: 0.5540301273218096
Maximum Dog Distance: 0.860469570748244
Average Sheep Distance: 0.37016369759000894
Maximum Sheep Distance: 0.5402042625491933
Elapsed Time: 5m 8s
********** 48 **********
Average Fitness: 0.17933333333333334
Maximum Fitness: 0.4333333333333333
Average Pen Distance: 0.5224545573421898
Maximum Pen Distance: 0.8586160288492094
Average Dog Distance: 0.5615007598070766
Maximum Dog Distance: 0.860469570748244
Average Sheep Distance: 0.37044347210582695
Maximum Sheep Distance: 0.5402042625491933
Elapsed Time: 5m 19s
********** 49 **********
Average Fitness: 0.18100000000000005
Maximum Fitness: 0.4333333333333333
Average Pen Distance: 0.5182873244140433
Maximum Pen Distance: 0.8586160288492094
Average Dog Distance: 0.5658377188522402
Maximum Dog Distance: 0.860469570748244
Average Sheep Distance: 0.3679923284133663
Maximum Sheep Distance: 0.5402042625491933
Elapsed Time: 5m 10s
********** 50 **********
Average Fitness: 0.17933333333333337
Maximum Fitness: 0.4333333333333333
Average Pen Distance: 0.5327823189443938
Maximum Pen Distance: 0.8586160288492094
Average Dog Distance: 0.5729546806505817
Maximum Dog Distance: 0.8607404781392886
Average Sheep Distance: 0.3706575904290385
Maximum Sheep Distance: 0.5402042625491933
Elapsed Time: 5m 10s
********** 51 **********
Average Fitness: 0.17833333333333334
Maximum Fitness: 0.4333333333333333
Average Pen Distance: 0.5376398816212874
Maximum Pen Distance: 0.8586160288492094
Average Dog Distance: 0.5711183759866307
Maximum Dog Distance: 0.8959518254306023
Average Sheep Distance: 0.36981238114882464
Maximum Sheep Distance: 0.5402042625491933
Elapsed Time: 5m 17s
********** 52 **********
Average Fitness: 0.17666666666666672
Maximum Fitness: 0.4333333333333333
Average Pen Distance: 0.5459844501316671
Maximum Pen Distance: 0.8586160288492094
Average Dog Distance: 0.5622835600073119
Maximum Dog Distance: 0.860469570748244
Average Sheep Distance: 0.3719883165033041
Maximum Sheep Distance: 0.5402042625491933
Elapsed Time: 5m 19s
********** 53 **********
Average Fitness: 0.1843333333333334
Maximum Fitness: 0.4333333333333333
Average Pen Distance: 0.538954915748981
Maximum Pen Distance: 0.8586160288492094
Average Dog Distance: 0.564459613514401
Maximum Dog Distance: 0.8617989893342365
Average Sheep Distance: 0.37191509574959014
Maximum Sheep Distance: 0.5402042625491933
Elapsed Time: 5m 8s
********** 54 **********
Average Fitness: 0.18966666666666673
Maximum Fitness: 0.4333333333333333
Average Pen Distance: 0.5327580568218061
Maximum Pen Distance: 0.8586160288492094
Average Dog Distance: 0.5649924950685901
Maximum Dog Distance: 0.8617989893342365
Average Sheep Distance: 0.36881817678567097
Maximum Sheep Distance: 0.5402042625491933
Elapsed Time: 5m 16s
********** 55 **********
Average Fitness: 0.18800000000000006
Maximum Fitness: 0.4333333333333333
Average Pen Distance: 0.5321223831203572
Maximum Pen Distance: 0.8586160288492094
Average Dog Distance: 0.5623506900144747
Maximum Dog Distance: 0.8617989893342365
Average Sheep Distance: 0.3694604330299969
Maximum Sheep Distance: 0.5402042625491933
Elapsed Time: 5m 12s
********** 56 **********
Average Fitness: 0.18933333333333338
Maximum Fitness: 0.4333333333333333
Average Pen Distance: 0.533050018076221
Maximum Pen Distance: 0.8750853798227917
Average Dog Distance: 0.5621803844910926
Maximum Dog Distance: 0.8617989893342365
Average Sheep Distance: 0.3704829580660657
Maximum Sheep Distance: 0.5402042625491933
Elapsed Time: 5m 11s
********** 57 **********
Average Fitness: 0.1913333333333334
Maximum Fitness: 0.4333333333333333
Average Pen Distance: 0.539686626768346
Maximum Pen Distance: 0.8750853798227917
Average Dog Distance: 0.5676676372038583
Maximum Dog Distance: 0.8617989893342365
Average Sheep Distance: 0.3713507104035746
Maximum Sheep Distance: 0.5402042625491933
Elapsed Time: 5m 11s
********** 58 **********
Average Fitness: 0.19333333333333338
Maximum Fitness: 0.4333333333333333
Average Pen Distance: 0.537489731591997
Maximum Pen Distance: 0.8586160288492094
Average Dog Distance: 0.56631377086156
Maximum Dog Distance: 0.8617989893342365
Average Sheep Distance: 0.37116850652383876
Maximum Sheep Distance: 0.5402042625491933
Elapsed Time: 5m 10s
********** 59 **********
Average Fitness: 0.19400000000000003
Maximum Fitness: 0.4333333333333333
Average Pen Distance: 0.5282189603585475
Maximum Pen Distance: 0.8586160288492094
Average Dog Distance: 0.5599890202969702
Maximum Dog Distance: 0.8617989893342365
Average Sheep Distance: 0.3682031303069173
Maximum Sheep Distance: 0.5402042625491933
Elapsed Time: 5m 17s
********** 60 **********
Average Fitness: 0.196
Maximum Fitness: 0.4333333333333333
Average Pen Distance: 0.5162418866389481
Maximum Pen Distance: 0.8586160288492094
Average Dog Distance: 0.5540745784108793
Maximum Dog Distance: 0.8617989893342365
Average Sheep Distance: 0.3658795292112494
Maximum Sheep Distance: 0.5402042625491933
Elapsed Time: 5m 17s
********** 61 **********
Average Fitness: 0.19566666666666674
Maximum Fitness: 0.4333333333333333
Average Pen Distance: 0.5196145423939285
Maximum Pen Distance: 0.8586160288492094
Average Dog Distance: 0.552485022829272
Maximum Dog Distance: 0.8617989893342365
Average Sheep Distance: 0.3670245733196495
Maximum Sheep Distance: 0.5402042625491933
Elapsed Time: 5m 14s
********** 62 **********
Average Fitness: 0.19633333333333336
Maximum Fitness: 0.4333333333333333
Average Pen Distance: 0.5175385905685449
Maximum Pen Distance: 0.8586160288492094
Average Dog Distance: 0.54977250237465
Maximum Dog Distance: 0.8617989893342365
Average Sheep Distance: 0.36666128394947817
Maximum Sheep Distance: 0.5402042625491933
Elapsed Time: 5m 11s
********** 63 **********
Average Fitness: 0.19933333333333333
Maximum Fitness: 0.4333333333333333
Average Pen Distance: 0.5145770718930733
Maximum Pen Distance: 0.8586160288492094
Average Dog Distance: 0.5465719794731009
Maximum Dog Distance: 0.8617989893342365
Average Sheep Distance: 0.3681994053506936
Maximum Sheep Distance: 0.5402042625491933
Elapsed Time: 5m 20s
********** 64 **********
Average Fitness: 0.19933333333333333
Maximum Fitness: 0.4333333333333333
Average Pen Distance: 0.505072398507308
Maximum Pen Distance: 0.8586160288492094
Average Dog Distance: 0.5507760044186777
Maximum Dog Distance: 0.8617989893342365
Average Sheep Distance: 0.3655281472660609
Maximum Sheep Distance: 0.5402042625491933
Elapsed Time: 5m 13s
********** 65 **********
Average Fitness: 0.1973333333333334
Maximum Fitness: 0.4333333333333333
Average Pen Distance: 0.5102236298847687
Maximum Pen Distance: 0.8586160288492094
Average Dog Distance: 0.5537272913989607
Maximum Dog Distance: 0.8617989893342365
Average Sheep Distance: 0.36529038055213675
Maximum Sheep Distance: 0.5402042625491933
Elapsed Time: 5m 18s
********** 66 **********
Average Fitness: 0.19300000000000003
Maximum Fitness: 0.4333333333333333
Average Pen Distance: 0.5117338300017235
Maximum Pen Distance: 0.8586160288492094
Average Dog Distance: 0.5549863888622597
Maximum Dog Distance: 0.8617989893342365
Average Sheep Distance: 0.362668888591136
Maximum Sheep Distance: 0.5402042625491933
Elapsed Time: 5m 13s
********** 67 **********
Average Fitness: 0.1916666666666667
Maximum Fitness: 0.4333333333333333
Average Pen Distance: 0.5092196437740509
Maximum Pen Distance: 0.8586160288492094
Average Dog Distance: 0.5533663913262608
Maximum Dog Distance: 0.8617989893342365
Average Sheep Distance: 0.36397773737685923
Maximum Sheep Distance: 0.5402042625491933
Elapsed Time: 5m 10s
********** 68 **********
Average Fitness: 0.19233333333333336
Maximum Fitness: 0.4333333333333333
Average Pen Distance: 0.5243522118527432
Maximum Pen Distance: 0.8586160288492094
Average Dog Distance: 0.5494511079444807
Maximum Dog Distance: 0.8617989893342365
Average Sheep Distance: 0.36642457495813796
Maximum Sheep Distance: 0.5402042625491933
Elapsed Time: 5m 11s
********** 69 **********
Average Fitness: 0.19133333333333336
Maximum Fitness: 0.4333333333333333
Average Pen Distance: 0.5224902195154394
Maximum Pen Distance: 0.8586160288492094
Average Dog Distance: 0.5529153645348946
Maximum Dog Distance: 0.8617989893342365
Average Sheep Distance: 0.3671748329074534
Maximum Sheep Distance: 0.5402042625491933
Elapsed Time: 5m 25s
********** 70 **********
Average Fitness: 0.193
Maximum Fitness: 0.4333333333333333
Average Pen Distance: 0.516112153011381
Maximum Pen Distance: 0.8586160288492094
Average Dog Distance: 0.5443598462805105
Maximum Dog Distance: 0.8617989893342365
Average Sheep Distance: 0.36620336091731526
Maximum Sheep Distance: 0.5402042625491933
Elapsed Time: 5m 9s
********** 71 **********
Average Fitness: 0.19533333333333336
Maximum Fitness: 0.4333333333333333
Average Pen Distance: 0.5181838049584984
Maximum Pen Distance: 0.8586160288492094
Average Dog Distance: 0.5517318702827873
Maximum Dog Distance: 0.8741511003659621
Average Sheep Distance: 0.3675796253009371
Maximum Sheep Distance: 0.5402042625491933
Elapsed Time: 5m 14s
********** 72 **********
Average Fitness: 0.19933333333333333
Maximum Fitness: 0.4333333333333333
Average Pen Distance: 0.5227121445879079
Maximum Pen Distance: 0.875119521657376
Average Dog Distance: 0.5508163372202123
Maximum Dog Distance: 0.8741511003659621
Average Sheep Distance: 0.3697425782286682
Maximum Sheep Distance: 0.5402042625491933
Elapsed Time: 5m 12s
********** 73 **********
Average Fitness: 0.19766666666666668
Maximum Fitness: 0.4333333333333333
Average Pen Distance: 0.5150858269250997
Maximum Pen Distance: 0.875119521657376
Average Dog Distance: 0.5452715495440399
Maximum Dog Distance: 0.8741511003659621
Average Sheep Distance: 0.37068952374032266
Maximum Sheep Distance: 0.5402042625491933
Elapsed Time: 5m 18s
********** 74 **********
Average Fitness: 0.19699999999999998
Maximum Fitness: 0.4333333333333333
Average Pen Distance: 0.5225974824398528
Maximum Pen Distance: 0.875119521657376
Average Dog Distance: 0.5470234189221553
Maximum Dog Distance: 0.8741511003659621
Average Sheep Distance: 0.36853622993277374
Maximum Sheep Distance: 0.5402042625491933
Elapsed Time: 5m 14s
********** 75 **********
Average Fitness: 0.19866666666666666
Maximum Fitness: 0.4333333333333333
Average Pen Distance: 0.5330631000684469
Maximum Pen Distance: 0.875119521657376
Average Dog Distance: 0.5463304906617806
Maximum Dog Distance: 0.8741511003659621
Average Sheep Distance: 0.3696683092278796
Maximum Sheep Distance: 0.5402042625491933
Elapsed Time: 5m 12s
********** 76 **********
Average Fitness: 0.1986666666666667
Maximum Fitness: 0.4333333333333333
Average Pen Distance: 0.5270925964926368
Maximum Pen Distance: 0.875119521657376
Average Dog Distance: 0.550885520079452
Maximum Dog Distance: 0.8741511003659621
Average Sheep Distance: 0.36899978295831426
Maximum Sheep Distance: 0.5402042625491933
Elapsed Time: 5m 16s
********** 77 **********
Average Fitness: 0.20066666666666666
Maximum Fitness: 0.4333333333333333
Average Pen Distance: 0.5212579650136608
Maximum Pen Distance: 0.875119521657376
Average Dog Distance: 0.542882261924395
Maximum Dog Distance: 0.8741511003659621
Average Sheep Distance: 0.36877655428237316
Maximum Sheep Distance: 0.5402042625491933
Elapsed Time: 5m 21s
********** 78 **********
Average Fitness: 0.20266666666666666
Maximum Fitness: 0.4333333333333333
Average Pen Distance: 0.515821155002587
Maximum Pen Distance: 0.8586160288492094
Average Dog Distance: 0.547142825062153
Maximum Dog Distance: 0.8741511003659621
Average Sheep Distance: 0.36509940919612605
Maximum Sheep Distance: 0.5402042625491933
Elapsed Time: 5m 12s
********** 79 **********
Average Fitness: 0.205
Maximum Fitness: 0.4333333333333333
Average Pen Distance: 0.5013574422793041
Maximum Pen Distance: 0.8586160288492094
Average Dog Distance: 0.5418154868214544
Maximum Dog Distance: 0.8741511003659621
Average Sheep Distance: 0.36477184494302356
Maximum Sheep Distance: 0.5402042625491933
Elapsed Time: 5m 23s
********** 80 **********
Average Fitness: 0.205
Maximum Fitness: 0.4333333333333333
Average Pen Distance: 0.5080084790076098
Maximum Pen Distance: 0.8586160288492094
Average Dog Distance: 0.5480491993018778
Maximum Dog Distance: 0.8741511003659621
Average Sheep Distance: 0.36873810397667384
Maximum Sheep Distance: 0.5402042625491933
Elapsed Time: 5m 19s
********** 81 **********
Average Fitness: 0.20433333333333337
Maximum Fitness: 0.4333333333333333
Average Pen Distance: 0.5177671167024709
Maximum Pen Distance: 0.8586160288492094
Average Dog Distance: 0.5485150392077454
Maximum Dog Distance: 0.8741511003659621
Average Sheep Distance: 0.37005555723709416
Maximum Sheep Distance: 0.5402042625491933
Elapsed Time: 5m 24s
********** 82 **********
Average Fitness: 0.205
Maximum Fitness: 0.4333333333333333
Average Pen Distance: 0.5110299499613652
Maximum Pen Distance: 0.8586160288492094
Average Dog Distance: 0.5472202629519479
Maximum Dog Distance: 0.8741511003659621
Average Sheep Distance: 0.3699615141651869
Maximum Sheep Distance: 0.5402042625491933
Elapsed Time: 5m 15s
********** 83 **********
Average Fitness: 0.20900000000000002
Maximum Fitness: 0.4333333333333333
Average Pen Distance: 0.5083450545694521
Maximum Pen Distance: 0.8586160288492094
Average Dog Distance: 0.5515604700973086
Maximum Dog Distance: 0.8741511003659621
Average Sheep Distance: 0.36900048601124724
Maximum Sheep Distance: 0.5402042625491933
Elapsed Time: 5m 11s
********** 84 **********
Average Fitness: 0.20900000000000005
Maximum Fitness: 0.4333333333333333
Average Pen Distance: 0.5107303340870415
Maximum Pen Distance: 0.8586160288492094
Average Dog Distance: 0.5526986616580856
Maximum Dog Distance: 0.8741511003659621
Average Sheep Distance: 0.3689733035482598
Maximum Sheep Distance: 0.5402042625491933
Elapsed Time: 5m 16s
********** 85 **********
Average Fitness: 0.213
Maximum Fitness: 0.4333333333333333
Average Pen Distance: 0.5035119237080945
Maximum Pen Distance: 0.8586160288492094
Average Dog Distance: 0.5397868563185356
Maximum Dog Distance: 0.8535222882977512
Average Sheep Distance: 0.3693318238269092
Maximum Sheep Distance: 0.5402042625491933
Elapsed Time: 5m 16s
********** 86 **********
Average Fitness: 0.212
Maximum Fitness: 0.4333333333333333
Average Pen Distance: 0.511506150230868
Maximum Pen Distance: 0.8687643672179649
Average Dog Distance: 0.5448222566056815
Maximum Dog Distance: 0.8535222882977512
Average Sheep Distance: 0.36972681429396514
Maximum Sheep Distance: 0.5402042625491933
Elapsed Time: 5m 17s
********** 87 **********
Average Fitness: 0.20800000000000005
Maximum Fitness: 0.4333333333333333
Average Pen Distance: 0.5156274784586288
Maximum Pen Distance: 0.8687643672179649
Average Dog Distance: 0.5438177242226955
Maximum Dog Distance: 0.8535222882977512
Average Sheep Distance: 0.3700864946466339
Maximum Sheep Distance: 0.5402042625491933
Elapsed Time: 5m 21s
********** 88 **********
Average Fitness: 0.20733333333333337
Maximum Fitness: 0.4333333333333333
Average Pen Distance: 0.5121404109964454
Maximum Pen Distance: 0.8687643672179649
Average Dog Distance: 0.5531320280082072
Maximum Dog Distance: 0.8939325890327637
Average Sheep Distance: 0.369086067210838
Maximum Sheep Distance: 0.5402042625491933
Elapsed Time: 5m 13s
********** 89 **********
Average Fitness: 0.20600000000000002
Maximum Fitness: 0.4333333333333333
Average Pen Distance: 0.5157098061627012
Maximum Pen Distance: 0.8687643672179649
Average Dog Distance: 0.5485145135490431
Maximum Dog Distance: 0.8939325890327637
Average Sheep Distance: 0.36988974865856716
Maximum Sheep Distance: 0.5402042625491933
Elapsed Time: 5m 16s
********** 90 **********
Average Fitness: 0.20733333333333334
Maximum Fitness: 0.4333333333333333
Average Pen Distance: 0.5130122371500722
Maximum Pen Distance: 0.8687643672179649
Average Dog Distance: 0.5461347649737046
Maximum Dog Distance: 0.8939325890327637
Average Sheep Distance: 0.3692978981436967
Maximum Sheep Distance: 0.5402042625491933
Elapsed Time: 5m 22s
********** 91 **********
Average Fitness: 0.20366666666666672
Maximum Fitness: 0.4333333333333333
Average Pen Distance: 0.5253797827437107
Maximum Pen Distance: 0.8687643672179649
Average Dog Distance: 0.5462714452392315
Maximum Dog Distance: 0.8939325890327637
Average Sheep Distance: 0.37261208683846336
Maximum Sheep Distance: 0.5402042625491933
Elapsed Time: 5m 16s
********** 92 **********
Average Fitness: 0.20833333333333331
Maximum Fitness: 0.4333333333333333
Average Pen Distance: 0.5210411145326117
Maximum Pen Distance: 0.8687643672179649
Average Dog Distance: 0.5456070052980714
Maximum Dog Distance: 0.8939325890327637
Average Sheep Distance: 0.3734393907885134
Maximum Sheep Distance: 0.5402042625491933
Elapsed Time: 5m 13s
********** 93 **********
Average Fitness: 0.20600000000000002
Maximum Fitness: 0.4333333333333333
Average Pen Distance: 0.5274745825254359
Maximum Pen Distance: 0.8687643672179649
Average Dog Distance: 0.5494071677887794
Maximum Dog Distance: 0.8939325890327637
Average Sheep Distance: 0.3740990860421947
Maximum Sheep Distance: 0.5402042625491933
Elapsed Time: 5m 26s
********** 94 **********
Average Fitness: 0.20733333333333331
Maximum Fitness: 0.4333333333333333
Average Pen Distance: 0.525156788191551
Maximum Pen Distance: 0.8687643672179649
Average Dog Distance: 0.5501897869420445
Maximum Dog Distance: 0.8939325890327637
Average Sheep Distance: 0.3738758229496712
Maximum Sheep Distance: 0.5402042625491933
Elapsed Time: 5m 13s
********** 95 **********
Average Fitness: 0.20400000000000001
Maximum Fitness: 0.4333333333333333
Average Pen Distance: 0.5265768700892269
Maximum Pen Distance: 0.8687643672179649
Average Dog Distance: 0.5509835681342864
Maximum Dog Distance: 0.8939325890327637
Average Sheep Distance: 0.3738573340436686
Maximum Sheep Distance: 0.5402042625491933
Elapsed Time: 5m 17s
********** 96 **********
Average Fitness: 0.20433333333333337
Maximum Fitness: 0.4333333333333333
Average Pen Distance: 0.5230427377266866
Maximum Pen Distance: 0.8687643672179649
Average Dog Distance: 0.5460470023926769
Maximum Dog Distance: 0.8939325890327637
Average Sheep Distance: 0.3709735489522592
Maximum Sheep Distance: 0.5402042625491933
Elapsed Time: 5m 13s
********** 97 **********
Average Fitness: 0.20833333333333337
Maximum Fitness: 0.4333333333333333
Average Pen Distance: 0.5206577747931093
Maximum Pen Distance: 0.8687643672179649
Average Dog Distance: 0.5540602058117386
Maximum Dog Distance: 0.8939325890327637
Average Sheep Distance: 0.37262746120728063
Maximum Sheep Distance: 0.5402042625491933
Elapsed Time: 5m 17s
********** 98 **********
Average Fitness: 0.20200000000000004
Maximum Fitness: 0.4333333333333333
Average Pen Distance: 0.5223107924958746
Maximum Pen Distance: 0.8687643672179649
Average Dog Distance: 0.5536155247226227
Maximum Dog Distance: 0.8939325890327637
Average Sheep Distance: 0.3701381949622649
Maximum Sheep Distance: 0.5402042625491933
Elapsed Time: 5m 11s
********** 99 **********
Average Fitness: 0.20133333333333336
Maximum Fitness: 0.4333333333333333
Average Pen Distance: 0.528957117503741
Maximum Pen Distance: 0.8687643672179649
Average Dog Distance: 0.5500702670955732
Maximum Dog Distance: 0.8939325890327637
Average Sheep Distance: 0.37120450690047646
Maximum Sheep Distance: 0.5402042625491933
Elapsed Time: 5m 15s
********** 100 **********
Average Fitness: 0.20066666666666666
Maximum Fitness: 0.4333333333333333
Average Pen Distance: 0.5253032957837441
Maximum Pen Distance: 0.8687643672179649
Average Dog Distance: 0.5483017462959352
Maximum Dog Distance: 0.8939325890327637
Average Sheep Distance: 0.3695216515174073
Maximum Sheep Distance: 0.5402042625491933
Elapsed Time: 5m 15s
