nproc is 1
cnode0119.cm.cluster
********** 1 **********
Average Fitness: 0.03266666666666666
Maximum Fitness: 0.18333333333333335
Average Pen Distance: 0.530503996800069
Maximum Pen Distance: 0.787435388284417
Average Dog Distance: 0.767232167216944
Maximum Dog Distance: 0.9763910738718709
Average Sheep Distance: 0.23084907143423217
Maximum Sheep Distance: 0.32165008834592745
Elapsed Time: 7m 58s
********** 2 **********
Average Fitness: 0.0405
Maximum Fitness: 0.18333333333333335
Average Pen Distance: 0.5265010098802598
Maximum Pen Distance: 0.8013399766570176
Average Dog Distance: 0.749654095624131
Maximum Dog Distance: 0.9763910738718709
Average Sheep Distance: 0.23499384533429343
Maximum Sheep Distance: 0.3236248620819281
Elapsed Time: 3m 53s
********** 3 **********
Average Fitness: 0.04466666666666666
Maximum Fitness: 0.18333333333333335
Average Pen Distance: 0.5317763193545623
Maximum Pen Distance: 0.8302543319728354
Average Dog Distance: 0.7461833140235911
Maximum Dog Distance: 0.9763910738718709
Average Sheep Distance: 0.2397333859042549
Maximum Sheep Distance: 0.3236248620819281
Elapsed Time: 4m 2s
********** 4 **********
Average Fitness: 0.04616666666666666
Maximum Fitness: 0.18333333333333335
Average Pen Distance: 0.548557691084341
Maximum Pen Distance: 0.8302543319728354
Average Dog Distance: 0.7441001143676489
Maximum Dog Distance: 0.9763910738718709
Average Sheep Distance: 0.2421156359429843
Maximum Sheep Distance: 0.35154487026293846
Elapsed Time: 4m 14s
********** 5 **********
Average Fitness: 0.048999999999999995
Maximum Fitness: 0.18333333333333335
Average Pen Distance: 0.5406962740557758
Maximum Pen Distance: 0.8302543319728354
Average Dog Distance: 0.7463697643858138
Maximum Dog Distance: 0.9763910738718709
Average Sheep Distance: 0.24240075673050065
Maximum Sheep Distance: 0.35154487026293846
Elapsed Time: 3m 56s
********** 6 **********
Average Fitness: 0.050333333333333334
Maximum Fitness: 0.18333333333333335
Average Pen Distance: 0.5410370093304695
Maximum Pen Distance: 0.8302543319728354
Average Dog Distance: 0.742792536336234
Maximum Dog Distance: 0.9763910738718709
Average Sheep Distance: 0.24174810413452466
Maximum Sheep Distance: 0.35154487026293846
Elapsed Time: 4m 2s
********** 7 **********
Average Fitness: 0.05233333333333334
Maximum Fitness: 0.18333333333333335
Average Pen Distance: 0.5404995087320056
Maximum Pen Distance: 0.8022153928032406
Average Dog Distance: 0.7336694874585179
Maximum Dog Distance: 0.9763910738718709
Average Sheep Distance: 0.24335196620056876
Maximum Sheep Distance: 0.35154487026293846
Elapsed Time: 4m 6s
********** 8 **********
Average Fitness: 0.05199999999999999
Maximum Fitness: 0.18333333333333335
Average Pen Distance: 0.5475095497438311
Maximum Pen Distance: 0.8013399766570176
Average Dog Distance: 0.7397303665247162
Maximum Dog Distance: 0.9763910738718709
Average Sheep Distance: 0.24937360319868718
Maximum Sheep Distance: 0.35154487026293846
Elapsed Time: 3m 48s
********** 9 **********
Average Fitness: 0.054000000000000006
Maximum Fitness: 0.18333333333333335
Average Pen Distance: 0.5499994977014098
Maximum Pen Distance: 0.8013399766570176
Average Dog Distance: 0.7345234425562777
Maximum Dog Distance: 0.9763910738718709
Average Sheep Distance: 0.25216585443782297
Maximum Sheep Distance: 0.35154487026293846
Elapsed Time: 4m 3s
********** 10 **********
Average Fitness: 0.055999999999999994
Maximum Fitness: 0.18333333333333335
Average Pen Distance: 0.5411956649887862
Maximum Pen Distance: 0.8013399766570176
Average Dog Distance: 0.7309628978043635
Maximum Dog Distance: 0.9763910738718709
Average Sheep Distance: 0.2509098385684537
Maximum Sheep Distance: 0.35154487026293846
Elapsed Time: 3m 59s
********** 11 **********
Average Fitness: 0.05750000000000001
Maximum Fitness: 0.18333333333333335
Average Pen Distance: 0.5478078297395521
Maximum Pen Distance: 0.8013399766570176
Average Dog Distance: 0.7330889434846766
Maximum Dog Distance: 0.9763910738718709
Average Sheep Distance: 0.24891924880170532
Maximum Sheep Distance: 0.35154487026293846
Elapsed Time: 4m 39s
********** 12 **********
Average Fitness: 0.061
Maximum Fitness: 0.18333333333333335
Average Pen Distance: 0.5403972758842087
Maximum Pen Distance: 0.8477512410831775
Average Dog Distance: 0.7252956422977127
Maximum Dog Distance: 0.9763910738718709
Average Sheep Distance: 0.24990652104584052
Maximum Sheep Distance: 0.35154487026293846
Elapsed Time: 3m 47s
********** 13 **********
Average Fitness: 0.06166666666666667
Maximum Fitness: 0.18333333333333335
Average Pen Distance: 0.5385870880800439
Maximum Pen Distance: 0.8477512410831775
Average Dog Distance: 0.7196878136541671
Maximum Dog Distance: 0.9763910738718709
Average Sheep Distance: 0.24760420837155692
Maximum Sheep Distance: 0.35154487026293846
Elapsed Time: 3m 57s
********** 14 **********
Average Fitness: 0.06049999999999999
Maximum Fitness: 0.18333333333333335
Average Pen Distance: 0.5508147795654458
Maximum Pen Distance: 0.8477512410831775
Average Dog Distance: 0.7174281586969421
Maximum Dog Distance: 0.9763910738718709
Average Sheep Distance: 0.24889066321357878
Maximum Sheep Distance: 0.35154487026293846
Elapsed Time: 3m 57s
********** 15 **********
Average Fitness: 0.06166666666666666
Maximum Fitness: 0.18333333333333335
Average Pen Distance: 0.5499860224323827
Maximum Pen Distance: 0.8477512410831775
Average Dog Distance: 0.7122021081534795
Maximum Dog Distance: 0.9763910738718709
Average Sheep Distance: 0.25107499398108263
Maximum Sheep Distance: 0.35154487026293846
Elapsed Time: 4m 19s
********** 16 **********
Average Fitness: 0.06366666666666666
Maximum Fitness: 0.18333333333333335
Average Pen Distance: 0.5495668113288386
Maximum Pen Distance: 0.8477512410831775
Average Dog Distance: 0.7140002250524106
Maximum Dog Distance: 0.9763910738718709
Average Sheep Distance: 0.2534203546134387
Maximum Sheep Distance: 0.35154487026293846
Elapsed Time: 3m 48s
********** 17 **********
Average Fitness: 0.06583333333333333
Maximum Fitness: 0.18333333333333335
Average Pen Distance: 0.5541270486206807
Maximum Pen Distance: 0.8477512410831775
Average Dog Distance: 0.7094061183434798
Maximum Dog Distance: 0.9763910738718709
Average Sheep Distance: 0.25400306810377343
Maximum Sheep Distance: 0.35154487026293846
Elapsed Time: 4m 28s
********** 18 **********
Average Fitness: 0.06533333333333333
Maximum Fitness: 0.18333333333333335
Average Pen Distance: 0.550756056226286
Maximum Pen Distance: 0.8477512410831775
Average Dog Distance: 0.7099037454234659
Maximum Dog Distance: 0.9763910738718709
Average Sheep Distance: 0.25146194917303694
Maximum Sheep Distance: 0.35154487026293846
Elapsed Time: 4m 0s
********** 19 **********
Average Fitness: 0.06533333333333333
Maximum Fitness: 0.18333333333333335
Average Pen Distance: 0.5481451516041298
Maximum Pen Distance: 0.8477512410831775
Average Dog Distance: 0.7071091457507069
Maximum Dog Distance: 0.9763910738718709
Average Sheep Distance: 0.24844161062582976
Maximum Sheep Distance: 0.33977075379930327
Elapsed Time: 3m 58s
********** 20 **********
Average Fitness: 0.06449999999999999
Maximum Fitness: 0.18333333333333335
Average Pen Distance: 0.5576617986780018
Maximum Pen Distance: 0.8477512410831775
Average Dog Distance: 0.702035942683398
Maximum Dog Distance: 0.9763910738718709
Average Sheep Distance: 0.24964815411422542
Maximum Sheep Distance: 0.33977075379930327
Elapsed Time: 3m 55s
********** 21 **********
Average Fitness: 0.06499999999999999
Maximum Fitness: 0.18333333333333335
Average Pen Distance: 0.5584218520848616
Maximum Pen Distance: 0.8477512410831775
Average Dog Distance: 0.6997979794485658
Maximum Dog Distance: 0.9763910738718709
Average Sheep Distance: 0.24994553665133953
Maximum Sheep Distance: 0.33977075379930327
Elapsed Time: 4m 5s
********** 22 **********
Average Fitness: 0.06583333333333334
Maximum Fitness: 0.18333333333333335
Average Pen Distance: 0.553319759283389
Maximum Pen Distance: 0.8477512410831775
Average Dog Distance: 0.6979526189368466
Maximum Dog Distance: 0.9763910738718709
Average Sheep Distance: 0.249538955269573
Maximum Sheep Distance: 0.33977075379930327
Elapsed Time: 4m 0s
********** 23 **********
Average Fitness: 0.06583333333333333
Maximum Fitness: 0.18333333333333335
Average Pen Distance: 0.5548105049779757
Maximum Pen Distance: 0.8477512410831775
Average Dog Distance: 0.7018540546089926
Maximum Dog Distance: 0.9763910738718709
Average Sheep Distance: 0.24989979410977955
Maximum Sheep Distance: 0.33977075379930327
Elapsed Time: 3m 42s
********** 24 **********
Average Fitness: 0.06766666666666667
Maximum Fitness: 0.18333333333333335
Average Pen Distance: 0.5529667399850587
Maximum Pen Distance: 0.8477512410831775
Average Dog Distance: 0.6972509103494514
Maximum Dog Distance: 0.9715257636294949
Average Sheep Distance: 0.24907603120100405
Maximum Sheep Distance: 0.33977075379930327
Elapsed Time: 4m 27s
********** 25 **********
Average Fitness: 0.06749999999999999
Maximum Fitness: 0.18333333333333335
Average Pen Distance: 0.5542604530352558
Maximum Pen Distance: 0.8477512410831775
Average Dog Distance: 0.6996038832065181
Maximum Dog Distance: 0.9715257636294949
Average Sheep Distance: 0.24460084193169856
Maximum Sheep Distance: 0.3358036764492977
Elapsed Time: 3m 41s
********** 26 **********
Average Fitness: 0.06766666666666667
Maximum Fitness: 0.18333333333333335
Average Pen Distance: 0.5574096702596719
Maximum Pen Distance: 0.8477512410831775
Average Dog Distance: 0.6929796207802197
Maximum Dog Distance: 0.9715257636294949
Average Sheep Distance: 0.24530648127063898
Maximum Sheep Distance: 0.3241492539978707
Elapsed Time: 4m 16s
********** 27 **********
Average Fitness: 0.06883333333333334
Maximum Fitness: 0.18333333333333335
Average Pen Distance: 0.5624021566375054
Maximum Pen Distance: 0.8477512410831775
Average Dog Distance: 0.6949542138557778
Maximum Dog Distance: 0.9715257636294949
Average Sheep Distance: 0.2462182056612617
Maximum Sheep Distance: 0.3241492539978707
Elapsed Time: 4m 5s
********** 28 **********
Average Fitness: 0.068
Maximum Fitness: 0.18333333333333335
Average Pen Distance: 0.5609504922219126
Maximum Pen Distance: 0.8477512410831775
Average Dog Distance: 0.6939865632742445
Maximum Dog Distance: 0.9715257636294949
Average Sheep Distance: 0.24896706356338238
Maximum Sheep Distance: 0.38217378081411707
Elapsed Time: 4m 12s
********** 29 **********
Average Fitness: 0.06749999999999999
Maximum Fitness: 0.18333333333333335
Average Pen Distance: 0.5576555057426489
Maximum Pen Distance: 0.8477512410831775
Average Dog Distance: 0.6925564785721544
Maximum Dog Distance: 0.9715257636294949
Average Sheep Distance: 0.2475485837663045
Maximum Sheep Distance: 0.38217378081411707
Elapsed Time: 3m 50s
********** 30 **********
Average Fitness: 0.06899999999999999
Maximum Fitness: 0.18333333333333335
Average Pen Distance: 0.5553973351934586
Maximum Pen Distance: 0.8477512410831775
Average Dog Distance: 0.6819580738913378
Maximum Dog Distance: 0.9715257636294949
Average Sheep Distance: 0.2500254246147278
Maximum Sheep Distance: 0.38217378081411707
Elapsed Time: 3m 50s
********** 31 **********
Average Fitness: 0.06666666666666667
Maximum Fitness: 0.18333333333333335
Average Pen Distance: 0.5564210702387096
Maximum Pen Distance: 0.8477512410831775
Average Dog Distance: 0.6789029284287573
Maximum Dog Distance: 0.9715257636294949
Average Sheep Distance: 0.24865812944646856
Maximum Sheep Distance: 0.38217378081411707
Elapsed Time: 4m 10s
********** 32 **********
Average Fitness: 0.06633333333333334
Maximum Fitness: 0.18333333333333335
Average Pen Distance: 0.5487309713208893
Maximum Pen Distance: 0.8477512410831775
Average Dog Distance: 0.6754346782857461
Maximum Dog Distance: 0.9715257636294949
Average Sheep Distance: 0.24830835707282756
Maximum Sheep Distance: 0.38217378081411707
Elapsed Time: 3m 39s
********** 33 **********
Average Fitness: 0.067
Maximum Fitness: 0.18333333333333335
Average Pen Distance: 0.545279090146084
Maximum Pen Distance: 0.8477512410831775
Average Dog Distance: 0.6760937130172358
Maximum Dog Distance: 0.9715257636294949
Average Sheep Distance: 0.24911687530881885
Maximum Sheep Distance: 0.38217378081411707
Elapsed Time: 3m 49s
********** 34 **********
Average Fitness: 0.06666666666666667
Maximum Fitness: 0.18333333333333335
Average Pen Distance: 0.5397655687671674
Maximum Pen Distance: 0.8477512410831775
Average Dog Distance: 0.6654740008619854
Maximum Dog Distance: 0.9715257636294949
Average Sheep Distance: 0.24965047102373195
Maximum Sheep Distance: 0.38217378081411707
Elapsed Time: 3m 48s
********** 35 **********
Average Fitness: 0.06766666666666667
Maximum Fitness: 0.18333333333333335
Average Pen Distance: 0.5461962135384438
Maximum Pen Distance: 0.8477512410831775
Average Dog Distance: 0.6674671047215299
Maximum Dog Distance: 0.9715257636294949
Average Sheep Distance: 0.25192512761972435
Maximum Sheep Distance: 0.38217378081411707
Elapsed Time: 3m 37s
********** 36 **********
Average Fitness: 0.06933333333333333
Maximum Fitness: 0.18333333333333335
Average Pen Distance: 0.5475713978375661
Maximum Pen Distance: 0.8704266005528196
Average Dog Distance: 0.6721284255927595
Maximum Dog Distance: 0.9715257636294949
Average Sheep Distance: 0.2532117251467134
Maximum Sheep Distance: 0.38217378081411707
Elapsed Time: 3m 47s
********** 37 **********
Average Fitness: 0.0705
Maximum Fitness: 0.18333333333333335
Average Pen Distance: 0.5401664633488661
Maximum Pen Distance: 0.8704266005528196
Average Dog Distance: 0.6688107644366608
Maximum Dog Distance: 0.9715257636294949
Average Sheep Distance: 0.2529231653217037
Maximum Sheep Distance: 0.38217378081411707
Elapsed Time: 3m 47s
********** 38 **********
Average Fitness: 0.07066666666666667
Maximum Fitness: 0.18333333333333335
Average Pen Distance: 0.5411887409534568
Maximum Pen Distance: 0.8704266005528196
Average Dog Distance: 0.6707270921241733
Maximum Dog Distance: 0.9715257636294949
Average Sheep Distance: 0.25278076363483915
Maximum Sheep Distance: 0.38217378081411707
Elapsed Time: 4m 5s
********** 39 **********
Average Fitness: 0.07116666666666667
Maximum Fitness: 0.18333333333333335
Average Pen Distance: 0.5466866514304847
Maximum Pen Distance: 0.8704266005528196
Average Dog Distance: 0.6775484390059264
Maximum Dog Distance: 0.9715257636294949
Average Sheep Distance: 0.25009511232470877
Maximum Sheep Distance: 0.38217378081411707
Elapsed Time: 4m 6s
********** 40 **********
Average Fitness: 0.07066666666666667
Maximum Fitness: 0.18333333333333335
Average Pen Distance: 0.5497033316368929
Maximum Pen Distance: 0.8704266005528196
Average Dog Distance: 0.6736355093849998
Maximum Dog Distance: 0.9715257636294949
Average Sheep Distance: 0.2507719363998066
Maximum Sheep Distance: 0.38217378081411707
Elapsed Time: 4m 6s
********** 41 **********
Average Fitness: 0.07266666666666667
Maximum Fitness: 0.18333333333333335
Average Pen Distance: 0.5516113732667246
Maximum Pen Distance: 0.8704266005528196
Average Dog Distance: 0.6728384693033411
Maximum Dog Distance: 0.9715257636294949
Average Sheep Distance: 0.2531338175783868
Maximum Sheep Distance: 0.38217378081411707
Elapsed Time: 3m 38s
********** 42 **********
Average Fitness: 0.07533333333333334
Maximum Fitness: 0.18333333333333335
Average Pen Distance: 0.5440496040578067
Maximum Pen Distance: 0.8704266005528196
Average Dog Distance: 0.6752004132692163
Maximum Dog Distance: 0.9715257636294949
Average Sheep Distance: 0.25365307741351883
Maximum Sheep Distance: 0.38217378081411707
Elapsed Time: 3m 47s
********** 43 **********
Average Fitness: 0.07566666666666666
Maximum Fitness: 0.18333333333333335
Average Pen Distance: 0.5412704425579672
Maximum Pen Distance: 0.8704266005528196
Average Dog Distance: 0.6741754776160811
Maximum Dog Distance: 0.9715257636294949
Average Sheep Distance: 0.2524318622452926
Maximum Sheep Distance: 0.38217378081411707
Elapsed Time: 4m 8s
********** 44 **********
Average Fitness: 0.07633333333333332
Maximum Fitness: 0.18333333333333335
Average Pen Distance: 0.5482183126845759
Maximum Pen Distance: 0.8704266005528196
Average Dog Distance: 0.6761150096577324
Maximum Dog Distance: 0.9715257636294949
Average Sheep Distance: 0.2526151001583159
Maximum Sheep Distance: 0.38217378081411707
Elapsed Time: 3m 48s
********** 45 **********
Average Fitness: 0.07766666666666668
Maximum Fitness: 0.18333333333333335
Average Pen Distance: 0.5540635904137141
Maximum Pen Distance: 0.8704266005528196
Average Dog Distance: 0.6787958690150023
Maximum Dog Distance: 0.9715257636294949
Average Sheep Distance: 0.2512275601397372
Maximum Sheep Distance: 0.38217378081411707
Elapsed Time: 4m 4s
********** 46 **********
Average Fitness: 0.07966666666666666
Maximum Fitness: 0.18333333333333335
Average Pen Distance: 0.5395818664725802
Maximum Pen Distance: 0.8732984517474159
Average Dog Distance: 0.6760380312347207
Maximum Dog Distance: 0.9715257636294949
Average Sheep Distance: 0.2533228510539383
Maximum Sheep Distance: 0.38217378081411707
Elapsed Time: 4m 14s
********** 47 **********
Average Fitness: 0.07933333333333333
Maximum Fitness: 0.18333333333333335
Average Pen Distance: 0.5391772171777894
Maximum Pen Distance: 0.8732984517474159
Average Dog Distance: 0.6810154805757168
Maximum Dog Distance: 0.9715257636294949
Average Sheep Distance: 0.251836978552965
Maximum Sheep Distance: 0.38217378081411707
Elapsed Time: 3m 44s
********** 48 **********
Average Fitness: 0.08033333333333333
Maximum Fitness: 0.18333333333333335
Average Pen Distance: 0.5459858513006516
Maximum Pen Distance: 0.8796741191502213
Average Dog Distance: 0.6817545924076137
Maximum Dog Distance: 0.9715257636294949
Average Sheep Distance: 0.25460689454477736
Maximum Sheep Distance: 0.38217378081411707
Elapsed Time: 3m 55s
********** 49 **********
Average Fitness: 0.08066666666666666
Maximum Fitness: 0.18333333333333335
Average Pen Distance: 0.5437094339438571
Maximum Pen Distance: 0.8830376437973508
Average Dog Distance: 0.6784827521216903
Maximum Dog Distance: 0.9715257636294949
Average Sheep Distance: 0.2549858233489331
Maximum Sheep Distance: 0.38217378081411707
Elapsed Time: 4m 18s
********** 50 **********
Average Fitness: 0.0785
Maximum Fitness: 0.18333333333333335
Average Pen Distance: 0.5551543431497779
Maximum Pen Distance: 0.8830376437973508
Average Dog Distance: 0.683537102752016
Maximum Dog Distance: 0.9715257636294949
Average Sheep Distance: 0.24899505762344024
Maximum Sheep Distance: 0.38217378081411707
Elapsed Time: 3m 50s
********** 51 **********
Average Fitness: 0.08066666666666668
Maximum Fitness: 0.18333333333333335
Average Pen Distance: 0.5515192481416277
Maximum Pen Distance: 0.8796741191502213
Average Dog Distance: 0.6876836220935832
Maximum Dog Distance: 0.9715257636294949
Average Sheep Distance: 0.25023499867600846
Maximum Sheep Distance: 0.38217378081411707
Elapsed Time: 4m 2s
********** 52 **********
Average Fitness: 0.08283333333333333
Maximum Fitness: 0.18333333333333335
Average Pen Distance: 0.5425988022248663
Maximum Pen Distance: 0.8796741191502213
Average Dog Distance: 0.6869835010469519
Maximum Dog Distance: 0.9715257636294949
Average Sheep Distance: 0.2514304873159549
Maximum Sheep Distance: 0.38217378081411707
Elapsed Time: 4m 1s
********** 53 **********
Average Fitness: 0.08333333333333334
Maximum Fitness: 0.18333333333333335
Average Pen Distance: 0.5479043335607033
Maximum Pen Distance: 0.8796741191502213
Average Dog Distance: 0.6875081914486485
Maximum Dog Distance: 0.9715257636294949
Average Sheep Distance: 0.25131694741048705
Maximum Sheep Distance: 0.38217378081411707
Elapsed Time: 4m 16s
********** 54 **********
Average Fitness: 0.0825
Maximum Fitness: 0.18333333333333335
Average Pen Distance: 0.546335926605038
Maximum Pen Distance: 0.8796741191502213
Average Dog Distance: 0.6912939864395304
Maximum Dog Distance: 0.9715257636294949
Average Sheep Distance: 0.2505537027846221
Maximum Sheep Distance: 0.38217378081411707
Elapsed Time: 4m 37s
********** 55 **********
Average Fitness: 0.07966666666666666
Maximum Fitness: 0.18333333333333335
Average Pen Distance: 0.5528646765891032
Maximum Pen Distance: 0.8796741191502213
Average Dog Distance: 0.6831130627142228
Maximum Dog Distance: 0.9715257636294949
Average Sheep Distance: 0.2521296457345285
Maximum Sheep Distance: 0.38217378081411707
Elapsed Time: 4m 4s
********** 56 **********
Average Fitness: 0.07983333333333334
Maximum Fitness: 0.18333333333333335
Average Pen Distance: 0.5499198401139251
Maximum Pen Distance: 0.8796741191502213
Average Dog Distance: 0.6763733193373818
Maximum Dog Distance: 0.9715257636294949
Average Sheep Distance: 0.25296075332104834
Maximum Sheep Distance: 0.38217378081411707
Elapsed Time: 4m 2s
********** 57 **********
Average Fitness: 0.08133333333333333
Maximum Fitness: 0.2333333333333333
Average Pen Distance: 0.5531310774306205
Maximum Pen Distance: 0.8704266005528196
Average Dog Distance: 0.678638071600933
Maximum Dog Distance: 0.9715257636294949
Average Sheep Distance: 0.2509361329043029
Maximum Sheep Distance: 0.38217378081411707
Elapsed Time: 3m 54s
********** 58 **********
Average Fitness: 0.08083333333333334
Maximum Fitness: 0.2333333333333333
Average Pen Distance: 0.5612899400993726
Maximum Pen Distance: 0.8704266005528196
Average Dog Distance: 0.6810185647329408
Maximum Dog Distance: 0.9715257636294949
Average Sheep Distance: 0.251870343881239
Maximum Sheep Distance: 0.38217378081411707
Elapsed Time: 4m 10s
********** 59 **********
Average Fitness: 0.07966666666666666
Maximum Fitness: 0.2333333333333333
Average Pen Distance: 0.5588572155055652
Maximum Pen Distance: 0.8704266005528196
Average Dog Distance: 0.6722300343793947
Maximum Dog Distance: 0.9670470088818397
Average Sheep Distance: 0.25098603823353727
Maximum Sheep Distance: 0.38217378081411707
Elapsed Time: 3m 53s
********** 60 **********
Average Fitness: 0.081
Maximum Fitness: 0.2333333333333333
Average Pen Distance: 0.5618382507437861
Maximum Pen Distance: 0.8704266005528196
Average Dog Distance: 0.6698766591650788
Maximum Dog Distance: 0.9670470088818397
Average Sheep Distance: 0.25156959401822154
Maximum Sheep Distance: 0.38217378081411707
Elapsed Time: 4m 9s
********** 61 **********
Average Fitness: 0.0805
Maximum Fitness: 0.2333333333333333
Average Pen Distance: 0.5583689669493933
Maximum Pen Distance: 0.9208822607747744
Average Dog Distance: 0.660998901198161
Maximum Dog Distance: 0.9670470088818397
Average Sheep Distance: 0.2518902666185441
Maximum Sheep Distance: 0.38217378081411707
Elapsed Time: 4m 30s
********** 62 **********
Average Fitness: 0.08083333333333334
Maximum Fitness: 0.2333333333333333
Average Pen Distance: 0.5594572955907839
Maximum Pen Distance: 0.9208822607747744
Average Dog Distance: 0.6590799324959369
Maximum Dog Distance: 0.9670470088818397
Average Sheep Distance: 0.2541552613354729
Maximum Sheep Distance: 0.38217378081411707
Elapsed Time: 3m 57s
********** 63 **********
Average Fitness: 0.08083333333333335
Maximum Fitness: 0.2333333333333333
Average Pen Distance: 0.5571953976441731
Maximum Pen Distance: 0.9501156051892886
Average Dog Distance: 0.6499101397798708
Maximum Dog Distance: 0.9670470088818397
Average Sheep Distance: 0.2533594896889266
Maximum Sheep Distance: 0.38217378081411707
Elapsed Time: 3m 48s
********** 64 **********
Average Fitness: 0.07700000000000001
Maximum Fitness: 0.2333333333333333
Average Pen Distance: 0.5639728462584336
Maximum Pen Distance: 0.9501156051892886
Average Dog Distance: 0.643438578359873
Maximum Dog Distance: 0.9670470088818397
Average Sheep Distance: 0.2560101452659112
Maximum Sheep Distance: 0.38217378081411707
Elapsed Time: 4m 10s
********** 65 **********
Average Fitness: 0.07783333333333334
Maximum Fitness: 0.2333333333333333
Average Pen Distance: 0.5557816500327353
Maximum Pen Distance: 0.9501156051892886
Average Dog Distance: 0.6386779010011314
Maximum Dog Distance: 0.9670470088818397
Average Sheep Distance: 0.25683262969526804
Maximum Sheep Distance: 0.38217378081411707
Elapsed Time: 4m 24s
********** 66 **********
Average Fitness: 0.07950000000000002
Maximum Fitness: 0.2333333333333333
Average Pen Distance: 0.5524995433462021
Maximum Pen Distance: 0.9501156051892886
Average Dog Distance: 0.6413178300538792
Maximum Dog Distance: 0.9670470088818397
Average Sheep Distance: 0.2572869391371239
Maximum Sheep Distance: 0.38217378081411707
Elapsed Time: 3m 43s
********** 67 **********
Average Fitness: 0.08066666666666668
Maximum Fitness: 0.2333333333333333
Average Pen Distance: 0.5525448918570136
Maximum Pen Distance: 0.9501156051892886
Average Dog Distance: 0.6364114985271035
Maximum Dog Distance: 0.9670470088818397
Average Sheep Distance: 0.25855296331846345
Maximum Sheep Distance: 0.38217378081411707
Elapsed Time: 3m 46s
********** 68 **********
Average Fitness: 0.08066666666666668
Maximum Fitness: 0.2333333333333333
Average Pen Distance: 0.5592865832638414
Maximum Pen Distance: 0.9501156051892886
Average Dog Distance: 0.6459535321842874
Maximum Dog Distance: 0.9670470088818397
Average Sheep Distance: 0.25732292158312636
Maximum Sheep Distance: 0.38217378081411707
Elapsed Time: 4m 15s
********** 69 **********
Average Fitness: 0.08166666666666669
Maximum Fitness: 0.2333333333333333
Average Pen Distance: 0.5591859819953366
Maximum Pen Distance: 0.9501156051892886
Average Dog Distance: 0.6503468313278716
Maximum Dog Distance: 0.9670470088818397
Average Sheep Distance: 0.2566783533047071
Maximum Sheep Distance: 0.38351803213062235
Elapsed Time: 4m 15s
********** 70 **********
Average Fitness: 0.08033333333333333
Maximum Fitness: 0.2333333333333333
Average Pen Distance: 0.5734750424946491
Maximum Pen Distance: 0.9501156051892886
Average Dog Distance: 0.653354549678559
Maximum Dog Distance: 0.9750367042514693
Average Sheep Distance: 0.2585061231532585
Maximum Sheep Distance: 0.38351803213062235
Elapsed Time: 4m 19s
********** 71 **********
Average Fitness: 0.08183333333333337
Maximum Fitness: 0.2333333333333333
Average Pen Distance: 0.5645505823298929
Maximum Pen Distance: 0.9501156051892886
Average Dog Distance: 0.6352354028883058
Maximum Dog Distance: 0.9509879157745272
Average Sheep Distance: 0.2562942069667318
Maximum Sheep Distance: 0.38351803213062235
Elapsed Time: 4m 4s
********** 72 **********
Average Fitness: 0.08383333333333337
Maximum Fitness: 0.2333333333333333
Average Pen Distance: 0.5644955222692866
Maximum Pen Distance: 0.9501156051892886
Average Dog Distance: 0.6443324842217641
Maximum Dog Distance: 0.9509879157745272
Average Sheep Distance: 0.25542237221428526
Maximum Sheep Distance: 0.38351803213062235
Elapsed Time: 4m 15s
********** 73 **********
Average Fitness: 0.08150000000000002
Maximum Fitness: 0.2333333333333333
Average Pen Distance: 0.5683835852117844
Maximum Pen Distance: 0.9501156051892886
Average Dog Distance: 0.6457945483539212
Maximum Dog Distance: 0.9509879157745272
Average Sheep Distance: 0.25640618006297994
Maximum Sheep Distance: 0.38351803213062235
Elapsed Time: 4m 1s
********** 74 **********
Average Fitness: 0.08133333333333334
Maximum Fitness: 0.2333333333333333
Average Pen Distance: 0.5704544465476772
Maximum Pen Distance: 0.9501156051892886
Average Dog Distance: 0.6440590501783903
Maximum Dog Distance: 0.9509879157745272
Average Sheep Distance: 0.25900245586552545
Maximum Sheep Distance: 0.38351803213062235
Elapsed Time: 4m 4s
********** 75 **********
Average Fitness: 0.08133333333333337
Maximum Fitness: 0.2333333333333333
Average Pen Distance: 0.5605991313569555
Maximum Pen Distance: 0.9501156051892886
Average Dog Distance: 0.6439355469116929
Maximum Dog Distance: 0.9509879157745272
Average Sheep Distance: 0.2539566016773057
Maximum Sheep Distance: 0.38351803213062235
Elapsed Time: 4m 8s
********** 76 **********
Average Fitness: 0.08166666666666668
Maximum Fitness: 0.2333333333333333
Average Pen Distance: 0.5656427932154683
Maximum Pen Distance: 0.9501156051892886
Average Dog Distance: 0.6397268582189751
Maximum Dog Distance: 0.9509879157745272
Average Sheep Distance: 0.25613536382882307
Maximum Sheep Distance: 0.38351803213062235
Elapsed Time: 3m 40s
********** 77 **********
Average Fitness: 0.08150000000000002
Maximum Fitness: 0.2333333333333333
Average Pen Distance: 0.5545489349458541
Maximum Pen Distance: 0.9501156051892886
Average Dog Distance: 0.6379761202336944
Maximum Dog Distance: 0.9509879157745272
Average Sheep Distance: 0.2557895216251622
Maximum Sheep Distance: 0.38351803213062235
Elapsed Time: 3m 56s
********** 78 **********
Average Fitness: 0.08433333333333337
Maximum Fitness: 0.2333333333333333
Average Pen Distance: 0.5551842218779371
Maximum Pen Distance: 0.9501156051892886
Average Dog Distance: 0.6200379929333342
Maximum Dog Distance: 0.9509879157745272
Average Sheep Distance: 0.2588297203379487
Maximum Sheep Distance: 0.38351803213062235
Elapsed Time: 4m 8s
********** 79 **********
Average Fitness: 0.08550000000000002
Maximum Fitness: 0.2333333333333333
Average Pen Distance: 0.5583755393300933
Maximum Pen Distance: 0.9501156051892886
Average Dog Distance: 0.6242256694197406
Maximum Dog Distance: 0.9509879157745272
Average Sheep Distance: 0.25788540268113846
Maximum Sheep Distance: 0.38351803213062235
Elapsed Time: 4m 9s
********** 80 **********
Average Fitness: 0.08550000000000002
Maximum Fitness: 0.2333333333333333
Average Pen Distance: 0.561537644530892
Maximum Pen Distance: 0.9501156051892886
Average Dog Distance: 0.6228811476159046
Maximum Dog Distance: 0.9509879157745272
Average Sheep Distance: 0.2560995485888355
Maximum Sheep Distance: 0.38351803213062235
Elapsed Time: 4m 0s
********** 81 **********
Average Fitness: 0.08583333333333337
Maximum Fitness: 0.2333333333333333
Average Pen Distance: 0.5568756635043494
Maximum Pen Distance: 0.9501156051892886
Average Dog Distance: 0.6198860877996739
Maximum Dog Distance: 0.9509879157745272
Average Sheep Distance: 0.2554904803923763
Maximum Sheep Distance: 0.38351803213062235
Elapsed Time: 4m 26s
********** 82 **********
Average Fitness: 0.08616666666666668
Maximum Fitness: 0.2333333333333333
Average Pen Distance: 0.5625675332617032
Maximum Pen Distance: 0.9501156051892886
Average Dog Distance: 0.6173242020940619
Maximum Dog Distance: 0.9509879157745272
Average Sheep Distance: 0.25842788262572935
Maximum Sheep Distance: 0.38351803213062235
Elapsed Time: 4m 28s
********** 83 **********
Average Fitness: 0.08783333333333335
Maximum Fitness: 0.2333333333333333
Average Pen Distance: 0.5563177814904922
Maximum Pen Distance: 0.9501156051892886
Average Dog Distance: 0.6189191339797118
Maximum Dog Distance: 0.9509879157745272
Average Sheep Distance: 0.25785273116521773
Maximum Sheep Distance: 0.38351803213062235
Elapsed Time: 4m 2s
********** 84 **********
Average Fitness: 0.09066666666666669
Maximum Fitness: 0.2333333333333333
Average Pen Distance: 0.5557425144274922
Maximum Pen Distance: 0.9501156051892886
Average Dog Distance: 0.6214380325249382
Maximum Dog Distance: 0.9509879157745272
Average Sheep Distance: 0.25780265523362744
Maximum Sheep Distance: 0.38351803213062235
Elapsed Time: 3m 57s
********** 85 **********
Average Fitness: 0.09050000000000002
Maximum Fitness: 0.2333333333333333
Average Pen Distance: 0.5630772153596993
Maximum Pen Distance: 0.9501156051892886
Average Dog Distance: 0.628516676232429
Maximum Dog Distance: 0.9509879157745272
Average Sheep Distance: 0.25665262701244884
Maximum Sheep Distance: 0.38351803213062235
Elapsed Time: 3m 54s
********** 86 **********
Average Fitness: 0.09016666666666667
Maximum Fitness: 0.2333333333333333
Average Pen Distance: 0.5661219589518105
Maximum Pen Distance: 0.9501156051892886
Average Dog Distance: 0.6227639201398195
Maximum Dog Distance: 0.9488242063317145
Average Sheep Distance: 0.25618287079721896
Maximum Sheep Distance: 0.38351803213062235
Elapsed Time: 4m 8s
********** 87 **********
Average Fitness: 0.0876666666666667
Maximum Fitness: 0.2333333333333333
Average Pen Distance: 0.5776716177775377
Maximum Pen Distance: 0.9501156051892886
Average Dog Distance: 0.6190262624756027
Maximum Dog Distance: 0.9488242063317145
Average Sheep Distance: 0.2574965478830576
Maximum Sheep Distance: 0.3880844449029186
Elapsed Time: 4m 12s
********** 88 **********
Average Fitness: 0.09100000000000001
Maximum Fitness: 0.2333333333333333
Average Pen Distance: 0.5713104430378659
Maximum Pen Distance: 0.9501156051892886
Average Dog Distance: 0.6314668321669622
Maximum Dog Distance: 0.9488242063317145
Average Sheep Distance: 0.25625404975099675
Maximum Sheep Distance: 0.3880844449029186
Elapsed Time: 4m 1s
********** 89 **********
Average Fitness: 0.09183333333333335
Maximum Fitness: 0.2333333333333333
Average Pen Distance: 0.5687827042515914
Maximum Pen Distance: 0.9501156051892886
Average Dog Distance: 0.6292689526649945
Maximum Dog Distance: 0.9488242063317145
Average Sheep Distance: 0.2563529174233803
Maximum Sheep Distance: 0.3880844449029186
Elapsed Time: 4m 6s
********** 90 **********
Average Fitness: 0.09383333333333332
Maximum Fitness: 0.2333333333333333
Average Pen Distance: 0.5644773309604435
Maximum Pen Distance: 0.9501156051892886
Average Dog Distance: 0.6213688467368427
Maximum Dog Distance: 0.9488242063317145
Average Sheep Distance: 0.25700058405174425
Maximum Sheep Distance: 0.3880844449029186
Elapsed Time: 3m 57s
********** 91 **********
Average Fitness: 0.0925
Maximum Fitness: 0.2333333333333333
Average Pen Distance: 0.5695703882526281
Maximum Pen Distance: 0.9501156051892886
Average Dog Distance: 0.622903453483188
Maximum Dog Distance: 0.9488242063317145
Average Sheep Distance: 0.25486116264888137
Maximum Sheep Distance: 0.3880844449029186
Elapsed Time: 4m 13s
********** 92 **********
Average Fitness: 0.09500000000000001
Maximum Fitness: 0.2833333333333333
Average Pen Distance: 0.5660012500522792
Maximum Pen Distance: 0.9501156051892886
Average Dog Distance: 0.6176251734127052
Maximum Dog Distance: 0.9488242063317145
Average Sheep Distance: 0.2566745131174045
Maximum Sheep Distance: 0.3880844449029186
Elapsed Time: 3m 50s
********** 93 **********
Average Fitness: 0.09616666666666669
Maximum Fitness: 0.2833333333333333
Average Pen Distance: 0.5645270423207277
Maximum Pen Distance: 0.9501156051892886
Average Dog Distance: 0.6148929792453416
Maximum Dog Distance: 0.9488242063317145
Average Sheep Distance: 0.2579502350484508
Maximum Sheep Distance: 0.3880844449029186
Elapsed Time: 4m 2s
********** 94 **********
Average Fitness: 0.09616666666666669
Maximum Fitness: 0.2833333333333333
Average Pen Distance: 0.5643100076805374
Maximum Pen Distance: 0.9501156051892886
Average Dog Distance: 0.6158715681360664
Maximum Dog Distance: 0.9488242063317145
Average Sheep Distance: 0.25875289274446667
Maximum Sheep Distance: 0.3880844449029186
Elapsed Time: 4m 8s
********** 95 **********
Average Fitness: 0.09633333333333334
Maximum Fitness: 0.2833333333333333
Average Pen Distance: 0.5653938859257512
Maximum Pen Distance: 0.9501156051892886
Average Dog Distance: 0.6162700855538317
Maximum Dog Distance: 0.9488242063317145
Average Sheep Distance: 0.2586761539325395
Maximum Sheep Distance: 0.3880844449029186
Elapsed Time: 27m 43s
********** 96 **********
Average Fitness: 0.09600000000000003
Maximum Fitness: 0.2833333333333333
Average Pen Distance: 0.5700289518878175
Maximum Pen Distance: 0.9501156051892886
Average Dog Distance: 0.6194403181324922
Maximum Dog Distance: 0.9488242063317145
Average Sheep Distance: 0.25960789904901027
Maximum Sheep Distance: 0.3880844449029186
Elapsed Time: 3m 54s
********** 97 **********
Average Fitness: 0.095
Maximum Fitness: 0.2833333333333333
Average Pen Distance: 0.5612045800686017
Maximum Pen Distance: 0.9578027710366271
Average Dog Distance: 0.6148307062340125
Maximum Dog Distance: 0.9488242063317145
Average Sheep Distance: 0.25991459176509113
Maximum Sheep Distance: 0.3880844449029186
Elapsed Time: 3m 57s
********** 98 **********
Average Fitness: 0.09733333333333334
Maximum Fitness: 0.2833333333333333
Average Pen Distance: 0.5622491448682436
Maximum Pen Distance: 0.9578027710366271
Average Dog Distance: 0.6108697037496768
Maximum Dog Distance: 0.9488242063317145
Average Sheep Distance: 0.25966202587618264
Maximum Sheep Distance: 0.38351803213062235
Elapsed Time: 3m 45s
********** 99 **********
Average Fitness: 0.1001666666666667
Maximum Fitness: 0.2833333333333333
Average Pen Distance: 0.5599938964040891
Maximum Pen Distance: 0.9578027710366271
Average Dog Distance: 0.6147686420574283
Maximum Dog Distance: 0.9488242063317145
Average Sheep Distance: 0.25698191560876965
Maximum Sheep Distance: 0.38351803213062235
Elapsed Time: 3m 47s
********** 100 **********
Average Fitness: 0.10050000000000002
Maximum Fitness: 0.2833333333333333
Average Pen Distance: 0.5611583345892508
Maximum Pen Distance: 0.9578027710366271
Average Dog Distance: 0.6231576795528554
Maximum Dog Distance: 0.9868316515357618
Average Sheep Distance: 0.25707487387735745
Maximum Sheep Distance: 0.38351803213062235
Elapsed Time: 3m 46s
********** 1 **********
Average Fitness: 0.02983333333333333
Maximum Fitness: 0.16666666666666666
Average Pen Distance: 0.5582997202366455
Maximum Pen Distance: 0.7727500357538132
Average Dog Distance: 0.7562680353181322
Maximum Dog Distance: 0.9453038432597262
Average Sheep Distance: 0.22927786668104366
Maximum Sheep Distance: 0.32665529263541854
Elapsed Time: 7m 43s
********** 2 **********
Average Fitness: 0.034999999999999996
Maximum Fitness: 0.16666666666666666
Average Pen Distance: 0.5454694999977094
Maximum Pen Distance: 0.7727500357538132
Average Dog Distance: 0.7425357733804567
Maximum Dog Distance: 0.9585703496462082
Average Sheep Distance: 0.23044224957382586
Maximum Sheep Distance: 0.32665529263541854
Elapsed Time: 3m 47s
********** 3 **********
Average Fitness: 0.041999999999999996
Maximum Fitness: 0.16666666666666666
Average Pen Distance: 0.5304801834482867
Maximum Pen Distance: 0.7627449740563678
Average Dog Distance: 0.7420820207582299
Maximum Dog Distance: 0.9680982174719636
Average Sheep Distance: 0.23284422068822042
Maximum Sheep Distance: 0.32665529263541854
Elapsed Time: 3m 42s
********** 4 **********
Average Fitness: 0.05116666666666667
Maximum Fitness: 0.18333333333333335
Average Pen Distance: 0.5209521411940637
Maximum Pen Distance: 0.7707973030212433
Average Dog Distance: 0.7306598011920201
Maximum Dog Distance: 0.9680982174719636
Average Sheep Distance: 0.23936964418348616
Maximum Sheep Distance: 0.32665529263541854
Elapsed Time: 4m 3s
********** 5 **********
Average Fitness: 0.05416666666666667
Maximum Fitness: 0.18333333333333335
Average Pen Distance: 0.5120172357358517
Maximum Pen Distance: 0.8112280013437934
Average Dog Distance: 0.7029326786072612
Maximum Dog Distance: 0.9585703496462082
Average Sheep Distance: 0.24115754517601715
Maximum Sheep Distance: 0.32665529263541854
Elapsed Time: 3m 56s
********** 6 **********
Average Fitness: 0.0565
Maximum Fitness: 0.18333333333333335
Average Pen Distance: 0.5101682879813876
Maximum Pen Distance: 0.8112280013437934
Average Dog Distance: 0.6958049776113248
Maximum Dog Distance: 0.929039923062276
Average Sheep Distance: 0.23923584865388137
Maximum Sheep Distance: 0.31877198145815155
Elapsed Time: 3m 45s
********** 7 **********
Average Fitness: 0.058833333333333335
Maximum Fitness: 0.18333333333333335
Average Pen Distance: 0.5080731639792642
Maximum Pen Distance: 0.8318671529960965
Average Dog Distance: 0.6952495538766962
Maximum Dog Distance: 0.929039923062276
Average Sheep Distance: 0.24070782432344554
Maximum Sheep Distance: 0.31877198145815155
Elapsed Time: 3m 51s
********** 8 **********
Average Fitness: 0.059
Maximum Fitness: 0.18333333333333335
Average Pen Distance: 0.5145151847085058
Maximum Pen Distance: 0.8369375157677926
Average Dog Distance: 0.704546599730279
Maximum Dog Distance: 0.929039923062276
Average Sheep Distance: 0.24525731707796133
Maximum Sheep Distance: 0.34747088646862867
Elapsed Time: 3m 57s
********** 9 **********
Average Fitness: 0.060833333333333336
Maximum Fitness: 0.18333333333333335
Average Pen Distance: 0.5123548824220651
Maximum Pen Distance: 0.8369375157677926
Average Dog Distance: 0.695536717019918
Maximum Dog Distance: 0.929039923062276
Average Sheep Distance: 0.24334294522712796
Maximum Sheep Distance: 0.34747088646862867
Elapsed Time: 3m 40s
********** 10 **********
Average Fitness: 0.06416666666666666
Maximum Fitness: 0.18333333333333335
Average Pen Distance: 0.5069911625951553
Maximum Pen Distance: 0.8369375157677926
Average Dog Distance: 0.6947643603717542
Maximum Dog Distance: 0.98007631183527
Average Sheep Distance: 0.24614765054739224
Maximum Sheep Distance: 0.3491198253357049
Elapsed Time: 4m 0s
********** 11 **********
Average Fitness: 0.06466666666666666
Maximum Fitness: 0.20000000000000004
Average Pen Distance: 0.5083437755143025
Maximum Pen Distance: 0.8173277206607228
Average Dog Distance: 0.6936910946332374
Maximum Dog Distance: 0.98007631183527
Average Sheep Distance: 0.24659526779759264
Maximum Sheep Distance: 0.3491198253357049
Elapsed Time: 4m 7s
********** 12 **********
Average Fitness: 0.0665
Maximum Fitness: 0.20000000000000004
Average Pen Distance: 0.5059244936948274
Maximum Pen Distance: 0.8173277206607228
Average Dog Distance: 0.6945113888196383
Maximum Dog Distance: 0.98007631183527
Average Sheep Distance: 0.24598659975966483
Maximum Sheep Distance: 0.3491198253357049
Elapsed Time: 4m 15s
********** 13 **********
Average Fitness: 0.068
Maximum Fitness: 0.20000000000000004
Average Pen Distance: 0.5064689024320354
Maximum Pen Distance: 0.8493360789667944
Average Dog Distance: 0.6888391950082757
Maximum Dog Distance: 0.98007631183527
Average Sheep Distance: 0.25142279907664455
Maximum Sheep Distance: 0.3491198253357049
Elapsed Time: 4m 5s
********** 14 **********
Average Fitness: 0.06733333333333333
Maximum Fitness: 0.20000000000000004
Average Pen Distance: 0.5027314920541265
Maximum Pen Distance: 0.8493360789667944
Average Dog Distance: 0.6873480818035276
Maximum Dog Distance: 0.98007631183527
Average Sheep Distance: 0.25021573684808723
Maximum Sheep Distance: 0.3491198253357049
Elapsed Time: 3m 40s
********** 15 **********
Average Fitness: 0.06833333333333333
Maximum Fitness: 0.20000000000000004
Average Pen Distance: 0.49701432507228593
Maximum Pen Distance: 0.8493360789667944
Average Dog Distance: 0.6860792918516223
Maximum Dog Distance: 0.98007631183527
Average Sheep Distance: 0.2514782315433177
Maximum Sheep Distance: 0.3491198253357049
Elapsed Time: 4m 4s
********** 16 **********
Average Fitness: 0.06849999999999999
Maximum Fitness: 0.20000000000000004
Average Pen Distance: 0.5036231083015956
Maximum Pen Distance: 0.8493360789667944
Average Dog Distance: 0.6847455410715944
Maximum Dog Distance: 0.98007631183527
Average Sheep Distance: 0.25097120101309645
Maximum Sheep Distance: 0.3491198253357049
Elapsed Time: 4m 4s
********** 17 **********
Average Fitness: 0.06866666666666667
Maximum Fitness: 0.20000000000000004
Average Pen Distance: 0.5004062184631975
Maximum Pen Distance: 0.8493360789667944
Average Dog Distance: 0.6869724520489386
Maximum Dog Distance: 0.98007631183527
Average Sheep Distance: 0.25061511306246126
Maximum Sheep Distance: 0.3491198253357049
Elapsed Time: 4m 10s
********** 18 **********
Average Fitness: 0.06666666666666667
Maximum Fitness: 0.20000000000000004
Average Pen Distance: 0.5060925999675322
Maximum Pen Distance: 0.8493360789667944
Average Dog Distance: 0.6944373476110494
Maximum Dog Distance: 0.98007631183527
Average Sheep Distance: 0.24846935719687768
Maximum Sheep Distance: 0.3491198253357049
Elapsed Time: 4m 1s
********** 19 **********
Average Fitness: 0.06716666666666667
Maximum Fitness: 0.20000000000000004
Average Pen Distance: 0.5043432606834599
Maximum Pen Distance: 0.8493360789667944
Average Dog Distance: 0.6872082824673678
Maximum Dog Distance: 0.98007631183527
Average Sheep Distance: 0.2489106526266631
Maximum Sheep Distance: 0.3491198253357049
Elapsed Time: 4m 0s
********** 20 **********
Average Fitness: 0.06783333333333334
Maximum Fitness: 0.20000000000000004
Average Pen Distance: 0.5010534792090101
Maximum Pen Distance: 0.8493360789667944
Average Dog Distance: 0.6817270438910391
Maximum Dog Distance: 0.98007631183527
Average Sheep Distance: 0.24995084634520365
Maximum Sheep Distance: 0.3491198253357049
Elapsed Time: 4m 11s
********** 21 **********
Average Fitness: 0.06833333333333333
Maximum Fitness: 0.20000000000000004
Average Pen Distance: 0.4993238389508955
Maximum Pen Distance: 0.8493360789667944
Average Dog Distance: 0.6778263987493589
Maximum Dog Distance: 0.98007631183527
Average Sheep Distance: 0.2505138147362851
Maximum Sheep Distance: 0.3491198253357049
Elapsed Time: 3m 58s
********** 22 **********
Average Fitness: 0.06816666666666667
Maximum Fitness: 0.20000000000000004
Average Pen Distance: 0.4939882277281693
Maximum Pen Distance: 0.8493360789667944
Average Dog Distance: 0.6775032935341847
Maximum Dog Distance: 0.98007631183527
Average Sheep Distance: 0.2470295833374604
Maximum Sheep Distance: 0.3491198253357049
Elapsed Time: 4m 15s
********** 23 **********
Average Fitness: 0.07066666666666667
Maximum Fitness: 0.20000000000000004
Average Pen Distance: 0.479406382268643
Maximum Pen Distance: 0.8493360789667944
Average Dog Distance: 0.678153914188559
Maximum Dog Distance: 0.98007631183527
Average Sheep Distance: 0.2520503910260215
Maximum Sheep Distance: 0.3491198253357049
Elapsed Time: 3m 53s
********** 24 **********
Average Fitness: 0.069
Maximum Fitness: 0.20000000000000004
Average Pen Distance: 0.4908819634680062
Maximum Pen Distance: 0.8493360789667944
Average Dog Distance: 0.6828081957476598
Maximum Dog Distance: 0.98007631183527
Average Sheep Distance: 0.25322152613202964
Maximum Sheep Distance: 0.3491198253357049
Elapsed Time: 4m 13s
********** 25 **********
Average Fitness: 0.0715
Maximum Fitness: 0.20000000000000004
Average Pen Distance: 0.4877091193104699
Maximum Pen Distance: 0.8493360789667944
Average Dog Distance: 0.677573006660627
Maximum Dog Distance: 0.98007631183527
Average Sheep Distance: 0.25533649406160647
Maximum Sheep Distance: 0.35556833715038216
Elapsed Time: 3m 44s
********** 26 **********
Average Fitness: 0.07166666666666667
Maximum Fitness: 0.20000000000000004
Average Pen Distance: 0.4855960909658543
Maximum Pen Distance: 0.8493360789667944
Average Dog Distance: 0.6807135920048962
Maximum Dog Distance: 0.98007631183527
Average Sheep Distance: 0.25460483197021905
Maximum Sheep Distance: 0.35556833715038216
Elapsed Time: 3m 54s
********** 27 **********
Average Fitness: 0.07333333333333333
Maximum Fitness: 0.20000000000000004
Average Pen Distance: 0.48357518810025757
Maximum Pen Distance: 0.8493360789667944
Average Dog Distance: 0.6735806548556841
Maximum Dog Distance: 0.98007631183527
Average Sheep Distance: 0.251460254403498
Maximum Sheep Distance: 0.35556833715038216
Elapsed Time: 4m 8s
********** 28 **********
Average Fitness: 0.07133333333333333
Maximum Fitness: 0.20000000000000004
Average Pen Distance: 0.49326986157224634
Maximum Pen Distance: 0.8493360789667944
Average Dog Distance: 0.6820814731882695
Maximum Dog Distance: 0.98007631183527
Average Sheep Distance: 0.24942936744676508
Maximum Sheep Distance: 0.35556833715038216
Elapsed Time: 4m 18s
********** 29 **********
Average Fitness: 0.0725
Maximum Fitness: 0.20000000000000004
Average Pen Distance: 0.48247716647371064
Maximum Pen Distance: 0.8493360789667944
Average Dog Distance: 0.6755056445525678
Maximum Dog Distance: 0.98007631183527
Average Sheep Distance: 0.2496219281740285
Maximum Sheep Distance: 0.35556833715038216
Elapsed Time: 4m 14s
********** 30 **********
Average Fitness: 0.07433333333333333
Maximum Fitness: 0.20000000000000004
Average Pen Distance: 0.4859115348960099
Maximum Pen Distance: 0.8493360789667944
Average Dog Distance: 0.6787404676942219
Maximum Dog Distance: 0.98007631183527
Average Sheep Distance: 0.2528780841473536
Maximum Sheep Distance: 0.35556833715038216
Elapsed Time: 3m 54s
********** 31 **********
Average Fitness: 0.0745
Maximum Fitness: 0.20000000000000004
Average Pen Distance: 0.489130984198048
Maximum Pen Distance: 0.8493360789667944
Average Dog Distance: 0.6739051798433535
Maximum Dog Distance: 0.98007631183527
Average Sheep Distance: 0.2512180572616359
Maximum Sheep Distance: 0.35556833715038216
Elapsed Time: 4m 21s
********** 32 **********
Average Fitness: 0.07466666666666667
Maximum Fitness: 0.20000000000000004
Average Pen Distance: 0.4924320355476723
Maximum Pen Distance: 0.8493360789667944
Average Dog Distance: 0.6779713275358701
Maximum Dog Distance: 0.98007631183527
Average Sheep Distance: 0.24930181974290963
Maximum Sheep Distance: 0.35556833715038216
Elapsed Time: 4m 8s
********** 33 **********
Average Fitness: 0.07333333333333333
Maximum Fitness: 0.20000000000000004
Average Pen Distance: 0.5124930902657758
Maximum Pen Distance: 0.8493360789667944
Average Dog Distance: 0.6867675166417535
Maximum Dog Distance: 0.98007631183527
Average Sheep Distance: 0.24862491745090615
Maximum Sheep Distance: 0.35556833715038216
Elapsed Time: 3m 40s
********** 34 **********
Average Fitness: 0.0735
Maximum Fitness: 0.20000000000000004
Average Pen Distance: 0.510450677081014
Maximum Pen Distance: 0.8493360789667944
Average Dog Distance: 0.6769914202607211
Maximum Dog Distance: 0.98007631183527
Average Sheep Distance: 0.24995081873042133
Maximum Sheep Distance: 0.35556833715038216
Elapsed Time: 3m 57s
********** 35 **********
Average Fitness: 0.07466666666666667
Maximum Fitness: 0.20000000000000004
Average Pen Distance: 0.5136369588615161
Maximum Pen Distance: 0.8493360789667944
Average Dog Distance: 0.6782244242686449
Maximum Dog Distance: 0.98007631183527
Average Sheep Distance: 0.24745675579021062
Maximum Sheep Distance: 0.35556833715038216
Elapsed Time: 4m 14s
********** 36 **********
Average Fitness: 0.07466666666666667
Maximum Fitness: 0.20000000000000004
Average Pen Distance: 0.5159951831770082
Maximum Pen Distance: 0.8493360789667944
Average Dog Distance: 0.6744661444682815
Maximum Dog Distance: 0.9789902841554454
Average Sheep Distance: 0.25045725312271583
Maximum Sheep Distance: 0.35556833715038216
Elapsed Time: 4m 4s
********** 37 **********
Average Fitness: 0.07583333333333334
Maximum Fitness: 0.20000000000000004
Average Pen Distance: 0.517776862898055
Maximum Pen Distance: 0.8493360789667944
Average Dog Distance: 0.6708063485362044
Maximum Dog Distance: 0.9789902841554454
Average Sheep Distance: 0.25045701103426604
Maximum Sheep Distance: 0.35556833715038216
Elapsed Time: 3m 45s
********** 38 **********
Average Fitness: 0.07516666666666666
Maximum Fitness: 0.20000000000000004
Average Pen Distance: 0.5166849978408306
Maximum Pen Distance: 0.8592555499776804
Average Dog Distance: 0.6711028881954891
Maximum Dog Distance: 0.9789902841554454
Average Sheep Distance: 0.2520195796228185
Maximum Sheep Distance: 0.35556833715038216
Elapsed Time: 3m 54s
********** 39 **********
Average Fitness: 0.075
Maximum Fitness: 0.20000000000000004
Average Pen Distance: 0.5260734618278291
Maximum Pen Distance: 0.8644905559188159
Average Dog Distance: 0.6736605444207888
Maximum Dog Distance: 0.9789902841554454
Average Sheep Distance: 0.2517201407341812
Maximum Sheep Distance: 0.35556833715038216
Elapsed Time: 4m 7s
********** 40 **********
Average Fitness: 0.0765
Maximum Fitness: 0.20000000000000004
Average Pen Distance: 0.5260018852643613
Maximum Pen Distance: 0.8644905559188159
Average Dog Distance: 0.6649718057272408
Maximum Dog Distance: 0.9789902841554454
Average Sheep Distance: 0.2524395354037993
Maximum Sheep Distance: 0.35556833715038216
Elapsed Time: 3m 45s
********** 41 **********
Average Fitness: 0.07733333333333332
Maximum Fitness: 0.20000000000000004
Average Pen Distance: 0.5261129996052939
Maximum Pen Distance: 0.8644905559188159
Average Dog Distance: 0.6641562011074036
Maximum Dog Distance: 0.9789902841554454
Average Sheep Distance: 0.2526619721430416
Maximum Sheep Distance: 0.35556833715038216
Elapsed Time: 4m 20s
********** 42 **********
Average Fitness: 0.07483333333333334
Maximum Fitness: 0.20000000000000004
Average Pen Distance: 0.5330385938080451
Maximum Pen Distance: 0.8684915315861824
Average Dog Distance: 0.6692493609393013
Maximum Dog Distance: 0.9789902841554454
Average Sheep Distance: 0.2535366544583464
Maximum Sheep Distance: 0.3657331408098599
Elapsed Time: 4m 1s
********** 43 **********
Average Fitness: 0.07216666666666667
Maximum Fitness: 0.20000000000000004
Average Pen Distance: 0.5402623110518892
Maximum Pen Distance: 0.8684915315861824
Average Dog Distance: 0.6672777909285924
Maximum Dog Distance: 0.9789902841554454
Average Sheep Distance: 0.25452421663795116
Maximum Sheep Distance: 0.3657331408098599
Elapsed Time: 3m 58s
********** 44 **********
Average Fitness: 0.07283333333333333
Maximum Fitness: 0.20000000000000004
Average Pen Distance: 0.5405254290797212
Maximum Pen Distance: 0.8684915315861824
Average Dog Distance: 0.6591878748625735
Maximum Dog Distance: 0.9789902841554454
Average Sheep Distance: 0.2548383125187751
Maximum Sheep Distance: 0.3657331408098599
Elapsed Time: 4m 1s
********** 45 **********
Average Fitness: 0.07316666666666666
Maximum Fitness: 0.20000000000000004
Average Pen Distance: 0.5359053479225373
Maximum Pen Distance: 0.8684915315861824
Average Dog Distance: 0.6653330854945168
Maximum Dog Distance: 0.9789902841554454
Average Sheep Distance: 0.25432393431763933
Maximum Sheep Distance: 0.3657331408098599
Elapsed Time: 4m 29s
********** 46 **********
Average Fitness: 0.07366666666666666
Maximum Fitness: 0.20000000000000004
Average Pen Distance: 0.5424711218201357
Maximum Pen Distance: 0.8684915315861824
Average Dog Distance: 0.6754928288498366
Maximum Dog Distance: 0.9789902841554454
Average Sheep Distance: 0.25407357304482653
Maximum Sheep Distance: 0.3657331408098599
Elapsed Time: 4m 23s
********** 47 **********
Average Fitness: 0.07216666666666667
Maximum Fitness: 0.20000000000000004
Average Pen Distance: 0.5586078418315119
Maximum Pen Distance: 0.8684915315861824
Average Dog Distance: 0.6814519979215602
Maximum Dog Distance: 0.9789902841554454
Average Sheep Distance: 0.25281980877077415
Maximum Sheep Distance: 0.3657331408098599
Elapsed Time: 3m 54s
********** 48 **********
Average Fitness: 0.0755
Maximum Fitness: 0.20000000000000004
Average Pen Distance: 0.5478575612022711
Maximum Pen Distance: 0.8684915315861824
Average Dog Distance: 0.6833878602239793
Maximum Dog Distance: 0.9789902841554454
Average Sheep Distance: 0.24788073295575283
Maximum Sheep Distance: 0.35556833715038216
Elapsed Time: 3m 47s
********** 49 **********
Average Fitness: 0.07566666666666666
Maximum Fitness: 0.20000000000000004
Average Pen Distance: 0.5474937163745752
Maximum Pen Distance: 0.8684915315861824
Average Dog Distance: 0.6773992736537747
Maximum Dog Distance: 0.9789902841554454
Average Sheep Distance: 0.2465697340438241
Maximum Sheep Distance: 0.35556833715038216
Elapsed Time: 3m 45s
********** 50 **********
Average Fitness: 0.0765
Maximum Fitness: 0.20000000000000004
Average Pen Distance: 0.5513415436524423
Maximum Pen Distance: 0.8592555499776804
Average Dog Distance: 0.6767291146459415
Maximum Dog Distance: 0.9789902841554454
Average Sheep Distance: 0.24749671037954665
Maximum Sheep Distance: 0.35556833715038216
Elapsed Time: 3m 51s
********** 51 **********
Average Fitness: 0.0765
Maximum Fitness: 0.20000000000000004
Average Pen Distance: 0.5495292114110012
Maximum Pen Distance: 0.8592555499776804
Average Dog Distance: 0.6767639462912984
Maximum Dog Distance: 0.9789902841554454
Average Sheep Distance: 0.24921158451352632
Maximum Sheep Distance: 0.35556833715038216
Elapsed Time: 3m 50s
********** 52 **********
Average Fitness: 0.0775
Maximum Fitness: 0.20000000000000004
Average Pen Distance: 0.5558921050677832
Maximum Pen Distance: 0.8592555499776804
Average Dog Distance: 0.6785669446252066
Maximum Dog Distance: 0.9789902841554454
Average Sheep Distance: 0.24938328870873858
Maximum Sheep Distance: 0.35556833715038216
Elapsed Time: 3m 52s
********** 53 **********
Average Fitness: 0.0775
Maximum Fitness: 0.20000000000000004
Average Pen Distance: 0.5476204236064592
Maximum Pen Distance: 0.8592555499776804
Average Dog Distance: 0.6765417187516841
Maximum Dog Distance: 0.9789902841554454
Average Sheep Distance: 0.24930033540837443
Maximum Sheep Distance: 0.35556833715038216
Elapsed Time: 3m 41s
********** 54 **********
Average Fitness: 0.07633333333333332
Maximum Fitness: 0.20000000000000004
Average Pen Distance: 0.5541212948208719
Maximum Pen Distance: 0.8592555499776804
Average Dog Distance: 0.6709382713735511
Maximum Dog Distance: 0.9789902841554454
Average Sheep Distance: 0.2489441477916853
Maximum Sheep Distance: 0.35556833715038216
Elapsed Time: 4m 5s
********** 55 **********
Average Fitness: 0.07766666666666666
Maximum Fitness: 0.20000000000000004
Average Pen Distance: 0.544340956476163
Maximum Pen Distance: 0.8592555499776804
Average Dog Distance: 0.6671149880269778
Maximum Dog Distance: 0.9789902841554454
Average Sheep Distance: 0.2492855189157858
Maximum Sheep Distance: 0.35556833715038216
Elapsed Time: 3m 50s
********** 56 **********
Average Fitness: 0.07816666666666666
Maximum Fitness: 0.20000000000000004
Average Pen Distance: 0.5367866216630893
Maximum Pen Distance: 0.8592555499776804
Average Dog Distance: 0.6689146146143066
Maximum Dog Distance: 0.9789902841554454
Average Sheep Distance: 0.2500036569208532
Maximum Sheep Distance: 0.38064506984365276
Elapsed Time: 3m 54s
********** 57 **********
Average Fitness: 0.08
Maximum Fitness: 0.20000000000000004
Average Pen Distance: 0.5398863355589247
Maximum Pen Distance: 0.8592555499776804
Average Dog Distance: 0.6628973771420447
Maximum Dog Distance: 0.9789902841554454
Average Sheep Distance: 0.2512258945298895
Maximum Sheep Distance: 0.38064506984365276
Elapsed Time: 3m 50s
********** 58 **********
Average Fitness: 0.08166666666666668
Maximum Fitness: 0.20000000000000004
Average Pen Distance: 0.5408889991266154
Maximum Pen Distance: 0.8592555499776804
Average Dog Distance: 0.6616761570677547
Maximum Dog Distance: 0.9789902841554454
Average Sheep Distance: 0.24773899731093732
Maximum Sheep Distance: 0.35556833715038216
Elapsed Time: 3m 43s
********** 59 **********
Average Fitness: 0.08250000000000002
Maximum Fitness: 0.20000000000000004
Average Pen Distance: 0.5426715698150887
Maximum Pen Distance: 0.8592555499776804
Average Dog Distance: 0.6621830209458457
Maximum Dog Distance: 0.9789902841554454
Average Sheep Distance: 0.24905537957630258
Maximum Sheep Distance: 0.35556833715038216
Elapsed Time: 3m 57s
********** 60 **********
Average Fitness: 0.08383333333333334
Maximum Fitness: 0.20000000000000004
Average Pen Distance: 0.5378687266531802
Maximum Pen Distance: 0.8592555499776804
Average Dog Distance: 0.6544246290465198
Maximum Dog Distance: 0.9789902841554454
Average Sheep Distance: 0.24680851138215298
Maximum Sheep Distance: 0.35556833715038216
Elapsed Time: 3m 59s
********** 61 **********
Average Fitness: 0.08383333333333334
Maximum Fitness: 0.20000000000000004
Average Pen Distance: 0.5401903551171682
Maximum Pen Distance: 0.8551067014918058
Average Dog Distance: 0.6609677178915032
Maximum Dog Distance: 0.9789902841554454
Average Sheep Distance: 0.24880606977377132
Maximum Sheep Distance: 0.35556833715038216
Elapsed Time: 3m 51s
********** 62 **********
Average Fitness: 0.08500000000000003
Maximum Fitness: 0.20000000000000004
Average Pen Distance: 0.5345874035373299
Maximum Pen Distance: 0.8551067014918058
Average Dog Distance: 0.6585594594406378
Maximum Dog Distance: 0.9789902841554454
Average Sheep Distance: 0.2461625211608322
Maximum Sheep Distance: 0.35556833715038216
Elapsed Time: 3m 55s
********** 63 **********
Average Fitness: 0.0851666666666667
Maximum Fitness: 0.20000000000000004
Average Pen Distance: 0.5297127422390149
Maximum Pen Distance: 0.8551067014918058
Average Dog Distance: 0.6591294411446775
Maximum Dog Distance: 0.9789902841554454
Average Sheep Distance: 0.24770360300327993
Maximum Sheep Distance: 0.35556833715038216
Elapsed Time: 3m 30s
********** 64 **********
Average Fitness: 0.08600000000000003
Maximum Fitness: 0.20000000000000004
Average Pen Distance: 0.5279613981737998
Maximum Pen Distance: 0.8551067014918058
Average Dog Distance: 0.6648358293104069
Maximum Dog Distance: 0.9789902841554454
Average Sheep Distance: 0.24631683040585195
Maximum Sheep Distance: 0.35556833715038216
Elapsed Time: 4m 14s
********** 65 **********
Average Fitness: 0.08633333333333333
Maximum Fitness: 0.20000000000000004
Average Pen Distance: 0.5348285943827975
Maximum Pen Distance: 0.8551067014918058
Average Dog Distance: 0.6718061468295989
Maximum Dog Distance: 0.9789902841554454
Average Sheep Distance: 0.24608907314612935
Maximum Sheep Distance: 0.3684534555505916
Elapsed Time: 3m 48s
********** 66 **********
Average Fitness: 0.08600000000000002
Maximum Fitness: 0.20000000000000004
Average Pen Distance: 0.5403173977721597
Maximum Pen Distance: 0.8551067014918058
Average Dog Distance: 0.6612599304719394
Maximum Dog Distance: 0.9789902841554454
Average Sheep Distance: 0.24883403404405546
Maximum Sheep Distance: 0.3684534555505916
Elapsed Time: 3m 56s
********** 67 **********
Average Fitness: 0.08683333333333333
Maximum Fitness: 0.20000000000000004
Average Pen Distance: 0.539970108243888
Maximum Pen Distance: 0.8551067014918058
Average Dog Distance: 0.659934876091821
Maximum Dog Distance: 0.9789902841554454
Average Sheep Distance: 0.2478007008872761
Maximum Sheep Distance: 0.35556833715038216
Elapsed Time: 3m 48s
********** 68 **********
Average Fitness: 0.08666666666666668
Maximum Fitness: 0.20000000000000004
Average Pen Distance: 0.5404145998766036
Maximum Pen Distance: 0.8551067014918058
Average Dog Distance: 0.6598811410217112
Maximum Dog Distance: 0.9789902841554454
Average Sheep Distance: 0.2471151220263436
Maximum Sheep Distance: 0.35556833715038216
Elapsed Time: 3m 48s
********** 69 **********
Average Fitness: 0.08766666666666667
Maximum Fitness: 0.20000000000000004
Average Pen Distance: 0.533308633795657
Maximum Pen Distance: 0.8551067014918058
Average Dog Distance: 0.6586771211060717
Maximum Dog Distance: 0.9789902841554454
Average Sheep Distance: 0.2471966527908432
Maximum Sheep Distance: 0.35556833715038216
Elapsed Time: 3m 53s
********** 70 **********
Average Fitness: 0.08766666666666667
Maximum Fitness: 0.20000000000000004
Average Pen Distance: 0.5377484656599184
Maximum Pen Distance: 0.8551067014918058
Average Dog Distance: 0.661650267549838
Maximum Dog Distance: 0.9789902841554454
Average Sheep Distance: 0.24884662502622895
Maximum Sheep Distance: 0.368856138249492
Elapsed Time: 3m 42s
********** 71 **********
Average Fitness: 0.08816666666666668
Maximum Fitness: 0.20000000000000004
Average Pen Distance: 0.5347543752422408
Maximum Pen Distance: 0.8551067014918058
Average Dog Distance: 0.6623030200586949
Maximum Dog Distance: 0.9789902841554454
Average Sheep Distance: 0.2471815361290172
Maximum Sheep Distance: 0.35556833715038216
Elapsed Time: 3m 43s
********** 72 **********
Average Fitness: 0.08800000000000001
Maximum Fitness: 0.20000000000000004
Average Pen Distance: 0.528050644673998
Maximum Pen Distance: 0.8551067014918058
Average Dog Distance: 0.6523598490964025
Maximum Dog Distance: 0.9789902841554454
Average Sheep Distance: 0.24785172590314528
Maximum Sheep Distance: 0.35556833715038216
Elapsed Time: 3m 41s
********** 73 **********
Average Fitness: 0.08866666666666669
Maximum Fitness: 0.20000000000000004
Average Pen Distance: 0.5287103886545299
Maximum Pen Distance: 0.8519936257498983
Average Dog Distance: 0.6555281978199942
Maximum Dog Distance: 0.9789902841554454
Average Sheep Distance: 0.24785002112712276
Maximum Sheep Distance: 0.35556833715038216
Elapsed Time: 3m 46s
********** 74 **********
Average Fitness: 0.08666666666666668
Maximum Fitness: 0.20000000000000004
Average Pen Distance: 0.5236239388063101
Maximum Pen Distance: 0.8519936257498983
Average Dog Distance: 0.6455182588558871
Maximum Dog Distance: 0.9789902841554454
Average Sheep Distance: 0.24074458739900195
Maximum Sheep Distance: 0.3515038839559354
Elapsed Time: 3m 57s
********** 75 **********
Average Fitness: 0.0876666666666667
Maximum Fitness: 0.20000000000000004
Average Pen Distance: 0.5201400781584941
Maximum Pen Distance: 0.8519936257498983
Average Dog Distance: 0.6540666058768871
Maximum Dog Distance: 0.9789902841554454
Average Sheep Distance: 0.2407510652062579
Maximum Sheep Distance: 0.3515038839559354
Elapsed Time: 4m 9s
********** 76 **********
Average Fitness: 0.08883333333333335
Maximum Fitness: 0.20000000000000004
Average Pen Distance: 0.5228991608427936
Maximum Pen Distance: 0.8519936257498983
Average Dog Distance: 0.6588110884386813
Maximum Dog Distance: 0.9789902841554454
Average Sheep Distance: 0.24321500435057314
Maximum Sheep Distance: 0.3515038839559354
Elapsed Time: 3m 51s
********** 77 **********
Average Fitness: 0.09150000000000004
Maximum Fitness: 0.20000000000000004
Average Pen Distance: 0.5281492942743347
Maximum Pen Distance: 0.8519936257498983
Average Dog Distance: 0.662717208023244
Maximum Dog Distance: 0.9789902841554454
Average Sheep Distance: 0.24210492774161863
Maximum Sheep Distance: 0.3515038839559354
Elapsed Time: 3m 46s
********** 78 **********
Average Fitness: 0.09166666666666667
Maximum Fitness: 0.20000000000000004
Average Pen Distance: 0.5335355263640713
Maximum Pen Distance: 0.8519936257498983
Average Dog Distance: 0.6620184702884306
Maximum Dog Distance: 0.9789902841554454
Average Sheep Distance: 0.2432048284158758
Maximum Sheep Distance: 0.3515038839559354
Elapsed Time: 3m 59s
********** 79 **********
Average Fitness: 0.09333333333333335
Maximum Fitness: 0.20000000000000004
Average Pen Distance: 0.5272419078897687
Maximum Pen Distance: 0.8519936257498983
Average Dog Distance: 0.6587009749675292
Maximum Dog Distance: 0.9789902841554454
Average Sheep Distance: 0.24355688119855423
Maximum Sheep Distance: 0.3515038839559354
Elapsed Time: 4m 14s
********** 80 **********
Average Fitness: 0.09416666666666668
Maximum Fitness: 0.20000000000000004
Average Pen Distance: 0.5220277976720592
Maximum Pen Distance: 0.8519936257498983
Average Dog Distance: 0.6594034378921444
Maximum Dog Distance: 0.9789902841554454
Average Sheep Distance: 0.24391346573366413
Maximum Sheep Distance: 0.3515038839559354
Elapsed Time: 3m 56s
********** 81 **********
Average Fitness: 0.095
Maximum Fitness: 0.20000000000000004
Average Pen Distance: 0.5194054875599001
Maximum Pen Distance: 0.8519936257498983
Average Dog Distance: 0.660388700058265
Maximum Dog Distance: 0.9789902841554454
Average Sheep Distance: 0.2432588246191389
Maximum Sheep Distance: 0.3515038839559354
Elapsed Time: 3m 54s
********** 82 **********
Average Fitness: 0.09333333333333334
Maximum Fitness: 0.20000000000000004
Average Pen Distance: 0.5317148265451884
Maximum Pen Distance: 0.8867993284353646
Average Dog Distance: 0.6601166523301566
Maximum Dog Distance: 0.9789902841554454
Average Sheep Distance: 0.2419210880112356
Maximum Sheep Distance: 0.3515038839559354
Elapsed Time: 3m 49s
********** 83 **********
Average Fitness: 0.09416666666666666
Maximum Fitness: 0.20000000000000004
Average Pen Distance: 0.5318751715300168
Maximum Pen Distance: 0.8867993284353646
Average Dog Distance: 0.658918049104751
Maximum Dog Distance: 0.9789902841554454
Average Sheep Distance: 0.2421330912183411
Maximum Sheep Distance: 0.3515038839559354
Elapsed Time: 4m 7s
********** 84 **********
Average Fitness: 0.09433333333333335
Maximum Fitness: 0.20000000000000004
Average Pen Distance: 0.5364188937056119
Maximum Pen Distance: 0.8867993284353646
Average Dog Distance: 0.6619255358433827
Maximum Dog Distance: 0.9789902841554454
Average Sheep Distance: 0.24189821965997652
Maximum Sheep Distance: 0.3515038839559354
Elapsed Time: 3m 53s
********** 85 **********
Average Fitness: 0.09650000000000002
Maximum Fitness: 0.20000000000000004
Average Pen Distance: 0.5326362229014034
Maximum Pen Distance: 0.8867993284353646
Average Dog Distance: 0.6651711172990424
Maximum Dog Distance: 0.9789902841554454
Average Sheep Distance: 0.24240457967965662
Maximum Sheep Distance: 0.3515038839559354
Elapsed Time: 3m 42s
********** 86 **********
Average Fitness: 0.09416666666666668
Maximum Fitness: 0.20000000000000004
Average Pen Distance: 0.5442366896907426
Maximum Pen Distance: 0.8867993284353646
Average Dog Distance: 0.6693141255799003
Maximum Dog Distance: 0.9789902841554454
Average Sheep Distance: 0.24449697170193457
Maximum Sheep Distance: 0.3515038839559354
Elapsed Time: 3m 56s
********** 87 **********
Average Fitness: 0.09466666666666666
Maximum Fitness: 0.20000000000000004
Average Pen Distance: 0.5390408195908051
Maximum Pen Distance: 0.8867993284353646
Average Dog Distance: 0.6639667348994752
Maximum Dog Distance: 0.9789902841554454
Average Sheep Distance: 0.24155192282696802
Maximum Sheep Distance: 0.3515038839559354
Elapsed Time: 3m 42s
********** 88 **********
Average Fitness: 0.09516666666666668
Maximum Fitness: 0.20000000000000004
Average Pen Distance: 0.5387551918112523
Maximum Pen Distance: 0.8867993284353646
Average Dog Distance: 0.6634630586248933
Maximum Dog Distance: 0.9789902841554454
Average Sheep Distance: 0.2424134040354835
Maximum Sheep Distance: 0.3515038839559354
Elapsed Time: 3m 51s
********** 89 **********
Average Fitness: 0.09216666666666667
Maximum Fitness: 0.20000000000000004
Average Pen Distance: 0.5461199903644502
Maximum Pen Distance: 0.8867993284353646
Average Dog Distance: 0.6668714877117842
Maximum Dog Distance: 0.9789902841554454
Average Sheep Distance: 0.24348246630943088
Maximum Sheep Distance: 0.3515038839559354
Elapsed Time: 4m 7s
********** 90 **********
Average Fitness: 0.094
Maximum Fitness: 0.20000000000000004
Average Pen Distance: 0.5386133788389975
Maximum Pen Distance: 0.8867993284353646
Average Dog Distance: 0.6624574576520155
Maximum Dog Distance: 0.9789902841554454
Average Sheep Distance: 0.24373051078560237
Maximum Sheep Distance: 0.3515038839559354
Elapsed Time: 3m 44s
********** 91 **********
Average Fitness: 0.09383333333333332
Maximum Fitness: 0.20000000000000004
Average Pen Distance: 0.5416035607978337
Maximum Pen Distance: 0.8867993284353646
Average Dog Distance: 0.6559142098971733
Maximum Dog Distance: 0.9789902841554454
Average Sheep Distance: 0.24375705384565038
Maximum Sheep Distance: 0.3515038839559354
Elapsed Time: 3m 50s
********** 92 **********
Average Fitness: 0.09083333333333334
Maximum Fitness: 0.20000000000000004
Average Pen Distance: 0.5385999240548699
Maximum Pen Distance: 0.8867993284353646
Average Dog Distance: 0.6472965678846532
Maximum Dog Distance: 0.9789902841554454
Average Sheep Distance: 0.2456647741524252
Maximum Sheep Distance: 0.3515038839559354
Elapsed Time: 3m 57s
********** 93 **********
Average Fitness: 0.09083333333333336
Maximum Fitness: 0.20000000000000004
Average Pen Distance: 0.5446763745366219
Maximum Pen Distance: 0.8867993284353646
Average Dog Distance: 0.6525334816073937
Maximum Dog Distance: 0.9789902841554454
Average Sheep Distance: 0.2437587836983109
Maximum Sheep Distance: 0.3515038839559354
Elapsed Time: 4m 3s
********** 94 **********
Average Fitness: 0.09216666666666669
Maximum Fitness: 0.20000000000000004
Average Pen Distance: 0.5514420634907435
Maximum Pen Distance: 0.8867993284353646
Average Dog Distance: 0.66295358255691
Maximum Dog Distance: 0.9789902841554454
Average Sheep Distance: 0.24639948021367672
Maximum Sheep Distance: 0.3515038839559354
Elapsed Time: 3m 57s
********** 95 **********
Average Fitness: 0.0916666666666667
Maximum Fitness: 0.20000000000000004
Average Pen Distance: 0.5512301156723247
Maximum Pen Distance: 0.8867993284353646
Average Dog Distance: 0.6634749126525544
Maximum Dog Distance: 0.998709238464664
Average Sheep Distance: 0.24438544356604414
Maximum Sheep Distance: 0.3515038839559354
Elapsed Time: 4m 6s
********** 96 **********
Average Fitness: 0.09283333333333336
Maximum Fitness: 0.20000000000000004
Average Pen Distance: 0.5519860261561306
Maximum Pen Distance: 0.8867993284353646
Average Dog Distance: 0.6647419578544203
Maximum Dog Distance: 0.998709238464664
Average Sheep Distance: 0.24652976191090092
Maximum Sheep Distance: 0.35482053178050266
Elapsed Time: 4m 11s
********** 97 **********
Average Fitness: 0.09433333333333334
Maximum Fitness: 0.20000000000000004
Average Pen Distance: 0.5537709581342152
Maximum Pen Distance: 0.8867993284353646
Average Dog Distance: 0.6625781478254322
Maximum Dog Distance: 0.998709238464664
Average Sheep Distance: 0.25115503324361144
Maximum Sheep Distance: 0.35482053178050266
Elapsed Time: 4m 12s
********** 98 **********
Average Fitness: 0.09533333333333333
Maximum Fitness: 0.21666666666666667
Average Pen Distance: 0.5538678610835812
Maximum Pen Distance: 0.8867993284353646
Average Dog Distance: 0.6633929517727539
Maximum Dog Distance: 0.998709238464664
Average Sheep Distance: 0.2517461721766488
Maximum Sheep Distance: 0.35482053178050266
Elapsed Time: 3m 57s
********** 99 **********
Average Fitness: 0.09466666666666666
Maximum Fitness: 0.21666666666666667
Average Pen Distance: 0.5556836308446861
Maximum Pen Distance: 0.9233793293988457
Average Dog Distance: 0.6620604876048979
Maximum Dog Distance: 0.998709238464664
Average Sheep Distance: 0.2504777982619287
Maximum Sheep Distance: 0.3524096318592484
Elapsed Time: 3m 47s
********** 100 **********
Average Fitness: 0.09566666666666666
Maximum Fitness: 0.2833333333333333
Average Pen Distance: 0.5624987692739528
Maximum Pen Distance: 0.9233793293988457
Average Dog Distance: 0.6578523780153611
Maximum Dog Distance: 0.998709238464664
Average Sheep Distance: 0.2507991765782538
Maximum Sheep Distance: 0.3524096318592484
Elapsed Time: 3m 45s
********** 1 **********
Average Fitness: 0.032333333333333325
Maximum Fitness: 0.10000000000000002
Average Pen Distance: 0.5421522431844362
Maximum Pen Distance: 0.7781828089009304
Average Dog Distance: 0.7724304370499782
Maximum Dog Distance: 0.9644315230157504
Average Sheep Distance: 0.22990829518579964
Maximum Sheep Distance: 0.33634151054729783
Elapsed Time: 7m 58s
********** 2 **********
Average Fitness: 0.04033333333333333
Maximum Fitness: 0.3333333333333333
Average Pen Distance: 0.5403228008429961
Maximum Pen Distance: 0.8030334232869739
Average Dog Distance: 0.7637033166988069
Maximum Dog Distance: 0.9644315230157504
Average Sheep Distance: 0.23655151325341406
Maximum Sheep Distance: 0.33634151054729783
Elapsed Time: 4m 3s
********** 3 **********
Average Fitness: 0.04616666666666666
Maximum Fitness: 0.3333333333333333
Average Pen Distance: 0.5470595459745717
Maximum Pen Distance: 0.8167320760865361
Average Dog Distance: 0.7572891553597967
Maximum Dog Distance: 0.9644315230157504
Average Sheep Distance: 0.23449177623596584
Maximum Sheep Distance: 0.33634151054729783
Elapsed Time: 3m 58s
********** 4 **********
Average Fitness: 0.05016666666666666
Maximum Fitness: 0.3333333333333333
Average Pen Distance: 0.5518160511189433
Maximum Pen Distance: 0.8167320760865361
Average Dog Distance: 0.7486780400402823
Maximum Dog Distance: 0.9644315230157504
Average Sheep Distance: 0.23552113085073326
Maximum Sheep Distance: 0.33634151054729783
Elapsed Time: 4m 6s
********** 5 **********
Average Fitness: 0.05533333333333333
Maximum Fitness: 0.3333333333333333
Average Pen Distance: 0.5456171800127967
Maximum Pen Distance: 0.8167320760865361
Average Dog Distance: 0.7509565928532644
Maximum Dog Distance: 0.9554016486707976
Average Sheep Distance: 0.23962576555865095
Maximum Sheep Distance: 0.33634151054729783
Elapsed Time: 4m 13s
********** 6 **********
Average Fitness: 0.056833333333333326
Maximum Fitness: 0.3333333333333333
Average Pen Distance: 0.5500422038886401
Maximum Pen Distance: 0.8167320760865361
Average Dog Distance: 0.7452169439017357
Maximum Dog Distance: 0.9554016486707976
Average Sheep Distance: 0.23857872299478214
Maximum Sheep Distance: 0.33634151054729783
Elapsed Time: 4m 3s
********** 7 **********
Average Fitness: 0.053666666666666654
Maximum Fitness: 0.3333333333333333
Average Pen Distance: 0.5578789840294307
Maximum Pen Distance: 0.8167320760865361
Average Dog Distance: 0.7314638064034824
Maximum Dog Distance: 0.9554016486707976
Average Sheep Distance: 0.23565150740296384
Maximum Sheep Distance: 0.33634151054729783
Elapsed Time: 4m 31s
********** 8 **********
Average Fitness: 0.054833333333333324
Maximum Fitness: 0.3333333333333333
Average Pen Distance: 0.5453996046839323
Maximum Pen Distance: 0.8167320760865361
Average Dog Distance: 0.7213677072669162
Maximum Dog Distance: 0.9544735360960551
Average Sheep Distance: 0.23772858724775386
Maximum Sheep Distance: 0.33634151054729783
Elapsed Time: 4m 8s
********** 9 **********
Average Fitness: 0.05699999999999998
Maximum Fitness: 0.3333333333333333
Average Pen Distance: 0.5426004409600824
Maximum Pen Distance: 0.8167320760865361
Average Dog Distance: 0.7018848800315177
Maximum Dog Distance: 0.9544735360960551
Average Sheep Distance: 0.23760933146132854
Maximum Sheep Distance: 0.32379607424318263
Elapsed Time: 3m 52s
********** 10 **********
Average Fitness: 0.05883333333333332
Maximum Fitness: 0.3333333333333333
Average Pen Distance: 0.5370553719535356
Maximum Pen Distance: 0.8167320760865361
Average Dog Distance: 0.7005364097312479
Maximum Dog Distance: 0.9519793417229719
Average Sheep Distance: 0.2363290489106963
Maximum Sheep Distance: 0.3216207267500571
Elapsed Time: 4m 8s
********** 11 **********
Average Fitness: 0.05916666666666667
Maximum Fitness: 0.3333333333333333
Average Pen Distance: 0.529749998917871
Maximum Pen Distance: 0.8167320760865361
Average Dog Distance: 0.706075467856646
Maximum Dog Distance: 0.9519793417229719
Average Sheep Distance: 0.23413754873937825
Maximum Sheep Distance: 0.3216207267500571
Elapsed Time: 4m 7s
********** 12 **********
Average Fitness: 0.06333333333333332
Maximum Fitness: 0.3333333333333333
Average Pen Distance: 0.5224123028315361
Maximum Pen Distance: 0.8167320760865361
Average Dog Distance: 0.7004694132632514
Maximum Dog Distance: 0.9519793417229719
Average Sheep Distance: 0.23774007768323419
Maximum Sheep Distance: 0.3216207267500571
Elapsed Time: 4m 6s
********** 13 **********
Average Fitness: 0.06733333333333333
Maximum Fitness: 0.3333333333333333
Average Pen Distance: 0.5201109982705975
Maximum Pen Distance: 0.8167320760865361
Average Dog Distance: 0.696902549680845
Maximum Dog Distance: 0.9519793417229719
Average Sheep Distance: 0.24408488793531458
Maximum Sheep Distance: 0.3216207267500571
Elapsed Time: 4m 35s
********** 14 **********
Average Fitness: 0.06749999999999999
Maximum Fitness: 0.3333333333333333
Average Pen Distance: 0.5272513866596876
Maximum Pen Distance: 0.8167320760865361
Average Dog Distance: 0.693996918419182
Maximum Dog Distance: 0.9567378543420788
Average Sheep Distance: 0.24304489633779666
Maximum Sheep Distance: 0.3216207267500571
Elapsed Time: 4m 4s
********** 15 **********
Average Fitness: 0.06799999999999999
Maximum Fitness: 0.3333333333333333
Average Pen Distance: 0.5227458188555163
Maximum Pen Distance: 0.8167320760865361
Average Dog Distance: 0.6871726995515253
Maximum Dog Distance: 0.9567378543420788
Average Sheep Distance: 0.24276790232509207
Maximum Sheep Distance: 0.3216207267500571
Elapsed Time: 4m 6s
********** 16 **********
Average Fitness: 0.06933333333333333
Maximum Fitness: 0.3333333333333333
Average Pen Distance: 0.5227255174391694
Maximum Pen Distance: 0.8167320760865361
Average Dog Distance: 0.6876061014710068
Maximum Dog Distance: 0.9519793417229719
Average Sheep Distance: 0.24496981610914573
Maximum Sheep Distance: 0.3368426544210874
Elapsed Time: 4m 5s
********** 17 **********
Average Fitness: 0.069
Maximum Fitness: 0.3333333333333333
Average Pen Distance: 0.5250575624536805
Maximum Pen Distance: 0.8314057376083986
Average Dog Distance: 0.6865193401411507
Maximum Dog Distance: 0.9519793417229719
Average Sheep Distance: 0.24742614252957107
Maximum Sheep Distance: 0.34301803811818415
Elapsed Time: 3m 48s
********** 18 **********
Average Fitness: 0.06783333333333333
Maximum Fitness: 0.3333333333333333
Average Pen Distance: 0.5272224323336989
Maximum Pen Distance: 0.8314057376083986
Average Dog Distance: 0.682100400340192
Maximum Dog Distance: 0.9605838728081876
Average Sheep Distance: 0.24500122052346807
Maximum Sheep Distance: 0.34301803811818415
Elapsed Time: 4m 2s
********** 19 **********
Average Fitness: 0.068
Maximum Fitness: 0.3333333333333333
Average Pen Distance: 0.5399991971558797
Maximum Pen Distance: 0.8848647952275949
Average Dog Distance: 0.6924754275011021
Maximum Dog Distance: 0.9605838728081876
Average Sheep Distance: 0.24290494340947802
Maximum Sheep Distance: 0.3368426544210874
Elapsed Time: 4m 1s
********** 20 **********
Average Fitness: 0.06866666666666667
Maximum Fitness: 0.3333333333333333
Average Pen Distance: 0.5441259710052193
Maximum Pen Distance: 0.8848647952275949
Average Dog Distance: 0.6878904156659558
Maximum Dog Distance: 0.9605838728081876
Average Sheep Distance: 0.24516090724721543
Maximum Sheep Distance: 0.3368426544210874
Elapsed Time: 4m 12s
********** 21 **********
Average Fitness: 0.0715
Maximum Fitness: 0.3333333333333333
Average Pen Distance: 0.538953642545145
Maximum Pen Distance: 0.8848647952275949
Average Dog Distance: 0.6861473169983409
Maximum Dog Distance: 0.9605838728081876
Average Sheep Distance: 0.24679157441613792
Maximum Sheep Distance: 0.3368426544210874
Elapsed Time: 4m 7s
********** 22 **********
Average Fitness: 0.06833333333333334
Maximum Fitness: 0.3333333333333333
Average Pen Distance: 0.5540802798630372
Maximum Pen Distance: 0.8848647952275949
Average Dog Distance: 0.6780979648812026
Maximum Dog Distance: 0.9900655284315344
Average Sheep Distance: 0.24658410009598034
Maximum Sheep Distance: 0.3368426544210874
Elapsed Time: 3m 47s
********** 23 **********
Average Fitness: 0.07233333333333335
Maximum Fitness: 0.3333333333333333
Average Pen Distance: 0.5355141329971094
Maximum Pen Distance: 0.8848647952275949
Average Dog Distance: 0.6687343784969803
Maximum Dog Distance: 0.9900655284315344
Average Sheep Distance: 0.24467497804363744
Maximum Sheep Distance: 0.3368426544210874
Elapsed Time: 4m 19s
********** 24 **********
Average Fitness: 0.07166666666666667
Maximum Fitness: 0.3333333333333333
Average Pen Distance: 0.5402470534461462
Maximum Pen Distance: 0.8848647952275949
Average Dog Distance: 0.6733953251323805
Maximum Dog Distance: 0.9900655284315344
Average Sheep Distance: 0.24648375511180012
Maximum Sheep Distance: 0.3368426544210874
Elapsed Time: 4m 2s
********** 25 **********
Average Fitness: 0.07350000000000001
Maximum Fitness: 0.3333333333333333
Average Pen Distance: 0.5464903991518218
Maximum Pen Distance: 0.8848647952275949
Average Dog Distance: 0.6727975366861453
Maximum Dog Distance: 0.9900655284315344
Average Sheep Distance: 0.25078687900912877
Maximum Sheep Distance: 0.3368426544210874
Elapsed Time: 4m 11s
********** 26 **********
Average Fitness: 0.07433333333333333
Maximum Fitness: 0.3333333333333333
Average Pen Distance: 0.5433307764259309
Maximum Pen Distance: 0.8848647952275949
Average Dog Distance: 0.6720413546512681
Maximum Dog Distance: 0.9900655284315344
Average Sheep Distance: 0.25192928283592825
Maximum Sheep Distance: 0.3368426544210874
Elapsed Time: 4m 20s
********** 27 **********
Average Fitness: 0.07516666666666667
Maximum Fitness: 0.3333333333333333
Average Pen Distance: 0.5645015632643584
Maximum Pen Distance: 0.8848647952275949
Average Dog Distance: 0.6900912939588758
Maximum Dog Distance: 0.9900655284315344
Average Sheep Distance: 0.25115327304732926
Maximum Sheep Distance: 0.3368426544210874
Elapsed Time: 4m 5s
********** 28 **********
Average Fitness: 0.07766666666666668
Maximum Fitness: 0.3333333333333333
Average Pen Distance: 0.5598316962466403
Maximum Pen Distance: 0.8848647952275949
Average Dog Distance: 0.6840363053003844
Maximum Dog Distance: 0.9900655284315344
Average Sheep Distance: 0.2504635748860953
Maximum Sheep Distance: 0.3368426544210874
Elapsed Time: 4m 18s
********** 29 **********
Average Fitness: 0.08016666666666668
Maximum Fitness: 0.3333333333333333
Average Pen Distance: 0.5546666244777014
Maximum Pen Distance: 0.8848647952275949
Average Dog Distance: 0.6789536601818775
Maximum Dog Distance: 0.9900655284315344
Average Sheep Distance: 0.24962355068701117
Maximum Sheep Distance: 0.3368426544210874
Elapsed Time: 3m 51s
********** 30 **********
Average Fitness: 0.07766666666666666
Maximum Fitness: 0.3333333333333333
Average Pen Distance: 0.5634105063474548
Maximum Pen Distance: 0.8848647952275949
Average Dog Distance: 0.6759260373234873
Maximum Dog Distance: 0.9900655284315344
Average Sheep Distance: 0.246653818123171
Maximum Sheep Distance: 0.3368426544210874
Elapsed Time: 3m 47s
********** 31 **********
Average Fitness: 0.07816666666666668
Maximum Fitness: 0.3333333333333333
Average Pen Distance: 0.5626507837393327
Maximum Pen Distance: 0.8848647952275949
Average Dog Distance: 0.6764852152094849
Maximum Dog Distance: 0.9900655284315344
Average Sheep Distance: 0.24378364173505201
Maximum Sheep Distance: 0.3368426544210874
Elapsed Time: 3m 39s
********** 32 **********
Average Fitness: 0.07633333333333332
Maximum Fitness: 0.3333333333333333
Average Pen Distance: 0.5785148649060399
Maximum Pen Distance: 0.8848647952275949
Average Dog Distance: 0.6782461108049728
Maximum Dog Distance: 0.9900655284315344
Average Sheep Distance: 0.24823002511046602
Maximum Sheep Distance: 0.3710581661102819
Elapsed Time: 3m 57s
********** 33 **********
Average Fitness: 0.07833333333333334
Maximum Fitness: 0.3333333333333333
Average Pen Distance: 0.5617731466692876
Maximum Pen Distance: 0.8848647952275949
Average Dog Distance: 0.6793459343997817
Maximum Dog Distance: 0.9900655284315344
Average Sheep Distance: 0.2447853472655929
Maximum Sheep Distance: 0.3655178310395771
Elapsed Time: 3m 59s
********** 34 **********
Average Fitness: 0.08216666666666667
Maximum Fitness: 0.3333333333333333
Average Pen Distance: 0.5687360115584672
Maximum Pen Distance: 0.8848647952275949
Average Dog Distance: 0.6750977293633038
Maximum Dog Distance: 0.9900655284315344
Average Sheep Distance: 0.24808823737103888
Maximum Sheep Distance: 0.3655178310395771
Elapsed Time: 4m 2s
********** 35 **********
Average Fitness: 0.08166666666666668
Maximum Fitness: 0.3333333333333333
Average Pen Distance: 0.5669799080120631
Maximum Pen Distance: 0.8848647952275949
Average Dog Distance: 0.66734988039985
Maximum Dog Distance: 0.9900655284315344
Average Sheep Distance: 0.25103530209032415
Maximum Sheep Distance: 0.3655178310395771
Elapsed Time: 4m 1s
********** 36 **********
Average Fitness: 0.0825
Maximum Fitness: 0.3333333333333333
Average Pen Distance: 0.5585636388563158
Maximum Pen Distance: 0.8848647952275949
Average Dog Distance: 0.660241566602314
Maximum Dog Distance: 0.9900655284315344
Average Sheep Distance: 0.2530530766134195
Maximum Sheep Distance: 0.3655178310395771
Elapsed Time: 3m 47s
********** 37 **********
Average Fitness: 0.08783333333333335
Maximum Fitness: 0.3333333333333333
Average Pen Distance: 0.5465567214532451
Maximum Pen Distance: 0.8848647952275949
Average Dog Distance: 0.6783136260888731
Maximum Dog Distance: 0.9900655284315344
Average Sheep Distance: 0.24693118260946517
Maximum Sheep Distance: 0.3655178310395771
Elapsed Time: 3m 59s
********** 38 **********
Average Fitness: 0.08833333333333336
Maximum Fitness: 0.3333333333333333
Average Pen Distance: 0.5536238255385788
Maximum Pen Distance: 0.8848647952275949
Average Dog Distance: 0.677422328789301
Maximum Dog Distance: 0.9900655284315344
Average Sheep Distance: 0.2494712250213281
Maximum Sheep Distance: 0.3655178310395771
Elapsed Time: 3m 45s
********** 39 **********
Average Fitness: 0.08600000000000002
Maximum Fitness: 0.3333333333333333
Average Pen Distance: 0.5571705164019749
Maximum Pen Distance: 0.8848647952275949
Average Dog Distance: 0.677304218563463
Maximum Dog Distance: 0.9900655284315344
Average Sheep Distance: 0.24932360554247676
Maximum Sheep Distance: 0.3655178310395771
Elapsed Time: 4m 25s
********** 40 **********
Average Fitness: 0.08933333333333333
Maximum Fitness: 0.3333333333333333
Average Pen Distance: 0.5624335163875531
Maximum Pen Distance: 0.8848647952275949
Average Dog Distance: 0.6761259288944218
Maximum Dog Distance: 0.9900655284315344
Average Sheep Distance: 0.25239957658075907
Maximum Sheep Distance: 0.3655178310395771
Elapsed Time: 4m 4s
********** 41 **********
Average Fitness: 0.08750000000000002
Maximum Fitness: 0.3333333333333333
Average Pen Distance: 0.5651609967494706
Maximum Pen Distance: 0.8848647952275949
Average Dog Distance: 0.6768315879684608
Maximum Dog Distance: 0.9900655284315344
Average Sheep Distance: 0.2524963646043834
Maximum Sheep Distance: 0.3655178310395771
Elapsed Time: 4m 1s
********** 42 **********
Average Fitness: 0.08666666666666668
Maximum Fitness: 0.3333333333333333
Average Pen Distance: 0.5739406579190653
Maximum Pen Distance: 0.8848647952275949
Average Dog Distance: 0.6690095619183585
Maximum Dog Distance: 0.9900655284315344
Average Sheep Distance: 0.2544683019404139
Maximum Sheep Distance: 0.3851281785672707
Elapsed Time: 3m 53s
********** 43 **********
Average Fitness: 0.08833333333333333
Maximum Fitness: 0.3333333333333333
Average Pen Distance: 0.5672338746918608
Maximum Pen Distance: 0.8848647952275949
Average Dog Distance: 0.662925825062076
Maximum Dog Distance: 0.9900655284315344
Average Sheep Distance: 0.2549124113685392
Maximum Sheep Distance: 0.3851281785672707
Elapsed Time: 4m 1s
********** 44 **********
Average Fitness: 0.08966666666666667
Maximum Fitness: 0.3333333333333333
Average Pen Distance: 0.5635844184230219
Maximum Pen Distance: 0.8848647952275949
Average Dog Distance: 0.671232087130783
Maximum Dog Distance: 0.9900655284315344
Average Sheep Distance: 0.25056773934470494
Maximum Sheep Distance: 0.3851281785672707
Elapsed Time: 3m 48s
********** 45 **********
Average Fitness: 0.08966666666666667
Maximum Fitness: 0.3333333333333333
Average Pen Distance: 0.5681468943760839
Maximum Pen Distance: 0.8848647952275949
Average Dog Distance: 0.6711295826704838
Maximum Dog Distance: 0.9900655284315344
Average Sheep Distance: 0.2495497331622658
Maximum Sheep Distance: 0.3851281785672707
Elapsed Time: 3m 56s
********** 46 **********
Average Fitness: 0.0836666666666667
Maximum Fitness: 0.3333333333333333
Average Pen Distance: 0.5816382460038588
Maximum Pen Distance: 0.8848647952275949
Average Dog Distance: 0.6699825720098906
Maximum Dog Distance: 0.9900655284315344
Average Sheep Distance: 0.24804706129490653
Maximum Sheep Distance: 0.3851281785672707
Elapsed Time: 4m 21s
********** 47 **********
Average Fitness: 0.0836666666666667
Maximum Fitness: 0.3333333333333333
Average Pen Distance: 0.5813980083128115
Maximum Pen Distance: 0.8848647952275949
Average Dog Distance: 0.6652676585914766
Maximum Dog Distance: 0.9900655284315344
Average Sheep Distance: 0.24756382894006074
Maximum Sheep Distance: 0.3851281785672707
Elapsed Time: 4m 7s
********** 48 **********
Average Fitness: 0.08400000000000003
Maximum Fitness: 0.3333333333333333
Average Pen Distance: 0.5821124970625013
Maximum Pen Distance: 0.8848647952275949
Average Dog Distance: 0.6603670915455931
Maximum Dog Distance: 0.9900655284315344
Average Sheep Distance: 0.24761151622164143
Maximum Sheep Distance: 0.3851281785672707
Elapsed Time: 3m 51s
********** 49 **********
Average Fitness: 0.08500000000000005
Maximum Fitness: 0.3333333333333333
Average Pen Distance: 0.5846792750289866
Maximum Pen Distance: 0.8848647952275949
Average Dog Distance: 0.6567602916656832
Maximum Dog Distance: 0.9900655284315344
Average Sheep Distance: 0.24893464235154483
Maximum Sheep Distance: 0.3851281785672707
Elapsed Time: 4m 5s
********** 50 **********
Average Fitness: 0.08750000000000004
Maximum Fitness: 0.3333333333333333
Average Pen Distance: 0.5802228262136009
Maximum Pen Distance: 0.8848647952275949
Average Dog Distance: 0.6569872724638617
Maximum Dog Distance: 0.9900655284315344
Average Sheep Distance: 0.2513554099597108
Maximum Sheep Distance: 0.3851281785672707
Elapsed Time: 3m 52s
********** 51 **********
Average Fitness: 0.08950000000000002
Maximum Fitness: 0.3333333333333333
Average Pen Distance: 0.5768487440659833
Maximum Pen Distance: 0.8993587776279016
Average Dog Distance: 0.6583060847312878
Maximum Dog Distance: 0.9900655284315344
Average Sheep Distance: 0.2548798453607273
Maximum Sheep Distance: 0.3851281785672707
Elapsed Time: 4m 20s
********** 52 **********
Average Fitness: 0.09100000000000001
Maximum Fitness: 0.3333333333333333
Average Pen Distance: 0.5720135252777281
Maximum Pen Distance: 0.8993587776279016
Average Dog Distance: 0.6594884718177387
Maximum Dog Distance: 0.9900655284315344
Average Sheep Distance: 0.25278194664681575
Maximum Sheep Distance: 0.3655178310395771
Elapsed Time: 4m 12s
********** 53 **********
Average Fitness: 0.09183333333333338
Maximum Fitness: 0.3333333333333333
Average Pen Distance: 0.5676452099415265
Maximum Pen Distance: 0.8993587776279016
Average Dog Distance: 0.6614024790791813
Maximum Dog Distance: 0.9900655284315344
Average Sheep Distance: 0.2498344601022248
Maximum Sheep Distance: 0.3655178310395771
Elapsed Time: 4m 18s
********** 54 **********
Average Fitness: 0.09116666666666669
Maximum Fitness: 0.3333333333333333
Average Pen Distance: 0.5799509298282576
Maximum Pen Distance: 0.8993587776279016
Average Dog Distance: 0.6519983071390505
Maximum Dog Distance: 0.9900655284315344
Average Sheep Distance: 0.2516919562486791
Maximum Sheep Distance: 0.3655178310395771
Elapsed Time: 3m 52s
********** 55 **********
Average Fitness: 0.09083333333333336
Maximum Fitness: 0.3333333333333333
Average Pen Distance: 0.5799362448411131
Maximum Pen Distance: 0.8993587776279016
Average Dog Distance: 0.6511374615141494
Maximum Dog Distance: 0.9900655284315344
Average Sheep Distance: 0.248093192107149
Maximum Sheep Distance: 0.3655178310395771
Elapsed Time: 4m 2s
********** 56 **********
Average Fitness: 0.0906666666666667
Maximum Fitness: 0.3333333333333333
Average Pen Distance: 0.5851827698694563
Maximum Pen Distance: 0.8993587776279016
Average Dog Distance: 0.6494676917565799
Maximum Dog Distance: 0.9900655284315344
Average Sheep Distance: 0.2507340628389208
Maximum Sheep Distance: 0.3655178310395771
Elapsed Time: 3m 58s
********** 57 **********
Average Fitness: 0.09383333333333335
Maximum Fitness: 0.3333333333333333
Average Pen Distance: 0.5739237043997296
Maximum Pen Distance: 0.9207301119513388
Average Dog Distance: 0.6542479367483384
Maximum Dog Distance: 0.9900655284315344
Average Sheep Distance: 0.2517325065593724
Maximum Sheep Distance: 0.3655178310395771
Elapsed Time: 4m 4s
********** 58 **********
Average Fitness: 0.09683333333333335
Maximum Fitness: 0.3333333333333333
Average Pen Distance: 0.5657488374214903
Maximum Pen Distance: 0.9207301119513388
Average Dog Distance: 0.652671764857503
Maximum Dog Distance: 0.9900655284315344
Average Sheep Distance: 0.2503579470775328
Maximum Sheep Distance: 0.3655178310395771
Elapsed Time: 4m 38s
********** 59 **********
Average Fitness: 0.09550000000000003
Maximum Fitness: 0.3333333333333333
Average Pen Distance: 0.5640991069531305
Maximum Pen Distance: 0.9207301119513388
Average Dog Distance: 0.6575648633842932
Maximum Dog Distance: 0.9900655284315344
Average Sheep Distance: 0.2498069246472024
Maximum Sheep Distance: 0.3655178310395771
Elapsed Time: 4m 0s
********** 60 **********
Average Fitness: 0.09500000000000001
Maximum Fitness: 0.3333333333333333
Average Pen Distance: 0.5653663695324866
Maximum Pen Distance: 0.9207301119513388
Average Dog Distance: 0.6551077586825361
Maximum Dog Distance: 0.9900655284315344
Average Sheep Distance: 0.24782683578364112
Maximum Sheep Distance: 0.3655178310395771
Elapsed Time: 3m 58s
********** 61 **********
Average Fitness: 0.09616666666666668
Maximum Fitness: 0.3333333333333333
Average Pen Distance: 0.5641475953683087
Maximum Pen Distance: 0.9207301119513388
Average Dog Distance: 0.6576299338620842
Maximum Dog Distance: 0.9900655284315344
Average Sheep Distance: 0.248756057547505
Maximum Sheep Distance: 0.3655178310395771
Elapsed Time: 4m 0s
********** 62 **********
Average Fitness: 0.09633333333333337
Maximum Fitness: 0.3333333333333333
Average Pen Distance: 0.5627882462956386
Maximum Pen Distance: 0.9207301119513388
Average Dog Distance: 0.6556543388976958
Maximum Dog Distance: 0.9900655284315344
Average Sheep Distance: 0.2476546390872546
Maximum Sheep Distance: 0.3655178310395771
Elapsed Time: 4m 16s
********** 63 **********
Average Fitness: 0.09666666666666668
Maximum Fitness: 0.3333333333333333
Average Pen Distance: 0.5634526691572259
Maximum Pen Distance: 0.9020513095063016
Average Dog Distance: 0.6498826720128776
Maximum Dog Distance: 0.9900655284315344
Average Sheep Distance: 0.2506094385239626
Maximum Sheep Distance: 0.3655178310395771
Elapsed Time: 4m 11s
********** 64 **********
Average Fitness: 0.0955
Maximum Fitness: 0.3333333333333333
Average Pen Distance: 0.5636454409161283
Maximum Pen Distance: 0.9020513095063016
Average Dog Distance: 0.650336039900655
Maximum Dog Distance: 0.9900655284315344
Average Sheep Distance: 0.24856723945670375
Maximum Sheep Distance: 0.3655178310395771
Elapsed Time: 3m 57s
********** 65 **********
Average Fitness: 0.09650000000000002
Maximum Fitness: 0.3333333333333333
Average Pen Distance: 0.56555690680184
Maximum Pen Distance: 0.9020513095063016
Average Dog Distance: 0.647058208385317
Maximum Dog Distance: 0.9900655284315344
Average Sheep Distance: 0.24630370646703245
Maximum Sheep Distance: 0.3655178310395771
Elapsed Time: 4m 4s
********** 66 **********
Average Fitness: 0.0971666666666667
Maximum Fitness: 0.3333333333333333
Average Pen Distance: 0.5627547834562082
Maximum Pen Distance: 0.9020513095063016
Average Dog Distance: 0.6472043086523078
Maximum Dog Distance: 0.9900655284315344
Average Sheep Distance: 0.2439089030410299
Maximum Sheep Distance: 0.3655178310395771
Elapsed Time: 3m 55s
********** 67 **********
Average Fitness: 0.09633333333333337
Maximum Fitness: 0.3333333333333333
Average Pen Distance: 0.562369909842725
Maximum Pen Distance: 0.9020513095063016
Average Dog Distance: 0.6528927412221538
Maximum Dog Distance: 0.9900655284315344
Average Sheep Distance: 0.24050800081664775
Maximum Sheep Distance: 0.3655178310395771
Elapsed Time: 3m 45s
********** 68 **********
Average Fitness: 0.1
Maximum Fitness: 0.3333333333333333
Average Pen Distance: 0.5711673777390697
Maximum Pen Distance: 0.9020513095063016
Average Dog Distance: 0.6496338984430696
Maximum Dog Distance: 0.9900655284315344
Average Sheep Distance: 0.2437695432669118
Maximum Sheep Distance: 0.3655178310395771
Elapsed Time: 4m 4s
********** 69 **********
Average Fitness: 0.10116666666666668
Maximum Fitness: 0.3333333333333333
Average Pen Distance: 0.5599203494927051
Maximum Pen Distance: 0.8816124484626032
Average Dog Distance: 0.6452948211064669
Maximum Dog Distance: 0.9900655284315344
Average Sheep Distance: 0.24485942777077863
Maximum Sheep Distance: 0.3655178310395771
Elapsed Time: 3m 40s
********** 70 **********
Average Fitness: 0.10300000000000001
Maximum Fitness: 0.3333333333333333
Average Pen Distance: 0.55401681337643
Maximum Pen Distance: 0.8798000831036162
Average Dog Distance: 0.6347860958537045
Maximum Dog Distance: 0.9900655284315344
Average Sheep Distance: 0.24426540744740913
Maximum Sheep Distance: 0.3655178310395771
Elapsed Time: 4m 6s
********** 71 **********
Average Fitness: 0.10400000000000001
Maximum Fitness: 0.3333333333333333
Average Pen Distance: 0.5563390245480474
Maximum Pen Distance: 0.8798000831036162
Average Dog Distance: 0.6368614862312264
Maximum Dog Distance: 0.9900655284315344
Average Sheep Distance: 0.2458922017267693
Maximum Sheep Distance: 0.3655178310395771
Elapsed Time: 4m 4s
********** 72 **********
Average Fitness: 0.1016666666666667
Maximum Fitness: 0.3333333333333333
Average Pen Distance: 0.5548751859959437
Maximum Pen Distance: 0.8798000831036162
Average Dog Distance: 0.6416106891724511
Maximum Dog Distance: 0.9900655284315344
Average Sheep Distance: 0.24426861064142827
Maximum Sheep Distance: 0.3655178310395771
Elapsed Time: 4m 8s
********** 73 **********
Average Fitness: 0.10183333333333336
Maximum Fitness: 0.3333333333333333
Average Pen Distance: 0.5555947309529641
Maximum Pen Distance: 0.8798000831036162
Average Dog Distance: 0.6443517099201973
Maximum Dog Distance: 0.9900655284315344
Average Sheep Distance: 0.24230422336018062
Maximum Sheep Distance: 0.3655178310395771
Elapsed Time: 3m 58s
********** 74 **********
Average Fitness: 0.10183333333333337
Maximum Fitness: 0.3333333333333333
Average Pen Distance: 0.5629297685241295
Maximum Pen Distance: 0.8798000831036162
Average Dog Distance: 0.6463263431784884
Maximum Dog Distance: 0.9900655284315344
Average Sheep Distance: 0.2456659257575361
Maximum Sheep Distance: 0.3655178310395771
Elapsed Time: 4m 9s
********** 75 **********
Average Fitness: 0.10133333333333334
Maximum Fitness: 0.3333333333333333
Average Pen Distance: 0.5663962500477749
Maximum Pen Distance: 0.8891808318499014
Average Dog Distance: 0.6464043910346868
Maximum Dog Distance: 0.9900655284315344
Average Sheep Distance: 0.2439334254994015
Maximum Sheep Distance: 0.3655178310395771
Elapsed Time: 3m 59s
********** 76 **********
Average Fitness: 0.10100000000000002
Maximum Fitness: 0.3333333333333333
Average Pen Distance: 0.5716179830948961
Maximum Pen Distance: 0.9123493576534951
Average Dog Distance: 0.6391708190739509
Maximum Dog Distance: 0.9900655284315344
Average Sheep Distance: 0.244430467344015
Maximum Sheep Distance: 0.3655178310395771
Elapsed Time: 4m 7s
********** 77 **********
Average Fitness: 0.09883333333333334
Maximum Fitness: 0.3333333333333333
Average Pen Distance: 0.5710242647707796
Maximum Pen Distance: 0.9123493576534951
Average Dog Distance: 0.6354571540912903
Maximum Dog Distance: 0.9900655284315344
Average Sheep Distance: 0.24519204060391966
Maximum Sheep Distance: 0.3655178310395771
Elapsed Time: 3m 51s
********** 78 **********
Average Fitness: 0.09699999999999999
Maximum Fitness: 0.3333333333333333
Average Pen Distance: 0.5729570799898199
Maximum Pen Distance: 0.9123493576534951
Average Dog Distance: 0.6281937607243884
Maximum Dog Distance: 0.9900655284315344
Average Sheep Distance: 0.24619045185041238
Maximum Sheep Distance: 0.3655178310395771
Elapsed Time: 3m 51s
********** 79 **********
Average Fitness: 0.09833333333333334
Maximum Fitness: 0.3333333333333333
Average Pen Distance: 0.5790197835736625
Maximum Pen Distance: 0.9123493576534951
Average Dog Distance: 0.6198982513597917
Maximum Dog Distance: 0.9900655284315344
Average Sheep Distance: 0.2477549592904449
Maximum Sheep Distance: 0.3655178310395771
Elapsed Time: 4m 18s
********** 80 **********
Average Fitness: 0.09700000000000002
Maximum Fitness: 0.3333333333333333
Average Pen Distance: 0.5784948528767835
Maximum Pen Distance: 0.9123493576534951
Average Dog Distance: 0.6202823799641506
Maximum Dog Distance: 0.9900655284315344
Average Sheep Distance: 0.24706655805862934
Maximum Sheep Distance: 0.3655178310395771
Elapsed Time: 4m 10s
********** 81 **********
Average Fitness: 0.09700000000000002
Maximum Fitness: 0.3333333333333333
Average Pen Distance: 0.5814811697613778
Maximum Pen Distance: 0.9123493576534951
Average Dog Distance: 0.6216674586709826
Maximum Dog Distance: 0.9900655284315344
Average Sheep Distance: 0.2476593899748788
Maximum Sheep Distance: 0.3655178310395771
Elapsed Time: 3m 54s
********** 82 **********
Average Fitness: 0.09783333333333336
Maximum Fitness: 0.3333333333333333
Average Pen Distance: 0.57749660737263
Maximum Pen Distance: 0.9123493576534951
Average Dog Distance: 0.6133185561728187
Maximum Dog Distance: 0.9900655284315344
Average Sheep Distance: 0.24821339852677993
Maximum Sheep Distance: 0.3655178310395771
Elapsed Time: 4m 22s
********** 83 **********
Average Fitness: 0.0995
Maximum Fitness: 0.3333333333333333
Average Pen Distance: 0.5620240143649933
Maximum Pen Distance: 0.9123493576534951
Average Dog Distance: 0.6137977541863432
Maximum Dog Distance: 0.9900655284315344
Average Sheep Distance: 0.2499689181216812
Maximum Sheep Distance: 0.3655178310395771
Elapsed Time: 4m 6s
********** 84 **********
Average Fitness: 0.098
Maximum Fitness: 0.3333333333333333
Average Pen Distance: 0.5592534454580275
Maximum Pen Distance: 0.9123493576534951
Average Dog Distance: 0.6152963290521583
Maximum Dog Distance: 0.9900655284315344
Average Sheep Distance: 0.2480737273002399
Maximum Sheep Distance: 0.3655178310395771
Elapsed Time: 3m 49s
********** 85 **********
Average Fitness: 0.09816666666666667
Maximum Fitness: 0.3333333333333333
Average Pen Distance: 0.5571703427085989
Maximum Pen Distance: 0.9123493576534951
Average Dog Distance: 0.6142348998343327
Maximum Dog Distance: 0.9900655284315344
Average Sheep Distance: 0.24864391841657343
Maximum Sheep Distance: 0.3787424951296183
Elapsed Time: 3m 55s
********** 86 **********
Average Fitness: 0.09850000000000002
Maximum Fitness: 0.3333333333333333
Average Pen Distance: 0.5555333386408069
Maximum Pen Distance: 0.9123493576534951
Average Dog Distance: 0.6029592526289939
Maximum Dog Distance: 0.9900655284315344
Average Sheep Distance: 0.2508427158122342
Maximum Sheep Distance: 0.3787424951296183
Elapsed Time: 4m 11s
********** 87 **********
Average Fitness: 0.09933333333333336
Maximum Fitness: 0.3333333333333333
Average Pen Distance: 0.551135030254073
Maximum Pen Distance: 0.9123493576534951
Average Dog Distance: 0.5954177251223447
Maximum Dog Distance: 0.9900655284315344
Average Sheep Distance: 0.2526311828469334
Maximum Sheep Distance: 0.3787424951296183
Elapsed Time: 3m 36s
********** 88 **********
Average Fitness: 0.09949999999999999
Maximum Fitness: 0.3333333333333333
Average Pen Distance: 0.5483585789705638
Maximum Pen Distance: 0.9123493576534951
Average Dog Distance: 0.5895703533663327
Maximum Dog Distance: 0.9900655284315344
Average Sheep Distance: 0.2510270763777235
Maximum Sheep Distance: 0.3787424951296183
Elapsed Time: 4m 13s
********** 89 **********
Average Fitness: 0.10100000000000002
Maximum Fitness: 0.3333333333333333
Average Pen Distance: 0.5418918164783864
Maximum Pen Distance: 0.9123493576534951
Average Dog Distance: 0.5993486517977644
Maximum Dog Distance: 0.9900655284315344
Average Sheep Distance: 0.2506650528488774
Maximum Sheep Distance: 0.3787424951296183
Elapsed Time: 4m 10s
********** 90 **********
Average Fitness: 0.1015
Maximum Fitness: 0.3333333333333333
Average Pen Distance: 0.5326140319658389
Maximum Pen Distance: 0.9123493576534951
Average Dog Distance: 0.5989766432916857
Maximum Dog Distance: 0.9900655284315344
Average Sheep Distance: 0.2481047030020524
Maximum Sheep Distance: 0.3787424951296183
Elapsed Time: 4m 19s
********** 91 **********
Average Fitness: 0.10466666666666667
Maximum Fitness: 0.3333333333333333
Average Pen Distance: 0.5510915647342053
Maximum Pen Distance: 0.9123493576534951
Average Dog Distance: 0.6153847357901749
Maximum Dog Distance: 0.9900655284315344
Average Sheep Distance: 0.24711933554232288
Maximum Sheep Distance: 0.3787424951296183
Elapsed Time: 3m 59s
********** 92 **********
Average Fitness: 0.10616666666666669
Maximum Fitness: 0.3333333333333333
Average Pen Distance: 0.5519001156948586
Maximum Pen Distance: 0.9123493576534951
Average Dog Distance: 0.6135536647743741
Maximum Dog Distance: 0.9900655284315344
Average Sheep Distance: 0.24617938709534293
Maximum Sheep Distance: 0.3787424951296183
Elapsed Time: 3m 50s
********** 93 **********
Average Fitness: 0.10683333333333338
Maximum Fitness: 0.3333333333333333
Average Pen Distance: 0.5614866232396521
Maximum Pen Distance: 0.9123493576534951
Average Dog Distance: 0.6153836099820483
Maximum Dog Distance: 0.9900655284315344
Average Sheep Distance: 0.24572683486000918
Maximum Sheep Distance: 0.3787424951296183
Elapsed Time: 3m 55s
********** 94 **********
Average Fitness: 0.10783333333333335
Maximum Fitness: 0.3333333333333333
Average Pen Distance: 0.565097678897286
Maximum Pen Distance: 0.925132885925227
Average Dog Distance: 0.6162086355454708
Maximum Dog Distance: 0.9900655284315344
Average Sheep Distance: 0.24589908812159536
Maximum Sheep Distance: 0.3787424951296183
Elapsed Time: 3m 57s
********** 95 **********
Average Fitness: 0.09933333333333333
Maximum Fitness: 0.3333333333333333
Average Pen Distance: 0.5747082808075414
Maximum Pen Distance: 0.981532885711604
Average Dog Distance: 0.6138333811204234
Maximum Dog Distance: 0.9900655284315344
Average Sheep Distance: 0.2431214909589735
Maximum Sheep Distance: 0.3787424951296183
Elapsed Time: 4m 0s
********** 96 **********
Average Fitness: 0.1001666666666667
Maximum Fitness: 0.3333333333333333
Average Pen Distance: 0.5572718050718386
Maximum Pen Distance: 0.981532885711604
Average Dog Distance: 0.6054710761698925
Maximum Dog Distance: 0.9900655284315344
Average Sheep Distance: 0.24064965889542417
Maximum Sheep Distance: 0.3787424951296183
Elapsed Time: 3m 50s
********** 97 **********
Average Fitness: 0.10133333333333333
Maximum Fitness: 0.3333333333333333
Average Pen Distance: 0.5522677511781141
Maximum Pen Distance: 0.981532885711604
Average Dog Distance: 0.6054712837635704
Maximum Dog Distance: 0.9900655284315344
Average Sheep Distance: 0.24301069829368618
Maximum Sheep Distance: 0.3787424951296183
Elapsed Time: 3m 48s
********** 98 **********
Average Fitness: 0.10283333333333337
Maximum Fitness: 0.3333333333333333
Average Pen Distance: 0.5437996642985875
Maximum Pen Distance: 0.981532885711604
Average Dog Distance: 0.6024043828993567
Maximum Dog Distance: 0.9900655284315344
Average Sheep Distance: 0.2439871278389029
Maximum Sheep Distance: 0.3787424951296183
Elapsed Time: 4m 31s
********** 99 **********
Average Fitness: 0.10333333333333333
Maximum Fitness: 0.3333333333333333
Average Pen Distance: 0.5443811604204055
Maximum Pen Distance: 0.981532885711604
Average Dog Distance: 0.6015899213295774
Maximum Dog Distance: 0.9900655284315344
Average Sheep Distance: 0.24391468696961455
Maximum Sheep Distance: 0.3787424951296183
Elapsed Time: 4m 5s
********** 100 **********
Average Fitness: 0.10366666666666668
Maximum Fitness: 0.3333333333333333
Average Pen Distance: 0.5424451174909034
Maximum Pen Distance: 0.981532885711604
Average Dog Distance: 0.6080379385088632
Maximum Dog Distance: 0.9900655284315344
Average Sheep Distance: 0.24544000650963382
Maximum Sheep Distance: 0.3787424951296183
Elapsed Time: 4m 3s
********** 1 **********
Average Fitness: 0.032999999999999995
Maximum Fitness: 0.18333333333333335
Average Pen Distance: 0.5562904649484286
Maximum Pen Distance: 0.8422135302011965
Average Dog Distance: 0.7644676681854797
Maximum Dog Distance: 0.9470997481388518
Average Sheep Distance: 0.23135827773760045
Maximum Sheep Distance: 0.32284967819687643
Elapsed Time: 8m 20s
********** 2 **********
Average Fitness: 0.03983333333333333
Maximum Fitness: 0.18333333333333335
Average Pen Distance: 0.5459067251307487
Maximum Pen Distance: 0.8422135302011965
Average Dog Distance: 0.7521909592744461
Maximum Dog Distance: 0.9533418874149827
Average Sheep Distance: 0.23178960794232253
Maximum Sheep Distance: 0.32284967819687643
Elapsed Time: 4m 2s
********** 3 **********
Average Fitness: 0.04733333333333333
Maximum Fitness: 0.18333333333333335
Average Pen Distance: 0.5397979666053402
Maximum Pen Distance: 0.8422135302011965
Average Dog Distance: 0.7390340980291005
Maximum Dog Distance: 0.9533418874149827
Average Sheep Distance: 0.23574502128854763
Maximum Sheep Distance: 0.32284967819687643
Elapsed Time: 4m 17s
********** 4 **********
Average Fitness: 0.051
Maximum Fitness: 0.18333333333333335
Average Pen Distance: 0.5418334331444944
Maximum Pen Distance: 0.8422135302011965
Average Dog Distance: 0.7317234067369415
Maximum Dog Distance: 0.9533418874149827
Average Sheep Distance: 0.23264753636385863
Maximum Sheep Distance: 0.33188351871235505
Elapsed Time: 4m 11s
********** 5 **********
Average Fitness: 0.05399999999999999
Maximum Fitness: 0.18333333333333335
Average Pen Distance: 0.5292801544963767
Maximum Pen Distance: 0.8422135302011965
Average Dog Distance: 0.7201189585546405
Maximum Dog Distance: 0.9562083749256846
Average Sheep Distance: 0.23699988304934952
Maximum Sheep Distance: 0.36226664335265285
Elapsed Time: 3m 49s
********** 6 **********
Average Fitness: 0.056666666666666664
Maximum Fitness: 0.18333333333333335
Average Pen Distance: 0.5236357777673272
Maximum Pen Distance: 0.8422135302011965
Average Dog Distance: 0.7125606274833818
Maximum Dog Distance: 0.9562083749256846
Average Sheep Distance: 0.23781568921162266
Maximum Sheep Distance: 0.36226664335265285
Elapsed Time: 4m 2s
********** 7 **********
Average Fitness: 0.05833333333333333
Maximum Fitness: 0.18333333333333335
Average Pen Distance: 0.5292957000524781
Maximum Pen Distance: 0.8422135302011965
Average Dog Distance: 0.7140430520177908
Maximum Dog Distance: 0.9303731332476571
Average Sheep Distance: 0.2375916507052195
Maximum Sheep Distance: 0.36226664335265285
Elapsed Time: 4m 7s
********** 8 **********
Average Fitness: 0.06049999999999998
Maximum Fitness: 0.18333333333333335
Average Pen Distance: 0.5178524101432401
Maximum Pen Distance: 0.8422135302011965
Average Dog Distance: 0.7076968707236873
Maximum Dog Distance: 0.9303731332476571
Average Sheep Distance: 0.2378238058117371
Maximum Sheep Distance: 0.36226664335265285
Elapsed Time: 3m 58s
********** 9 **********
Average Fitness: 0.06033333333333334
Maximum Fitness: 0.18333333333333335
Average Pen Distance: 0.5248330450021919
Maximum Pen Distance: 0.8422135302011965
Average Dog Distance: 0.7180302586255588
Maximum Dog Distance: 0.9345588775350807
Average Sheep Distance: 0.2377038833285023
Maximum Sheep Distance: 0.36226664335265285
Elapsed Time: 4m 15s
********** 10 **********
Average Fitness: 0.06483333333333333
Maximum Fitness: 0.18333333333333335
Average Pen Distance: 0.5282027943160532
Maximum Pen Distance: 0.8422135302011965
Average Dog Distance: 0.7215634641828672
Maximum Dog Distance: 0.9345588775350807
Average Sheep Distance: 0.2353952184632362
Maximum Sheep Distance: 0.36226664335265285
Elapsed Time: 4m 19s
********** 11 **********
Average Fitness: 0.0655
Maximum Fitness: 0.18333333333333335
Average Pen Distance: 0.5339714041522043
Maximum Pen Distance: 0.8422135302011965
Average Dog Distance: 0.7204332295293434
Maximum Dog Distance: 0.9345588775350807
Average Sheep Distance: 0.23741234912428866
Maximum Sheep Distance: 0.36226664335265285
Elapsed Time: 4m 16s
********** 12 **********
Average Fitness: 0.06733333333333333
Maximum Fitness: 0.18333333333333335
Average Pen Distance: 0.5351862844207251
Maximum Pen Distance: 0.8422135302011965
Average Dog Distance: 0.7191487805090806
Maximum Dog Distance: 0.9345588775350807
Average Sheep Distance: 0.23758823670785487
Maximum Sheep Distance: 0.36226664335265285
Elapsed Time: 3m 57s
********** 13 **********
Average Fitness: 0.06883333333333333
Maximum Fitness: 0.18333333333333335
Average Pen Distance: 0.5357287980656662
Maximum Pen Distance: 0.8422135302011965
Average Dog Distance: 0.716467534495168
Maximum Dog Distance: 0.9818823616754466
Average Sheep Distance: 0.2399224975809625
Maximum Sheep Distance: 0.36226664335265285
Elapsed Time: 3m 59s
********** 14 **********
Average Fitness: 0.06933333333333333
Maximum Fitness: 0.18333333333333335
Average Pen Distance: 0.5290386180538401
Maximum Pen Distance: 0.8422135302011965
Average Dog Distance: 0.7063935237021011
Maximum Dog Distance: 0.9818823616754466
Average Sheep Distance: 0.2401487707306441
Maximum Sheep Distance: 0.36226664335265285
Elapsed Time: 3m 54s
********** 15 **********
Average Fitness: 0.072
Maximum Fitness: 0.18333333333333335
Average Pen Distance: 0.5325316352594759
Maximum Pen Distance: 0.8422135302011965
Average Dog Distance: 0.7060677132813626
Maximum Dog Distance: 0.9818823616754466
Average Sheep Distance: 0.23861229750768356
Maximum Sheep Distance: 0.36226664335265285
Elapsed Time: 4m 37s
********** 16 **********
Average Fitness: 0.07200000000000001
Maximum Fitness: 0.18333333333333335
Average Pen Distance: 0.5318303305100541
Maximum Pen Distance: 0.8422135302011965
Average Dog Distance: 0.6953390687621495
Maximum Dog Distance: 0.9818823616754466
Average Sheep Distance: 0.24137655786778706
Maximum Sheep Distance: 0.36226664335265285
Elapsed Time: 4m 12s
********** 17 **********
Average Fitness: 0.07350000000000001
Maximum Fitness: 0.18333333333333335
Average Pen Distance: 0.5304892156077875
Maximum Pen Distance: 0.8422135302011965
Average Dog Distance: 0.6838153202115858
Maximum Dog Distance: 0.9818823616754466
Average Sheep Distance: 0.2452654044239388
Maximum Sheep Distance: 0.36226664335265285
Elapsed Time: 3m 57s
********** 18 **********
Average Fitness: 0.07333333333333333
Maximum Fitness: 0.18333333333333335
Average Pen Distance: 0.5345813660536094
Maximum Pen Distance: 0.8422135302011965
Average Dog Distance: 0.6851719564817345
Maximum Dog Distance: 0.9818823616754466
Average Sheep Distance: 0.24535838648121197
Maximum Sheep Distance: 0.37123555097050476
Elapsed Time: 4m 2s
********** 19 **********
Average Fitness: 0.07383333333333332
Maximum Fitness: 0.18333333333333335
Average Pen Distance: 0.5272350629104203
Maximum Pen Distance: 0.8422135302011965
Average Dog Distance: 0.676991738810385
Maximum Dog Distance: 0.9818823616754466
Average Sheep Distance: 0.24349828801162393
Maximum Sheep Distance: 0.36226664335265285
Elapsed Time: 3m 56s
********** 20 **********
Average Fitness: 0.07483333333333334
Maximum Fitness: 0.18333333333333335
Average Pen Distance: 0.5275374994300313
Maximum Pen Distance: 0.8422135302011965
Average Dog Distance: 0.683343065042215
Maximum Dog Distance: 0.9818823616754466
Average Sheep Distance: 0.24361127236397329
Maximum Sheep Distance: 0.36226664335265285
Elapsed Time: 4m 0s
********** 21 **********
Average Fitness: 0.07550000000000001
Maximum Fitness: 0.18333333333333335
Average Pen Distance: 0.5254881166491265
Maximum Pen Distance: 0.8211474482088534
Average Dog Distance: 0.671948823739896
Maximum Dog Distance: 0.9818823616754466
Average Sheep Distance: 0.24284692156111934
Maximum Sheep Distance: 0.36226664335265285
Elapsed Time: 4m 3s
********** 22 **********
Average Fitness: 0.077
Maximum Fitness: 0.18333333333333335
Average Pen Distance: 0.5294177102386004
Maximum Pen Distance: 0.8211474482088534
Average Dog Distance: 0.673490148290562
Maximum Dog Distance: 0.9818823616754466
Average Sheep Distance: 0.24594686578128802
Maximum Sheep Distance: 0.36226664335265285
Elapsed Time: 3m 54s
********** 23 **********
Average Fitness: 0.07766666666666666
Maximum Fitness: 0.18333333333333335
Average Pen Distance: 0.5338821207608287
Maximum Pen Distance: 0.8211474482088534
Average Dog Distance: 0.6793228037451938
Maximum Dog Distance: 0.9818823616754466
Average Sheep Distance: 0.24408816498378483
Maximum Sheep Distance: 0.36226664335265285
Elapsed Time: 4m 0s
********** 24 **********
Average Fitness: 0.07683333333333334
Maximum Fitness: 0.19999999999999998
Average Pen Distance: 0.5412619302856211
Maximum Pen Distance: 0.8216753498206649
Average Dog Distance: 0.6792809177269449
Maximum Dog Distance: 0.9818823616754466
Average Sheep Distance: 0.24411050124843772
Maximum Sheep Distance: 0.36226664335265285
Elapsed Time: 3m 54s
********** 25 **********
Average Fitness: 0.07733333333333334
Maximum Fitness: 0.19999999999999998
Average Pen Distance: 0.5264598462886022
Maximum Pen Distance: 0.8216753498206649
Average Dog Distance: 0.671876325826169
Maximum Dog Distance: 0.9818823616754466
Average Sheep Distance: 0.24488438501276769
Maximum Sheep Distance: 0.3327717896981646
Elapsed Time: 3m 55s
********** 26 **********
Average Fitness: 0.0785
Maximum Fitness: 0.19999999999999998
Average Pen Distance: 0.5327047425117084
Maximum Pen Distance: 0.8216753498206649
Average Dog Distance: 0.681060175738966
Maximum Dog Distance: 0.9818823616754466
Average Sheep Distance: 0.24625697281692852
Maximum Sheep Distance: 0.3380711497452195
Elapsed Time: 4m 0s
********** 27 **********
Average Fitness: 0.08000000000000002
Maximum Fitness: 0.19999999999999998
Average Pen Distance: 0.5412097504390323
Maximum Pen Distance: 0.8216753498206649
Average Dog Distance: 0.6758183511017777
Maximum Dog Distance: 0.9818823616754466
Average Sheep Distance: 0.243672003126898
Maximum Sheep Distance: 0.3327717896981646
Elapsed Time: 4m 5s
********** 28 **********
Average Fitness: 0.0805
Maximum Fitness: 0.19999999999999998
Average Pen Distance: 0.5367175058639218
Maximum Pen Distance: 0.823770222820242
Average Dog Distance: 0.6748215161438738
Maximum Dog Distance: 0.9818823616754466
Average Sheep Distance: 0.24328691947396397
Maximum Sheep Distance: 0.3327717896981646
Elapsed Time: 4m 26s
********** 29 **********
Average Fitness: 0.08066666666666668
Maximum Fitness: 0.19999999999999998
Average Pen Distance: 0.522075059882236
Maximum Pen Distance: 0.823770222820242
Average Dog Distance: 0.6783154253887642
Maximum Dog Distance: 0.9818823616754466
Average Sheep Distance: 0.239873428116546
Maximum Sheep Distance: 0.3327717896981646
Elapsed Time: 3m 44s
********** 30 **********
Average Fitness: 0.08250000000000003
Maximum Fitness: 0.19999999999999998
Average Pen Distance: 0.5222654277395186
Maximum Pen Distance: 0.823770222820242
Average Dog Distance: 0.681896165488011
Maximum Dog Distance: 0.9818823616754466
Average Sheep Distance: 0.24012401367221642
Maximum Sheep Distance: 0.3327717896981646
Elapsed Time: 4m 0s
********** 31 **********
Average Fitness: 0.08366666666666667
Maximum Fitness: 0.19999999999999998
Average Pen Distance: 0.5181323892443602
Maximum Pen Distance: 0.823770222820242
Average Dog Distance: 0.680378194496869
Maximum Dog Distance: 0.9818823616754466
Average Sheep Distance: 0.24171480688167887
Maximum Sheep Distance: 0.3327717896981646
Elapsed Time: 3m 42s
********** 32 **********
Average Fitness: 0.08316666666666668
Maximum Fitness: 0.19999999999999998
Average Pen Distance: 0.5263392437284262
Maximum Pen Distance: 0.823770222820242
Average Dog Distance: 0.6722947261382224
Maximum Dog Distance: 0.9818823616754466
Average Sheep Distance: 0.24178958687745322
Maximum Sheep Distance: 0.3327717896981646
Elapsed Time: 3m 42s
********** 33 **********
Average Fitness: 0.08316666666666668
Maximum Fitness: 0.19999999999999998
Average Pen Distance: 0.5278925763626818
Maximum Pen Distance: 0.823770222820242
Average Dog Distance: 0.6700015314896512
Maximum Dog Distance: 0.9818823616754466
Average Sheep Distance: 0.23959265764215762
Maximum Sheep Distance: 0.3327717896981646
Elapsed Time: 3m 59s
********** 34 **********
Average Fitness: 0.08366666666666667
Maximum Fitness: 0.19999999999999998
Average Pen Distance: 0.5198295165363329
Maximum Pen Distance: 0.823770222820242
Average Dog Distance: 0.6653660825444321
Maximum Dog Distance: 0.9818823616754466
Average Sheep Distance: 0.23705191302398856
Maximum Sheep Distance: 0.3327717896981646
Elapsed Time: 3m 58s
********** 35 **********
Average Fitness: 0.08466666666666668
Maximum Fitness: 0.19999999999999998
Average Pen Distance: 0.5263157160874319
Maximum Pen Distance: 0.823770222820242
Average Dog Distance: 0.6758153757050361
Maximum Dog Distance: 0.9818823616754466
Average Sheep Distance: 0.23877666016240312
Maximum Sheep Distance: 0.3327717896981646
Elapsed Time: 3m 44s
********** 36 **********
Average Fitness: 0.08666666666666666
Maximum Fitness: 0.19999999999999998
Average Pen Distance: 0.5154498642368585
Maximum Pen Distance: 0.823770222820242
Average Dog Distance: 0.6718871798563479
Maximum Dog Distance: 0.9818823616754466
Average Sheep Distance: 0.24095249947267358
Maximum Sheep Distance: 0.3327717896981646
Elapsed Time: 3m 49s
********** 37 **********
Average Fitness: 0.08683333333333333
Maximum Fitness: 0.19999999999999998
Average Pen Distance: 0.5218903289557679
Maximum Pen Distance: 0.823770222820242
Average Dog Distance: 0.676279298591578
Maximum Dog Distance: 0.9818823616754466
Average Sheep Distance: 0.2405885892336717
Maximum Sheep Distance: 0.3327717896981646
Elapsed Time: 4m 22s
********** 38 **********
Average Fitness: 0.08766666666666667
Maximum Fitness: 0.19999999999999998
Average Pen Distance: 0.5217739566059489
Maximum Pen Distance: 0.823770222820242
Average Dog Distance: 0.6707066339050511
Maximum Dog Distance: 0.9818823616754466
Average Sheep Distance: 0.2408287470851601
Maximum Sheep Distance: 0.3327717896981646
Elapsed Time: 3m 48s
********** 39 **********
Average Fitness: 0.08650000000000001
Maximum Fitness: 0.19999999999999998
Average Pen Distance: 0.5242630700443244
Maximum Pen Distance: 0.823770222820242
Average Dog Distance: 0.6711951077224185
Maximum Dog Distance: 0.9818823616754466
Average Sheep Distance: 0.2415226429308156
Maximum Sheep Distance: 0.3357362330228412
Elapsed Time: 4m 0s
********** 40 **********
Average Fitness: 0.08650000000000002
Maximum Fitness: 0.19999999999999998
Average Pen Distance: 0.5212600565207333
Maximum Pen Distance: 0.823770222820242
Average Dog Distance: 0.6763729138999875
Maximum Dog Distance: 0.9818823616754466
Average Sheep Distance: 0.24072937888061927
Maximum Sheep Distance: 0.3327717896981646
Elapsed Time: 4m 10s
********** 41 **********
Average Fitness: 0.087
Maximum Fitness: 0.19999999999999998
Average Pen Distance: 0.5216894791422386
Maximum Pen Distance: 0.823770222820242
Average Dog Distance: 0.6722476576743595
Maximum Dog Distance: 0.9818823616754466
Average Sheep Distance: 0.2403839854648982
Maximum Sheep Distance: 0.3327717896981646
Elapsed Time: 3m 45s
********** 42 **********
Average Fitness: 0.08566666666666668
Maximum Fitness: 0.19999999999999998
Average Pen Distance: 0.5232538054158618
Maximum Pen Distance: 0.823770222820242
Average Dog Distance: 0.6750906163617095
Maximum Dog Distance: 0.9818823616754466
Average Sheep Distance: 0.23919762941591638
Maximum Sheep Distance: 0.3327717896981646
Elapsed Time: 3m 45s
********** 43 **********
Average Fitness: 0.08566666666666668
Maximum Fitness: 0.19999999999999998
Average Pen Distance: 0.5280841428697847
Maximum Pen Distance: 0.823770222820242
Average Dog Distance: 0.6781120592926047
Maximum Dog Distance: 0.9818823616754466
Average Sheep Distance: 0.24064182287192812
Maximum Sheep Distance: 0.3327717896981646
Elapsed Time: 3m 56s
********** 44 **********
Average Fitness: 0.08683333333333336
Maximum Fitness: 0.19999999999999998
Average Pen Distance: 0.5271779125895244
Maximum Pen Distance: 0.823770222820242
Average Dog Distance: 0.6710138081719407
Maximum Dog Distance: 0.9818823616754466
Average Sheep Distance: 0.24145423711211855
Maximum Sheep Distance: 0.3327717896981646
Elapsed Time: 4m 16s
********** 45 **********
Average Fitness: 0.08700000000000002
Maximum Fitness: 0.19999999999999998
Average Pen Distance: 0.5195679085062165
Maximum Pen Distance: 0.8705321542181879
Average Dog Distance: 0.6759021927766687
Maximum Dog Distance: 0.9818823616754466
Average Sheep Distance: 0.24040189546355076
Maximum Sheep Distance: 0.32831753931771507
Elapsed Time: 4m 0s
********** 46 **********
Average Fitness: 0.08733333333333336
Maximum Fitness: 0.19999999999999998
Average Pen Distance: 0.5194366266309982
Maximum Pen Distance: 0.8705321542181879
Average Dog Distance: 0.6683320505187271
Maximum Dog Distance: 0.9818823616754466
Average Sheep Distance: 0.24393023962483898
Maximum Sheep Distance: 0.32831753931771507
Elapsed Time: 4m 25s
********** 47 **********
Average Fitness: 0.08733333333333335
Maximum Fitness: 0.19999999999999998
Average Pen Distance: 0.5160835801970532
Maximum Pen Distance: 0.8705321542181879
Average Dog Distance: 0.6601331358272645
Maximum Dog Distance: 0.9818823616754466
Average Sheep Distance: 0.24348816415396698
Maximum Sheep Distance: 0.32831753931771507
Elapsed Time: 3m 59s
********** 48 **********
Average Fitness: 0.08750000000000002
Maximum Fitness: 0.19999999999999998
Average Pen Distance: 0.5179716202767034
Maximum Pen Distance: 0.8705321542181879
Average Dog Distance: 0.6664008456616055
Maximum Dog Distance: 0.9818823616754466
Average Sheep Distance: 0.24535903186122773
Maximum Sheep Distance: 0.32831753931771507
Elapsed Time: 3m 42s
********** 49 **********
Average Fitness: 0.08900000000000002
Maximum Fitness: 0.19999999999999998
Average Pen Distance: 0.5305423760715898
Maximum Pen Distance: 0.8705321542181879
Average Dog Distance: 0.6686348072327144
Maximum Dog Distance: 0.9818823616754466
Average Sheep Distance: 0.24446227788847152
Maximum Sheep Distance: 0.33565764465160336
Elapsed Time: 3m 52s
********** 50 **********
Average Fitness: 0.08900000000000002
Maximum Fitness: 0.19999999999999998
Average Pen Distance: 0.5262050089029409
Maximum Pen Distance: 0.8705321542181879
Average Dog Distance: 0.6737037035609705
Maximum Dog Distance: 0.9818823616754466
Average Sheep Distance: 0.24342615115515243
Maximum Sheep Distance: 0.33565764465160336
Elapsed Time: 4m 19s
********** 51 **********
Average Fitness: 0.09016666666666667
Maximum Fitness: 0.19999999999999998
Average Pen Distance: 0.5290472294357497
Maximum Pen Distance: 0.8705321542181879
Average Dog Distance: 0.6656550509461
Maximum Dog Distance: 0.9818823616754466
Average Sheep Distance: 0.2418847639913121
Maximum Sheep Distance: 0.33565764465160336
Elapsed Time: 3m 57s
********** 52 **********
Average Fitness: 0.08833333333333336
Maximum Fitness: 0.19999999999999998
Average Pen Distance: 0.5320093237709415
Maximum Pen Distance: 0.8705321542181879
Average Dog Distance: 0.6566831705726608
Maximum Dog Distance: 0.9818823616754466
Average Sheep Distance: 0.24254588915846198
Maximum Sheep Distance: 0.33565764465160336
Elapsed Time: 3m 47s
********** 53 **********
Average Fitness: 0.08783333333333333
Maximum Fitness: 0.19999999999999998
Average Pen Distance: 0.5502812279091657
Maximum Pen Distance: 0.8705321542181879
Average Dog Distance: 0.6688007767232801
Maximum Dog Distance: 0.9818823616754466
Average Sheep Distance: 0.24219819509990512
Maximum Sheep Distance: 0.33565764465160336
Elapsed Time: 3m 47s
********** 54 **********
Average Fitness: 0.08783333333333333
Maximum Fitness: 0.19999999999999998
Average Pen Distance: 0.5521787323648515
Maximum Pen Distance: 0.8705321542181879
Average Dog Distance: 0.6667415886302406
Maximum Dog Distance: 0.9818823616754466
Average Sheep Distance: 0.24210109394330323
Maximum Sheep Distance: 0.33565764465160336
Elapsed Time: 3m 51s
********** 55 **********
Average Fitness: 0.08850000000000001
Maximum Fitness: 0.19999999999999998
Average Pen Distance: 0.5475234482472193
Maximum Pen Distance: 0.8705321542181879
Average Dog Distance: 0.6581212035691308
Maximum Dog Distance: 0.9818823616754466
Average Sheep Distance: 0.24317815847350915
Maximum Sheep Distance: 0.34650236002158813
Elapsed Time: 3m 57s
********** 56 **********
Average Fitness: 0.08800000000000001
Maximum Fitness: 0.19999999999999998
Average Pen Distance: 0.5521371152934329
Maximum Pen Distance: 0.8705321542181879
Average Dog Distance: 0.6616851234196592
Maximum Dog Distance: 0.9818823616754466
Average Sheep Distance: 0.2443237875903248
Maximum Sheep Distance: 0.34650236002158813
Elapsed Time: 3m 59s
********** 57 **********
Average Fitness: 0.08900000000000001
Maximum Fitness: 0.19999999999999998
Average Pen Distance: 0.5490606246738795
Maximum Pen Distance: 0.8705321542181879
Average Dog Distance: 0.6589778202442541
Maximum Dog Distance: 0.9818823616754466
Average Sheep Distance: 0.24831018650349063
Maximum Sheep Distance: 0.34650236002158813
Elapsed Time: 3m 56s
********** 58 **********
Average Fitness: 0.08733333333333335
Maximum Fitness: 0.19999999999999998
Average Pen Distance: 0.5476007145762029
Maximum Pen Distance: 0.8705321542181879
Average Dog Distance: 0.6586877442979008
Maximum Dog Distance: 0.9818823616754466
Average Sheep Distance: 0.2440815487042505
Maximum Sheep Distance: 0.34650236002158813
Elapsed Time: 3m 50s
********** 59 **********
Average Fitness: 0.09000000000000002
Maximum Fitness: 0.2333333333333333
Average Pen Distance: 0.5490828933629747
Maximum Pen Distance: 0.8705321542181879
Average Dog Distance: 0.6534972787751612
Maximum Dog Distance: 0.9818823616754466
Average Sheep Distance: 0.2458737375098541
Maximum Sheep Distance: 0.34650236002158813
Elapsed Time: 3m 53s
********** 60 **********
Average Fitness: 0.08883333333333333
Maximum Fitness: 0.2333333333333333
Average Pen Distance: 0.5564705947551698
Maximum Pen Distance: 0.8705321542181879
Average Dog Distance: 0.6578590525880772
Maximum Dog Distance: 0.9818823616754466
Average Sheep Distance: 0.24558004482948714
Maximum Sheep Distance: 0.34650236002158813
Elapsed Time: 4m 12s
********** 61 **********
Average Fitness: 0.08949999999999997
Maximum Fitness: 0.2333333333333333
Average Pen Distance: 0.5464640760885984
Maximum Pen Distance: 0.8705321542181879
Average Dog Distance: 0.6581853725716342
Maximum Dog Distance: 0.9818823616754466
Average Sheep Distance: 0.24497488758499675
Maximum Sheep Distance: 0.34650236002158813
Elapsed Time: 3m 37s
********** 62 **********
Average Fitness: 0.08966666666666667
Maximum Fitness: 0.2333333333333333
Average Pen Distance: 0.5489142684327413
Maximum Pen Distance: 0.8705321542181879
Average Dog Distance: 0.6565879754846182
Maximum Dog Distance: 0.9818823616754466
Average Sheep Distance: 0.24700751633605633
Maximum Sheep Distance: 0.34650236002158813
Elapsed Time: 3m 45s
********** 63 **********
Average Fitness: 0.09100000000000001
Maximum Fitness: 0.2333333333333333
Average Pen Distance: 0.5493964051365089
Maximum Pen Distance: 0.8705321542181879
Average Dog Distance: 0.6511393506260049
Maximum Dog Distance: 0.9818823616754466
Average Sheep Distance: 0.2490943433354755
Maximum Sheep Distance: 0.34650236002158813
Elapsed Time: 3m 53s
********** 64 **********
Average Fitness: 0.09066666666666665
Maximum Fitness: 0.2333333333333333
Average Pen Distance: 0.5487618436172179
Maximum Pen Distance: 0.9114524881312994
Average Dog Distance: 0.6600660541612215
Maximum Dog Distance: 0.9818823616754466
Average Sheep Distance: 0.24614216687422602
Maximum Sheep Distance: 0.34650236002158813
Elapsed Time: 4m 9s
********** 65 **********
Average Fitness: 0.09
Maximum Fitness: 0.2333333333333333
Average Pen Distance: 0.5488757681813368
Maximum Pen Distance: 0.9114524881312994
Average Dog Distance: 0.6590748934866152
Maximum Dog Distance: 0.9818823616754466
Average Sheep Distance: 0.24618855112702845
Maximum Sheep Distance: 0.34650236002158813
Elapsed Time: 4m 1s
********** 66 **********
Average Fitness: 0.08900000000000002
Maximum Fitness: 0.2333333333333333
Average Pen Distance: 0.5490473518127875
Maximum Pen Distance: 0.9114524881312994
Average Dog Distance: 0.6573291034914912
Maximum Dog Distance: 0.9818823616754466
Average Sheep Distance: 0.2458389781123642
Maximum Sheep Distance: 0.34650236002158813
Elapsed Time: 3m 43s
********** 67 **********
Average Fitness: 0.08966666666666669
Maximum Fitness: 0.2333333333333333
Average Pen Distance: 0.5455736439022953
Maximum Pen Distance: 0.9114524881312994
Average Dog Distance: 0.6545517509681583
Maximum Dog Distance: 0.9818823616754466
Average Sheep Distance: 0.24642401486949325
Maximum Sheep Distance: 0.34650236002158813
Elapsed Time: 3m 49s
********** 68 **********
Average Fitness: 0.09100000000000001
Maximum Fitness: 0.2333333333333333
Average Pen Distance: 0.5413405950549176
Maximum Pen Distance: 0.9114524881312994
Average Dog Distance: 0.6573803177216024
Maximum Dog Distance: 0.9818823616754466
Average Sheep Distance: 0.2482035574941416
Maximum Sheep Distance: 0.34650236002158813
Elapsed Time: 3m 49s
********** 69 **********
Average Fitness: 0.08916666666666667
Maximum Fitness: 0.2333333333333333
Average Pen Distance: 0.5464844809495025
Maximum Pen Distance: 0.9114524881312994
Average Dog Distance: 0.6562830704007442
Maximum Dog Distance: 0.9818823616754466
Average Sheep Distance: 0.24581207533120764
Maximum Sheep Distance: 0.34650236002158813
Elapsed Time: 3m 49s
********** 70 **********
Average Fitness: 0.08966666666666667
Maximum Fitness: 0.2333333333333333
Average Pen Distance: 0.5401397290248363
Maximum Pen Distance: 0.9114524881312994
Average Dog Distance: 0.6530255261077802
Maximum Dog Distance: 0.9818823616754466
Average Sheep Distance: 0.24654443277505123
Maximum Sheep Distance: 0.34650236002158813
Elapsed Time: 3m 45s
********** 71 **********
Average Fitness: 0.08916666666666667
Maximum Fitness: 0.2333333333333333
Average Pen Distance: 0.5448724751138793
Maximum Pen Distance: 0.9114524881312994
Average Dog Distance: 0.6504490924019086
Maximum Dog Distance: 0.9818823616754466
Average Sheep Distance: 0.24644707886761524
Maximum Sheep Distance: 0.34650236002158813
Elapsed Time: 3m 53s
********** 72 **********
Average Fitness: 0.08983333333333335
Maximum Fitness: 0.2333333333333333
Average Pen Distance: 0.545169983372477
Maximum Pen Distance: 0.9114524881312994
Average Dog Distance: 0.653867526240976
Maximum Dog Distance: 0.9818823616754466
Average Sheep Distance: 0.24401986133962403
Maximum Sheep Distance: 0.34650236002158813
Elapsed Time: 3m 54s
********** 73 **********
Average Fitness: 0.09016666666666667
Maximum Fitness: 0.2333333333333333
Average Pen Distance: 0.5442422910933558
Maximum Pen Distance: 0.9114524881312994
Average Dog Distance: 0.6520377161788398
Maximum Dog Distance: 0.9818823616754466
Average Sheep Distance: 0.2452811137366927
Maximum Sheep Distance: 0.3759791172875562
Elapsed Time: 3m 40s
********** 74 **********
Average Fitness: 0.09500000000000001
Maximum Fitness: 0.2333333333333333
Average Pen Distance: 0.5384510851314088
Maximum Pen Distance: 0.9114524881312994
Average Dog Distance: 0.6524586564643358
Maximum Dog Distance: 0.9818823616754466
Average Sheep Distance: 0.24474435354899302
Maximum Sheep Distance: 0.3759791172875562
Elapsed Time: 3m 55s
********** 75 **********
Average Fitness: 0.09466666666666666
Maximum Fitness: 0.2333333333333333
Average Pen Distance: 0.535665500949976
Maximum Pen Distance: 0.9114524881312994
Average Dog Distance: 0.6471799562879975
Maximum Dog Distance: 0.9818823616754466
Average Sheep Distance: 0.24506807965206423
Maximum Sheep Distance: 0.3759791172875562
Elapsed Time: 4m 7s
********** 76 **********
Average Fitness: 0.09466666666666666
Maximum Fitness: 0.2333333333333333
Average Pen Distance: 0.5386165088085006
Maximum Pen Distance: 0.9114524881312994
Average Dog Distance: 0.6489716090820984
Maximum Dog Distance: 0.9818823616754466
Average Sheep Distance: 0.2455082667276406
Maximum Sheep Distance: 0.3759791172875562
Elapsed Time: 3m 53s
********** 77 **********
Average Fitness: 0.09283333333333335
Maximum Fitness: 0.2333333333333333
Average Pen Distance: 0.5390839936887541
Maximum Pen Distance: 0.9114524881312994
Average Dog Distance: 0.64264180870629
Maximum Dog Distance: 0.9818823616754466
Average Sheep Distance: 0.2434132520929937
Maximum Sheep Distance: 0.3759791172875562
Elapsed Time: 3m 55s
********** 78 **********
Average Fitness: 0.09300000000000001
Maximum Fitness: 0.2333333333333333
Average Pen Distance: 0.5452731550228611
Maximum Pen Distance: 0.9114524881312994
Average Dog Distance: 0.6457067148319876
Maximum Dog Distance: 0.9947572663389342
Average Sheep Distance: 0.24336269163685248
Maximum Sheep Distance: 0.3759791172875562
Elapsed Time: 3m 51s
********** 79 **********
Average Fitness: 0.09350000000000001
Maximum Fitness: 0.2333333333333333
Average Pen Distance: 0.547906636841404
Maximum Pen Distance: 0.9114524881312994
Average Dog Distance: 0.6426645714972907
Maximum Dog Distance: 0.9947572663389342
Average Sheep Distance: 0.2437406425591108
Maximum Sheep Distance: 0.3759791172875562
Elapsed Time: 3m 40s
********** 80 **********
Average Fitness: 0.09316666666666668
Maximum Fitness: 0.2333333333333333
Average Pen Distance: 0.5397069449812475
Maximum Pen Distance: 0.9114524881312994
Average Dog Distance: 0.6422361310696161
Maximum Dog Distance: 0.9947572663389342
Average Sheep Distance: 0.24224185316571945
Maximum Sheep Distance: 0.3759791172875562
Elapsed Time: 3m 49s
********** 81 **********
Average Fitness: 0.09266666666666667
Maximum Fitness: 0.2333333333333333
Average Pen Distance: 0.5439463281125649
Maximum Pen Distance: 0.9114524881312994
Average Dog Distance: 0.6374246910200838
Maximum Dog Distance: 0.9947572663389342
Average Sheep Distance: 0.24333468394675395
Maximum Sheep Distance: 0.3759791172875562
Elapsed Time: 3m 57s
********** 82 **********
Average Fitness: 0.09383333333333335
Maximum Fitness: 0.2333333333333333
Average Pen Distance: 0.5413476290080613
Maximum Pen Distance: 0.9114524881312994
Average Dog Distance: 0.6380086901205998
Maximum Dog Distance: 0.9947572663389342
Average Sheep Distance: 0.2436586769864583
Maximum Sheep Distance: 0.3759791172875562
Elapsed Time: 3m 51s
********** 83 **********
Average Fitness: 0.09500000000000001
Maximum Fitness: 0.2333333333333333
Average Pen Distance: 0.535332750662257
Maximum Pen Distance: 0.9114524881312994
Average Dog Distance: 0.6461204326521629
Maximum Dog Distance: 0.9947572663389342
Average Sheep Distance: 0.2419096598044055
Maximum Sheep Distance: 0.3759791172875562
Elapsed Time: 3m 50s
********** 84 **********
Average Fitness: 0.09450000000000003
Maximum Fitness: 0.2333333333333333
Average Pen Distance: 0.5359124335337613
Maximum Pen Distance: 0.9114524881312994
Average Dog Distance: 0.6486369829605103
Maximum Dog Distance: 0.9947572663389342
Average Sheep Distance: 0.24680102807235987
Maximum Sheep Distance: 0.3759791172875562
Elapsed Time: 4m 1s
********** 85 **********
Average Fitness: 0.09583333333333334
Maximum Fitness: 0.2333333333333333
Average Pen Distance: 0.5367163164053833
Maximum Pen Distance: 0.9114524881312994
Average Dog Distance: 0.652538566614285
Maximum Dog Distance: 0.9947572663389342
Average Sheep Distance: 0.24494143640259242
Maximum Sheep Distance: 0.3759791172875562
Elapsed Time: 3m 57s
********** 86 **********
Average Fitness: 0.09600000000000003
Maximum Fitness: 0.2333333333333333
Average Pen Distance: 0.5270958275453441
Maximum Pen Distance: 0.8705321542181879
Average Dog Distance: 0.6466548323814172
Maximum Dog Distance: 0.9947572663389342
Average Sheep Distance: 0.2423386758007884
Maximum Sheep Distance: 0.3759791172875562
Elapsed Time: 3m 47s
********** 87 **********
Average Fitness: 0.09566666666666668
Maximum Fitness: 0.2333333333333333
Average Pen Distance: 0.5302252074398754
Maximum Pen Distance: 0.8705321542181879
Average Dog Distance: 0.6394089694092555
Maximum Dog Distance: 0.9947572663389342
Average Sheep Distance: 0.24332229100351635
Maximum Sheep Distance: 0.3759791172875562
Elapsed Time: 3m 51s
********** 88 **********
Average Fitness: 0.09533333333333337
Maximum Fitness: 0.2333333333333333
Average Pen Distance: 0.5329205274235572
Maximum Pen Distance: 0.8705321542181879
Average Dog Distance: 0.6419863298691888
Maximum Dog Distance: 0.9947572663389342
Average Sheep Distance: 0.2451083001476672
Maximum Sheep Distance: 0.3759791172875562
Elapsed Time: 4m 4s
********** 89 **********
Average Fitness: 0.09666666666666669
Maximum Fitness: 0.2333333333333333
Average Pen Distance: 0.5252198025050834
Maximum Pen Distance: 0.8705321542181879
Average Dog Distance: 0.6470394688447335
Maximum Dog Distance: 0.9947572663389342
Average Sheep Distance: 0.24565151522725046
Maximum Sheep Distance: 0.3759791172875562
Elapsed Time: 4m 4s
********** 90 **********
Average Fitness: 0.09850000000000003
Maximum Fitness: 0.2333333333333333
Average Pen Distance: 0.5299028131864847
Maximum Pen Distance: 0.8705321542181879
Average Dog Distance: 0.6483479964742455
Maximum Dog Distance: 0.9947572663389342
Average Sheep Distance: 0.24841569932381802
Maximum Sheep Distance: 0.3759791172875562
Elapsed Time: 3m 38s
********** 91 **********
Average Fitness: 0.0981666666666667
Maximum Fitness: 0.26666666666666666
Average Pen Distance: 0.5283742991665517
Maximum Pen Distance: 0.8705321542181879
Average Dog Distance: 0.6438463373798713
Maximum Dog Distance: 0.9947572663389342
Average Sheep Distance: 0.24609548990179014
Maximum Sheep Distance: 0.3759791172875562
Elapsed Time: 3m 39s
********** 92 **********
Average Fitness: 0.1001666666666667
Maximum Fitness: 0.26666666666666666
Average Pen Distance: 0.5232933999217988
Maximum Pen Distance: 0.8705321542181879
Average Dog Distance: 0.6302527745112342
Maximum Dog Distance: 0.9947572663389342
Average Sheep Distance: 0.24869054589518833
Maximum Sheep Distance: 0.3759791172875562
Elapsed Time: 3m 54s
********** 93 **********
Average Fitness: 0.10216666666666667
Maximum Fitness: 0.26666666666666666
Average Pen Distance: 0.5202817948106524
Maximum Pen Distance: 0.8705321542181879
Average Dog Distance: 0.6346809341085776
Maximum Dog Distance: 0.9947572663389342
Average Sheep Distance: 0.2496573572382771
Maximum Sheep Distance: 0.3759791172875562
Elapsed Time: 3m 47s
********** 94 **********
Average Fitness: 0.098
Maximum Fitness: 0.26666666666666666
Average Pen Distance: 0.5263214065199773
Maximum Pen Distance: 0.8705321542181879
Average Dog Distance: 0.6394167673742067
Maximum Dog Distance: 0.9947572663389342
Average Sheep Distance: 0.24826711153207423
Maximum Sheep Distance: 0.3759791172875562
Elapsed Time: 4m 9s
********** 95 **********
Average Fitness: 0.09966666666666668
Maximum Fitness: 0.26666666666666666
Average Pen Distance: 0.5243729448917095
Maximum Pen Distance: 0.8705321542181879
Average Dog Distance: 0.6412588763452359
Maximum Dog Distance: 0.9818823616754466
Average Sheep Distance: 0.2506020738453638
Maximum Sheep Distance: 0.3759791172875562
Elapsed Time: 3m 51s
********** 96 **********
Average Fitness: 0.09966666666666668
Maximum Fitness: 0.26666666666666666
Average Pen Distance: 0.52366074438355
Maximum Pen Distance: 0.8705321542181879
Average Dog Distance: 0.6387134452511563
Maximum Dog Distance: 0.9818823616754466
Average Sheep Distance: 0.24970276181910855
Maximum Sheep Distance: 0.3759791172875562
Elapsed Time: 4m 25s
********** 97 **********
Average Fitness: 0.10000000000000002
Maximum Fitness: 0.26666666666666666
Average Pen Distance: 0.5275823756676177
Maximum Pen Distance: 0.8705321542181879
Average Dog Distance: 0.6337728652017223
Maximum Dog Distance: 0.9818823616754466
Average Sheep Distance: 0.24940753999780366
Maximum Sheep Distance: 0.3759791172875562
Elapsed Time: 3m 49s
********** 98 **********
Average Fitness: 0.10016666666666668
Maximum Fitness: 0.26666666666666666
Average Pen Distance: 0.5345303128325455
Maximum Pen Distance: 0.8705321542181879
Average Dog Distance: 0.636973982905171
Maximum Dog Distance: 0.9818823616754466
Average Sheep Distance: 0.2473681742413705
Maximum Sheep Distance: 0.3759791172875562
Elapsed Time: 3m 38s
********** 99 **********
Average Fitness: 0.0986666666666667
Maximum Fitness: 0.26666666666666666
Average Pen Distance: 0.5347902228778935
Maximum Pen Distance: 0.8705321542181879
Average Dog Distance: 0.636614322859148
Maximum Dog Distance: 0.9818823616754466
Average Sheep Distance: 0.2478755185826875
Maximum Sheep Distance: 0.3759791172875562
Elapsed Time: 3m 48s
********** 100 **********
Average Fitness: 0.0995
Maximum Fitness: 0.26666666666666666
Average Pen Distance: 0.5379433741606943
Maximum Pen Distance: 0.8705321542181879
Average Dog Distance: 0.6380384671942781
Maximum Dog Distance: 0.9818823616754466
Average Sheep Distance: 0.24687756460520557
Maximum Sheep Distance: 0.3759791172875562
Elapsed Time: 4m 7s
********** 1 **********
Average Fitness: 0.0295
Maximum Fitness: 0.10000000000000002
Average Pen Distance: 0.5471538725966277
Maximum Pen Distance: 0.8201405895140503
Average Dog Distance: 0.7680568122234146
Maximum Dog Distance: 0.9646348792315694
Average Sheep Distance: 0.23166610190738074
Maximum Sheep Distance: 0.34186614100881263
Elapsed Time: 8m 0s
********** 2 **********
Average Fitness: 0.042666666666666665
Maximum Fitness: 0.11666666666666665
Average Pen Distance: 0.5455806561530067
Maximum Pen Distance: 0.8201405895140503
Average Dog Distance: 0.7603757677028491
Maximum Dog Distance: 0.9646348792315694
Average Sheep Distance: 0.2372616602203709
Maximum Sheep Distance: 0.34186614100881263
Elapsed Time: 3m 58s
********** 3 **********
Average Fitness: 0.04533333333333332
Maximum Fitness: 0.11666666666666665
Average Pen Distance: 0.5415343128037181
Maximum Pen Distance: 0.8201405895140503
Average Dog Distance: 0.7506091970108354
Maximum Dog Distance: 0.9646348792315694
Average Sheep Distance: 0.23988054572923617
Maximum Sheep Distance: 0.34186614100881263
Elapsed Time: 4m 6s
********** 4 **********
Average Fitness: 0.04966666666666666
Maximum Fitness: 0.11666666666666665
Average Pen Distance: 0.534808103459131
Maximum Pen Distance: 0.8201405895140503
Average Dog Distance: 0.7439172478226156
Maximum Dog Distance: 0.9646348792315694
Average Sheep Distance: 0.24094023912774787
Maximum Sheep Distance: 0.34186614100881263
Elapsed Time: 3m 52s
********** 5 **********
Average Fitness: 0.054333333333333324
Maximum Fitness: 0.11666666666666665
Average Pen Distance: 0.5237379746322803
Maximum Pen Distance: 0.8201405895140503
Average Dog Distance: 0.7410050186684523
Maximum Dog Distance: 0.973754126689474
Average Sheep Distance: 0.24350466429210982
Maximum Sheep Distance: 0.34186614100881263
Elapsed Time: 3m 54s
********** 6 **********
Average Fitness: 0.05583333333333333
Maximum Fitness: 0.15
Average Pen Distance: 0.5080693535564937
Maximum Pen Distance: 0.8201405895140503
Average Dog Distance: 0.7331245360610807
Maximum Dog Distance: 0.973754126689474
Average Sheep Distance: 0.24251379528367362
Maximum Sheep Distance: 0.34186614100881263
Elapsed Time: 4m 14s
********** 7 **********
Average Fitness: 0.05616666666666666
Maximum Fitness: 0.15
Average Pen Distance: 0.5272153709959686
Maximum Pen Distance: 0.8201405895140503
Average Dog Distance: 0.7343205814777032
Maximum Dog Distance: 0.973754126689474
Average Sheep Distance: 0.24238917061276935
Maximum Sheep Distance: 0.34186614100881263
Elapsed Time: 4m 12s
********** 8 **********
Average Fitness: 0.058666666666666666
Maximum Fitness: 0.15
Average Pen Distance: 0.5286013956131087
Maximum Pen Distance: 0.8222082976823949
Average Dog Distance: 0.7306990023994409
Maximum Dog Distance: 0.955066936379989
Average Sheep Distance: 0.24642428653722326
Maximum Sheep Distance: 0.34186614100881263
Elapsed Time: 3m 49s
********** 9 **********
Average Fitness: 0.06083333333333333
Maximum Fitness: 0.15
Average Pen Distance: 0.5275754339965809
Maximum Pen Distance: 0.8222082976823949
Average Dog Distance: 0.725830867045033
Maximum Dog Distance: 0.955066936379989
Average Sheep Distance: 0.2480549601624378
Maximum Sheep Distance: 0.34186614100881263
Elapsed Time: 4m 9s
********** 10 **********
Average Fitness: 0.06516666666666665
Maximum Fitness: 0.16666666666666666
Average Pen Distance: 0.5143916207842456
Maximum Pen Distance: 0.8222082976823949
Average Dog Distance: 0.7144181090673131
Maximum Dog Distance: 0.955066936379989
Average Sheep Distance: 0.24899721567388386
Maximum Sheep Distance: 0.34186614100881263
Elapsed Time: 3m 56s
********** 11 **********
Average Fitness: 0.06616666666666665
Maximum Fitness: 0.16666666666666666
Average Pen Distance: 0.5171843766281189
Maximum Pen Distance: 0.8222082976823949
Average Dog Distance: 0.7237691594193971
Maximum Dog Distance: 0.955066936379989
Average Sheep Distance: 0.2481954403014179
Maximum Sheep Distance: 0.34186614100881263
Elapsed Time: 3m 50s
********** 12 **********
Average Fitness: 0.064
Maximum Fitness: 0.16666666666666666
Average Pen Distance: 0.5325311440034539
Maximum Pen Distance: 0.8222082976823949
Average Dog Distance: 0.7126263867800953
Maximum Dog Distance: 0.955066936379989
Average Sheep Distance: 0.2498163489840473
Maximum Sheep Distance: 0.35866762179115774
Elapsed Time: 3m 42s
********** 13 **********
Average Fitness: 0.06416666666666666
Maximum Fitness: 0.16666666666666666
Average Pen Distance: 0.5212360505398875
Maximum Pen Distance: 0.8222082976823949
Average Dog Distance: 0.7102104719409071
Maximum Dog Distance: 0.955066936379989
Average Sheep Distance: 0.24562052501902273
Maximum Sheep Distance: 0.35866762179115774
Elapsed Time: 3m 42s
********** 14 **********
Average Fitness: 0.06549999999999999
Maximum Fitness: 0.18333333333333335
Average Pen Distance: 0.5164020206972044
Maximum Pen Distance: 0.8222082976823949
Average Dog Distance: 0.7047352321552133
Maximum Dog Distance: 0.955066936379989
Average Sheep Distance: 0.24688666101328516
Maximum Sheep Distance: 0.35866762179115774
Elapsed Time: 3m 40s
********** 15 **********
Average Fitness: 0.06616666666666667
Maximum Fitness: 0.18333333333333335
Average Pen Distance: 0.5273128617740351
Maximum Pen Distance: 0.8222082976823949
Average Dog Distance: 0.7084595188934576
Maximum Dog Distance: 0.955066936379989
Average Sheep Distance: 0.24867741104770644
Maximum Sheep Distance: 0.35866762179115774
Elapsed Time: 4m 16s
********** 16 **********
Average Fitness: 0.06716666666666665
Maximum Fitness: 0.18333333333333335
Average Pen Distance: 0.5223935345302393
Maximum Pen Distance: 0.8502104352225835
Average Dog Distance: 0.7053390728892681
Maximum Dog Distance: 0.955066936379989
Average Sheep Distance: 0.24879554813691152
Maximum Sheep Distance: 0.35866762179115774
Elapsed Time: 3m 46s
********** 17 **********
Average Fitness: 0.06933333333333333
Maximum Fitness: 0.18333333333333335
Average Pen Distance: 0.5239237104989075
Maximum Pen Distance: 0.8502104352225835
Average Dog Distance: 0.7045528345925683
Maximum Dog Distance: 0.955066936379989
Average Sheep Distance: 0.2510202763917395
Maximum Sheep Distance: 0.35866762179115774
Elapsed Time: 3m 51s
********** 18 **********
Average Fitness: 0.072
Maximum Fitness: 0.18333333333333335
Average Pen Distance: 0.5194759827391242
Maximum Pen Distance: 0.8502104352225835
Average Dog Distance: 0.700497837127356
Maximum Dog Distance: 0.955066936379989
Average Sheep Distance: 0.2519016631732445
Maximum Sheep Distance: 0.35866762179115774
Elapsed Time: 4m 10s
********** 19 **********
Average Fitness: 0.07266666666666667
Maximum Fitness: 0.18333333333333335
Average Pen Distance: 0.5156885502178782
Maximum Pen Distance: 0.8502104352225835
Average Dog Distance: 0.6924639998512876
Maximum Dog Distance: 0.955066936379989
Average Sheep Distance: 0.247494758583363
Maximum Sheep Distance: 0.35866762179115774
Elapsed Time: 3m 52s
********** 20 **********
Average Fitness: 0.07316666666666667
Maximum Fitness: 0.18333333333333335
Average Pen Distance: 0.5239651477375304
Maximum Pen Distance: 0.8502104352225835
Average Dog Distance: 0.6930612609315159
Maximum Dog Distance: 0.955066936379989
Average Sheep Distance: 0.24705109499228484
Maximum Sheep Distance: 0.35866762179115774
Elapsed Time: 3m 44s
********** 21 **********
Average Fitness: 0.071
Maximum Fitness: 0.18333333333333335
Average Pen Distance: 0.5286879048759277
Maximum Pen Distance: 0.8502104352225835
Average Dog Distance: 0.6942475469397104
Maximum Dog Distance: 0.955066936379989
Average Sheep Distance: 0.2463683572349764
Maximum Sheep Distance: 0.35866762179115774
Elapsed Time: 3m 41s
********** 22 **********
Average Fitness: 0.07333333333333333
Maximum Fitness: 0.18333333333333335
Average Pen Distance: 0.5199362158348465
Maximum Pen Distance: 0.8502104352225835
Average Dog Distance: 0.6881296629733764
Maximum Dog Distance: 0.9601646111261806
Average Sheep Distance: 0.24683501166810784
Maximum Sheep Distance: 0.35866762179115774
Elapsed Time: 3m 57s
********** 23 **********
Average Fitness: 0.073
Maximum Fitness: 0.18333333333333335
Average Pen Distance: 0.5183611944263194
Maximum Pen Distance: 0.8502104352225835
Average Dog Distance: 0.6846144469082474
Maximum Dog Distance: 0.9601646111261806
Average Sheep Distance: 0.24735002229445524
Maximum Sheep Distance: 0.35866762179115774
Elapsed Time: 4m 9s
********** 24 **********
Average Fitness: 0.07166666666666666
Maximum Fitness: 0.18333333333333335
Average Pen Distance: 0.5101212536701439
Maximum Pen Distance: 0.8502104352225835
Average Dog Distance: 0.6747540720600912
Maximum Dog Distance: 0.9601646111261806
Average Sheep Distance: 0.24713600839321373
Maximum Sheep Distance: 0.35866762179115774
Elapsed Time: 3m 47s
********** 25 **********
Average Fitness: 0.07083333333333333
Maximum Fitness: 0.18333333333333335
Average Pen Distance: 0.5145088395153347
Maximum Pen Distance: 0.8502104352225835
Average Dog Distance: 0.672745003616884
Maximum Dog Distance: 0.9601646111261806
Average Sheep Distance: 0.24716067090471833
Maximum Sheep Distance: 0.35866762179115774
Elapsed Time: 3m 52s
********** 26 **********
Average Fitness: 0.06866666666666667
Maximum Fitness: 0.18333333333333335
Average Pen Distance: 0.5312788174885735
Maximum Pen Distance: 0.8502104352225835
Average Dog Distance: 0.6756820191945831
Maximum Dog Distance: 0.9601646111261806
Average Sheep Distance: 0.24760169037084798
Maximum Sheep Distance: 0.36250395471228886
Elapsed Time: 4m 19s
********** 27 **********
Average Fitness: 0.07133333333333333
Maximum Fitness: 0.2333333333333333
Average Pen Distance: 0.5287678826279588
Maximum Pen Distance: 0.8502104352225835
Average Dog Distance: 0.6771415137791726
Maximum Dog Distance: 0.9601646111261806
Average Sheep Distance: 0.24628909213483
Maximum Sheep Distance: 0.36250395471228886
Elapsed Time: 3m 42s
********** 28 **********
Average Fitness: 0.0725
Maximum Fitness: 0.2333333333333333
Average Pen Distance: 0.5292398535227322
Maximum Pen Distance: 0.8606906488002478
Average Dog Distance: 0.6812069089255001
Maximum Dog Distance: 0.9601646111261806
Average Sheep Distance: 0.2477469570632209
Maximum Sheep Distance: 0.36250395471228886
Elapsed Time: 3m 46s
********** 29 **********
Average Fitness: 0.07233333333333333
Maximum Fitness: 0.2333333333333333
Average Pen Distance: 0.5289651009288415
Maximum Pen Distance: 0.8606906488002478
Average Dog Distance: 0.6857399353919331
Maximum Dog Distance: 0.9630001071970935
Average Sheep Distance: 0.2447411102505966
Maximum Sheep Distance: 0.36250395471228886
Elapsed Time: 4m 0s
********** 30 **********
Average Fitness: 0.07183333333333333
Maximum Fitness: 0.2333333333333333
Average Pen Distance: 0.5303444987003004
Maximum Pen Distance: 0.8606906488002478
Average Dog Distance: 0.6915175007877982
Maximum Dog Distance: 0.9630001071970935
Average Sheep Distance: 0.24385567975507896
Maximum Sheep Distance: 0.36250395471228886
Elapsed Time: 3m 49s
********** 31 **********
Average Fitness: 0.07166666666666667
Maximum Fitness: 0.2333333333333333
Average Pen Distance: 0.5256318514265707
Maximum Pen Distance: 0.8606906488002478
Average Dog Distance: 0.6921814858380408
Maximum Dog Distance: 0.9627986865708128
Average Sheep Distance: 0.24466126339065972
Maximum Sheep Distance: 0.36250395471228886
Elapsed Time: 4m 7s
********** 32 **********
Average Fitness: 0.07400000000000001
Maximum Fitness: 0.2333333333333333
Average Pen Distance: 0.5289315555563204
Maximum Pen Distance: 0.8606906488002478
Average Dog Distance: 0.6921192011797072
Maximum Dog Distance: 0.972458733866785
Average Sheep Distance: 0.24596978532051214
Maximum Sheep Distance: 0.36250395471228886
Elapsed Time: 3m 49s
********** 33 **********
Average Fitness: 0.07566666666666666
Maximum Fitness: 0.2333333333333333
Average Pen Distance: 0.5288257155503713
Maximum Pen Distance: 0.8606906488002478
Average Dog Distance: 0.6909791505150769
Maximum Dog Distance: 0.972458733866785
Average Sheep Distance: 0.2464298466543602
Maximum Sheep Distance: 0.36250395471228886
Elapsed Time: 3m 39s
********** 34 **********
Average Fitness: 0.07600000000000001
Maximum Fitness: 0.2333333333333333
Average Pen Distance: 0.5300738453719086
Maximum Pen Distance: 0.8822818656927982
Average Dog Distance: 0.6842139956620309
Maximum Dog Distance: 0.972458733866785
Average Sheep Distance: 0.2469332280600249
Maximum Sheep Distance: 0.36250395471228886
Elapsed Time: 4m 39s
********** 35 **********
Average Fitness: 0.07816666666666666
Maximum Fitness: 0.2333333333333333
Average Pen Distance: 0.523358079972364
Maximum Pen Distance: 0.8822818656927982
Average Dog Distance: 0.6780975373821679
Maximum Dog Distance: 0.9601646111261806
Average Sheep Distance: 0.246047661330813
Maximum Sheep Distance: 0.36250395471228886
Elapsed Time: 4m 3s
********** 36 **********
Average Fitness: 0.08000000000000002
Maximum Fitness: 0.2333333333333333
Average Pen Distance: 0.5155807320979355
Maximum Pen Distance: 0.8822818656927982
Average Dog Distance: 0.6804627622627251
Maximum Dog Distance: 0.9601646111261806
Average Sheep Distance: 0.24369166510951396
Maximum Sheep Distance: 0.36250395471228886
Elapsed Time: 4m 0s
********** 37 **********
Average Fitness: 0.08033333333333335
Maximum Fitness: 0.2333333333333333
Average Pen Distance: 0.5138352131704046
Maximum Pen Distance: 0.8822818656927982
Average Dog Distance: 0.6719439064151799
Maximum Dog Distance: 0.9389106659174091
Average Sheep Distance: 0.24442944847369766
Maximum Sheep Distance: 0.36250395471228886
Elapsed Time: 4m 13s
********** 38 **********
Average Fitness: 0.0795
Maximum Fitness: 0.2333333333333333
Average Pen Distance: 0.5137846198870429
Maximum Pen Distance: 0.8822818656927982
Average Dog Distance: 0.6729467208457481
Maximum Dog Distance: 0.9547547809938824
Average Sheep Distance: 0.24521769533752025
Maximum Sheep Distance: 0.36250395471228886
Elapsed Time: 4m 16s
********** 39 **********
Average Fitness: 0.07766666666666666
Maximum Fitness: 0.2333333333333333
Average Pen Distance: 0.5153073190880605
Maximum Pen Distance: 0.8822818656927982
Average Dog Distance: 0.6699086713854996
Maximum Dog Distance: 0.9547547809938824
Average Sheep Distance: 0.24202964841769303
Maximum Sheep Distance: 0.36250395471228886
Elapsed Time: 3m 56s
********** 40 **********
Average Fitness: 0.073
Maximum Fitness: 0.2333333333333333
Average Pen Distance: 0.5281441269127966
Maximum Pen Distance: 0.8822818656927982
Average Dog Distance: 0.660250756843335
Maximum Dog Distance: 0.9547547809938824
Average Sheep Distance: 0.2437744422185239
Maximum Sheep Distance: 0.36250395471228886
Elapsed Time: 4m 4s
********** 41 **********
Average Fitness: 0.07316666666666667
Maximum Fitness: 0.2333333333333333
Average Pen Distance: 0.5280055146078769
Maximum Pen Distance: 0.8822818656927982
Average Dog Distance: 0.6611259577625765
Maximum Dog Distance: 0.9389106659174091
Average Sheep Distance: 0.24783812447139422
Maximum Sheep Distance: 0.36250395471228886
Elapsed Time: 4m 13s
********** 42 **********
Average Fitness: 0.07700000000000001
Maximum Fitness: 0.2333333333333333
Average Pen Distance: 0.5209867175087107
Maximum Pen Distance: 0.8822818656927982
Average Dog Distance: 0.6588157603109306
Maximum Dog Distance: 0.9389106659174091
Average Sheep Distance: 0.2493721207548668
Maximum Sheep Distance: 0.36250395471228886
Elapsed Time: 3m 54s
********** 43 **********
Average Fitness: 0.07666666666666666
Maximum Fitness: 0.2333333333333333
Average Pen Distance: 0.527595387136087
Maximum Pen Distance: 0.8822818656927982
Average Dog Distance: 0.660619469891333
Maximum Dog Distance: 0.9389106659174091
Average Sheep Distance: 0.2508594994153246
Maximum Sheep Distance: 0.36250395471228886
Elapsed Time: 4m 0s
********** 44 **********
Average Fitness: 0.07616666666666667
Maximum Fitness: 0.2333333333333333
Average Pen Distance: 0.5410198542936963
Maximum Pen Distance: 0.9050054375526603
Average Dog Distance: 0.6660769306032033
Maximum Dog Distance: 0.9389106659174091
Average Sheep Distance: 0.2510189739477679
Maximum Sheep Distance: 0.36250395471228886
Elapsed Time: 3m 54s
********** 45 **********
Average Fitness: 0.07716666666666666
Maximum Fitness: 0.2333333333333333
Average Pen Distance: 0.5422375674585099
Maximum Pen Distance: 0.9050054375526603
Average Dog Distance: 0.6701423923078894
Maximum Dog Distance: 0.9389106659174091
Average Sheep Distance: 0.2517009387299071
Maximum Sheep Distance: 0.36250395471228886
Elapsed Time: 3m 54s
********** 46 **********
Average Fitness: 0.077
Maximum Fitness: 0.2333333333333333
Average Pen Distance: 0.5434912260769056
Maximum Pen Distance: 0.9050054375526603
Average Dog Distance: 0.6732482322006463
Maximum Dog Distance: 0.9389106659174091
Average Sheep Distance: 0.250053845898438
Maximum Sheep Distance: 0.36250395471228886
Elapsed Time: 4m 4s
********** 47 **********
Average Fitness: 0.07883333333333334
Maximum Fitness: 0.2333333333333333
Average Pen Distance: 0.5487853454474576
Maximum Pen Distance: 0.9050054375526603
Average Dog Distance: 0.6794664244679487
Maximum Dog Distance: 0.9389106659174091
Average Sheep Distance: 0.2518302144423987
Maximum Sheep Distance: 0.36465594616463487
Elapsed Time: 3m 50s
********** 48 **********
Average Fitness: 0.08033333333333333
Maximum Fitness: 0.2333333333333333
Average Pen Distance: 0.5519517964239394
Maximum Pen Distance: 0.9050054375526603
Average Dog Distance: 0.6762817326266376
Maximum Dog Distance: 0.9389106659174091
Average Sheep Distance: 0.2520485601511257
Maximum Sheep Distance: 0.36465594616463487
Elapsed Time: 4m 6s
********** 49 **********
Average Fitness: 0.079
Maximum Fitness: 0.2333333333333333
Average Pen Distance: 0.5365655907209773
Maximum Pen Distance: 0.9050054375526603
Average Dog Distance: 0.6667250345654252
Maximum Dog Distance: 0.9538007360516607
Average Sheep Distance: 0.24737540365052305
Maximum Sheep Distance: 0.36465594616463487
Elapsed Time: 3m 55s
********** 50 **********
Average Fitness: 0.08133333333333334
Maximum Fitness: 0.2333333333333333
Average Pen Distance: 0.526451096850036
Maximum Pen Distance: 0.9050054375526603
Average Dog Distance: 0.6591073722647923
Maximum Dog Distance: 0.9538007360516607
Average Sheep Distance: 0.24651271873482736
Maximum Sheep Distance: 0.36465594616463487
Elapsed Time: 3m 41s
********** 51 **********
Average Fitness: 0.08266666666666668
Maximum Fitness: 0.2333333333333333
Average Pen Distance: 0.5253696701769871
Maximum Pen Distance: 0.9050054375526603
Average Dog Distance: 0.6564398441647519
Maximum Dog Distance: 0.9648391462179529
Average Sheep Distance: 0.2461944868913924
Maximum Sheep Distance: 0.36465594616463487
Elapsed Time: 3m 54s
********** 52 **********
Average Fitness: 0.08083333333333334
Maximum Fitness: 0.2333333333333333
Average Pen Distance: 0.5325210046907946
Maximum Pen Distance: 0.9192561414901674
Average Dog Distance: 0.6546913046416245
Maximum Dog Distance: 0.9648391462179529
Average Sheep Distance: 0.248397696156618
Maximum Sheep Distance: 0.36465594616463487
Elapsed Time: 4m 9s
********** 53 **********
Average Fitness: 0.08100000000000002
Maximum Fitness: 0.2333333333333333
Average Pen Distance: 0.5382565004598487
Maximum Pen Distance: 0.9192561414901674
Average Dog Distance: 0.6628333447121315
Maximum Dog Distance: 0.9648391462179529
Average Sheep Distance: 0.24961521653921495
Maximum Sheep Distance: 0.36465594616463487
Elapsed Time: 3m 43s
********** 54 **********
Average Fitness: 0.08166666666666668
Maximum Fitness: 0.2333333333333333
Average Pen Distance: 0.5395585455099565
Maximum Pen Distance: 0.9192561414901674
Average Dog Distance: 0.6649868985503705
Maximum Dog Distance: 0.9648391462179529
Average Sheep Distance: 0.24945689958695014
Maximum Sheep Distance: 0.36465594616463487
Elapsed Time: 3m 42s
********** 55 **********
Average Fitness: 0.08316666666666667
Maximum Fitness: 0.2333333333333333
Average Pen Distance: 0.5357638123309667
Maximum Pen Distance: 0.8822818656927982
Average Dog Distance: 0.6611866157159162
Maximum Dog Distance: 0.9648391462179529
Average Sheep Distance: 0.2492483800413506
Maximum Sheep Distance: 0.36465594616463487
Elapsed Time: 3m 56s
********** 56 **********
Average Fitness: 0.08416666666666668
Maximum Fitness: 0.2333333333333333
Average Pen Distance: 0.527910552422163
Maximum Pen Distance: 0.8822818656927982
Average Dog Distance: 0.6549834383595897
Maximum Dog Distance: 0.9648391462179529
Average Sheep Distance: 0.24917954932039751
Maximum Sheep Distance: 0.34779633232535384
Elapsed Time: 4m 2s
********** 57 **********
Average Fitness: 0.08566666666666668
Maximum Fitness: 0.2333333333333333
Average Pen Distance: 0.5322395977027804
Maximum Pen Distance: 0.8822818656927982
Average Dog Distance: 0.6630169528559432
Maximum Dog Distance: 0.9648391462179529
Average Sheep Distance: 0.24603439067253535
Maximum Sheep Distance: 0.34779633232535384
Elapsed Time: 3m 34s
********** 58 **********
Average Fitness: 0.084
Maximum Fitness: 0.2333333333333333
Average Pen Distance: 0.5270190552764918
Maximum Pen Distance: 0.881106353305865
Average Dog Distance: 0.6565074252285891
Maximum Dog Distance: 0.9648391462179529
Average Sheep Distance: 0.24325466249319636
Maximum Sheep Distance: 0.34779633232535384
Elapsed Time: 3m 57s
********** 59 **********
Average Fitness: 0.08483333333333336
Maximum Fitness: 0.2333333333333333
Average Pen Distance: 0.5281741150034285
Maximum Pen Distance: 0.881106353305865
Average Dog Distance: 0.6562380048163458
Maximum Dog Distance: 0.9648391462179529
Average Sheep Distance: 0.246169809070303
Maximum Sheep Distance: 0.34779633232535384
Elapsed Time: 3m 44s
********** 60 **********
Average Fitness: 0.08350000000000002
Maximum Fitness: 0.2333333333333333
Average Pen Distance: 0.5448973703770812
Maximum Pen Distance: 0.8999204527863549
Average Dog Distance: 0.6552158382357481
Maximum Dog Distance: 0.9648391462179529
Average Sheep Distance: 0.24835996442057565
Maximum Sheep Distance: 0.36502585033001494
Elapsed Time: 3m 45s
********** 61 **********
Average Fitness: 0.08383333333333337
Maximum Fitness: 0.2333333333333333
Average Pen Distance: 0.5443040013425997
Maximum Pen Distance: 0.8999204527863549
Average Dog Distance: 0.6560077807436819
Maximum Dog Distance: 0.9648391462179529
Average Sheep Distance: 0.24835592183590685
Maximum Sheep Distance: 0.36594455690333105
Elapsed Time: 3m 55s
********** 62 **********
Average Fitness: 0.0825
Maximum Fitness: 0.2333333333333333
Average Pen Distance: 0.5468055337305727
Maximum Pen Distance: 0.8999204527863549
Average Dog Distance: 0.6555415048917222
Maximum Dog Distance: 0.9648391462179529
Average Sheep Distance: 0.24592417548068504
Maximum Sheep Distance: 0.36594455690333105
Elapsed Time: 3m 47s
********** 63 **********
Average Fitness: 0.08166666666666667
Maximum Fitness: 0.2333333333333333
Average Pen Distance: 0.5551610025787016
Maximum Pen Distance: 0.8999204527863549
Average Dog Distance: 0.6630950601704454
Maximum Dog Distance: 0.9648391462179529
Average Sheep Distance: 0.24584875307074372
Maximum Sheep Distance: 0.36594455690333105
Elapsed Time: 4m 2s
********** 64 **********
Average Fitness: 0.08216666666666668
Maximum Fitness: 0.2333333333333333
Average Pen Distance: 0.5608368492655481
Maximum Pen Distance: 0.905030228142722
Average Dog Distance: 0.6683040956230114
Maximum Dog Distance: 0.9648391462179529
Average Sheep Distance: 0.24587519176898348
Maximum Sheep Distance: 0.36594455690333105
Elapsed Time: 4m 14s
********** 65 **********
Average Fitness: 0.083
Maximum Fitness: 0.2333333333333333
Average Pen Distance: 0.5520451913811549
Maximum Pen Distance: 0.9712867579384467
Average Dog Distance: 0.6646516787146003
Maximum Dog Distance: 0.9648391462179529
Average Sheep Distance: 0.2457795522337679
Maximum Sheep Distance: 0.36594455690333105
Elapsed Time: 3m 57s
********** 66 **********
Average Fitness: 0.08400000000000002
Maximum Fitness: 0.2333333333333333
Average Pen Distance: 0.5446281220635604
Maximum Pen Distance: 0.9712867579384467
Average Dog Distance: 0.6644762503023276
Maximum Dog Distance: 0.9648391462179529
Average Sheep Distance: 0.24565579894818876
Maximum Sheep Distance: 0.36594455690333105
Elapsed Time: 4m 0s
********** 67 **********
Average Fitness: 0.0841666666666667
Maximum Fitness: 0.2333333333333333
Average Pen Distance: 0.5426798707988426
Maximum Pen Distance: 0.9712867579384467
Average Dog Distance: 0.65957922042791
Maximum Dog Distance: 0.9648391462179529
Average Sheep Distance: 0.24706942277168714
Maximum Sheep Distance: 0.36594455690333105
Elapsed Time: 3m 54s
********** 68 **********
Average Fitness: 0.08350000000000003
Maximum Fitness: 0.2333333333333333
Average Pen Distance: 0.5467275950870394
Maximum Pen Distance: 0.9712867579384467
Average Dog Distance: 0.6550406329707223
Maximum Dog Distance: 0.9648391462179529
Average Sheep Distance: 0.24835684704418262
Maximum Sheep Distance: 0.36594455690333105
Elapsed Time: 4m 8s
********** 69 **********
Average Fitness: 0.08216666666666668
Maximum Fitness: 0.2333333333333333
Average Pen Distance: 0.5423317859500727
Maximum Pen Distance: 0.9712867579384467
Average Dog Distance: 0.655792403313392
Maximum Dog Distance: 0.9648391462179529
Average Sheep Distance: 0.24719495602001987
Maximum Sheep Distance: 0.36594455690333105
Elapsed Time: 3m 50s
********** 70 **********
Average Fitness: 0.08150000000000002
Maximum Fitness: 0.2333333333333333
Average Pen Distance: 0.543559832851741
Maximum Pen Distance: 0.9712867579384467
Average Dog Distance: 0.6504847041776077
Maximum Dog Distance: 0.9648391462179529
Average Sheep Distance: 0.24994821430828487
Maximum Sheep Distance: 0.36594455690333105
Elapsed Time: 3m 55s
********** 71 **********
Average Fitness: 0.08116666666666666
Maximum Fitness: 0.2333333333333333
Average Pen Distance: 0.5445362456236634
Maximum Pen Distance: 0.9712867579384467
Average Dog Distance: 0.6515124190674836
Maximum Dog Distance: 0.9648391462179529
Average Sheep Distance: 0.2535455816873524
Maximum Sheep Distance: 0.3800406524492761
Elapsed Time: 4m 12s
********** 72 **********
Average Fitness: 0.08233333333333334
Maximum Fitness: 0.2333333333333333
Average Pen Distance: 0.5368435771743922
Maximum Pen Distance: 0.9712867579384467
Average Dog Distance: 0.6555538301785622
Maximum Dog Distance: 0.9648391462179529
Average Sheep Distance: 0.2529066811967575
Maximum Sheep Distance: 0.3800406524492761
Elapsed Time: 3m 42s
********** 73 **********
Average Fitness: 0.0815
Maximum Fitness: 0.2333333333333333
Average Pen Distance: 0.5429407691862478
Maximum Pen Distance: 0.9712867579384467
Average Dog Distance: 0.6591058625656835
Maximum Dog Distance: 0.9648391462179529
Average Sheep Distance: 0.2513152525206783
Maximum Sheep Distance: 0.3800406524492761
Elapsed Time: 3m 59s
********** 74 **********
Average Fitness: 0.08200000000000002
Maximum Fitness: 0.2333333333333333
Average Pen Distance: 0.5368526762632064
Maximum Pen Distance: 0.9712867579384467
Average Dog Distance: 0.6574812138998098
Maximum Dog Distance: 0.9648391462179529
Average Sheep Distance: 0.25073170496884933
Maximum Sheep Distance: 0.3736016178172888
Elapsed Time: 3m 43s
********** 75 **********
Average Fitness: 0.08283333333333336
Maximum Fitness: 0.2333333333333333
Average Pen Distance: 0.5417796002948265
Maximum Pen Distance: 0.9712867579384467
Average Dog Distance: 0.662689929583876
Maximum Dog Distance: 0.9648391462179529
Average Sheep Distance: 0.2512691449612758
Maximum Sheep Distance: 0.3736016178172888
Elapsed Time: 3m 50s
********** 76 **********
Average Fitness: 0.08200000000000002
Maximum Fitness: 0.2333333333333333
Average Pen Distance: 0.5532496509002012
Maximum Pen Distance: 0.9712867579384467
Average Dog Distance: 0.6632169975230527
Maximum Dog Distance: 0.9648391462179529
Average Sheep Distance: 0.24641171708436313
Maximum Sheep Distance: 0.3736016178172888
Elapsed Time: 4m 10s
********** 77 **********
Average Fitness: 0.0825
Maximum Fitness: 0.2333333333333333
Average Pen Distance: 0.5522219087881403
Maximum Pen Distance: 0.9712867579384467
Average Dog Distance: 0.6621964698010404
Maximum Dog Distance: 0.9648391462179529
Average Sheep Distance: 0.24724611550852288
Maximum Sheep Distance: 0.3736016178172888
Elapsed Time: 4m 1s
********** 78 **********
Average Fitness: 0.08366666666666667
Maximum Fitness: 0.2333333333333333
Average Pen Distance: 0.5547584396609568
Maximum Pen Distance: 0.9579014395763337
Average Dog Distance: 0.6624638597074625
Maximum Dog Distance: 0.9648391462179529
Average Sheep Distance: 0.24756560973400732
Maximum Sheep Distance: 0.3736016178172888
Elapsed Time: 4m 3s
********** 79 **********
Average Fitness: 0.08216666666666667
Maximum Fitness: 0.2333333333333333
Average Pen Distance: 0.5562738550520058
Maximum Pen Distance: 0.9579014395763337
Average Dog Distance: 0.6590759115689204
Maximum Dog Distance: 0.9812701854569944
Average Sheep Distance: 0.24777834613757016
Maximum Sheep Distance: 0.3905467808877137
Elapsed Time: 3m 48s
********** 80 **********
Average Fitness: 0.08366666666666671
Maximum Fitness: 0.2333333333333333
Average Pen Distance: 0.5607667873721298
Maximum Pen Distance: 0.9579014395763337
Average Dog Distance: 0.6606290471179755
Maximum Dog Distance: 0.9812701854569944
Average Sheep Distance: 0.24606601210041798
Maximum Sheep Distance: 0.3905467808877137
Elapsed Time: 3m 58s
********** 81 **********
Average Fitness: 0.08533333333333334
Maximum Fitness: 0.2333333333333333
Average Pen Distance: 0.5574844903377335
Maximum Pen Distance: 0.9579014395763337
Average Dog Distance: 0.6687030877853877
Maximum Dog Distance: 0.9812701854569944
Average Sheep Distance: 0.24724421290953214
Maximum Sheep Distance: 0.3905467808877137
Elapsed Time: 4m 18s
********** 82 **********
Average Fitness: 0.085
Maximum Fitness: 0.2333333333333333
Average Pen Distance: 0.5586012052785396
Maximum Pen Distance: 0.9579014395763337
Average Dog Distance: 0.667905258948003
Maximum Dog Distance: 0.9812701854569944
Average Sheep Distance: 0.24765925049865076
Maximum Sheep Distance: 0.3905467808877137
Elapsed Time: 3m 50s
********** 83 **********
Average Fitness: 0.08766666666666667
Maximum Fitness: 0.2333333333333333
Average Pen Distance: 0.5541637723077691
Maximum Pen Distance: 0.9579014395763337
Average Dog Distance: 0.670278285077549
Maximum Dog Distance: 0.9812701854569944
Average Sheep Distance: 0.25247652795867004
Maximum Sheep Distance: 0.3905467808877137
Elapsed Time: 4m 11s
********** 84 **********
Average Fitness: 0.08700000000000002
Maximum Fitness: 0.2333333333333333
Average Pen Distance: 0.5535649614732928
Maximum Pen Distance: 0.9579014395763337
Average Dog Distance: 0.667904888965479
Maximum Dog Distance: 0.9812701854569944
Average Sheep Distance: 0.250689093482767
Maximum Sheep Distance: 0.3905467808877137
Elapsed Time: 4m 6s
********** 85 **********
Average Fitness: 0.08800000000000001
Maximum Fitness: 0.2333333333333333
Average Pen Distance: 0.5545751491759296
Maximum Pen Distance: 0.9579014395763337
Average Dog Distance: 0.6644567584977598
Maximum Dog Distance: 0.9812701854569944
Average Sheep Distance: 0.2522442471784391
Maximum Sheep Distance: 0.3905467808877137
Elapsed Time: 3m 57s
********** 86 **********
Average Fitness: 0.08700000000000001
Maximum Fitness: 0.2333333333333333
Average Pen Distance: 0.5548924366485055
Maximum Pen Distance: 0.9579014395763337
Average Dog Distance: 0.662522415325833
Maximum Dog Distance: 0.9812701854569944
Average Sheep Distance: 0.25404791790623676
Maximum Sheep Distance: 0.3905467808877137
Elapsed Time: 3m 45s
********** 87 **********
Average Fitness: 0.0845
Maximum Fitness: 0.2333333333333333
Average Pen Distance: 0.567753143201178
Maximum Pen Distance: 0.9579014395763337
Average Dog Distance: 0.662860893158152
Maximum Dog Distance: 0.9812701854569944
Average Sheep Distance: 0.25170178898166296
Maximum Sheep Distance: 0.3905467808877137
Elapsed Time: 3m 52s
********** 88 **********
Average Fitness: 0.08716666666666668
Maximum Fitness: 0.2333333333333333
Average Pen Distance: 0.5561706152418131
Maximum Pen Distance: 0.9579014395763337
Average Dog Distance: 0.6593118143117762
Maximum Dog Distance: 0.9812701854569944
Average Sheep Distance: 0.24909769493855546
Maximum Sheep Distance: 0.3905467808877137
Elapsed Time: 4m 1s
********** 89 **********
Average Fitness: 0.08733333333333335
Maximum Fitness: 0.2333333333333333
Average Pen Distance: 0.5470852634548079
Maximum Pen Distance: 0.9579014395763337
Average Dog Distance: 0.6629409214842203
Maximum Dog Distance: 0.9812701854569944
Average Sheep Distance: 0.24666464151933729
Maximum Sheep Distance: 0.3905467808877137
Elapsed Time: 4m 0s
********** 90 **********
Average Fitness: 0.08933333333333333
Maximum Fitness: 0.2333333333333333
Average Pen Distance: 0.5363447320662712
Maximum Pen Distance: 0.9579014395763337
Average Dog Distance: 0.6612870499132499
Maximum Dog Distance: 0.9812701854569944
Average Sheep Distance: 0.2468291455915262
Maximum Sheep Distance: 0.3905467808877137
Elapsed Time: 4m 10s
********** 91 **********
Average Fitness: 0.08900000000000002
Maximum Fitness: 0.2333333333333333
Average Pen Distance: 0.5357809770981211
Maximum Pen Distance: 0.9579014395763337
Average Dog Distance: 0.6611753241987458
Maximum Dog Distance: 0.9812701854569944
Average Sheep Distance: 0.24735171522313512
Maximum Sheep Distance: 0.3905467808877137
Elapsed Time: 3m 42s
********** 92 **********
Average Fitness: 0.09016666666666669
Maximum Fitness: 0.2333333333333333
Average Pen Distance: 0.5433434456900976
Maximum Pen Distance: 0.9579014395763337
Average Dog Distance: 0.6551532406731121
Maximum Dog Distance: 0.9812701854569944
Average Sheep Distance: 0.24870597448726492
Maximum Sheep Distance: 0.3905467808877137
Elapsed Time: 3m 46s
********** 93 **********
Average Fitness: 0.09
Maximum Fitness: 0.2333333333333333
Average Pen Distance: 0.5458515381516758
Maximum Pen Distance: 0.9579014395763337
Average Dog Distance: 0.656787665711331
Maximum Dog Distance: 0.9812701854569944
Average Sheep Distance: 0.2494171844616072
Maximum Sheep Distance: 0.3905467808877137
Elapsed Time: 3m 47s
********** 94 **********
Average Fitness: 0.09166666666666667
Maximum Fitness: 0.2333333333333333
Average Pen Distance: 0.5472462274869216
Maximum Pen Distance: 0.9579014395763337
Average Dog Distance: 0.6560961630737657
Maximum Dog Distance: 0.9812701854569944
Average Sheep Distance: 0.25023785145963484
Maximum Sheep Distance: 0.3905467808877137
Elapsed Time: 4m 4s
********** 95 **********
Average Fitness: 0.09100000000000001
Maximum Fitness: 0.2333333333333333
Average Pen Distance: 0.5454639284203333
Maximum Pen Distance: 0.9579014395763337
Average Dog Distance: 0.6536205358602423
Maximum Dog Distance: 0.9812701854569944
Average Sheep Distance: 0.24964412292220314
Maximum Sheep Distance: 0.3905467808877137
Elapsed Time: 3m 55s
********** 96 **********
Average Fitness: 0.08850000000000001
Maximum Fitness: 0.2333333333333333
Average Pen Distance: 0.5602178963377406
Maximum Pen Distance: 0.9579014395763337
Average Dog Distance: 0.6645568355365293
Maximum Dog Distance: 0.9812701854569944
Average Sheep Distance: 0.25024991758796605
Maximum Sheep Distance: 0.4078586961244941
Elapsed Time: 3m 59s
********** 97 **********
Average Fitness: 0.08900000000000001
Maximum Fitness: 0.2333333333333333
Average Pen Distance: 0.5528993941680681
Maximum Pen Distance: 0.9579014395763337
Average Dog Distance: 0.6671842869398474
Maximum Dog Distance: 0.9812701854569944
Average Sheep Distance: 0.2446834906708376
Maximum Sheep Distance: 0.4078586961244941
Elapsed Time: 4m 0s
********** 98 **********
Average Fitness: 0.08883333333333335
Maximum Fitness: 0.2333333333333333
Average Pen Distance: 0.5528633265307944
Maximum Pen Distance: 0.9579014395763337
Average Dog Distance: 0.6629935788226524
Maximum Dog Distance: 0.9812701854569944
Average Sheep Distance: 0.2448098861580609
Maximum Sheep Distance: 0.4078586961244941
Elapsed Time: 3m 50s
********** 99 **********
Average Fitness: 0.08883333333333335
Maximum Fitness: 0.2333333333333333
Average Pen Distance: 0.5558531294499914
Maximum Pen Distance: 0.9579014395763337
Average Dog Distance: 0.6610345116244045
Maximum Dog Distance: 0.9812701854569944
Average Sheep Distance: 0.24570936156329345
Maximum Sheep Distance: 0.4078586961244941
Elapsed Time: 4m 22s
********** 100 **********
Average Fitness: 0.08900000000000001
Maximum Fitness: 0.2333333333333333
Average Pen Distance: 0.5560455943425893
Maximum Pen Distance: 0.9579014395763337
Average Dog Distance: 0.6643728684910832
Maximum Dog Distance: 0.9812701854569944
Average Sheep Distance: 0.24498903985282175
Maximum Sheep Distance: 0.4078586961244941
Elapsed Time: 4m 13s
