nproc is 1
cnode0120.cm.cluster
********** 1 **********
Average Fitness: 0.054333333333333324
Maximum Fitness: 0.26666666666666666
Average Pen Distance: 0.5685536186831266
Maximum Pen Distance: 0.818247977447507
Average Dog Distance: 0.622213208061887
Maximum Dog Distance: 0.82131003001507
Average Sheep Distance: 0.33906216592329835
Maximum Sheep Distance: 0.44110996838952293
Elapsed Time: 7m 53s
********** 2 **********
Average Fitness: 0.06033333333333332
Maximum Fitness: 0.26666666666666666
Average Pen Distance: 0.5718854642601748
Maximum Pen Distance: 0.818247977447507
Average Dog Distance: 0.6082662386013106
Maximum Dog Distance: 0.82131003001507
Average Sheep Distance: 0.3392833436403962
Maximum Sheep Distance: 0.44110996838952293
Elapsed Time: 4m 20s
********** 3 **********
Average Fitness: 0.06899999999999999
Maximum Fitness: 0.26666666666666666
Average Pen Distance: 0.5584453201815002
Maximum Pen Distance: 0.818247977447507
Average Dog Distance: 0.5990032812799138
Maximum Dog Distance: 0.82131003001507
Average Sheep Distance: 0.3410674275210131
Maximum Sheep Distance: 0.44110996838952293
Elapsed Time: 3m 57s
********** 4 **********
Average Fitness: 0.07466666666666666
Maximum Fitness: 0.26666666666666666
Average Pen Distance: 0.5631103565353245
Maximum Pen Distance: 0.818247977447507
Average Dog Distance: 0.5945107979368467
Maximum Dog Distance: 0.8371106197164258
Average Sheep Distance: 0.3375528241309403
Maximum Sheep Distance: 0.44110996838952293
Elapsed Time: 4m 4s
********** 5 **********
Average Fitness: 0.077
Maximum Fitness: 0.26666666666666666
Average Pen Distance: 0.5538484588420745
Maximum Pen Distance: 0.818247977447507
Average Dog Distance: 0.5946245039016046
Maximum Dog Distance: 0.8371106197164258
Average Sheep Distance: 0.3380347297746878
Maximum Sheep Distance: 0.43845738582357047
Elapsed Time: 4m 11s
********** 6 **********
Average Fitness: 0.07433333333333332
Maximum Fitness: 0.26666666666666666
Average Pen Distance: 0.5678457126244112
Maximum Pen Distance: 0.818247977447507
Average Dog Distance: 0.595448995018683
Maximum Dog Distance: 0.8371106197164258
Average Sheep Distance: 0.33802718146878447
Maximum Sheep Distance: 0.4488380856792153
Elapsed Time: 3m 54s
********** 7 **********
Average Fitness: 0.07733333333333332
Maximum Fitness: 0.3333333333333333
Average Pen Distance: 0.5559390359689613
Maximum Pen Distance: 0.818247977447507
Average Dog Distance: 0.5905833732323996
Maximum Dog Distance: 0.8371106197164258
Average Sheep Distance: 0.3319210804558718
Maximum Sheep Distance: 0.4488380856792153
Elapsed Time: 4m 9s
********** 8 **********
Average Fitness: 0.07966666666666666
Maximum Fitness: 0.3333333333333333
Average Pen Distance: 0.554635352236205
Maximum Pen Distance: 0.818247977447507
Average Dog Distance: 0.5952446350627424
Maximum Dog Distance: 0.8371106197164258
Average Sheep Distance: 0.34200225458526845
Maximum Sheep Distance: 0.47301419166969433
Elapsed Time: 3m 51s
********** 9 **********
Average Fitness: 0.085
Maximum Fitness: 0.3333333333333333
Average Pen Distance: 0.5585905285392494
Maximum Pen Distance: 0.818247977447507
Average Dog Distance: 0.5920633034910067
Maximum Dog Distance: 0.8371106197164258
Average Sheep Distance: 0.3421501780873735
Maximum Sheep Distance: 0.47301419166969433
Elapsed Time: 4m 10s
********** 10 **********
Average Fitness: 0.084
Maximum Fitness: 0.3333333333333333
Average Pen Distance: 0.55839499219318
Maximum Pen Distance: 0.818247977447507
Average Dog Distance: 0.5878726568237123
Maximum Dog Distance: 0.8371106197164258
Average Sheep Distance: 0.33859182921142145
Maximum Sheep Distance: 0.47301419166969433
Elapsed Time: 3m 47s
********** 11 **********
Average Fitness: 0.085
Maximum Fitness: 0.3333333333333333
Average Pen Distance: 0.5479119651703369
Maximum Pen Distance: 0.8179136632829641
Average Dog Distance: 0.5882983453436742
Maximum Dog Distance: 0.8371106197164258
Average Sheep Distance: 0.3402013579900734
Maximum Sheep Distance: 0.47301419166969433
Elapsed Time: 4m 7s
********** 12 **********
Average Fitness: 0.08399999999999999
Maximum Fitness: 0.3333333333333333
Average Pen Distance: 0.5436436918323196
Maximum Pen Distance: 0.8179136632829641
Average Dog Distance: 0.5719311737627467
Maximum Dog Distance: 0.8371106197164258
Average Sheep Distance: 0.3406023130840017
Maximum Sheep Distance: 0.47301419166969433
Elapsed Time: 3m 57s
********** 13 **********
Average Fitness: 0.088
Maximum Fitness: 0.3333333333333333
Average Pen Distance: 0.5267727151495201
Maximum Pen Distance: 0.8179136632829641
Average Dog Distance: 0.5691628545850028
Maximum Dog Distance: 0.8371106197164258
Average Sheep Distance: 0.3418619413309589
Maximum Sheep Distance: 0.47301419166969433
Elapsed Time: 4m 4s
********** 14 **********
Average Fitness: 0.086
Maximum Fitness: 0.3333333333333333
Average Pen Distance: 0.533731789229807
Maximum Pen Distance: 0.8179136632829641
Average Dog Distance: 0.5663755271844058
Maximum Dog Distance: 0.8371106197164258
Average Sheep Distance: 0.34315052732014195
Maximum Sheep Distance: 0.47301419166969433
Elapsed Time: 4m 8s
********** 15 **********
Average Fitness: 0.08633333333333333
Maximum Fitness: 0.3333333333333333
Average Pen Distance: 0.5247853197701174
Maximum Pen Distance: 0.8179136632829641
Average Dog Distance: 0.5780398560584374
Maximum Dog Distance: 0.8371106197164258
Average Sheep Distance: 0.3416411811214546
Maximum Sheep Distance: 0.47301419166969433
Elapsed Time: 4m 1s
********** 16 **********
Average Fitness: 0.08966666666666664
Maximum Fitness: 0.3333333333333333
Average Pen Distance: 0.5273002188956014
Maximum Pen Distance: 0.8250066710333658
Average Dog Distance: 0.5613455698083024
Maximum Dog Distance: 0.8371106197164258
Average Sheep Distance: 0.34239745114063225
Maximum Sheep Distance: 0.47301419166969433
Elapsed Time: 3m 58s
********** 17 **********
Average Fitness: 0.087
Maximum Fitness: 0.3333333333333333
Average Pen Distance: 0.5138281418489669
Maximum Pen Distance: 0.8250066710333658
Average Dog Distance: 0.5693344401305924
Maximum Dog Distance: 0.842066818671972
Average Sheep Distance: 0.34719705034526266
Maximum Sheep Distance: 0.47301419166969433
Elapsed Time: 4m 14s
********** 18 **********
Average Fitness: 0.09266666666666667
Maximum Fitness: 0.3333333333333333
Average Pen Distance: 0.508765870329049
Maximum Pen Distance: 0.8250066710333658
Average Dog Distance: 0.5614584058713109
Maximum Dog Distance: 0.842066818671972
Average Sheep Distance: 0.35010397348723105
Maximum Sheep Distance: 0.47301419166969433
Elapsed Time: 3m 41s
********** 19 **********
Average Fitness: 0.08633333333333333
Maximum Fitness: 0.3333333333333333
Average Pen Distance: 0.5064692598276683
Maximum Pen Distance: 0.8250066710333658
Average Dog Distance: 0.5618748495573179
Maximum Dog Distance: 0.842066818671972
Average Sheep Distance: 0.3469590984155536
Maximum Sheep Distance: 0.47301419166969433
Elapsed Time: 4m 3s
********** 20 **********
Average Fitness: 0.09066666666666666
Maximum Fitness: 0.3333333333333333
Average Pen Distance: 0.5121100392283625
Maximum Pen Distance: 0.8250066710333658
Average Dog Distance: 0.5502456025213405
Maximum Dog Distance: 0.842066818671972
Average Sheep Distance: 0.344364895124368
Maximum Sheep Distance: 0.47301419166969433
Elapsed Time: 4m 3s
********** 21 **********
Average Fitness: 0.09133333333333331
Maximum Fitness: 0.3333333333333333
Average Pen Distance: 0.5236852230712558
Maximum Pen Distance: 0.8250066710333658
Average Dog Distance: 0.5733038813354772
Maximum Dog Distance: 0.842066818671972
Average Sheep Distance: 0.3420769606260778
Maximum Sheep Distance: 0.47301419166969433
Elapsed Time: 4m 14s
********** 22 **********
Average Fitness: 0.09299999999999999
Maximum Fitness: 0.3333333333333333
Average Pen Distance: 0.5170379832102957
Maximum Pen Distance: 0.8612842708062232
Average Dog Distance: 0.5566260267988896
Maximum Dog Distance: 0.842066818671972
Average Sheep Distance: 0.3404707700335714
Maximum Sheep Distance: 0.47301419166969433
Elapsed Time: 4m 7s
********** 23 **********
Average Fitness: 0.09033333333333333
Maximum Fitness: 0.3333333333333333
Average Pen Distance: 0.5319024838316292
Maximum Pen Distance: 0.8612842708062232
Average Dog Distance: 0.5587842033038878
Maximum Dog Distance: 0.842066818671972
Average Sheep Distance: 0.34499116221282017
Maximum Sheep Distance: 0.4780950975165063
Elapsed Time: 4m 3s
********** 24 **********
Average Fitness: 0.09133333333333331
Maximum Fitness: 0.3333333333333333
Average Pen Distance: 0.5290955316195245
Maximum Pen Distance: 0.8612842708062232
Average Dog Distance: 0.553413447025877
Maximum Dog Distance: 0.8638653402275991
Average Sheep Distance: 0.3453644666014179
Maximum Sheep Distance: 0.47301419166969433
Elapsed Time: 4m 8s
********** 25 **********
Average Fitness: 0.08633333333333333
Maximum Fitness: 0.3333333333333333
Average Pen Distance: 0.5265499167609204
Maximum Pen Distance: 0.8612842708062232
Average Dog Distance: 0.5604492299068007
Maximum Dog Distance: 0.8638653402275991
Average Sheep Distance: 0.343802747785606
Maximum Sheep Distance: 0.47301419166969433
Elapsed Time: 3m 53s
********** 26 **********
Average Fitness: 0.08866666666666666
Maximum Fitness: 0.3333333333333333
Average Pen Distance: 0.516576646329752
Maximum Pen Distance: 0.8612842708062232
Average Dog Distance: 0.5546242575538348
Maximum Dog Distance: 0.8638653402275991
Average Sheep Distance: 0.34603442702928455
Maximum Sheep Distance: 0.47301419166969433
Elapsed Time: 4m 25s
********** 27 **********
Average Fitness: 0.08933333333333333
Maximum Fitness: 0.3333333333333333
Average Pen Distance: 0.5256389509560825
Maximum Pen Distance: 0.8612842708062232
Average Dog Distance: 0.5574380476605116
Maximum Dog Distance: 0.8638653402275991
Average Sheep Distance: 0.34688300556925555
Maximum Sheep Distance: 0.47301419166969433
Elapsed Time: 3m 53s
********** 28 **********
Average Fitness: 0.091
Maximum Fitness: 0.3333333333333333
Average Pen Distance: 0.5132870254740917
Maximum Pen Distance: 0.8612842708062232
Average Dog Distance: 0.5588970879474623
Maximum Dog Distance: 0.8638653402275991
Average Sheep Distance: 0.344419836308598
Maximum Sheep Distance: 0.47301419166969433
Elapsed Time: 4m 8s
********** 29 **********
Average Fitness: 0.095
Maximum Fitness: 0.3333333333333333
Average Pen Distance: 0.5157121368137978
Maximum Pen Distance: 0.8612842708062232
Average Dog Distance: 0.5449578067347776
Maximum Dog Distance: 0.8638653402275991
Average Sheep Distance: 0.34767539785254115
Maximum Sheep Distance: 0.47301419166969433
Elapsed Time: 4m 5s
********** 30 **********
Average Fitness: 0.10099999999999999
Maximum Fitness: 0.3333333333333333
Average Pen Distance: 0.49642582602006546
Maximum Pen Distance: 0.8293966454488566
Average Dog Distance: 0.5469230737165695
Maximum Dog Distance: 0.8638653402275991
Average Sheep Distance: 0.34570470627221034
Maximum Sheep Distance: 0.47301419166969433
Elapsed Time: 3m 55s
********** 31 **********
Average Fitness: 0.094
Maximum Fitness: 0.3333333333333333
Average Pen Distance: 0.5221723850612279
Maximum Pen Distance: 0.8293966454488566
Average Dog Distance: 0.5690952759248913
Maximum Dog Distance: 0.8638653402275991
Average Sheep Distance: 0.3485363121413147
Maximum Sheep Distance: 0.47301419166969433
Elapsed Time: 4m 11s
********** 32 **********
Average Fitness: 0.08933333333333335
Maximum Fitness: 0.26666666666666666
Average Pen Distance: 0.5253119921526967
Maximum Pen Distance: 0.8329691660855637
Average Dog Distance: 0.5572550803935975
Maximum Dog Distance: 0.8638653402275991
Average Sheep Distance: 0.3476298270080243
Maximum Sheep Distance: 0.47301419166969433
Elapsed Time: 4m 1s
********** 33 **********
Average Fitness: 0.08533333333333332
Maximum Fitness: 0.3
Average Pen Distance: 0.5395496731399646
Maximum Pen Distance: 0.8556217303465378
Average Dog Distance: 0.5428756760374586
Maximum Dog Distance: 0.8638653402275991
Average Sheep Distance: 0.34563714814146906
Maximum Sheep Distance: 0.5238694414348576
Elapsed Time: 4m 0s
********** 34 **********
Average Fitness: 0.08866666666666666
Maximum Fitness: 0.3
Average Pen Distance: 0.5304492505768086
Maximum Pen Distance: 0.8556217303465378
Average Dog Distance: 0.5428488070532224
Maximum Dog Distance: 0.8638653402275991
Average Sheep Distance: 0.34783885965264266
Maximum Sheep Distance: 0.5238694414348576
Elapsed Time: 4m 14s
********** 35 **********
Average Fitness: 0.09166666666666665
Maximum Fitness: 0.3
Average Pen Distance: 0.5207412870512941
Maximum Pen Distance: 0.8556217303465378
Average Dog Distance: 0.5293725246685107
Maximum Dog Distance: 0.8638653402275991
Average Sheep Distance: 0.34283138189233653
Maximum Sheep Distance: 0.5238694414348576
Elapsed Time: 3m 42s
********** 36 **********
Average Fitness: 0.08866666666666666
Maximum Fitness: 0.3
Average Pen Distance: 0.5449662999442474
Maximum Pen Distance: 0.8556217303465378
Average Dog Distance: 0.5499756163546649
Maximum Dog Distance: 0.8638653402275991
Average Sheep Distance: 0.34261749478869036
Maximum Sheep Distance: 0.5238694414348576
Elapsed Time: 3m 51s
********** 37 **********
Average Fitness: 0.09099999999999998
Maximum Fitness: 0.3
Average Pen Distance: 0.5317896334275668
Maximum Pen Distance: 0.8556217303465378
Average Dog Distance: 0.5364321518248643
Maximum Dog Distance: 0.8638653402275991
Average Sheep Distance: 0.34499833952276154
Maximum Sheep Distance: 0.5238694414348576
Elapsed Time: 3m 47s
********** 38 **********
Average Fitness: 0.09866666666666665
Maximum Fitness: 0.3
Average Pen Distance: 0.5261833535751422
Maximum Pen Distance: 0.8556217303465378
Average Dog Distance: 0.535428227198819
Maximum Dog Distance: 0.8638653402275991
Average Sheep Distance: 0.34517275484250676
Maximum Sheep Distance: 0.5238694414348576
Elapsed Time: 3m 34s
********** 39 **********
Average Fitness: 0.10166666666666664
Maximum Fitness: 0.3
Average Pen Distance: 0.5142540504037608
Maximum Pen Distance: 0.8556217303465378
Average Dog Distance: 0.5276219007620719
Maximum Dog Distance: 0.8638653402275991
Average Sheep Distance: 0.34136580275936984
Maximum Sheep Distance: 0.5238694414348576
Elapsed Time: 3m 51s
********** 40 **********
Average Fitness: 0.10699999999999997
Maximum Fitness: 0.3
Average Pen Distance: 0.5315788358521647
Maximum Pen Distance: 0.8556217303465378
Average Dog Distance: 0.5317480546460319
Maximum Dog Distance: 0.8638653402275991
Average Sheep Distance: 0.3404244718598891
Maximum Sheep Distance: 0.5238694414348576
Elapsed Time: 4m 0s
********** 41 **********
Average Fitness: 0.10233333333333335
Maximum Fitness: 0.3
Average Pen Distance: 0.5355634334047769
Maximum Pen Distance: 0.8556217303465378
Average Dog Distance: 0.5341661978440546
Maximum Dog Distance: 0.8638653402275991
Average Sheep Distance: 0.34590318222462074
Maximum Sheep Distance: 0.5238694414348576
Elapsed Time: 4m 4s
********** 42 **********
Average Fitness: 0.09966666666666667
Maximum Fitness: 0.3
Average Pen Distance: 0.5271655537827465
Maximum Pen Distance: 0.8556217303465378
Average Dog Distance: 0.5326203851890176
Maximum Dog Distance: 0.8638653402275991
Average Sheep Distance: 0.34524176949067603
Maximum Sheep Distance: 0.5238694414348576
Elapsed Time: 4m 0s
********** 43 **********
Average Fitness: 0.10400000000000001
Maximum Fitness: 0.3
Average Pen Distance: 0.5225468587348949
Maximum Pen Distance: 0.8556217303465378
Average Dog Distance: 0.5265747386523433
Maximum Dog Distance: 0.8638653402275991
Average Sheep Distance: 0.3435535144127361
Maximum Sheep Distance: 0.5238694414348576
Elapsed Time: 4m 21s
********** 44 **********
Average Fitness: 0.09999999999999998
Maximum Fitness: 0.3
Average Pen Distance: 0.53296354729812
Maximum Pen Distance: 0.8556217303465378
Average Dog Distance: 0.5358646539530509
Maximum Dog Distance: 0.8638653402275991
Average Sheep Distance: 0.34402270262928214
Maximum Sheep Distance: 0.5238694414348576
Elapsed Time: 4m 9s
********** 45 **********
Average Fitness: 0.09966666666666668
Maximum Fitness: 0.3
Average Pen Distance: 0.5183604479777361
Maximum Pen Distance: 0.8556217303465378
Average Dog Distance: 0.5365505287641023
Maximum Dog Distance: 0.8638653402275991
Average Sheep Distance: 0.3440216119199023
Maximum Sheep Distance: 0.5238694414348576
Elapsed Time: 3m 43s
********** 46 **********
Average Fitness: 0.09966666666666668
Maximum Fitness: 0.3
Average Pen Distance: 0.5177662661602767
Maximum Pen Distance: 0.8556217303465378
Average Dog Distance: 0.532558224566379
Maximum Dog Distance: 0.8638653402275991
Average Sheep Distance: 0.34545923561793607
Maximum Sheep Distance: 0.5238694414348576
Elapsed Time: 3m 51s
********** 47 **********
Average Fitness: 0.10066666666666667
Maximum Fitness: 0.3
Average Pen Distance: 0.5068315848465423
Maximum Pen Distance: 0.8556217303465378
Average Dog Distance: 0.5338409818077227
Maximum Dog Distance: 0.8638653402275991
Average Sheep Distance: 0.3399796929245395
Maximum Sheep Distance: 0.5238694414348576
Elapsed Time: 4m 7s
********** 48 **********
Average Fitness: 0.09266666666666663
Maximum Fitness: 0.3
Average Pen Distance: 0.5269599442698769
Maximum Pen Distance: 0.8556217303465378
Average Dog Distance: 0.530898420737156
Maximum Dog Distance: 0.8638653402275991
Average Sheep Distance: 0.34312807294721925
Maximum Sheep Distance: 0.5238694414348576
Elapsed Time: 4m 22s
********** 49 **********
Average Fitness: 0.09533333333333333
Maximum Fitness: 0.3
Average Pen Distance: 0.521146750134535
Maximum Pen Distance: 0.8556217303465378
Average Dog Distance: 0.5350394595290839
Maximum Dog Distance: 0.8638653402275991
Average Sheep Distance: 0.34136852744806345
Maximum Sheep Distance: 0.5238694414348576
Elapsed Time: 4m 41s
********** 50 **********
Average Fitness: 0.09733333333333333
Maximum Fitness: 0.3
Average Pen Distance: 0.5333851605882366
Maximum Pen Distance: 0.8556217303465378
Average Dog Distance: 0.5481572970140499
Maximum Dog Distance: 0.8638653402275991
Average Sheep Distance: 0.34468315094019886
Maximum Sheep Distance: 0.5238694414348576
Elapsed Time: 3m 59s
********** 51 **********
Average Fitness: 0.10533333333333333
Maximum Fitness: 0.3
Average Pen Distance: 0.5108550947295919
Maximum Pen Distance: 0.8556217303465378
Average Dog Distance: 0.551928452416816
Maximum Dog Distance: 0.8638653402275991
Average Sheep Distance: 0.3491883075682935
Maximum Sheep Distance: 0.5238694414348576
Elapsed Time: 3m 53s
********** 52 **********
Average Fitness: 0.09300000000000001
Maximum Fitness: 0.3
Average Pen Distance: 0.557221864291898
Maximum Pen Distance: 0.8556217303465378
Average Dog Distance: 0.559850040669291
Maximum Dog Distance: 0.8638653402275991
Average Sheep Distance: 0.3467880408912973
Maximum Sheep Distance: 0.5238694414348576
Elapsed Time: 3m 53s
********** 53 **********
Average Fitness: 0.09399999999999999
Maximum Fitness: 0.3
Average Pen Distance: 0.5493209772237561
Maximum Pen Distance: 0.8556217303465378
Average Dog Distance: 0.5691941833909333
Maximum Dog Distance: 0.8638653402275991
Average Sheep Distance: 0.3501378011586633
Maximum Sheep Distance: 0.5238694414348576
Elapsed Time: 3m 41s
********** 54 **********
Average Fitness: 0.09799999999999999
Maximum Fitness: 0.3
Average Pen Distance: 0.534784707092468
Maximum Pen Distance: 0.8556217303465378
Average Dog Distance: 0.5616496967789899
Maximum Dog Distance: 0.8638653402275991
Average Sheep Distance: 0.35112877116778834
Maximum Sheep Distance: 0.5238694414348576
Elapsed Time: 3m 41s
********** 55 **********
Average Fitness: 0.09966666666666665
Maximum Fitness: 0.3
Average Pen Distance: 0.5263129277254059
Maximum Pen Distance: 0.8556217303465378
Average Dog Distance: 0.5481833896197047
Maximum Dog Distance: 0.855943736073256
Average Sheep Distance: 0.3508043471198532
Maximum Sheep Distance: 0.5238694414348576
Elapsed Time: 3m 46s
********** 56 **********
Average Fitness: 0.09333333333333332
Maximum Fitness: 0.3
Average Pen Distance: 0.526092511671624
Maximum Pen Distance: 0.8556217303465378
Average Dog Distance: 0.5553956401113396
Maximum Dog Distance: 0.8711272330072514
Average Sheep Distance: 0.34712675364474904
Maximum Sheep Distance: 0.5238694414348576
Elapsed Time: 3m 54s
********** 57 **********
Average Fitness: 0.09333333333333334
Maximum Fitness: 0.3
Average Pen Distance: 0.5154514909466037
Maximum Pen Distance: 0.8556217303465378
Average Dog Distance: 0.541950819393311
Maximum Dog Distance: 0.855943736073256
Average Sheep Distance: 0.34772149992916224
Maximum Sheep Distance: 0.5238694414348576
Elapsed Time: 3m 51s
********** 58 **********
Average Fitness: 0.092
Maximum Fitness: 0.3
Average Pen Distance: 0.5386194805765003
Maximum Pen Distance: 0.8624671813203976
Average Dog Distance: 0.5346911544928085
Maximum Dog Distance: 0.855943736073256
Average Sheep Distance: 0.34970039783945567
Maximum Sheep Distance: 0.5238694414348576
Elapsed Time: 4m 11s
********** 59 **********
Average Fitness: 0.09499999999999999
Maximum Fitness: 0.3
Average Pen Distance: 0.5449604620098146
Maximum Pen Distance: 0.8624671813203976
Average Dog Distance: 0.5506909125424844
Maximum Dog Distance: 0.855943736073256
Average Sheep Distance: 0.3534455080081779
Maximum Sheep Distance: 0.5238694414348576
Elapsed Time: 3m 43s
********** 60 **********
Average Fitness: 0.09866666666666665
Maximum Fitness: 0.3
Average Pen Distance: 0.5288201978072591
Maximum Pen Distance: 0.8624671813203976
Average Dog Distance: 0.5411779642091585
Maximum Dog Distance: 0.9280260575027711
Average Sheep Distance: 0.3529719210803988
Maximum Sheep Distance: 0.5238694414348576
Elapsed Time: 3m 40s
********** 61 **********
Average Fitness: 0.09533333333333331
Maximum Fitness: 0.3
Average Pen Distance: 0.5322827476201593
Maximum Pen Distance: 0.8624671813203976
Average Dog Distance: 0.5487740023019804
Maximum Dog Distance: 0.9280260575027711
Average Sheep Distance: 0.3546961513242316
Maximum Sheep Distance: 0.5238694414348576
Elapsed Time: 4m 11s
********** 62 **********
Average Fitness: 0.09733333333333333
Maximum Fitness: 0.3
Average Pen Distance: 0.5149124143351074
Maximum Pen Distance: 0.8624671813203976
Average Dog Distance: 0.5471110890932347
Maximum Dog Distance: 0.9280260575027711
Average Sheep Distance: 0.34660411224397036
Maximum Sheep Distance: 0.5238694414348576
Elapsed Time: 3m 55s
********** 63 **********
Average Fitness: 0.1
Maximum Fitness: 0.3
Average Pen Distance: 0.5194268051948324
Maximum Pen Distance: 0.8624671813203976
Average Dog Distance: 0.5424889253073999
Maximum Dog Distance: 0.9280260575027711
Average Sheep Distance: 0.3540539177976665
Maximum Sheep Distance: 0.5238694414348576
Elapsed Time: 3m 58s
********** 64 **********
Average Fitness: 0.103
Maximum Fitness: 0.3666666666666667
Average Pen Distance: 0.5194260531938655
Maximum Pen Distance: 0.8624671813203976
Average Dog Distance: 0.5456777393800067
Maximum Dog Distance: 0.9280260575027711
Average Sheep Distance: 0.35725635589681864
Maximum Sheep Distance: 0.5238694414348576
Elapsed Time: 4m 9s
********** 65 **********
Average Fitness: 0.09899999999999999
Maximum Fitness: 0.3666666666666667
Average Pen Distance: 0.5102974466591109
Maximum Pen Distance: 0.8624671813203976
Average Dog Distance: 0.5387814649235375
Maximum Dog Distance: 0.9280260575027711
Average Sheep Distance: 0.3496856171405351
Maximum Sheep Distance: 0.5238694414348576
Elapsed Time: 4m 12s
********** 66 **********
Average Fitness: 0.10066666666666667
Maximum Fitness: 0.3666666666666667
Average Pen Distance: 0.515004688632291
Maximum Pen Distance: 0.8624671813203976
Average Dog Distance: 0.5308845124353855
Maximum Dog Distance: 0.9280260575027711
Average Sheep Distance: 0.34951135590957205
Maximum Sheep Distance: 0.5238694414348576
Elapsed Time: 3m 53s
********** 67 **********
Average Fitness: 0.10333333333333332
Maximum Fitness: 0.3666666666666667
Average Pen Distance: 0.516188447084659
Maximum Pen Distance: 0.8752161359261595
Average Dog Distance: 0.5307598977994076
Maximum Dog Distance: 0.9280260575027711
Average Sheep Distance: 0.35039731089940834
Maximum Sheep Distance: 0.5238694414348576
Elapsed Time: 3m 47s
********** 68 **********
Average Fitness: 0.10433333333333332
Maximum Fitness: 0.3666666666666667
Average Pen Distance: 0.529377354235604
Maximum Pen Distance: 0.8752161359261595
Average Dog Distance: 0.5289765989293075
Maximum Dog Distance: 0.9280260575027711
Average Sheep Distance: 0.3474331259408893
Maximum Sheep Distance: 0.5238694414348576
Elapsed Time: 4m 33s
********** 69 **********
Average Fitness: 0.10466666666666664
Maximum Fitness: 0.3666666666666667
Average Pen Distance: 0.5000057946994035
Maximum Pen Distance: 0.8752161359261595
Average Dog Distance: 0.5318962865367303
Maximum Dog Distance: 0.9280260575027711
Average Sheep Distance: 0.34814701988453833
Maximum Sheep Distance: 0.5238694414348576
Elapsed Time: 3m 56s
********** 70 **********
Average Fitness: 0.10800000000000001
Maximum Fitness: 0.3666666666666667
Average Pen Distance: 0.5007824856846509
Maximum Pen Distance: 0.8752161359261595
Average Dog Distance: 0.5245134897819298
Maximum Dog Distance: 0.9280260575027711
Average Sheep Distance: 0.3498911369506627
Maximum Sheep Distance: 0.5238694414348576
Elapsed Time: 3m 57s
********** 71 **********
Average Fitness: 0.09999999999999998
Maximum Fitness: 0.3666666666666667
Average Pen Distance: 0.5254411650691914
Maximum Pen Distance: 0.8752161359261595
Average Dog Distance: 0.5230391819405851
Maximum Dog Distance: 0.9280260575027711
Average Sheep Distance: 0.3495228950357154
Maximum Sheep Distance: 0.5238694414348576
Elapsed Time: 4m 13s
********** 72 **********
Average Fitness: 0.09799999999999999
Maximum Fitness: 0.3666666666666667
Average Pen Distance: 0.5183692195798647
Maximum Pen Distance: 0.8752161359261595
Average Dog Distance: 0.5319369929649794
Maximum Dog Distance: 0.9280260575027711
Average Sheep Distance: 0.34535905676259276
Maximum Sheep Distance: 0.5238694414348576
Elapsed Time: 4m 12s
********** 73 **********
Average Fitness: 0.09666666666666666
Maximum Fitness: 0.3666666666666667
Average Pen Distance: 0.5097199505210576
Maximum Pen Distance: 0.8752161359261595
Average Dog Distance: 0.5239987080854944
Maximum Dog Distance: 0.9280260575027711
Average Sheep Distance: 0.34581170207451506
Maximum Sheep Distance: 0.5238694414348576
Elapsed Time: 3m 59s
********** 74 **********
Average Fitness: 0.094
Maximum Fitness: 0.3666666666666667
Average Pen Distance: 0.5252836800964201
Maximum Pen Distance: 0.8752161359261595
Average Dog Distance: 0.530267813697969
Maximum Dog Distance: 0.9280260575027711
Average Sheep Distance: 0.35177104610156584
Maximum Sheep Distance: 0.5238694414348576
Elapsed Time: 3m 56s
********** 75 **********
Average Fitness: 0.09733333333333333
Maximum Fitness: 0.3666666666666667
Average Pen Distance: 0.5162555605854512
Maximum Pen Distance: 0.8752161359261595
Average Dog Distance: 0.5333457968517177
Maximum Dog Distance: 0.9280260575027711
Average Sheep Distance: 0.3515110144467532
Maximum Sheep Distance: 0.5238694414348576
Elapsed Time: 3m 53s
********** 76 **********
Average Fitness: 0.09866666666666665
Maximum Fitness: 0.3666666666666667
Average Pen Distance: 0.5102614596494349
Maximum Pen Distance: 0.8752161359261595
Average Dog Distance: 0.5329416285503348
Maximum Dog Distance: 0.9280260575027711
Average Sheep Distance: 0.3496599188188835
Maximum Sheep Distance: 0.5238694414348576
Elapsed Time: 3m 55s
********** 77 **********
Average Fitness: 0.09766666666666665
Maximum Fitness: 0.3666666666666667
Average Pen Distance: 0.5289723415237224
Maximum Pen Distance: 0.8752161359261595
Average Dog Distance: 0.5299870792866396
Maximum Dog Distance: 0.9280260575027711
Average Sheep Distance: 0.3540026498319183
Maximum Sheep Distance: 0.5238694414348576
Elapsed Time: 4m 6s
********** 78 **********
Average Fitness: 0.10166666666666664
Maximum Fitness: 0.3666666666666667
Average Pen Distance: 0.5188398631162652
Maximum Pen Distance: 0.8752161359261595
Average Dog Distance: 0.5322652297299126
Maximum Dog Distance: 0.9280260575027711
Average Sheep Distance: 0.3492404764624151
Maximum Sheep Distance: 0.5238694414348576
Elapsed Time: 3m 46s
********** 79 **********
Average Fitness: 0.105
Maximum Fitness: 0.3666666666666667
Average Pen Distance: 0.517472951902245
Maximum Pen Distance: 0.8752161359261595
Average Dog Distance: 0.5241965899679244
Maximum Dog Distance: 0.9280260575027711
Average Sheep Distance: 0.3549671168186858
Maximum Sheep Distance: 0.5238694414348576
Elapsed Time: 4m 16s
********** 80 **********
Average Fitness: 0.10433333333333332
Maximum Fitness: 0.3666666666666667
Average Pen Distance: 0.5188182609257501
Maximum Pen Distance: 0.8752161359261595
Average Dog Distance: 0.517017391362718
Maximum Dog Distance: 0.9280260575027711
Average Sheep Distance: 0.3568354311242639
Maximum Sheep Distance: 0.5238694414348576
Elapsed Time: 4m 1s
********** 81 **********
Average Fitness: 0.10600000000000001
Maximum Fitness: 0.3666666666666667
Average Pen Distance: 0.5042874763965642
Maximum Pen Distance: 0.8752161359261595
Average Dog Distance: 0.5254047513196934
Maximum Dog Distance: 0.9280260575027711
Average Sheep Distance: 0.3520146111702266
Maximum Sheep Distance: 0.5238694414348576
Elapsed Time: 3m 54s
********** 82 **********
Average Fitness: 0.10366666666666666
Maximum Fitness: 0.3666666666666667
Average Pen Distance: 0.5267872534460797
Maximum Pen Distance: 0.8752161359261595
Average Dog Distance: 0.5179173132410618
Maximum Dog Distance: 0.9280260575027711
Average Sheep Distance: 0.35031809782256423
Maximum Sheep Distance: 0.5238694414348576
Elapsed Time: 4m 20s
********** 83 **********
Average Fitness: 0.10099999999999999
Maximum Fitness: 0.3666666666666667
Average Pen Distance: 0.5191364878089814
Maximum Pen Distance: 0.8624671813203976
Average Dog Distance: 0.5177976269782456
Maximum Dog Distance: 0.9280260575027711
Average Sheep Distance: 0.350968682270178
Maximum Sheep Distance: 0.5238694414348576
Elapsed Time: 4m 12s
********** 84 **********
Average Fitness: 0.09933333333333333
Maximum Fitness: 0.3666666666666667
Average Pen Distance: 0.5331201240108191
Maximum Pen Distance: 0.8624671813203976
Average Dog Distance: 0.514424216561023
Maximum Dog Distance: 0.9280260575027711
Average Sheep Distance: 0.3544482240948886
Maximum Sheep Distance: 0.5238694414348576
Elapsed Time: 4m 19s
********** 85 **********
Average Fitness: 0.09633333333333333
Maximum Fitness: 0.3666666666666667
Average Pen Distance: 0.5199271855598859
Maximum Pen Distance: 0.8624671813203976
Average Dog Distance: 0.5244800168370585
Maximum Dog Distance: 0.8949419236261358
Average Sheep Distance: 0.35255866460655183
Maximum Sheep Distance: 0.5238694414348576
Elapsed Time: 4m 6s
********** 86 **********
Average Fitness: 0.08766666666666666
Maximum Fitness: 0.3666666666666667
Average Pen Distance: 0.544733919915616
Maximum Pen Distance: 0.8624671813203976
Average Dog Distance: 0.5118592896255136
Maximum Dog Distance: 0.8949419236261358
Average Sheep Distance: 0.35107260969525794
Maximum Sheep Distance: 0.5238694414348576
Elapsed Time: 4m 11s
********** 87 **********
Average Fitness: 0.092
Maximum Fitness: 0.3666666666666667
Average Pen Distance: 0.5283887509848226
Maximum Pen Distance: 0.8624671813203976
Average Dog Distance: 0.5270918863409726
Maximum Dog Distance: 0.8949419236261358
Average Sheep Distance: 0.34694740601865154
Maximum Sheep Distance: 0.5238694414348576
Elapsed Time: 3m 55s
********** 88 **********
Average Fitness: 0.09233333333333332
Maximum Fitness: 0.3666666666666667
Average Pen Distance: 0.5499941075772473
Maximum Pen Distance: 0.8624671813203976
Average Dog Distance: 0.5226651236651599
Maximum Dog Distance: 0.8949419236261358
Average Sheep Distance: 0.35005219709404295
Maximum Sheep Distance: 0.5238694414348576
Elapsed Time: 3m 54s
********** 89 **********
Average Fitness: 0.09500000000000001
Maximum Fitness: 0.3666666666666667
Average Pen Distance: 0.5210954345760478
Maximum Pen Distance: 0.8624671813203976
Average Dog Distance: 0.5406522175926216
Maximum Dog Distance: 0.8949419236261358
Average Sheep Distance: 0.35447094133780643
Maximum Sheep Distance: 0.5238694414348576
Elapsed Time: 4m 14s
********** 90 **********
Average Fitness: 0.09166666666666667
Maximum Fitness: 0.3666666666666667
Average Pen Distance: 0.5435373168674157
Maximum Pen Distance: 0.8624671813203976
Average Dog Distance: 0.5352334254264511
Maximum Dog Distance: 0.8949419236261358
Average Sheep Distance: 0.3485855958024107
Maximum Sheep Distance: 0.5238694414348576
Elapsed Time: 4m 16s
********** 91 **********
Average Fitness: 0.09699999999999999
Maximum Fitness: 0.3666666666666667
Average Pen Distance: 0.545207609453158
Maximum Pen Distance: 0.8624671813203976
Average Dog Distance: 0.5231782608176371
Maximum Dog Distance: 0.8814278267405667
Average Sheep Distance: 0.3465886055381393
Maximum Sheep Distance: 0.5238694414348576
Elapsed Time: 3m 58s
********** 92 **********
Average Fitness: 0.09366666666666665
Maximum Fitness: 0.3666666666666667
Average Pen Distance: 0.5513380335074565
Maximum Pen Distance: 0.8624671813203976
Average Dog Distance: 0.5294800025008267
Maximum Dog Distance: 0.8814278267405667
Average Sheep Distance: 0.34853364602913345
Maximum Sheep Distance: 0.5238694414348576
Elapsed Time: 3m 57s
********** 93 **********
Average Fitness: 0.09233333333333332
Maximum Fitness: 0.3666666666666667
Average Pen Distance: 0.5271985536401544
Maximum Pen Distance: 0.8624671813203976
Average Dog Distance: 0.505298210786027
Maximum Dog Distance: 0.8814278267405667
Average Sheep Distance: 0.3425895005042562
Maximum Sheep Distance: 0.5238694414348576
Elapsed Time: 4m 0s
********** 94 **********
Average Fitness: 0.09799999999999999
Maximum Fitness: 0.3666666666666667
Average Pen Distance: 0.534079228232316
Maximum Pen Distance: 0.8624671813203976
Average Dog Distance: 0.5422652915610491
Maximum Dog Distance: 0.8814278267405667
Average Sheep Distance: 0.3489667313506824
Maximum Sheep Distance: 0.5238694414348576
Elapsed Time: 4m 38s
********** 95 **********
Average Fitness: 0.09899999999999999
Maximum Fitness: 0.3666666666666667
Average Pen Distance: 0.5274662370143844
Maximum Pen Distance: 0.8624671813203976
Average Dog Distance: 0.5281329457068903
Maximum Dog Distance: 0.8814278267405667
Average Sheep Distance: 0.3501230373895117
Maximum Sheep Distance: 0.5238694414348576
Elapsed Time: 4m 24s
********** 96 **********
Average Fitness: 0.09833333333333333
Maximum Fitness: 0.3666666666666667
Average Pen Distance: 0.5317892782614172
Maximum Pen Distance: 0.8624671813203976
Average Dog Distance: 0.5390405982951159
Maximum Dog Distance: 0.8814278267405667
Average Sheep Distance: 0.3522467957166443
Maximum Sheep Distance: 0.5238694414348576
Elapsed Time: 4m 34s
********** 97 **********
Average Fitness: 0.09666666666666664
Maximum Fitness: 0.3666666666666667
Average Pen Distance: 0.5152204105026801
Maximum Pen Distance: 0.8624671813203976
Average Dog Distance: 0.5199456663740961
Maximum Dog Distance: 0.8814278267405667
Average Sheep Distance: 0.3507382856923836
Maximum Sheep Distance: 0.5238694414348576
Elapsed Time: 3m 47s
********** 98 **********
Average Fitness: 0.09166666666666666
Maximum Fitness: 0.3666666666666667
Average Pen Distance: 0.4958495635905027
Maximum Pen Distance: 0.8741423409882665
Average Dog Distance: 0.5253987538424628
Maximum Dog Distance: 0.8757025360298684
Average Sheep Distance: 0.34601989460568633
Maximum Sheep Distance: 0.5238694414348576
Elapsed Time: 4m 32s
********** 99 **********
Average Fitness: 0.08333333333333331
Maximum Fitness: 0.3666666666666667
Average Pen Distance: 0.5305963955622393
Maximum Pen Distance: 0.8741423409882665
Average Dog Distance: 0.5163809155859742
Maximum Dog Distance: 0.8757025360298684
Average Sheep Distance: 0.34427878465429396
Maximum Sheep Distance: 0.5238694414348576
Elapsed Time: 4m 9s
********** 100 **********
Average Fitness: 0.09066666666666666
Maximum Fitness: 0.3666666666666667
Average Pen Distance: 0.5195389173774049
Maximum Pen Distance: 0.8741423409882665
Average Dog Distance: 0.5194907009076374
Maximum Dog Distance: 0.8757025360298684
Average Sheep Distance: 0.3473085492177138
Maximum Sheep Distance: 0.5238694414348576
Elapsed Time: 4m 12s
********** 1 **********
Average Fitness: 0.05933333333333332
Maximum Fitness: 0.2333333333333333
Average Pen Distance: 0.5255222470433097
Maximum Pen Distance: 0.7218117378482569
Average Dog Distance: 0.6183255777774539
Maximum Dog Distance: 0.8227004445248273
Average Sheep Distance: 0.3244329354886621
Maximum Sheep Distance: 0.4159596227667591
Elapsed Time: 8m 3s
********** 2 **********
Average Fitness: 0.06833333333333333
Maximum Fitness: 0.2333333333333333
Average Pen Distance: 0.5212896892216714
Maximum Pen Distance: 0.7389561298468923
Average Dog Distance: 0.6200720922285141
Maximum Dog Distance: 0.8227004445248273
Average Sheep Distance: 0.3214649255564796
Maximum Sheep Distance: 0.4188292865892563
Elapsed Time: 4m 25s
********** 3 **********
Average Fitness: 0.06999999999999999
Maximum Fitness: 0.26666666666666666
Average Pen Distance: 0.5277514655710666
Maximum Pen Distance: 0.80633163830891
Average Dog Distance: 0.6017643501614824
Maximum Dog Distance: 0.8227004445248273
Average Sheep Distance: 0.327812019446095
Maximum Sheep Distance: 0.4188292865892563
Elapsed Time: 4m 1s
********** 4 **********
Average Fitness: 0.07033333333333332
Maximum Fitness: 0.26666666666666666
Average Pen Distance: 0.5256495835601352
Maximum Pen Distance: 0.834554848456365
Average Dog Distance: 0.60086690906372
Maximum Dog Distance: 0.8523369754772072
Average Sheep Distance: 0.32874789508608926
Maximum Sheep Distance: 0.4188292865892563
Elapsed Time: 4m 11s
********** 5 **********
Average Fitness: 0.06999999999999999
Maximum Fitness: 0.26666666666666666
Average Pen Distance: 0.5284416887325071
Maximum Pen Distance: 0.834554848456365
Average Dog Distance: 0.5885824017353305
Maximum Dog Distance: 0.8523369754772072
Average Sheep Distance: 0.32734934187852716
Maximum Sheep Distance: 0.4234381561574719
Elapsed Time: 4m 0s
********** 6 **********
Average Fitness: 0.075
Maximum Fitness: 0.26666666666666666
Average Pen Distance: 0.5285057397521752
Maximum Pen Distance: 0.834554848456365
Average Dog Distance: 0.57721169153332
Maximum Dog Distance: 0.8531503193423973
Average Sheep Distance: 0.3311956422736692
Maximum Sheep Distance: 0.4234381561574719
Elapsed Time: 3m 38s
********** 7 **********
Average Fitness: 0.08466666666666665
Maximum Fitness: 0.26666666666666666
Average Pen Distance: 0.5242753629133223
Maximum Pen Distance: 0.834554848456365
Average Dog Distance: 0.58050148525465
Maximum Dog Distance: 0.8523369754772072
Average Sheep Distance: 0.33689147370722033
Maximum Sheep Distance: 0.4287104546643596
Elapsed Time: 4m 11s
********** 8 **********
Average Fitness: 0.08433333333333332
Maximum Fitness: 0.26666666666666666
Average Pen Distance: 0.5085815817852397
Maximum Pen Distance: 0.834554848456365
Average Dog Distance: 0.5611649907293763
Maximum Dog Distance: 0.8523369754772072
Average Sheep Distance: 0.33922260852159747
Maximum Sheep Distance: 0.4684150662049937
Elapsed Time: 4m 23s
********** 9 **********
Average Fitness: 0.07999999999999999
Maximum Fitness: 0.26666666666666666
Average Pen Distance: 0.5194873070733902
Maximum Pen Distance: 0.834554848456365
Average Dog Distance: 0.5755566375695564
Maximum Dog Distance: 0.8523369754772072
Average Sheep Distance: 0.3460419154650708
Maximum Sheep Distance: 0.4684150662049937
Elapsed Time: 3m 44s
********** 10 **********
Average Fitness: 0.07600000000000001
Maximum Fitness: 0.26666666666666666
Average Pen Distance: 0.5300837699104688
Maximum Pen Distance: 0.834554848456365
Average Dog Distance: 0.5843099568023056
Maximum Dog Distance: 0.8523369754772072
Average Sheep Distance: 0.344447190387198
Maximum Sheep Distance: 0.4684150662049937
Elapsed Time: 4m 7s
********** 11 **********
Average Fitness: 0.07833333333333332
Maximum Fitness: 0.26666666666666666
Average Pen Distance: 0.5336776719044206
Maximum Pen Distance: 0.834554848456365
Average Dog Distance: 0.5707089225395243
Maximum Dog Distance: 0.8523369754772072
Average Sheep Distance: 0.34296238749665386
Maximum Sheep Distance: 0.4684150662049937
Elapsed Time: 3m 54s
********** 12 **********
Average Fitness: 0.08133333333333333
Maximum Fitness: 0.26666666666666666
Average Pen Distance: 0.5158498786247957
Maximum Pen Distance: 0.834554848456365
Average Dog Distance: 0.5740657990131983
Maximum Dog Distance: 0.8523369754772072
Average Sheep Distance: 0.3394760632277782
Maximum Sheep Distance: 0.4684150662049937
Elapsed Time: 4m 10s
********** 13 **********
Average Fitness: 0.08099999999999997
Maximum Fitness: 0.26666666666666666
Average Pen Distance: 0.5283113409292782
Maximum Pen Distance: 0.834554848456365
Average Dog Distance: 0.5858984378250581
Maximum Dog Distance: 0.8523369754772072
Average Sheep Distance: 0.3418550693637464
Maximum Sheep Distance: 0.4684150662049937
Elapsed Time: 3m 50s
********** 14 **********
Average Fitness: 0.07933333333333331
Maximum Fitness: 0.26666666666666666
Average Pen Distance: 0.5383282604498689
Maximum Pen Distance: 0.834554848456365
Average Dog Distance: 0.5819225148906024
Maximum Dog Distance: 0.8523369754772072
Average Sheep Distance: 0.3472857601560879
Maximum Sheep Distance: 0.473393261566712
Elapsed Time: 4m 25s
********** 15 **********
Average Fitness: 0.08666666666666666
Maximum Fitness: 0.3
Average Pen Distance: 0.5295920509508393
Maximum Pen Distance: 0.834554848456365
Average Dog Distance: 0.5802832073572096
Maximum Dog Distance: 0.8523369754772072
Average Sheep Distance: 0.3457956662239342
Maximum Sheep Distance: 0.473393261566712
Elapsed Time: 4m 15s
********** 16 **********
Average Fitness: 0.08633333333333333
Maximum Fitness: 0.3
Average Pen Distance: 0.50837082752729
Maximum Pen Distance: 0.834554848456365
Average Dog Distance: 0.5770388550998059
Maximum Dog Distance: 0.8523369754772072
Average Sheep Distance: 0.34081390058365046
Maximum Sheep Distance: 0.473393261566712
Elapsed Time: 3m 47s
********** 17 **********
Average Fitness: 0.08733333333333332
Maximum Fitness: 0.3
Average Pen Distance: 0.52432090630426
Maximum Pen Distance: 0.834554848456365
Average Dog Distance: 0.5920874853845607
Maximum Dog Distance: 0.8538123787590814
Average Sheep Distance: 0.3468828643766723
Maximum Sheep Distance: 0.473393261566712
Elapsed Time: 4m 6s
********** 18 **********
Average Fitness: 0.08599999999999998
Maximum Fitness: 0.3
Average Pen Distance: 0.5273586784579882
Maximum Pen Distance: 0.8291440147105904
Average Dog Distance: 0.5775879250364769
Maximum Dog Distance: 0.8978364009945287
Average Sheep Distance: 0.3472208952216207
Maximum Sheep Distance: 0.473393261566712
Elapsed Time: 4m 14s
********** 19 **********
Average Fitness: 0.08666666666666666
Maximum Fitness: 0.3
Average Pen Distance: 0.5084533030075218
Maximum Pen Distance: 0.8203669728685297
Average Dog Distance: 0.5846338045852001
Maximum Dog Distance: 0.8978364009945287
Average Sheep Distance: 0.3442397169586425
Maximum Sheep Distance: 0.473393261566712
Elapsed Time: 4m 13s
********** 20 **********
Average Fitness: 0.08799999999999997
Maximum Fitness: 0.3
Average Pen Distance: 0.5143408031823925
Maximum Pen Distance: 0.807307980227157
Average Dog Distance: 0.5821593091408404
Maximum Dog Distance: 0.8978364009945287
Average Sheep Distance: 0.3437454171900736
Maximum Sheep Distance: 0.473393261566712
Elapsed Time: 4m 6s
********** 21 **********
Average Fitness: 0.08433333333333332
Maximum Fitness: 0.3
Average Pen Distance: 0.5257923499752398
Maximum Pen Distance: 0.807307980227157
Average Dog Distance: 0.5672555749706218
Maximum Dog Distance: 0.8978364009945287
Average Sheep Distance: 0.3438978010989303
Maximum Sheep Distance: 0.473393261566712
Elapsed Time: 4m 18s
********** 22 **********
Average Fitness: 0.08933333333333332
Maximum Fitness: 0.3
Average Pen Distance: 0.5203973209916196
Maximum Pen Distance: 0.807307980227157
Average Dog Distance: 0.5661485904465191
Maximum Dog Distance: 0.8978364009945287
Average Sheep Distance: 0.35104226594558974
Maximum Sheep Distance: 0.473393261566712
Elapsed Time: 4m 7s
********** 23 **********
Average Fitness: 0.09433333333333334
Maximum Fitness: 0.3
Average Pen Distance: 0.5104920305982944
Maximum Pen Distance: 0.8174122163412841
Average Dog Distance: 0.5496854411473928
Maximum Dog Distance: 0.8978364009945287
Average Sheep Distance: 0.35246480394066615
Maximum Sheep Distance: 0.473393261566712
Elapsed Time: 4m 2s
********** 24 **********
Average Fitness: 0.08466666666666667
Maximum Fitness: 0.3
Average Pen Distance: 0.5228517483331444
Maximum Pen Distance: 0.8170838391269063
Average Dog Distance: 0.550701018627299
Maximum Dog Distance: 0.8978364009945287
Average Sheep Distance: 0.35186482599023433
Maximum Sheep Distance: 0.473393261566712
Elapsed Time: 4m 4s
********** 25 **********
Average Fitness: 0.08966666666666667
Maximum Fitness: 0.3
Average Pen Distance: 0.5165823972977753
Maximum Pen Distance: 0.8170838391269063
Average Dog Distance: 0.5553226915344732
Maximum Dog Distance: 0.8978364009945287
Average Sheep Distance: 0.3506923838725865
Maximum Sheep Distance: 0.473393261566712
Elapsed Time: 3m 53s
********** 26 **********
Average Fitness: 0.086
Maximum Fitness: 0.3
Average Pen Distance: 0.5330254179238091
Maximum Pen Distance: 0.8170838391269063
Average Dog Distance: 0.5651665795952581
Maximum Dog Distance: 0.8978364009945287
Average Sheep Distance: 0.3491321577011868
Maximum Sheep Distance: 0.473393261566712
Elapsed Time: 4m 14s
********** 27 **********
Average Fitness: 0.08199999999999999
Maximum Fitness: 0.3
Average Pen Distance: 0.5268108105758973
Maximum Pen Distance: 0.8170838391269063
Average Dog Distance: 0.5435916126588074
Maximum Dog Distance: 0.8978364009945287
Average Sheep Distance: 0.35095669746821273
Maximum Sheep Distance: 0.473393261566712
Elapsed Time: 4m 3s
********** 28 **********
Average Fitness: 0.08199999999999999
Maximum Fitness: 0.3
Average Pen Distance: 0.5189036333611666
Maximum Pen Distance: 0.8170838391269063
Average Dog Distance: 0.5510349566069779
Maximum Dog Distance: 0.8978364009945287
Average Sheep Distance: 0.34794765796884924
Maximum Sheep Distance: 0.473393261566712
Elapsed Time: 3m 53s
********** 29 **********
Average Fitness: 0.09099999999999998
Maximum Fitness: 0.3
Average Pen Distance: 0.5364199530464265
Maximum Pen Distance: 0.8513629345404675
Average Dog Distance: 0.5621055116955436
Maximum Dog Distance: 0.8978364009945287
Average Sheep Distance: 0.345411913527462
Maximum Sheep Distance: 0.473393261566712
Elapsed Time: 4m 41s
********** 30 **********
Average Fitness: 0.087
Maximum Fitness: 0.3
Average Pen Distance: 0.5358062566069518
Maximum Pen Distance: 0.8513629345404675
Average Dog Distance: 0.5636889357014048
Maximum Dog Distance: 0.8503910327805629
Average Sheep Distance: 0.3474277809923871
Maximum Sheep Distance: 0.473393261566712
Elapsed Time: 4m 33s
********** 31 **********
Average Fitness: 0.08933333333333333
Maximum Fitness: 0.3
Average Pen Distance: 0.5301736287954407
Maximum Pen Distance: 0.8513629345404675
Average Dog Distance: 0.5752354071203728
Maximum Dog Distance: 0.8503910327805629
Average Sheep Distance: 0.3436159583274476
Maximum Sheep Distance: 0.473393261566712
Elapsed Time: 4m 15s
********** 32 **********
Average Fitness: 0.08566666666666664
Maximum Fitness: 0.3
Average Pen Distance: 0.5225425776024405
Maximum Pen Distance: 0.8513629345404675
Average Dog Distance: 0.5658765619274716
Maximum Dog Distance: 0.8503910327805629
Average Sheep Distance: 0.341590757025983
Maximum Sheep Distance: 0.473393261566712
Elapsed Time: 3m 55s
********** 33 **********
Average Fitness: 0.09
Maximum Fitness: 0.3666666666666667
Average Pen Distance: 0.5181161363135793
Maximum Pen Distance: 0.8513629345404675
Average Dog Distance: 0.555698710709797
Maximum Dog Distance: 0.8503910327805629
Average Sheep Distance: 0.3443065730610727
Maximum Sheep Distance: 0.473393261566712
Elapsed Time: 4m 20s
********** 34 **********
Average Fitness: 0.08966666666666664
Maximum Fitness: 0.3666666666666667
Average Pen Distance: 0.5151744619363149
Maximum Pen Distance: 0.8513629345404675
Average Dog Distance: 0.5530674137720002
Maximum Dog Distance: 0.8697933176538436
Average Sheep Distance: 0.34423889154246845
Maximum Sheep Distance: 0.473393261566712
Elapsed Time: 4m 7s
********** 35 **********
Average Fitness: 0.08633333333333332
Maximum Fitness: 0.3666666666666667
Average Pen Distance: 0.5206908631069606
Maximum Pen Distance: 0.8513629345404675
Average Dog Distance: 0.5533546134621985
Maximum Dog Distance: 0.8545686534407145
Average Sheep Distance: 0.3457600239475973
Maximum Sheep Distance: 0.473393261566712
Elapsed Time: 3m 57s
********** 36 **********
Average Fitness: 0.08700000000000001
Maximum Fitness: 0.3666666666666667
Average Pen Distance: 0.5291273276848315
Maximum Pen Distance: 0.8513629345404675
Average Dog Distance: 0.5536977825286167
Maximum Dog Distance: 0.8545686534407145
Average Sheep Distance: 0.3491998888172711
Maximum Sheep Distance: 0.473393261566712
Elapsed Time: 3m 58s
********** 37 **********
Average Fitness: 0.08266666666666668
Maximum Fitness: 0.3666666666666667
Average Pen Distance: 0.5234592965859788
Maximum Pen Distance: 0.8513629345404675
Average Dog Distance: 0.5513926822315903
Maximum Dog Distance: 0.8545686534407145
Average Sheep Distance: 0.34081243070264855
Maximum Sheep Distance: 0.473393261566712
Elapsed Time: 3m 49s
********** 38 **********
Average Fitness: 0.088
Maximum Fitness: 0.3333333333333333
Average Pen Distance: 0.4958787491325213
Maximum Pen Distance: 0.8513629345404675
Average Dog Distance: 0.5462417129117924
Maximum Dog Distance: 0.8545686534407145
Average Sheep Distance: 0.3419759515721605
Maximum Sheep Distance: 0.473393261566712
Elapsed Time: 3m 53s
********** 39 **********
Average Fitness: 0.08966666666666664
Maximum Fitness: 0.3333333333333333
Average Pen Distance: 0.5122858895055912
Maximum Pen Distance: 0.8513629345404675
Average Dog Distance: 0.5619992502716209
Maximum Dog Distance: 0.8545686534407145
Average Sheep Distance: 0.34940738120124293
Maximum Sheep Distance: 0.473393261566712
Elapsed Time: 3m 53s
********** 40 **********
Average Fitness: 0.09066666666666665
Maximum Fitness: 0.3333333333333333
Average Pen Distance: 0.5169889527382374
Maximum Pen Distance: 0.8513629345404675
Average Dog Distance: 0.5575993503508055
Maximum Dog Distance: 0.9003371811656707
Average Sheep Distance: 0.3514485560883269
Maximum Sheep Distance: 0.473393261566712
Elapsed Time: 3m 45s
********** 41 **********
Average Fitness: 0.08366666666666667
Maximum Fitness: 0.3333333333333333
Average Pen Distance: 0.5166363184876914
Maximum Pen Distance: 0.8513629345404675
Average Dog Distance: 0.5527025084311428
Maximum Dog Distance: 0.9003371811656707
Average Sheep Distance: 0.35088492109133557
Maximum Sheep Distance: 0.473393261566712
Elapsed Time: 4m 2s
********** 42 **********
Average Fitness: 0.08733333333333332
Maximum Fitness: 0.3333333333333333
Average Pen Distance: 0.5328664004060912
Maximum Pen Distance: 0.8680270464431085
Average Dog Distance: 0.557263800609443
Maximum Dog Distance: 0.9003371811656707
Average Sheep Distance: 0.35160544802237964
Maximum Sheep Distance: 0.473393261566712
Elapsed Time: 3m 51s
********** 43 **********
Average Fitness: 0.09333333333333332
Maximum Fitness: 0.3333333333333333
Average Pen Distance: 0.5143794120090682
Maximum Pen Distance: 0.8680270464431085
Average Dog Distance: 0.5443714104634564
Maximum Dog Distance: 0.9003371811656707
Average Sheep Distance: 0.34787952909305225
Maximum Sheep Distance: 0.473393261566712
Elapsed Time: 3m 55s
********** 44 **********
Average Fitness: 0.08900000000000001
Maximum Fitness: 0.3333333333333333
Average Pen Distance: 0.5035904499995685
Maximum Pen Distance: 0.8680270464431085
Average Dog Distance: 0.5414324695805496
Maximum Dog Distance: 0.9003371811656707
Average Sheep Distance: 0.3468315132016683
Maximum Sheep Distance: 0.473393261566712
Elapsed Time: 4m 8s
********** 45 **********
Average Fitness: 0.08433333333333333
Maximum Fitness: 0.3333333333333333
Average Pen Distance: 0.5338316764017812
Maximum Pen Distance: 0.8680270464431085
Average Dog Distance: 0.5603456163376821
Maximum Dog Distance: 0.9003371811656707
Average Sheep Distance: 0.348446036272775
Maximum Sheep Distance: 0.476555114556676
Elapsed Time: 4m 7s
********** 46 **********
Average Fitness: 0.08066666666666666
Maximum Fitness: 0.3333333333333333
Average Pen Distance: 0.5317674207679807
Maximum Pen Distance: 0.8680270464431085
Average Dog Distance: 0.5529754349057593
Maximum Dog Distance: 0.9003371811656707
Average Sheep Distance: 0.3495675893681981
Maximum Sheep Distance: 0.476555114556676
Elapsed Time: 4m 28s
********** 47 **********
Average Fitness: 0.08199999999999998
Maximum Fitness: 0.3333333333333333
Average Pen Distance: 0.5114674329304008
Maximum Pen Distance: 0.8680270464431085
Average Dog Distance: 0.5340775551087359
Maximum Dog Distance: 0.877014384390559
Average Sheep Distance: 0.3460290723489614
Maximum Sheep Distance: 0.476555114556676
Elapsed Time: 4m 12s
********** 48 **********
Average Fitness: 0.07899999999999999
Maximum Fitness: 0.3333333333333333
Average Pen Distance: 0.5282632045012866
Maximum Pen Distance: 0.8680270464431085
Average Dog Distance: 0.5446324694142245
Maximum Dog Distance: 0.877014384390559
Average Sheep Distance: 0.348888326286121
Maximum Sheep Distance: 0.476555114556676
Elapsed Time: 4m 19s
********** 49 **********
Average Fitness: 0.07800000000000001
Maximum Fitness: 0.3333333333333333
Average Pen Distance: 0.5149835214123084
Maximum Pen Distance: 0.8680270464431085
Average Dog Distance: 0.5424319712729573
Maximum Dog Distance: 0.877014384390559
Average Sheep Distance: 0.34545450174370557
Maximum Sheep Distance: 0.476555114556676
Elapsed Time: 4m 19s
********** 50 **********
Average Fitness: 0.08899999999999998
Maximum Fitness: 0.39999999999999997
Average Pen Distance: 0.507398010517761
Maximum Pen Distance: 0.8680270464431085
Average Dog Distance: 0.5294287080230318
Maximum Dog Distance: 0.877014384390559
Average Sheep Distance: 0.3445714701148052
Maximum Sheep Distance: 0.476555114556676
Elapsed Time: 4m 27s
********** 51 **********
Average Fitness: 0.08966666666666664
Maximum Fitness: 0.39999999999999997
Average Pen Distance: 0.5132283908661369
Maximum Pen Distance: 0.8680270464431085
Average Dog Distance: 0.5433141374370382
Maximum Dog Distance: 0.877014384390559
Average Sheep Distance: 0.34711408641901675
Maximum Sheep Distance: 0.476555114556676
Elapsed Time: 4m 17s
********** 52 **********
Average Fitness: 0.08966666666666664
Maximum Fitness: 0.39999999999999997
Average Pen Distance: 0.5131543344109517
Maximum Pen Distance: 0.8680270464431085
Average Dog Distance: 0.5322552473404479
Maximum Dog Distance: 0.8805938036307657
Average Sheep Distance: 0.3468338711008657
Maximum Sheep Distance: 0.476555114556676
Elapsed Time: 3m 56s
********** 53 **********
Average Fitness: 0.09266666666666666
Maximum Fitness: 0.39999999999999997
Average Pen Distance: 0.5027538939873261
Maximum Pen Distance: 0.8680270464431085
Average Dog Distance: 0.5449382262454153
Maximum Dog Distance: 0.9014532172247626
Average Sheep Distance: 0.346896239124643
Maximum Sheep Distance: 0.476555114556676
Elapsed Time: 4m 3s
********** 54 **********
Average Fitness: 0.09333333333333332
Maximum Fitness: 0.39999999999999997
Average Pen Distance: 0.49508610053008695
Maximum Pen Distance: 0.8513629345404675
Average Dog Distance: 0.5316224649346196
Maximum Dog Distance: 0.9014532172247626
Average Sheep Distance: 0.34492685821893004
Maximum Sheep Distance: 0.476555114556676
Elapsed Time: 3m 51s
********** 55 **********
Average Fitness: 0.091
Maximum Fitness: 0.39999999999999997
Average Pen Distance: 0.5098433283248684
Maximum Pen Distance: 0.8562377500735602
Average Dog Distance: 0.5432055571576896
Maximum Dog Distance: 0.9014532172247626
Average Sheep Distance: 0.3451009017364933
Maximum Sheep Distance: 0.476555114556676
Elapsed Time: 4m 6s
********** 56 **********
Average Fitness: 0.09
Maximum Fitness: 0.39999999999999997
Average Pen Distance: 0.5202513999701308
Maximum Pen Distance: 0.8562377500735602
Average Dog Distance: 0.5318494352916648
Maximum Dog Distance: 0.9014532172247626
Average Sheep Distance: 0.34504749277869623
Maximum Sheep Distance: 0.476555114556676
Elapsed Time: 3m 49s
********** 57 **********
Average Fitness: 0.09699999999999999
Maximum Fitness: 0.39999999999999997
Average Pen Distance: 0.5067111852284607
Maximum Pen Distance: 0.8537750622821182
Average Dog Distance: 0.5319481066283891
Maximum Dog Distance: 0.9014532172247626
Average Sheep Distance: 0.34807652488281177
Maximum Sheep Distance: 0.476555114556676
Elapsed Time: 3m 54s
********** 58 **********
Average Fitness: 0.09633333333333333
Maximum Fitness: 0.39999999999999997
Average Pen Distance: 0.527223117284984
Maximum Pen Distance: 0.868377528182517
Average Dog Distance: 0.5331513294929446
Maximum Dog Distance: 0.9014532172247626
Average Sheep Distance: 0.35091327204633993
Maximum Sheep Distance: 0.476555114556676
Elapsed Time: 4m 12s
********** 59 **********
Average Fitness: 0.09833333333333333
Maximum Fitness: 0.39999999999999997
Average Pen Distance: 0.4798327484307937
Maximum Pen Distance: 0.8537750622821182
Average Dog Distance: 0.5247145696401676
Maximum Dog Distance: 0.9014532172247626
Average Sheep Distance: 0.3449667721523847
Maximum Sheep Distance: 0.476555114556676
Elapsed Time: 4m 36s
********** 60 **********
Average Fitness: 0.09966666666666665
Maximum Fitness: 0.39999999999999997
Average Pen Distance: 0.49473285477194323
Maximum Pen Distance: 0.8550706885727877
Average Dog Distance: 0.5196577622848774
Maximum Dog Distance: 0.9014532172247626
Average Sheep Distance: 0.35109341198048405
Maximum Sheep Distance: 0.476555114556676
Elapsed Time: 4m 30s
********** 61 **********
Average Fitness: 0.09999999999999998
Maximum Fitness: 0.39999999999999997
Average Pen Distance: 0.49240290289334554
Maximum Pen Distance: 0.8550706885727877
Average Dog Distance: 0.5263259509048198
Maximum Dog Distance: 0.9014532172247626
Average Sheep Distance: 0.3483734988751594
Maximum Sheep Distance: 0.476555114556676
Elapsed Time: 4m 17s
********** 62 **********
Average Fitness: 0.09933333333333332
Maximum Fitness: 0.39999999999999997
Average Pen Distance: 0.49268007568161587
Maximum Pen Distance: 0.8550706885727877
Average Dog Distance: 0.5226421316862682
Maximum Dog Distance: 0.9014532172247626
Average Sheep Distance: 0.34678991638582035
Maximum Sheep Distance: 0.476555114556676
Elapsed Time: 4m 14s
********** 63 **********
Average Fitness: 0.09766666666666665
Maximum Fitness: 0.39999999999999997
Average Pen Distance: 0.5002073857590937
Maximum Pen Distance: 0.8550706885727877
Average Dog Distance: 0.5300330324317417
Maximum Dog Distance: 0.9014532172247626
Average Sheep Distance: 0.3477409102985425
Maximum Sheep Distance: 0.476555114556676
Elapsed Time: 4m 24s
********** 64 **********
Average Fitness: 0.095
Maximum Fitness: 0.39999999999999997
Average Pen Distance: 0.49345585583591034
Maximum Pen Distance: 0.8537750622821182
Average Dog Distance: 0.5379607926226941
Maximum Dog Distance: 0.9014532172247626
Average Sheep Distance: 0.34939342406159973
Maximum Sheep Distance: 0.476555114556676
Elapsed Time: 4m 2s
********** 65 **********
Average Fitness: 0.09433333333333334
Maximum Fitness: 0.39999999999999997
Average Pen Distance: 0.5114267596505889
Maximum Pen Distance: 0.898638115467547
Average Dog Distance: 0.5512607462765922
Maximum Dog Distance: 0.9014532172247626
Average Sheep Distance: 0.35039078275772717
Maximum Sheep Distance: 0.476555114556676
Elapsed Time: 3m 54s
********** 66 **********
Average Fitness: 0.09866666666666667
Maximum Fitness: 0.39999999999999997
Average Pen Distance: 0.5037007152636158
Maximum Pen Distance: 0.898638115467547
Average Dog Distance: 0.5361704237538154
Maximum Dog Distance: 0.9014532172247626
Average Sheep Distance: 0.35267008614847156
Maximum Sheep Distance: 0.476555114556676
Elapsed Time: 4m 14s
********** 67 **********
Average Fitness: 0.10066666666666667
Maximum Fitness: 0.39999999999999997
Average Pen Distance: 0.5099639849910456
Maximum Pen Distance: 0.898638115467547
Average Dog Distance: 0.54302553006972
Maximum Dog Distance: 0.9014532172247626
Average Sheep Distance: 0.35124151268257914
Maximum Sheep Distance: 0.476555114556676
Elapsed Time: 4m 13s
********** 68 **********
Average Fitness: 0.102
Maximum Fitness: 0.39999999999999997
Average Pen Distance: 0.5171331500485883
Maximum Pen Distance: 0.898638115467547
Average Dog Distance: 0.5217349655090129
Maximum Dog Distance: 0.8963809302824496
Average Sheep Distance: 0.35187864479005704
Maximum Sheep Distance: 0.476555114556676
Elapsed Time: 4m 16s
********** 69 **********
Average Fitness: 0.10266666666666667
Maximum Fitness: 0.39999999999999997
Average Pen Distance: 0.4951217326965159
Maximum Pen Distance: 0.898638115467547
Average Dog Distance: 0.5180451543739762
Maximum Dog Distance: 0.8963809302824496
Average Sheep Distance: 0.35365868513274845
Maximum Sheep Distance: 0.476555114556676
Elapsed Time: 4m 17s
********** 70 **********
Average Fitness: 0.09999999999999998
Maximum Fitness: 0.39999999999999997
Average Pen Distance: 0.5133153959298382
Maximum Pen Distance: 0.898638115467547
Average Dog Distance: 0.5263155143049925
Maximum Dog Distance: 0.8963809302824496
Average Sheep Distance: 0.35737870316299686
Maximum Sheep Distance: 0.476555114556676
Elapsed Time: 3m 51s
********** 71 **********
Average Fitness: 0.09866666666666665
Maximum Fitness: 0.39999999999999997
Average Pen Distance: 0.4978357339416466
Maximum Pen Distance: 0.8984174074194137
Average Dog Distance: 0.49652181034426734
Maximum Dog Distance: 0.8963809302824496
Average Sheep Distance: 0.3554213073452622
Maximum Sheep Distance: 0.476555114556676
Elapsed Time: 4m 11s
********** 72 **********
Average Fitness: 0.10233333333333333
Maximum Fitness: 0.39999999999999997
Average Pen Distance: 0.5098089962807593
Maximum Pen Distance: 0.8984174074194137
Average Dog Distance: 0.5246909868605154
Maximum Dog Distance: 0.8963809302824496
Average Sheep Distance: 0.35519028476586795
Maximum Sheep Distance: 0.476555114556676
Elapsed Time: 4m 28s
********** 73 **********
Average Fitness: 0.10033333333333332
Maximum Fitness: 0.39999999999999997
Average Pen Distance: 0.5066223165565836
Maximum Pen Distance: 0.8984174074194137
Average Dog Distance: 0.5171117050320024
Maximum Dog Distance: 0.8963809302824496
Average Sheep Distance: 0.35535597623149434
Maximum Sheep Distance: 0.476555114556676
Elapsed Time: 3m 57s
********** 74 **********
Average Fitness: 0.09866666666666667
Maximum Fitness: 0.39999999999999997
Average Pen Distance: 0.49891757646068646
Maximum Pen Distance: 0.8984174074194137
Average Dog Distance: 0.5064094981753979
Maximum Dog Distance: 0.8963809302824496
Average Sheep Distance: 0.34854045003968337
Maximum Sheep Distance: 0.476555114556676
Elapsed Time: 4m 16s
********** 75 **********
Average Fitness: 0.1
Maximum Fitness: 0.39999999999999997
Average Pen Distance: 0.5073481602817228
Maximum Pen Distance: 0.8984174074194137
Average Dog Distance: 0.5188201919053789
Maximum Dog Distance: 0.8963809302824496
Average Sheep Distance: 0.3511428216167032
Maximum Sheep Distance: 0.476555114556676
Elapsed Time: 4m 6s
********** 76 **********
Average Fitness: 0.10266666666666667
Maximum Fitness: 0.39999999999999997
Average Pen Distance: 0.4981930153863883
Maximum Pen Distance: 0.8984174074194137
Average Dog Distance: 0.5220712429172149
Maximum Dog Distance: 0.8963809302824496
Average Sheep Distance: 0.3512863659760585
Maximum Sheep Distance: 0.476555114556676
Elapsed Time: 4m 24s
********** 77 **********
Average Fitness: 0.09966666666666665
Maximum Fitness: 0.39999999999999997
Average Pen Distance: 0.5059318814868696
Maximum Pen Distance: 0.8984174074194137
Average Dog Distance: 0.5262904531532765
Maximum Dog Distance: 0.8963809302824496
Average Sheep Distance: 0.35389692248142274
Maximum Sheep Distance: 0.476555114556676
Elapsed Time: 4m 32s
********** 78 **********
Average Fitness: 0.09699999999999999
Maximum Fitness: 0.39999999999999997
Average Pen Distance: 0.5112693201515255
Maximum Pen Distance: 0.8984174074194137
Average Dog Distance: 0.5163879160293049
Maximum Dog Distance: 0.8963809302824496
Average Sheep Distance: 0.35186681822534266
Maximum Sheep Distance: 0.476555114556676
Elapsed Time: 4m 15s
********** 79 **********
Average Fitness: 0.1
Maximum Fitness: 0.39999999999999997
Average Pen Distance: 0.5121944141881396
Maximum Pen Distance: 0.8984174074194137
Average Dog Distance: 0.5226226780103026
Maximum Dog Distance: 0.8963809302824496
Average Sheep Distance: 0.3537099790696076
Maximum Sheep Distance: 0.476555114556676
Elapsed Time: 4m 9s
********** 80 **********
Average Fitness: 0.10300000000000001
Maximum Fitness: 0.39999999999999997
Average Pen Distance: 0.5152454830320178
Maximum Pen Distance: 0.8984174074194137
Average Dog Distance: 0.5289344715753905
Maximum Dog Distance: 0.8963809302824496
Average Sheep Distance: 0.3508626176899385
Maximum Sheep Distance: 0.476555114556676
Elapsed Time: 4m 19s
********** 81 **********
Average Fitness: 0.1033333333333333
Maximum Fitness: 0.39999999999999997
Average Pen Distance: 0.5113479681136162
Maximum Pen Distance: 0.8984174074194137
Average Dog Distance: 0.5251235003663537
Maximum Dog Distance: 0.8963809302824496
Average Sheep Distance: 0.348650462814999
Maximum Sheep Distance: 0.476555114556676
Elapsed Time: 3m 52s
********** 82 **********
Average Fitness: 0.10566666666666666
Maximum Fitness: 0.39999999999999997
Average Pen Distance: 0.5089339649800909
Maximum Pen Distance: 0.8984174074194137
Average Dog Distance: 0.5421665403171219
Maximum Dog Distance: 0.8963809302824496
Average Sheep Distance: 0.35179832901947583
Maximum Sheep Distance: 0.476555114556676
Elapsed Time: 4m 3s
********** 83 **********
Average Fitness: 0.103
Maximum Fitness: 0.39999999999999997
Average Pen Distance: 0.4962049054164276
Maximum Pen Distance: 0.8984174074194137
Average Dog Distance: 0.5374364787090871
Maximum Dog Distance: 0.8963809302824496
Average Sheep Distance: 0.34649951182958966
Maximum Sheep Distance: 0.476555114556676
Elapsed Time: 4m 1s
********** 84 **********
Average Fitness: 0.10633333333333334
Maximum Fitness: 0.39999999999999997
Average Pen Distance: 0.49495139771716423
Maximum Pen Distance: 0.8984174074194137
Average Dog Distance: 0.5157906686848599
Maximum Dog Distance: 0.8963809302824496
Average Sheep Distance: 0.34906098410552283
Maximum Sheep Distance: 0.476555114556676
Elapsed Time: 4m 9s
********** 85 **********
Average Fitness: 0.09799999999999999
Maximum Fitness: 0.39999999999999997
Average Pen Distance: 0.5063584875820429
Maximum Pen Distance: 0.8984174074194137
Average Dog Distance: 0.5449705624750176
Maximum Dog Distance: 0.8963809302824496
Average Sheep Distance: 0.3488090577985903
Maximum Sheep Distance: 0.476555114556676
Elapsed Time: 4m 3s
********** 86 **********
Average Fitness: 0.10099999999999998
Maximum Fitness: 0.39999999999999997
Average Pen Distance: 0.508798078662833
Maximum Pen Distance: 0.8984174074194137
Average Dog Distance: 0.5222837211639983
Maximum Dog Distance: 0.8963809302824496
Average Sheep Distance: 0.35046959542757233
Maximum Sheep Distance: 0.476555114556676
Elapsed Time: 4m 4s
********** 87 **********
Average Fitness: 0.10066666666666667
Maximum Fitness: 0.39999999999999997
Average Pen Distance: 0.5004026332020594
Maximum Pen Distance: 0.8984174074194137
Average Dog Distance: 0.5511635872255883
Maximum Dog Distance: 0.8963809302824496
Average Sheep Distance: 0.3484370775257385
Maximum Sheep Distance: 0.476555114556676
Elapsed Time: 4m 15s
********** 88 **********
Average Fitness: 0.09566666666666666
Maximum Fitness: 0.39999999999999997
Average Pen Distance: 0.5114972225754433
Maximum Pen Distance: 0.9111350147552658
Average Dog Distance: 0.5071700993046035
Maximum Dog Distance: 0.8963809302824496
Average Sheep Distance: 0.349245810297505
Maximum Sheep Distance: 0.476555114556676
Elapsed Time: 4m 11s
********** 89 **********
Average Fitness: 0.09433333333333334
Maximum Fitness: 0.39999999999999997
Average Pen Distance: 0.524900713871718
Maximum Pen Distance: 0.9111350147552658
Average Dog Distance: 0.5212940058985224
Maximum Dog Distance: 0.8980634380379445
Average Sheep Distance: 0.34738073650014106
Maximum Sheep Distance: 0.476555114556676
Elapsed Time: 4m 14s
********** 90 **********
Average Fitness: 0.10233333333333333
Maximum Fitness: 0.39999999999999997
Average Pen Distance: 0.5140261933313971
Maximum Pen Distance: 0.9111350147552658
Average Dog Distance: 0.48749270911976206
Maximum Dog Distance: 0.8963809302824496
Average Sheep Distance: 0.3504786494884122
Maximum Sheep Distance: 0.476555114556676
Elapsed Time: 3m 58s
********** 91 **********
Average Fitness: 0.09699999999999999
Maximum Fitness: 0.39999999999999997
Average Pen Distance: 0.5215856505583473
Maximum Pen Distance: 0.9111350147552658
Average Dog Distance: 0.5092041751944653
Maximum Dog Distance: 0.8963809302824496
Average Sheep Distance: 0.3496461362327642
Maximum Sheep Distance: 0.476555114556676
Elapsed Time: 4m 6s
********** 92 **********
Average Fitness: 0.10566666666666669
Maximum Fitness: 0.39999999999999997
Average Pen Distance: 0.48599524319236403
Maximum Pen Distance: 0.9111350147552658
Average Dog Distance: 0.49413585076847605
Maximum Dog Distance: 0.8963809302824496
Average Sheep Distance: 0.34737619888103105
Maximum Sheep Distance: 0.476555114556676
Elapsed Time: 4m 5s
********** 93 **********
Average Fitness: 0.103
Maximum Fitness: 0.39999999999999997
Average Pen Distance: 0.5096340382486172
Maximum Pen Distance: 0.9111350147552658
Average Dog Distance: 0.48739602631892986
Maximum Dog Distance: 0.8963809302824496
Average Sheep Distance: 0.35334248975834753
Maximum Sheep Distance: 0.476555114556676
Elapsed Time: 4m 23s
********** 94 **********
Average Fitness: 0.10266666666666666
Maximum Fitness: 0.39999999999999997
Average Pen Distance: 0.5041946094739164
Maximum Pen Distance: 0.9111350147552658
Average Dog Distance: 0.5017149990634377
Maximum Dog Distance: 0.8963809302824496
Average Sheep Distance: 0.3500127972910426
Maximum Sheep Distance: 0.476555114556676
Elapsed Time: 4m 31s
********** 95 **********
Average Fitness: 0.09866666666666667
Maximum Fitness: 0.39999999999999997
Average Pen Distance: 0.5252525225950707
Maximum Pen Distance: 0.9111350147552658
Average Dog Distance: 0.4905102911739905
Maximum Dog Distance: 0.8963809302824496
Average Sheep Distance: 0.3506427467350531
Maximum Sheep Distance: 0.476555114556676
Elapsed Time: 3m 54s
********** 96 **********
Average Fitness: 0.09933333333333333
Maximum Fitness: 0.39999999999999997
Average Pen Distance: 0.5194992555935378
Maximum Pen Distance: 0.9111350147552658
Average Dog Distance: 0.5149797142407074
Maximum Dog Distance: 0.8963809302824496
Average Sheep Distance: 0.350387574184391
Maximum Sheep Distance: 0.5074547807487234
Elapsed Time: 4m 12s
********** 97 **********
Average Fitness: 0.09866666666666665
Maximum Fitness: 0.39999999999999997
Average Pen Distance: 0.5177367151695708
Maximum Pen Distance: 0.9111350147552658
Average Dog Distance: 0.49062659258210045
Maximum Dog Distance: 0.8963809302824496
Average Sheep Distance: 0.3574209575968979
Maximum Sheep Distance: 0.5074547807487234
Elapsed Time: 4m 15s
********** 98 **********
Average Fitness: 0.09466666666666665
Maximum Fitness: 0.39999999999999997
Average Pen Distance: 0.5048366911005013
Maximum Pen Distance: 0.9111350147552658
Average Dog Distance: 0.5040828505938159
Maximum Dog Distance: 0.8963809302824496
Average Sheep Distance: 0.34969820792746786
Maximum Sheep Distance: 0.5074547807487234
Elapsed Time: 4m 36s
********** 99 **********
Average Fitness: 0.09666666666666666
Maximum Fitness: 0.39999999999999997
Average Pen Distance: 0.5071488010692509
Maximum Pen Distance: 0.9111350147552658
Average Dog Distance: 0.5051808830607644
Maximum Dog Distance: 0.8963809302824496
Average Sheep Distance: 0.3479785100645274
Maximum Sheep Distance: 0.5074547807487234
Elapsed Time: 4m 6s
********** 100 **********
Average Fitness: 0.10099999999999999
Maximum Fitness: 0.39999999999999997
Average Pen Distance: 0.5014364948289304
Maximum Pen Distance: 0.9111350147552658
Average Dog Distance: 0.5066030134187718
Maximum Dog Distance: 0.8963809302824496
Average Sheep Distance: 0.35152973986943786
Maximum Sheep Distance: 0.5278761723497464
Elapsed Time: 4m 18s
********** 1 **********
Average Fitness: 0.05933333333333333
Maximum Fitness: 0.2333333333333333
Average Pen Distance: 0.5508815742997499
Maximum Pen Distance: 0.7796070065803239
Average Dog Distance: 0.6065913948931986
Maximum Dog Distance: 0.8094362122918808
Average Sheep Distance: 0.3310613948472391
Maximum Sheep Distance: 0.4126200887166666
Elapsed Time: 7m 53s
********** 2 **********
Average Fitness: 0.06599999999999999
Maximum Fitness: 0.26666666666666666
Average Pen Distance: 0.5407916010881686
Maximum Pen Distance: 0.7796070065803239
Average Dog Distance: 0.591028886045824
Maximum Dog Distance: 0.8094362122918808
Average Sheep Distance: 0.33312356059078935
Maximum Sheep Distance: 0.4237488271601561
Elapsed Time: 4m 1s
********** 3 **********
Average Fitness: 0.07366666666666666
Maximum Fitness: 0.26666666666666666
Average Pen Distance: 0.538771558720381
Maximum Pen Distance: 0.7796070065803239
Average Dog Distance: 0.5872365710951807
Maximum Dog Distance: 0.8094362122918808
Average Sheep Distance: 0.3327154111274829
Maximum Sheep Distance: 0.4344177738805654
Elapsed Time: 4m 22s
********** 4 **********
Average Fitness: 0.07866666666666666
Maximum Fitness: 0.26666666666666666
Average Pen Distance: 0.5405704091362099
Maximum Pen Distance: 0.7796070065803239
Average Dog Distance: 0.5729183251994496
Maximum Dog Distance: 0.8094362122918808
Average Sheep Distance: 0.3397076257884132
Maximum Sheep Distance: 0.4344177738805654
Elapsed Time: 3m 54s
********** 5 **********
Average Fitness: 0.08366666666666665
Maximum Fitness: 0.26666666666666666
Average Pen Distance: 0.5343985055275424
Maximum Pen Distance: 0.7861540473646418
Average Dog Distance: 0.580778495090028
Maximum Dog Distance: 0.8300294586530711
Average Sheep Distance: 0.3330204969934055
Maximum Sheep Distance: 0.4344177738805654
Elapsed Time: 4m 19s
********** 6 **********
Average Fitness: 0.08566666666666664
Maximum Fitness: 0.26666666666666666
Average Pen Distance: 0.5249472650299458
Maximum Pen Distance: 0.8146241351775746
Average Dog Distance: 0.5659373160392738
Maximum Dog Distance: 0.8300294586530711
Average Sheep Distance: 0.3348250341476795
Maximum Sheep Distance: 0.4344177738805654
Elapsed Time: 4m 10s
********** 7 **********
Average Fitness: 0.08399999999999999
Maximum Fitness: 0.26666666666666666
Average Pen Distance: 0.5318852456471334
Maximum Pen Distance: 0.8146241351775746
Average Dog Distance: 0.572428947866959
Maximum Dog Distance: 0.8300294586530711
Average Sheep Distance: 0.33781698627042644
Maximum Sheep Distance: 0.4344177738805654
Elapsed Time: 3m 49s
********** 8 **********
Average Fitness: 0.08366666666666665
Maximum Fitness: 0.3
Average Pen Distance: 0.5334018558658288
Maximum Pen Distance: 0.8146241351775746
Average Dog Distance: 0.5646536743558094
Maximum Dog Distance: 0.8300294586530711
Average Sheep Distance: 0.336982209899219
Maximum Sheep Distance: 0.43955181125224
Elapsed Time: 3m 54s
********** 9 **********
Average Fitness: 0.08833333333333332
Maximum Fitness: 0.3
Average Pen Distance: 0.5241865505686336
Maximum Pen Distance: 0.8146241351775746
Average Dog Distance: 0.564724676944613
Maximum Dog Distance: 0.8300294586530711
Average Sheep Distance: 0.33968025541936037
Maximum Sheep Distance: 0.43955181125224
Elapsed Time: 4m 49s
********** 10 **********
Average Fitness: 0.08733333333333332
Maximum Fitness: 0.3
Average Pen Distance: 0.5254327551042546
Maximum Pen Distance: 0.8146241351775746
Average Dog Distance: 0.5593879420960711
Maximum Dog Distance: 0.8300294586530711
Average Sheep Distance: 0.33826540521372783
Maximum Sheep Distance: 0.43955181125224
Elapsed Time: 3m 58s
********** 11 **********
Average Fitness: 0.08999999999999998
Maximum Fitness: 0.3
Average Pen Distance: 0.5263719919148859
Maximum Pen Distance: 0.8146241351775746
Average Dog Distance: 0.5596892159026111
Maximum Dog Distance: 0.8300294586530711
Average Sheep Distance: 0.3405887934914668
Maximum Sheep Distance: 0.43955181125224
Elapsed Time: 4m 18s
********** 12 **********
Average Fitness: 0.09166666666666666
Maximum Fitness: 0.3666666666666667
Average Pen Distance: 0.5270484089233352
Maximum Pen Distance: 0.8146241351775746
Average Dog Distance: 0.556042856829803
Maximum Dog Distance: 0.8300294586530711
Average Sheep Distance: 0.33680798397107786
Maximum Sheep Distance: 0.46092301892226056
Elapsed Time: 4m 17s
********** 13 **********
Average Fitness: 0.09599999999999997
Maximum Fitness: 0.3666666666666667
Average Pen Distance: 0.5343180576989923
Maximum Pen Distance: 0.8146241351775746
Average Dog Distance: 0.5709706142465708
Maximum Dog Distance: 0.8300294586530711
Average Sheep Distance: 0.3440099202172535
Maximum Sheep Distance: 0.46092301892226056
Elapsed Time: 4m 8s
********** 14 **********
Average Fitness: 0.09533333333333331
Maximum Fitness: 0.3666666666666667
Average Pen Distance: 0.5190337108499056
Maximum Pen Distance: 0.7869533260503628
Average Dog Distance: 0.5612150920206124
Maximum Dog Distance: 0.84108950232657
Average Sheep Distance: 0.34156300937832057
Maximum Sheep Distance: 0.46092301892226056
Elapsed Time: 4m 9s
********** 15 **********
Average Fitness: 0.09033333333333332
Maximum Fitness: 0.3666666666666667
Average Pen Distance: 0.5178147899336761
Maximum Pen Distance: 0.7869533260503628
Average Dog Distance: 0.5767051692649272
Maximum Dog Distance: 0.84108950232657
Average Sheep Distance: 0.34097314059045936
Maximum Sheep Distance: 0.46092301892226056
Elapsed Time: 4m 24s
********** 16 **********
Average Fitness: 0.09433333333333334
Maximum Fitness: 0.3666666666666667
Average Pen Distance: 0.5126878040436489
Maximum Pen Distance: 0.7869533260503628
Average Dog Distance: 0.5737849737626547
Maximum Dog Distance: 0.84108950232657
Average Sheep Distance: 0.34853601674120727
Maximum Sheep Distance: 0.46092301892226056
Elapsed Time: 3m 52s
********** 17 **********
Average Fitness: 0.09133333333333331
Maximum Fitness: 0.3666666666666667
Average Pen Distance: 0.5297298544106517
Maximum Pen Distance: 0.7887272747712055
Average Dog Distance: 0.590975359462919
Maximum Dog Distance: 0.8511697859790438
Average Sheep Distance: 0.35028988449043824
Maximum Sheep Distance: 0.46092301892226056
Elapsed Time: 4m 5s
********** 18 **********
Average Fitness: 0.09166666666666666
Maximum Fitness: 0.3666666666666667
Average Pen Distance: 0.5195452004112794
Maximum Pen Distance: 0.7869533260503628
Average Dog Distance: 0.5838449754732584
Maximum Dog Distance: 0.8511697859790438
Average Sheep Distance: 0.34959119833037194
Maximum Sheep Distance: 0.495498712448728
Elapsed Time: 4m 14s
********** 19 **********
Average Fitness: 0.08866666666666666
Maximum Fitness: 0.3666666666666667
Average Pen Distance: 0.5171821180307192
Maximum Pen Distance: 0.8243525542930404
Average Dog Distance: 0.5711584167842328
Maximum Dog Distance: 0.8511697859790438
Average Sheep Distance: 0.3489228271728151
Maximum Sheep Distance: 0.495498712448728
Elapsed Time: 4m 21s
********** 20 **********
Average Fitness: 0.09533333333333331
Maximum Fitness: 0.3666666666666667
Average Pen Distance: 0.5107297544899125
Maximum Pen Distance: 0.8243525542930404
Average Dog Distance: 0.5747588669198384
Maximum Dog Distance: 0.8511697859790438
Average Sheep Distance: 0.3489256671285469
Maximum Sheep Distance: 0.495498712448728
Elapsed Time: 3m 47s
********** 21 **********
Average Fitness: 0.09299999999999999
Maximum Fitness: 0.3666666666666667
Average Pen Distance: 0.4965228130739669
Maximum Pen Distance: 0.8243525542930404
Average Dog Distance: 0.5668076748848625
Maximum Dog Distance: 0.8511697859790438
Average Sheep Distance: 0.3429744737531191
Maximum Sheep Distance: 0.495498712448728
Elapsed Time: 4m 15s
********** 22 **********
Average Fitness: 0.09066666666666666
Maximum Fitness: 0.3666666666666667
Average Pen Distance: 0.519169995576237
Maximum Pen Distance: 0.8370218519588706
Average Dog Distance: 0.5637173295268336
Maximum Dog Distance: 0.8511697859790438
Average Sheep Distance: 0.34460448255234427
Maximum Sheep Distance: 0.495498712448728
Elapsed Time: 4m 3s
********** 23 **********
Average Fitness: 0.092
Maximum Fitness: 0.3666666666666667
Average Pen Distance: 0.5193491065499545
Maximum Pen Distance: 0.8370218519588706
Average Dog Distance: 0.5787635229911587
Maximum Dog Distance: 0.8511697859790438
Average Sheep Distance: 0.3467259987554319
Maximum Sheep Distance: 0.495498712448728
Elapsed Time: 3m 55s
********** 24 **********
Average Fitness: 0.10233333333333333
Maximum Fitness: 0.3666666666666667
Average Pen Distance: 0.5073591183554571
Maximum Pen Distance: 0.8370218519588706
Average Dog Distance: 0.5690333202134453
Maximum Dog Distance: 0.8511697859790438
Average Sheep Distance: 0.3487858148122559
Maximum Sheep Distance: 0.495498712448728
Elapsed Time: 3m 39s
********** 25 **********
Average Fitness: 0.1
Maximum Fitness: 0.3666666666666667
Average Pen Distance: 0.5009862204673414
Maximum Pen Distance: 0.8370218519588706
Average Dog Distance: 0.5512954534363952
Maximum Dog Distance: 0.8511697859790438
Average Sheep Distance: 0.34912014992659884
Maximum Sheep Distance: 0.495498712448728
Elapsed Time: 3m 52s
********** 26 **********
Average Fitness: 0.09466666666666665
Maximum Fitness: 0.3666666666666667
Average Pen Distance: 0.49100137036138364
Maximum Pen Distance: 0.8415394858689357
Average Dog Distance: 0.5595046021013051
Maximum Dog Distance: 0.8511697859790438
Average Sheep Distance: 0.34809957632209587
Maximum Sheep Distance: 0.495498712448728
Elapsed Time: 3m 49s
********** 27 **********
Average Fitness: 0.09599999999999997
Maximum Fitness: 0.3666666666666667
Average Pen Distance: 0.5085188768416814
Maximum Pen Distance: 0.8415394858689357
Average Dog Distance: 0.5616374165192038
Maximum Dog Distance: 0.8511697859790438
Average Sheep Distance: 0.3481270289363119
Maximum Sheep Distance: 0.495498712448728
Elapsed Time: 3m 52s
********** 28 **********
Average Fitness: 0.10399999999999998
Maximum Fitness: 0.3666666666666667
Average Pen Distance: 0.4816730502367812
Maximum Pen Distance: 0.8415394858689357
Average Dog Distance: 0.5545801662332576
Maximum Dog Distance: 0.8511697859790438
Average Sheep Distance: 0.35140556083901
Maximum Sheep Distance: 0.495498712448728
Elapsed Time: 4m 5s
********** 29 **********
Average Fitness: 0.10633333333333334
Maximum Fitness: 0.3666666666666667
Average Pen Distance: 0.49035755395221015
Maximum Pen Distance: 0.8415394858689357
Average Dog Distance: 0.5553840935587069
Maximum Dog Distance: 0.8511697859790438
Average Sheep Distance: 0.3484095869757131
Maximum Sheep Distance: 0.495498712448728
Elapsed Time: 4m 17s
********** 30 **********
Average Fitness: 0.10266666666666667
Maximum Fitness: 0.3666666666666667
Average Pen Distance: 0.4887020324396284
Maximum Pen Distance: 0.855470267543399
Average Dog Distance: 0.545263085357292
Maximum Dog Distance: 0.8511697859790438
Average Sheep Distance: 0.34428768593034964
Maximum Sheep Distance: 0.495498712448728
Elapsed Time: 3m 51s
********** 31 **********
Average Fitness: 0.10299999999999997
Maximum Fitness: 0.3666666666666667
Average Pen Distance: 0.48368825178669467
Maximum Pen Distance: 0.855470267543399
Average Dog Distance: 0.5404374429341364
Maximum Dog Distance: 0.8511697859790438
Average Sheep Distance: 0.3425668295344773
Maximum Sheep Distance: 0.495498712448728
Elapsed Time: 3m 46s
********** 32 **********
Average Fitness: 0.10833333333333332
Maximum Fitness: 0.3666666666666667
Average Pen Distance: 0.487250450137933
Maximum Pen Distance: 0.855470267543399
Average Dog Distance: 0.5445320554824261
Maximum Dog Distance: 0.8511697859790438
Average Sheep Distance: 0.34746918498220114
Maximum Sheep Distance: 0.495498712448728
Elapsed Time: 4m 9s
********** 33 **********
Average Fitness: 0.09599999999999997
Maximum Fitness: 0.3666666666666667
Average Pen Distance: 0.5147330615709532
Maximum Pen Distance: 0.855470267543399
Average Dog Distance: 0.5591247808631974
Maximum Dog Distance: 0.8511697859790438
Average Sheep Distance: 0.3488568443079367
Maximum Sheep Distance: 0.495498712448728
Elapsed Time: 4m 24s
********** 34 **********
Average Fitness: 0.09799999999999999
Maximum Fitness: 0.3666666666666667
Average Pen Distance: 0.5058456189395245
Maximum Pen Distance: 0.855470267543399
Average Dog Distance: 0.5683512144836581
Maximum Dog Distance: 0.8511697859790438
Average Sheep Distance: 0.3467988681274072
Maximum Sheep Distance: 0.495498712448728
Elapsed Time: 4m 11s
********** 35 **********
Average Fitness: 0.10033333333333332
Maximum Fitness: 0.3666666666666667
Average Pen Distance: 0.49920303208284555
Maximum Pen Distance: 0.855470267543399
Average Dog Distance: 0.5659760292923962
Maximum Dog Distance: 0.8511697859790438
Average Sheep Distance: 0.34016397263317444
Maximum Sheep Distance: 0.495498712448728
Elapsed Time: 4m 0s
********** 36 **********
Average Fitness: 0.10200000000000001
Maximum Fitness: 0.3666666666666667
Average Pen Distance: 0.4959020691444762
Maximum Pen Distance: 0.855470267543399
Average Dog Distance: 0.558875564514395
Maximum Dog Distance: 0.8511697859790438
Average Sheep Distance: 0.34500670221428775
Maximum Sheep Distance: 0.495498712448728
Elapsed Time: 4m 2s
********** 37 **********
Average Fitness: 0.10333333333333332
Maximum Fitness: 0.3666666666666667
Average Pen Distance: 0.504828654167224
Maximum Pen Distance: 0.8652749254233246
Average Dog Distance: 0.548293435319427
Maximum Dog Distance: 0.8511697859790438
Average Sheep Distance: 0.34856361065334246
Maximum Sheep Distance: 0.495498712448728
Elapsed Time: 3m 53s
********** 38 **********
Average Fitness: 0.10366666666666667
Maximum Fitness: 0.3666666666666667
Average Pen Distance: 0.49656286060273286
Maximum Pen Distance: 0.8652749254233246
Average Dog Distance: 0.5523433330109992
Maximum Dog Distance: 0.8511697859790438
Average Sheep Distance: 0.3481709336298801
Maximum Sheep Distance: 0.495498712448728
Elapsed Time: 4m 23s
********** 39 **********
Average Fitness: 0.105
Maximum Fitness: 0.3666666666666667
Average Pen Distance: 0.5082058157549162
Maximum Pen Distance: 0.866877924103694
Average Dog Distance: 0.5597649101945948
Maximum Dog Distance: 0.8564295867314523
Average Sheep Distance: 0.3503521450929854
Maximum Sheep Distance: 0.495498712448728
Elapsed Time: 3m 58s
********** 40 **********
Average Fitness: 0.11066666666666665
Maximum Fitness: 0.3666666666666667
Average Pen Distance: 0.4892200305119772
Maximum Pen Distance: 0.866877924103694
Average Dog Distance: 0.5384681328978831
Maximum Dog Distance: 0.8564295867314523
Average Sheep Distance: 0.3479298303556255
Maximum Sheep Distance: 0.495498712448728
Elapsed Time: 4m 27s
********** 41 **********
Average Fitness: 0.11166666666666666
Maximum Fitness: 0.3666666666666667
Average Pen Distance: 0.49220579469882003
Maximum Pen Distance: 0.866877924103694
Average Dog Distance: 0.546983698122427
Maximum Dog Distance: 0.8715588229170553
Average Sheep Distance: 0.350701772824012
Maximum Sheep Distance: 0.495498712448728
Elapsed Time: 3m 33s
********** 42 **********
Average Fitness: 0.11133333333333333
Maximum Fitness: 0.3666666666666667
Average Pen Distance: 0.4881882311894469
Maximum Pen Distance: 0.866877924103694
Average Dog Distance: 0.5459204839597495
Maximum Dog Distance: 0.8715588229170553
Average Sheep Distance: 0.3491718835461399
Maximum Sheep Distance: 0.495498712448728
Elapsed Time: 4m 0s
********** 43 **********
Average Fitness: 0.10800000000000003
Maximum Fitness: 0.3666666666666667
Average Pen Distance: 0.49128327025019236
Maximum Pen Distance: 0.9033729927306152
Average Dog Distance: 0.5511267400278721
Maximum Dog Distance: 0.8715588229170553
Average Sheep Distance: 0.3464063913928265
Maximum Sheep Distance: 0.495498712448728
Elapsed Time: 3m 58s
********** 44 **********
Average Fitness: 0.10766666666666667
Maximum Fitness: 0.3666666666666667
Average Pen Distance: 0.4792564081958599
Maximum Pen Distance: 0.9033729927306152
Average Dog Distance: 0.5463151731424375
Maximum Dog Distance: 0.8715588229170553
Average Sheep Distance: 0.3457457666800239
Maximum Sheep Distance: 0.495498712448728
Elapsed Time: 4m 2s
********** 45 **********
Average Fitness: 0.10399999999999998
Maximum Fitness: 0.3666666666666667
Average Pen Distance: 0.4962100108909426
Maximum Pen Distance: 0.9033729927306152
Average Dog Distance: 0.536448081074854
Maximum Dog Distance: 0.8715588229170553
Average Sheep Distance: 0.3478782896655116
Maximum Sheep Distance: 0.495498712448728
Elapsed Time: 3m 46s
********** 46 **********
Average Fitness: 0.10333333333333333
Maximum Fitness: 0.3666666666666667
Average Pen Distance: 0.49696410413762615
Maximum Pen Distance: 0.9033729927306152
Average Dog Distance: 0.5419377060153608
Maximum Dog Distance: 0.8715588229170553
Average Sheep Distance: 0.3483672545788876
Maximum Sheep Distance: 0.495498712448728
Elapsed Time: 4m 5s
********** 47 **********
Average Fitness: 0.10366666666666667
Maximum Fitness: 0.3666666666666667
Average Pen Distance: 0.5030729748132352
Maximum Pen Distance: 0.9033729927306152
Average Dog Distance: 0.5522887587374998
Maximum Dog Distance: 0.8715588229170553
Average Sheep Distance: 0.34883871383577003
Maximum Sheep Distance: 0.495498712448728
Elapsed Time: 3m 53s
********** 48 **********
Average Fitness: 0.10066666666666667
Maximum Fitness: 0.3666666666666667
Average Pen Distance: 0.5041981453055504
Maximum Pen Distance: 0.9033729927306152
Average Dog Distance: 0.5365979008940547
Maximum Dog Distance: 0.8715588229170553
Average Sheep Distance: 0.3465211333604031
Maximum Sheep Distance: 0.495498712448728
Elapsed Time: 3m 26s
********** 49 **********
Average Fitness: 0.09966666666666665
Maximum Fitness: 0.3666666666666667
Average Pen Distance: 0.5089650151234756
Maximum Pen Distance: 0.9033729927306152
Average Dog Distance: 0.5321211126269186
Maximum Dog Distance: 0.8715588229170553
Average Sheep Distance: 0.3461828798524828
Maximum Sheep Distance: 0.495498712448728
Elapsed Time: 3m 53s
********** 50 **********
Average Fitness: 0.09533333333333331
Maximum Fitness: 0.3666666666666667
Average Pen Distance: 0.5350953258384628
Maximum Pen Distance: 0.9033729927306152
Average Dog Distance: 0.538097089655981
Maximum Dog Distance: 0.8715588229170553
Average Sheep Distance: 0.346569616886473
Maximum Sheep Distance: 0.495498712448728
Elapsed Time: 3m 40s
********** 51 **********
Average Fitness: 0.099
Maximum Fitness: 0.3666666666666667
Average Pen Distance: 0.5163560543939135
Maximum Pen Distance: 0.9033729927306152
Average Dog Distance: 0.5241091613636365
Maximum Dog Distance: 0.8715588229170553
Average Sheep Distance: 0.3479327620796722
Maximum Sheep Distance: 0.495498712448728
Elapsed Time: 4m 8s
********** 52 **********
Average Fitness: 0.09699999999999999
Maximum Fitness: 0.3666666666666667
Average Pen Distance: 0.5169259949010891
Maximum Pen Distance: 0.9033729927306152
Average Dog Distance: 0.5278559082472473
Maximum Dog Distance: 0.8715588229170553
Average Sheep Distance: 0.34184936660910803
Maximum Sheep Distance: 0.495498712448728
Elapsed Time: 3m 32s
********** 53 **********
Average Fitness: 0.10233333333333333
Maximum Fitness: 0.3666666666666667
Average Pen Distance: 0.5236487468267549
Maximum Pen Distance: 0.9054736957857689
Average Dog Distance: 0.5400167678365936
Maximum Dog Distance: 0.8715588229170553
Average Sheep Distance: 0.3446868936122225
Maximum Sheep Distance: 0.495498712448728
Elapsed Time: 4m 10s
********** 54 **********
Average Fitness: 0.10133333333333333
Maximum Fitness: 0.3666666666666667
Average Pen Distance: 0.5355344254671189
Maximum Pen Distance: 0.886162060893974
Average Dog Distance: 0.5473622578361087
Maximum Dog Distance: 0.8715588229170553
Average Sheep Distance: 0.34943298192275135
Maximum Sheep Distance: 0.46544684577057743
Elapsed Time: 3m 45s
********** 55 **********
Average Fitness: 0.10633333333333334
Maximum Fitness: 0.3666666666666667
Average Pen Distance: 0.5206658896573516
Maximum Pen Distance: 0.886162060893974
Average Dog Distance: 0.5273503832759242
Maximum Dog Distance: 0.8715588229170553
Average Sheep Distance: 0.3484555521397855
Maximum Sheep Distance: 0.46544684577057743
Elapsed Time: 4m 17s
********** 56 **********
Average Fitness: 0.10666666666666666
Maximum Fitness: 0.3666666666666667
Average Pen Distance: 0.517608580249939
Maximum Pen Distance: 0.886162060893974
Average Dog Distance: 0.5250158454980088
Maximum Dog Distance: 0.8715588229170553
Average Sheep Distance: 0.3490443200656356
Maximum Sheep Distance: 0.46544684577057743
Elapsed Time: 3m 43s
********** 57 **********
Average Fitness: 0.10099999999999999
Maximum Fitness: 0.3666666666666667
Average Pen Distance: 0.5206124866931311
Maximum Pen Distance: 0.886162060893974
Average Dog Distance: 0.5374388198996669
Maximum Dog Distance: 0.8715588229170553
Average Sheep Distance: 0.3488918003850079
Maximum Sheep Distance: 0.46544684577057743
Elapsed Time: 4m 11s
********** 58 **********
Average Fitness: 0.10566666666666666
Maximum Fitness: 0.3666666666666667
Average Pen Distance: 0.505642035008872
Maximum Pen Distance: 0.886162060893974
Average Dog Distance: 0.5179631186955289
Maximum Dog Distance: 0.8568153571533346
Average Sheep Distance: 0.3398571176940755
Maximum Sheep Distance: 0.46544684577057743
Elapsed Time: 3m 58s
********** 59 **********
Average Fitness: 0.10766666666666666
Maximum Fitness: 0.3666666666666667
Average Pen Distance: 0.5073713712983138
Maximum Pen Distance: 0.886162060893974
Average Dog Distance: 0.5317365140292486
Maximum Dog Distance: 0.8568153571533346
Average Sheep Distance: 0.3394334770034561
Maximum Sheep Distance: 0.46544684577057743
Elapsed Time: 3m 54s
********** 60 **********
Average Fitness: 0.10866666666666669
Maximum Fitness: 0.3666666666666667
Average Pen Distance: 0.5131191806499151
Maximum Pen Distance: 0.886162060893974
Average Dog Distance: 0.5059878672649518
Maximum Dog Distance: 0.8568153571533346
Average Sheep Distance: 0.342931672884556
Maximum Sheep Distance: 0.48564478619239165
Elapsed Time: 4m 31s
********** 61 **********
Average Fitness: 0.107
Maximum Fitness: 0.3666666666666667
Average Pen Distance: 0.5210508449557993
Maximum Pen Distance: 0.8877081690109492
Average Dog Distance: 0.5219531931393395
Maximum Dog Distance: 0.8568153571533346
Average Sheep Distance: 0.34237432032642556
Maximum Sheep Distance: 0.48564478619239165
Elapsed Time: 3m 42s
********** 62 **********
Average Fitness: 0.09566666666666665
Maximum Fitness: 0.3666666666666667
Average Pen Distance: 0.5449243468288767
Maximum Pen Distance: 0.9045017214200904
Average Dog Distance: 0.5272285795638436
Maximum Dog Distance: 0.8926314767400237
Average Sheep Distance: 0.343248896509337
Maximum Sheep Distance: 0.48564478619239165
Elapsed Time: 4m 15s
********** 63 **********
Average Fitness: 0.095
Maximum Fitness: 0.3666666666666667
Average Pen Distance: 0.5140288035844288
Maximum Pen Distance: 0.9045017214200904
Average Dog Distance: 0.51687662013845
Maximum Dog Distance: 0.8926314767400237
Average Sheep Distance: 0.3379269215341879
Maximum Sheep Distance: 0.48564478619239165
Elapsed Time: 4m 12s
********** 64 **********
Average Fitness: 0.09933333333333332
Maximum Fitness: 0.3666666666666667
Average Pen Distance: 0.510365416846478
Maximum Pen Distance: 0.9045017214200904
Average Dog Distance: 0.5037747319636444
Maximum Dog Distance: 0.8926314767400237
Average Sheep Distance: 0.3417571683463743
Maximum Sheep Distance: 0.48564478619239165
Elapsed Time: 3m 43s
********** 65 **********
Average Fitness: 0.103
Maximum Fitness: 0.3666666666666667
Average Pen Distance: 0.5134832758660961
Maximum Pen Distance: 0.9045017214200904
Average Dog Distance: 0.5089560503664202
Maximum Dog Distance: 0.8926314767400237
Average Sheep Distance: 0.3441566859575347
Maximum Sheep Distance: 0.48564478619239165
Elapsed Time: 3m 53s
********** 66 **********
Average Fitness: 0.10766666666666666
Maximum Fitness: 0.3666666666666667
Average Pen Distance: 0.5034686701040371
Maximum Pen Distance: 0.8649769661028422
Average Dog Distance: 0.5129735213952317
Maximum Dog Distance: 0.8554306277226887
Average Sheep Distance: 0.34314498976698926
Maximum Sheep Distance: 0.48564478619239165
Elapsed Time: 4m 20s
********** 67 **********
Average Fitness: 0.107
Maximum Fitness: 0.3666666666666667
Average Pen Distance: 0.5068337228995502
Maximum Pen Distance: 0.8832314866559532
Average Dog Distance: 0.5125112393662712
Maximum Dog Distance: 0.8554306277226887
Average Sheep Distance: 0.34979556730872474
Maximum Sheep Distance: 0.48564478619239165
Elapsed Time: 4m 4s
********** 68 **********
Average Fitness: 0.10666666666666665
Maximum Fitness: 0.3666666666666667
Average Pen Distance: 0.4994339155407731
Maximum Pen Distance: 0.8993950955000704
Average Dog Distance: 0.49569489903172304
Maximum Dog Distance: 0.8554306277226887
Average Sheep Distance: 0.35127484254554064
Maximum Sheep Distance: 0.48564478619239165
Elapsed Time: 4m 3s
********** 69 **********
Average Fitness: 0.10099999999999998
Maximum Fitness: 0.3666666666666667
Average Pen Distance: 0.5078272759834301
Maximum Pen Distance: 0.9364707299720431
Average Dog Distance: 0.5014253049488614
Maximum Dog Distance: 0.8554306277226887
Average Sheep Distance: 0.3470862878255096
Maximum Sheep Distance: 0.48564478619239165
Elapsed Time: 3m 47s
********** 70 **********
Average Fitness: 0.096
Maximum Fitness: 0.3666666666666667
Average Pen Distance: 0.5106257876739952
Maximum Pen Distance: 0.9364707299720431
Average Dog Distance: 0.5177214611474606
Maximum Dog Distance: 0.8554306277226887
Average Sheep Distance: 0.34912961842115975
Maximum Sheep Distance: 0.48564478619239165
Elapsed Time: 3m 59s
********** 71 **********
Average Fitness: 0.09533333333333331
Maximum Fitness: 0.3666666666666667
Average Pen Distance: 0.510727314974336
Maximum Pen Distance: 0.9364707299720431
Average Dog Distance: 0.5126243458323487
Maximum Dog Distance: 0.8554306277226887
Average Sheep Distance: 0.34765450488351923
Maximum Sheep Distance: 0.48564478619239165
Elapsed Time: 3m 42s
********** 72 **********
Average Fitness: 0.09933333333333332
Maximum Fitness: 0.3666666666666667
Average Pen Distance: 0.4903171042272539
Maximum Pen Distance: 0.9364707299720431
Average Dog Distance: 0.5147869451730022
Maximum Dog Distance: 0.8554306277226887
Average Sheep Distance: 0.34469073680880363
Maximum Sheep Distance: 0.48564478619239165
Elapsed Time: 4m 10s
********** 73 **********
Average Fitness: 0.09933333333333332
Maximum Fitness: 0.3666666666666667
Average Pen Distance: 0.4935448616776758
Maximum Pen Distance: 0.9364707299720431
Average Dog Distance: 0.5091897893361433
Maximum Dog Distance: 0.8554306277226887
Average Sheep Distance: 0.35108519576233105
Maximum Sheep Distance: 0.48564478619239165
Elapsed Time: 4m 16s
********** 74 **********
Average Fitness: 0.10099999999999998
Maximum Fitness: 0.3666666666666667
Average Pen Distance: 0.5039458919056599
Maximum Pen Distance: 0.9364707299720431
Average Dog Distance: 0.49594408976701565
Maximum Dog Distance: 0.8554306277226887
Average Sheep Distance: 0.3507526816748796
Maximum Sheep Distance: 0.48564478619239165
Elapsed Time: 4m 29s
********** 75 **********
Average Fitness: 0.10400000000000001
Maximum Fitness: 0.3666666666666667
Average Pen Distance: 0.4928568842208601
Maximum Pen Distance: 0.9364707299720431
Average Dog Distance: 0.5029097900375187
Maximum Dog Distance: 0.8554306277226887
Average Sheep Distance: 0.3480326570491776
Maximum Sheep Distance: 0.48564478619239165
Elapsed Time: 3m 41s
********** 76 **********
Average Fitness: 0.10399999999999998
Maximum Fitness: 0.3666666666666667
Average Pen Distance: 0.48549323559164137
Maximum Pen Distance: 0.9364707299720431
Average Dog Distance: 0.5076242214473047
Maximum Dog Distance: 0.8554306277226887
Average Sheep Distance: 0.35027419883680927
Maximum Sheep Distance: 0.48564478619239165
Elapsed Time: 3m 45s
********** 77 **********
Average Fitness: 0.1023333333333333
Maximum Fitness: 0.3666666666666667
Average Pen Distance: 0.49666259428022774
Maximum Pen Distance: 0.9364707299720431
Average Dog Distance: 0.5003841923864758
Maximum Dog Distance: 0.8554306277226887
Average Sheep Distance: 0.352570969523265
Maximum Sheep Distance: 0.4866242238503434
Elapsed Time: 4m 16s
********** 78 **********
Average Fitness: 0.106
Maximum Fitness: 0.3666666666666667
Average Pen Distance: 0.4950342791825139
Maximum Pen Distance: 0.9364707299720431
Average Dog Distance: 0.5202740503456404
Maximum Dog Distance: 0.8554306277226887
Average Sheep Distance: 0.3506508498562195
Maximum Sheep Distance: 0.4866242238503434
Elapsed Time: 3m 56s
********** 79 **********
Average Fitness: 0.10166666666666666
Maximum Fitness: 0.3666666666666667
Average Pen Distance: 0.5016127787822414
Maximum Pen Distance: 0.9364707299720431
Average Dog Distance: 0.5140381830017893
Maximum Dog Distance: 0.8554306277226887
Average Sheep Distance: 0.3495245394792858
Maximum Sheep Distance: 0.4866242238503434
Elapsed Time: 4m 4s
********** 80 **********
Average Fitness: 0.10400000000000001
Maximum Fitness: 0.3666666666666667
Average Pen Distance: 0.49848251379515274
Maximum Pen Distance: 0.9364707299720431
Average Dog Distance: 0.5245706953781639
Maximum Dog Distance: 0.8913339054328624
Average Sheep Distance: 0.35079106187971154
Maximum Sheep Distance: 0.4866242238503434
Elapsed Time: 3m 49s
********** 81 **********
Average Fitness: 0.10733333333333332
Maximum Fitness: 0.3666666666666667
Average Pen Distance: 0.49020921788115535
Maximum Pen Distance: 0.9364707299720431
Average Dog Distance: 0.5112514145956932
Maximum Dog Distance: 0.8776491656095677
Average Sheep Distance: 0.34946296770494756
Maximum Sheep Distance: 0.4866242238503434
Elapsed Time: 3m 57s
********** 82 **********
Average Fitness: 0.10033333333333333
Maximum Fitness: 0.3666666666666667
Average Pen Distance: 0.5069795120857742
Maximum Pen Distance: 0.9364707299720431
Average Dog Distance: 0.5210732587146186
Maximum Dog Distance: 0.8776491656095677
Average Sheep Distance: 0.353715306575567
Maximum Sheep Distance: 0.4866242238503434
Elapsed Time: 3m 43s
********** 83 **********
Average Fitness: 0.103
Maximum Fitness: 0.3666666666666667
Average Pen Distance: 0.5143970678242663
Maximum Pen Distance: 0.9364707299720431
Average Dog Distance: 0.5068228541238734
Maximum Dog Distance: 0.8776491656095677
Average Sheep Distance: 0.3454206229219675
Maximum Sheep Distance: 0.4866242238503434
Elapsed Time: 3m 48s
********** 84 **********
Average Fitness: 0.10433333333333332
Maximum Fitness: 0.3666666666666667
Average Pen Distance: 0.5109904105681364
Maximum Pen Distance: 0.9364707299720431
Average Dog Distance: 0.5149589521291278
Maximum Dog Distance: 0.8776491656095677
Average Sheep Distance: 0.34940457285798565
Maximum Sheep Distance: 0.49581599322565034
Elapsed Time: 3m 58s
********** 85 **********
Average Fitness: 0.105
Maximum Fitness: 0.3666666666666667
Average Pen Distance: 0.5192459703556966
Maximum Pen Distance: 0.9364707299720431
Average Dog Distance: 0.518822788846451
Maximum Dog Distance: 0.8776491656095677
Average Sheep Distance: 0.343850414176027
Maximum Sheep Distance: 0.49581599322565034
Elapsed Time: 3m 31s
********** 86 **********
Average Fitness: 0.11633333333333333
Maximum Fitness: 0.3666666666666667
Average Pen Distance: 0.4981249590445397
Maximum Pen Distance: 0.9364707299720431
Average Dog Distance: 0.5142602439646263
Maximum Dog Distance: 0.8776491656095677
Average Sheep Distance: 0.3468666776550425
Maximum Sheep Distance: 0.49581599322565034
Elapsed Time: 3m 44s
********** 87 **********
Average Fitness: 0.114
Maximum Fitness: 0.3666666666666667
Average Pen Distance: 0.4950759827997945
Maximum Pen Distance: 0.9364707299720431
Average Dog Distance: 0.49633104477651485
Maximum Dog Distance: 0.8776491656095677
Average Sheep Distance: 0.3528581703867566
Maximum Sheep Distance: 0.49581599322565034
Elapsed Time: 3m 51s
********** 88 **********
Average Fitness: 0.11433333333333334
Maximum Fitness: 0.3666666666666667
Average Pen Distance: 0.5013670979497692
Maximum Pen Distance: 0.8849377233892586
Average Dog Distance: 0.5063998831556639
Maximum Dog Distance: 0.8820066174546074
Average Sheep Distance: 0.35149990680917353
Maximum Sheep Distance: 0.49581599322565034
Elapsed Time: 4m 22s
********** 89 **********
Average Fitness: 0.11566666666666664
Maximum Fitness: 0.3666666666666667
Average Pen Distance: 0.4965038708460451
Maximum Pen Distance: 0.8849377233892586
Average Dog Distance: 0.4972408272409975
Maximum Dog Distance: 0.8776491656095677
Average Sheep Distance: 0.3509047344024729
Maximum Sheep Distance: 0.49581599322565034
Elapsed Time: 4m 8s
********** 90 **********
Average Fitness: 0.10766666666666666
Maximum Fitness: 0.3666666666666667
Average Pen Distance: 0.5299524673390844
Maximum Pen Distance: 0.8849377233892586
Average Dog Distance: 0.5114661128126161
Maximum Dog Distance: 0.8776491656095677
Average Sheep Distance: 0.34668837106683303
Maximum Sheep Distance: 0.49581599322565034
Elapsed Time: 4m 12s
********** 91 **********
Average Fitness: 0.10366666666666666
Maximum Fitness: 0.3666666666666667
Average Pen Distance: 0.5303029991470227
Maximum Pen Distance: 0.8849377233892586
Average Dog Distance: 0.5042652050208598
Maximum Dog Distance: 0.8776491656095677
Average Sheep Distance: 0.34748993393940525
Maximum Sheep Distance: 0.49581599322565034
Elapsed Time: 3m 56s
********** 92 **********
Average Fitness: 0.09566666666666665
Maximum Fitness: 0.3333333333333333
Average Pen Distance: 0.5438329075885225
Maximum Pen Distance: 0.8849377233892586
Average Dog Distance: 0.5268193189974357
Maximum Dog Distance: 0.8776491656095677
Average Sheep Distance: 0.34800072001994925
Maximum Sheep Distance: 0.49581599322565034
Elapsed Time: 3m 59s
********** 93 **********
Average Fitness: 0.09799999999999999
Maximum Fitness: 0.3333333333333333
Average Pen Distance: 0.5356200553403572
Maximum Pen Distance: 0.8849377233892586
Average Dog Distance: 0.5166558813777751
Maximum Dog Distance: 0.8776491656095677
Average Sheep Distance: 0.35535289786888014
Maximum Sheep Distance: 0.49581599322565034
Elapsed Time: 3m 45s
********** 94 **********
Average Fitness: 0.10033333333333333
Maximum Fitness: 0.3333333333333333
Average Pen Distance: 0.5163812445447248
Maximum Pen Distance: 0.8849377233892586
Average Dog Distance: 0.5165751460727221
Maximum Dog Distance: 0.8776491656095677
Average Sheep Distance: 0.349664329291058
Maximum Sheep Distance: 0.49581599322565034
Elapsed Time: 3m 43s
********** 95 **********
Average Fitness: 0.10433333333333332
Maximum Fitness: 0.3333333333333333
Average Pen Distance: 0.49960316552247264
Maximum Pen Distance: 0.8849377233892586
Average Dog Distance: 0.5070268653676634
Maximum Dog Distance: 0.8776491656095677
Average Sheep Distance: 0.34242256523016223
Maximum Sheep Distance: 0.49581599322565034
Elapsed Time: 4m 22s
********** 96 **********
Average Fitness: 0.10466666666666667
Maximum Fitness: 0.3333333333333333
Average Pen Distance: 0.5089847533927423
Maximum Pen Distance: 0.8849377233892586
Average Dog Distance: 0.49046266792959126
Maximum Dog Distance: 0.8776491656095677
Average Sheep Distance: 0.3448832245143897
Maximum Sheep Distance: 0.4866242238503434
Elapsed Time: 4m 17s
********** 97 **********
Average Fitness: 0.10866666666666665
Maximum Fitness: 0.3333333333333333
Average Pen Distance: 0.5131033198238975
Maximum Pen Distance: 0.8849377233892586
Average Dog Distance: 0.5053166015364341
Maximum Dog Distance: 0.8776491656095677
Average Sheep Distance: 0.3422213017210637
Maximum Sheep Distance: 0.4866242238503434
Elapsed Time: 3m 45s
********** 98 **********
Average Fitness: 0.10566666666666666
Maximum Fitness: 0.3333333333333333
Average Pen Distance: 0.5090149536163809
Maximum Pen Distance: 0.8849377233892586
Average Dog Distance: 0.5094086307221513
Maximum Dog Distance: 0.8776491656095677
Average Sheep Distance: 0.3454699634137036
Maximum Sheep Distance: 0.4866242238503434
Elapsed Time: 4m 2s
********** 99 **********
Average Fitness: 0.111
Maximum Fitness: 0.3333333333333333
Average Pen Distance: 0.5029005565778334
Maximum Pen Distance: 0.8849377233892586
Average Dog Distance: 0.5285649121611766
Maximum Dog Distance: 0.9056391165651579
Average Sheep Distance: 0.34604256777707976
Maximum Sheep Distance: 0.4866242238503434
Elapsed Time: 3m 45s
********** 100 **********
Average Fitness: 0.11133333333333333
Maximum Fitness: 0.3333333333333333
Average Pen Distance: 0.4972078673005971
Maximum Pen Distance: 0.8849377233892586
Average Dog Distance: 0.5188174855568902
Maximum Dog Distance: 0.9056391165651579
Average Sheep Distance: 0.34389489247139693
Maximum Sheep Distance: 0.4866242238503434
Elapsed Time: 3m 52s
********** 1 **********
Average Fitness: 0.05999999999999999
Maximum Fitness: 0.20000000000000004
Average Pen Distance: 0.5359732655892546
Maximum Pen Distance: 0.808517210111474
Average Dog Distance: 0.6143957690326419
Maximum Dog Distance: 0.8549284547425269
Average Sheep Distance: 0.32291944472271294
Maximum Sheep Distance: 0.41067293743953176
Elapsed Time: 8m 16s
********** 2 **********
Average Fitness: 0.07533333333333332
Maximum Fitness: 0.26666666666666666
Average Pen Distance: 0.5320534532937831
Maximum Pen Distance: 0.808517210111474
Average Dog Distance: 0.6030906758823277
Maximum Dog Distance: 0.8549284547425269
Average Sheep Distance: 0.3320259349062924
Maximum Sheep Distance: 0.4363116208935393
Elapsed Time: 4m 20s
********** 3 **********
Average Fitness: 0.08333333333333331
Maximum Fitness: 0.26666666666666666
Average Pen Distance: 0.5317147514780859
Maximum Pen Distance: 0.808517210111474
Average Dog Distance: 0.5984303336869644
Maximum Dog Distance: 0.865539532936895
Average Sheep Distance: 0.3358496420017157
Maximum Sheep Distance: 0.4363116208935393
Elapsed Time: 3m 44s
********** 4 **********
Average Fitness: 0.08366666666666665
Maximum Fitness: 0.26666666666666666
Average Pen Distance: 0.5313913761666282
Maximum Pen Distance: 0.808517210111474
Average Dog Distance: 0.5954533897014563
Maximum Dog Distance: 0.865539532936895
Average Sheep Distance: 0.33565814490008244
Maximum Sheep Distance: 0.4363116208935393
Elapsed Time: 3m 50s
********** 5 **********
Average Fitness: 0.08566666666666667
Maximum Fitness: 0.26666666666666666
Average Pen Distance: 0.5267566984686232
Maximum Pen Distance: 0.808517210111474
Average Dog Distance: 0.5741458628632587
Maximum Dog Distance: 0.865539532936895
Average Sheep Distance: 0.3365388457331317
Maximum Sheep Distance: 0.4420812835408958
Elapsed Time: 3m 47s
********** 6 **********
Average Fitness: 0.09166666666666666
Maximum Fitness: 0.26666666666666666
Average Pen Distance: 0.5044599409157287
Maximum Pen Distance: 0.808517210111474
Average Dog Distance: 0.5872877537670275
Maximum Dog Distance: 0.865539532936895
Average Sheep Distance: 0.33916514928323366
Maximum Sheep Distance: 0.4420812835408958
Elapsed Time: 4m 12s
********** 7 **********
Average Fitness: 0.08633333333333333
Maximum Fitness: 0.26666666666666666
Average Pen Distance: 0.5155199533678752
Maximum Pen Distance: 0.808517210111474
Average Dog Distance: 0.574517393815611
Maximum Dog Distance: 0.865539532936895
Average Sheep Distance: 0.3456528627223365
Maximum Sheep Distance: 0.4422567947179008
Elapsed Time: 4m 1s
********** 8 **********
Average Fitness: 0.09266666666666663
Maximum Fitness: 0.26666666666666666
Average Pen Distance: 0.498627260864043
Maximum Pen Distance: 0.8069195918075414
Average Dog Distance: 0.5560951715870714
Maximum Dog Distance: 0.865539532936895
Average Sheep Distance: 0.34371497436364057
Maximum Sheep Distance: 0.4606363991296249
Elapsed Time: 3m 57s
********** 9 **********
Average Fitness: 0.09266666666666663
Maximum Fitness: 0.26666666666666666
Average Pen Distance: 0.48210348688965415
Maximum Pen Distance: 0.8138893880487424
Average Dog Distance: 0.5686501820162199
Maximum Dog Distance: 0.865539532936895
Average Sheep Distance: 0.3370663190159147
Maximum Sheep Distance: 0.4606363991296249
Elapsed Time: 4m 7s
********** 10 **********
Average Fitness: 0.08666666666666664
Maximum Fitness: 0.26666666666666666
Average Pen Distance: 0.49430615440431785
Maximum Pen Distance: 0.8138893880487424
Average Dog Distance: 0.5459385769524906
Maximum Dog Distance: 0.865539532936895
Average Sheep Distance: 0.3398085573931327
Maximum Sheep Distance: 0.4606363991296249
Elapsed Time: 4m 2s
********** 11 **********
Average Fitness: 0.087
Maximum Fitness: 0.26666666666666666
Average Pen Distance: 0.49211917424058105
Maximum Pen Distance: 0.8138893880487424
Average Dog Distance: 0.5570663312152628
Maximum Dog Distance: 0.865539532936895
Average Sheep Distance: 0.3398258393252446
Maximum Sheep Distance: 0.4606363991296249
Elapsed Time: 3m 52s
********** 12 **********
Average Fitness: 0.09033333333333333
Maximum Fitness: 0.26666666666666666
Average Pen Distance: 0.5007377202930364
Maximum Pen Distance: 0.8223388196138309
Average Dog Distance: 0.5494446454942945
Maximum Dog Distance: 0.865539532936895
Average Sheep Distance: 0.34364559038346776
Maximum Sheep Distance: 0.4606363991296249
Elapsed Time: 3m 43s
********** 13 **********
Average Fitness: 0.09466666666666666
Maximum Fitness: 0.26666666666666666
Average Pen Distance: 0.4828646040958666
Maximum Pen Distance: 0.836586497113675
Average Dog Distance: 0.5354893764168476
Maximum Dog Distance: 0.865539532936895
Average Sheep Distance: 0.34417807755317237
Maximum Sheep Distance: 0.4606363991296249
Elapsed Time: 4m 0s
********** 14 **********
Average Fitness: 0.09733333333333333
Maximum Fitness: 0.26666666666666666
Average Pen Distance: 0.5093164306967094
Maximum Pen Distance: 0.836586497113675
Average Dog Distance: 0.5407621041033049
Maximum Dog Distance: 0.865539532936895
Average Sheep Distance: 0.3485757411816854
Maximum Sheep Distance: 0.4606363991296249
Elapsed Time: 4m 11s
********** 15 **********
Average Fitness: 0.10533333333333333
Maximum Fitness: 0.3333333333333333
Average Pen Distance: 0.4957046985348657
Maximum Pen Distance: 0.836586497113675
Average Dog Distance: 0.5362630816436937
Maximum Dog Distance: 0.865539532936895
Average Sheep Distance: 0.34877672283034683
Maximum Sheep Distance: 0.4606363991296249
Elapsed Time: 3m 39s
********** 16 **********
Average Fitness: 0.10266666666666666
Maximum Fitness: 0.3333333333333333
Average Pen Distance: 0.4992737844245043
Maximum Pen Distance: 0.8611776250637324
Average Dog Distance: 0.5182275394222948
Maximum Dog Distance: 0.865539532936895
Average Sheep Distance: 0.35040721692385246
Maximum Sheep Distance: 0.4606363991296249
Elapsed Time: 4m 9s
********** 17 **********
Average Fitness: 0.09966666666666665
Maximum Fitness: 0.3333333333333333
Average Pen Distance: 0.5105165426823655
Maximum Pen Distance: 0.8611776250637324
Average Dog Distance: 0.5184452420471523
Maximum Dog Distance: 0.865539532936895
Average Sheep Distance: 0.3486198838847178
Maximum Sheep Distance: 0.4606363991296249
Elapsed Time: 3m 46s
********** 18 **********
Average Fitness: 0.09666666666666664
Maximum Fitness: 0.3333333333333333
Average Pen Distance: 0.5086313870044592
Maximum Pen Distance: 0.8611776250637324
Average Dog Distance: 0.5346361296343672
Maximum Dog Distance: 0.865539532936895
Average Sheep Distance: 0.348709388565643
Maximum Sheep Distance: 0.4606363991296249
Elapsed Time: 4m 9s
********** 19 **********
Average Fitness: 0.09733333333333333
Maximum Fitness: 0.3333333333333333
Average Pen Distance: 0.5065015960693836
Maximum Pen Distance: 0.8611776250637324
Average Dog Distance: 0.5479121855143255
Maximum Dog Distance: 0.865539532936895
Average Sheep Distance: 0.3468046451353308
Maximum Sheep Distance: 0.47456175714985077
Elapsed Time: 4m 3s
********** 20 **********
Average Fitness: 0.10166666666666664
Maximum Fitness: 0.3333333333333333
Average Pen Distance: 0.4994992625408019
Maximum Pen Distance: 0.8611776250637324
Average Dog Distance: 0.5271059304903194
Maximum Dog Distance: 0.865539532936895
Average Sheep Distance: 0.34795133425171515
Maximum Sheep Distance: 0.47456175714985077
Elapsed Time: 3m 55s
********** 21 **********
Average Fitness: 0.10466666666666664
Maximum Fitness: 0.3333333333333333
Average Pen Distance: 0.49295897866347155
Maximum Pen Distance: 0.8611776250637324
Average Dog Distance: 0.5213299376216075
Maximum Dog Distance: 0.865539532936895
Average Sheep Distance: 0.3530225461768316
Maximum Sheep Distance: 0.47456175714985077
Elapsed Time: 3m 44s
********** 22 **********
Average Fitness: 0.10133333333333332
Maximum Fitness: 0.3333333333333333
Average Pen Distance: 0.5013013119791294
Maximum Pen Distance: 0.8611776250637324
Average Dog Distance: 0.5347228142653927
Maximum Dog Distance: 0.865539532936895
Average Sheep Distance: 0.35341754580303286
Maximum Sheep Distance: 0.48594794400861047
Elapsed Time: 3m 35s
********** 23 **********
Average Fitness: 0.10099999999999999
Maximum Fitness: 0.3333333333333333
Average Pen Distance: 0.514663898515962
Maximum Pen Distance: 0.8611776250637324
Average Dog Distance: 0.5341275191089232
Maximum Dog Distance: 0.916261455246013
Average Sheep Distance: 0.3499209770751285
Maximum Sheep Distance: 0.48594794400861047
Elapsed Time: 3m 59s
********** 24 **********
Average Fitness: 0.09799999999999999
Maximum Fitness: 0.3333333333333333
Average Pen Distance: 0.5081524315572061
Maximum Pen Distance: 0.8611776250637324
Average Dog Distance: 0.5279891994228078
Maximum Dog Distance: 0.916261455246013
Average Sheep Distance: 0.34686325148313996
Maximum Sheep Distance: 0.48594794400861047
Elapsed Time: 3m 53s
********** 25 **********
Average Fitness: 0.09666666666666666
Maximum Fitness: 0.3333333333333333
Average Pen Distance: 0.5242242967033562
Maximum Pen Distance: 0.8611776250637324
Average Dog Distance: 0.5261235630325133
Maximum Dog Distance: 0.916261455246013
Average Sheep Distance: 0.3512352899811972
Maximum Sheep Distance: 0.48594794400861047
Elapsed Time: 3m 52s
********** 26 **********
Average Fitness: 0.09733333333333334
Maximum Fitness: 0.3333333333333333
Average Pen Distance: 0.5231474861133192
Maximum Pen Distance: 0.8611776250637324
Average Dog Distance: 0.5176827417873288
Maximum Dog Distance: 0.916261455246013
Average Sheep Distance: 0.34886257405104515
Maximum Sheep Distance: 0.48594794400861047
Elapsed Time: 3m 49s
********** 27 **********
Average Fitness: 0.10699999999999997
Maximum Fitness: 0.3333333333333333
Average Pen Distance: 0.4958586648140523
Maximum Pen Distance: 0.8611776250637324
Average Dog Distance: 0.5351225548445486
Maximum Dog Distance: 0.916261455246013
Average Sheep Distance: 0.3495490624975662
Maximum Sheep Distance: 0.48594794400861047
Elapsed Time: 3m 46s
********** 28 **********
Average Fitness: 0.09866666666666667
Maximum Fitness: 0.3333333333333333
Average Pen Distance: 0.5105950723669124
Maximum Pen Distance: 0.9017688623958562
Average Dog Distance: 0.5507267945623885
Maximum Dog Distance: 0.916261455246013
Average Sheep Distance: 0.3511985958210942
Maximum Sheep Distance: 0.48594794400861047
Elapsed Time: 4m 16s
********** 29 **********
Average Fitness: 0.09633333333333333
Maximum Fitness: 0.3333333333333333
Average Pen Distance: 0.5247729414773264
Maximum Pen Distance: 0.9017688623958562
Average Dog Distance: 0.5320197119214414
Maximum Dog Distance: 0.916261455246013
Average Sheep Distance: 0.34518400824552
Maximum Sheep Distance: 0.48594794400861047
Elapsed Time: 3m 49s
********** 30 **********
Average Fitness: 0.10033333333333333
Maximum Fitness: 0.3666666666666667
Average Pen Distance: 0.5060916587470884
Maximum Pen Distance: 0.9017688623958562
Average Dog Distance: 0.5369502291881573
Maximum Dog Distance: 0.916261455246013
Average Sheep Distance: 0.35018802092725226
Maximum Sheep Distance: 0.48594794400861047
Elapsed Time: 3m 53s
********** 31 **********
Average Fitness: 0.10233333333333333
Maximum Fitness: 0.3666666666666667
Average Pen Distance: 0.5215588294985408
Maximum Pen Distance: 0.9017688623958562
Average Dog Distance: 0.5339968823591722
Maximum Dog Distance: 0.916261455246013
Average Sheep Distance: 0.3495220679419431
Maximum Sheep Distance: 0.48594794400861047
Elapsed Time: 3m 57s
********** 32 **********
Average Fitness: 0.10733333333333332
Maximum Fitness: 0.3666666666666667
Average Pen Distance: 0.5042307051685598
Maximum Pen Distance: 0.9017688623958562
Average Dog Distance: 0.5349518356235322
Maximum Dog Distance: 0.916261455246013
Average Sheep Distance: 0.35023811088380574
Maximum Sheep Distance: 0.47456175714985077
Elapsed Time: 3m 47s
********** 33 **********
Average Fitness: 0.11099999999999997
Maximum Fitness: 0.3666666666666667
Average Pen Distance: 0.5060078248547986
Maximum Pen Distance: 0.9017688623958562
Average Dog Distance: 0.5328082998242256
Maximum Dog Distance: 0.916261455246013
Average Sheep Distance: 0.34946872400871176
Maximum Sheep Distance: 0.47456175714985077
Elapsed Time: 3m 56s
********** 34 **********
Average Fitness: 0.10433333333333333
Maximum Fitness: 0.3666666666666667
Average Pen Distance: 0.49762902592666075
Maximum Pen Distance: 0.9017688623958562
Average Dog Distance: 0.5212188266325074
Maximum Dog Distance: 0.916261455246013
Average Sheep Distance: 0.34718753234200006
Maximum Sheep Distance: 0.47456175714985077
Elapsed Time: 4m 6s
********** 35 **********
Average Fitness: 0.09366666666666668
Maximum Fitness: 0.3666666666666667
Average Pen Distance: 0.5294108312523216
Maximum Pen Distance: 0.9017688623958562
Average Dog Distance: 0.5461515820553621
Maximum Dog Distance: 0.916261455246013
Average Sheep Distance: 0.35390277748669513
Maximum Sheep Distance: 0.47456175714985077
Elapsed Time: 4m 6s
********** 36 **********
Average Fitness: 0.09499999999999999
Maximum Fitness: 0.3666666666666667
Average Pen Distance: 0.507796198276829
Maximum Pen Distance: 0.9017688623958562
Average Dog Distance: 0.5155531423757184
Maximum Dog Distance: 0.8786159984312439
Average Sheep Distance: 0.34453842117997857
Maximum Sheep Distance: 0.47456175714985077
Elapsed Time: 3m 58s
********** 37 **********
Average Fitness: 0.08866666666666666
Maximum Fitness: 0.3
Average Pen Distance: 0.5168122363075334
Maximum Pen Distance: 0.9017688623958562
Average Dog Distance: 0.533422559849261
Maximum Dog Distance: 0.8786159984312439
Average Sheep Distance: 0.3488115098948341
Maximum Sheep Distance: 0.47456175714985077
Elapsed Time: 3m 53s
********** 38 **********
Average Fitness: 0.096
Maximum Fitness: 0.3333333333333333
Average Pen Distance: 0.5039674412176991
Maximum Pen Distance: 0.9017688623958562
Average Dog Distance: 0.5314821070825918
Maximum Dog Distance: 0.8786159984312439
Average Sheep Distance: 0.35005299490301417
Maximum Sheep Distance: 0.47456175714985077
Elapsed Time: 3m 49s
********** 39 **********
Average Fitness: 0.09100000000000001
Maximum Fitness: 0.3333333333333333
Average Pen Distance: 0.5055507465952058
Maximum Pen Distance: 0.9023111583172904
Average Dog Distance: 0.5045607447777685
Maximum Dog Distance: 0.8786159984312439
Average Sheep Distance: 0.34779597663419587
Maximum Sheep Distance: 0.47456175714985077
Elapsed Time: 4m 3s
********** 40 **********
Average Fitness: 0.09166666666666665
Maximum Fitness: 0.3333333333333333
Average Pen Distance: 0.5090164395503066
Maximum Pen Distance: 0.9023111583172904
Average Dog Distance: 0.5280644789885796
Maximum Dog Distance: 0.8786159984312439
Average Sheep Distance: 0.3467901660863821
Maximum Sheep Distance: 0.47456175714985077
Elapsed Time: 4m 11s
********** 41 **********
Average Fitness: 0.09533333333333331
Maximum Fitness: 0.3666666666666667
Average Pen Distance: 0.5046227521417613
Maximum Pen Distance: 0.9023111583172904
Average Dog Distance: 0.5148097285266733
Maximum Dog Distance: 0.8786159984312439
Average Sheep Distance: 0.3451564816046267
Maximum Sheep Distance: 0.47456175714985077
Elapsed Time: 4m 2s
********** 42 **********
Average Fitness: 0.08666666666666664
Maximum Fitness: 0.3333333333333333
Average Pen Distance: 0.5206933264448156
Maximum Pen Distance: 0.9162978702443771
Average Dog Distance: 0.5105716761998803
Maximum Dog Distance: 0.8786159984312439
Average Sheep Distance: 0.3474112440030096
Maximum Sheep Distance: 0.47456175714985077
Elapsed Time: 4m 0s
********** 43 **********
Average Fitness: 0.08899999999999998
Maximum Fitness: 0.3333333333333333
Average Pen Distance: 0.5084347311635534
Maximum Pen Distance: 0.9162978702443771
Average Dog Distance: 0.5076621828136908
Maximum Dog Distance: 0.8786159984312439
Average Sheep Distance: 0.34465557824376875
Maximum Sheep Distance: 0.47456175714985077
Elapsed Time: 3m 49s
********** 44 **********
Average Fitness: 0.09399999999999999
Maximum Fitness: 0.3333333333333333
Average Pen Distance: 0.515830534634735
Maximum Pen Distance: 0.9162978702443771
Average Dog Distance: 0.5191215783753053
Maximum Dog Distance: 0.8786159984312439
Average Sheep Distance: 0.34949250002187043
Maximum Sheep Distance: 0.47456175714985077
Elapsed Time: 4m 22s
********** 45 **********
Average Fitness: 0.09433333333333332
Maximum Fitness: 0.3333333333333333
Average Pen Distance: 0.5262766572478769
Maximum Pen Distance: 0.9162978702443771
Average Dog Distance: 0.5148562674116026
Maximum Dog Distance: 0.8786159984312439
Average Sheep Distance: 0.3501895099928553
Maximum Sheep Distance: 0.47456175714985077
Elapsed Time: 3m 52s
********** 46 **********
Average Fitness: 0.08899999999999998
Maximum Fitness: 0.3333333333333333
Average Pen Distance: 0.5160292360422705
Maximum Pen Distance: 0.9162978702443771
Average Dog Distance: 0.510358910547397
Maximum Dog Distance: 0.8786159984312439
Average Sheep Distance: 0.345239856402628
Maximum Sheep Distance: 0.47456175714985077
Elapsed Time: 3m 48s
********** 47 **********
Average Fitness: 0.09033333333333332
Maximum Fitness: 0.3333333333333333
Average Pen Distance: 0.5309387491652561
Maximum Pen Distance: 0.9162978702443771
Average Dog Distance: 0.5169892242437579
Maximum Dog Distance: 0.8786159984312439
Average Sheep Distance: 0.35226023881219526
Maximum Sheep Distance: 0.47456175714985077
Elapsed Time: 3m 59s
********** 48 **********
Average Fitness: 0.09599999999999997
Maximum Fitness: 0.3333333333333333
Average Pen Distance: 0.5322196352572433
Maximum Pen Distance: 0.9162978702443771
Average Dog Distance: 0.5281541727826462
Maximum Dog Distance: 0.8786159984312439
Average Sheep Distance: 0.34730379450523347
Maximum Sheep Distance: 0.4667527040319421
Elapsed Time: 4m 24s
********** 49 **********
Average Fitness: 0.09433333333333332
Maximum Fitness: 0.3333333333333333
Average Pen Distance: 0.5295952435181124
Maximum Pen Distance: 0.9162978702443771
Average Dog Distance: 0.5337859581064434
Maximum Dog Distance: 0.8786159984312439
Average Sheep Distance: 0.35346488230101
Maximum Sheep Distance: 0.4667527040319421
Elapsed Time: 3m 48s
********** 50 **********
Average Fitness: 0.09533333333333331
Maximum Fitness: 0.3333333333333333
Average Pen Distance: 0.5284517143242808
Maximum Pen Distance: 0.9250428606634098
Average Dog Distance: 0.519707017049528
Maximum Dog Distance: 0.8786159984312439
Average Sheep Distance: 0.3526851930235012
Maximum Sheep Distance: 0.4820979313531035
Elapsed Time: 3m 44s
********** 51 **********
Average Fitness: 0.09399999999999999
Maximum Fitness: 0.3333333333333333
Average Pen Distance: 0.5316276244469459
Maximum Pen Distance: 0.9250428606634098
Average Dog Distance: 0.527637054027557
Maximum Dog Distance: 0.8786159984312439
Average Sheep Distance: 0.3532232457518117
Maximum Sheep Distance: 0.4820979313531035
Elapsed Time: 4m 5s
********** 52 **********
Average Fitness: 0.09799999999999999
Maximum Fitness: 0.3333333333333333
Average Pen Distance: 0.5145571606496027
Maximum Pen Distance: 0.9250428606634098
Average Dog Distance: 0.5136190439005659
Maximum Dog Distance: 0.9055851823608104
Average Sheep Distance: 0.35301881873354196
Maximum Sheep Distance: 0.4820979313531035
Elapsed Time: 4m 15s
********** 53 **********
Average Fitness: 0.09766666666666665
Maximum Fitness: 0.3333333333333333
Average Pen Distance: 0.5153485967492317
Maximum Pen Distance: 0.9250428606634098
Average Dog Distance: 0.5112320371030646
Maximum Dog Distance: 0.9055851823608104
Average Sheep Distance: 0.35042996434519985
Maximum Sheep Distance: 0.4820979313531035
Elapsed Time: 3m 43s
********** 54 **********
Average Fitness: 0.10066666666666667
Maximum Fitness: 0.3333333333333333
Average Pen Distance: 0.5135968465447889
Maximum Pen Distance: 0.9250428606634098
Average Dog Distance: 0.5155658680085551
Maximum Dog Distance: 0.9055851823608104
Average Sheep Distance: 0.3563184709015383
Maximum Sheep Distance: 0.4820979313531035
Elapsed Time: 4m 15s
********** 55 **********
Average Fitness: 0.10566666666666666
Maximum Fitness: 0.3333333333333333
Average Pen Distance: 0.49420146481475924
Maximum Pen Distance: 0.9250428606634098
Average Dog Distance: 0.5067936378411204
Maximum Dog Distance: 0.9055851823608104
Average Sheep Distance: 0.3551583296359022
Maximum Sheep Distance: 0.4820979313531035
Elapsed Time: 4m 16s
********** 56 **********
Average Fitness: 0.10066666666666667
Maximum Fitness: 0.3333333333333333
Average Pen Distance: 0.5171568838417753
Maximum Pen Distance: 0.9250428606634098
Average Dog Distance: 0.5277234097719012
Maximum Dog Distance: 0.9055851823608104
Average Sheep Distance: 0.35790732385253227
Maximum Sheep Distance: 0.48479624979805463
Elapsed Time: 4m 20s
********** 57 **********
Average Fitness: 0.09066666666666665
Maximum Fitness: 0.26666666666666666
Average Pen Distance: 0.5448680106897454
Maximum Pen Distance: 0.9250428606634098
Average Dog Distance: 0.5214376583423519
Maximum Dog Distance: 0.9055851823608104
Average Sheep Distance: 0.3589889635519794
Maximum Sheep Distance: 0.48479624979805463
Elapsed Time: 4m 10s
********** 58 **********
Average Fitness: 0.09399999999999999
Maximum Fitness: 0.26666666666666666
Average Pen Distance: 0.5268834174698868
Maximum Pen Distance: 0.9250428606634098
Average Dog Distance: 0.5218988453271701
Maximum Dog Distance: 0.9055851823608104
Average Sheep Distance: 0.3549178367740429
Maximum Sheep Distance: 0.48479624979805463
Elapsed Time: 4m 13s
********** 59 **********
Average Fitness: 0.09566666666666666
Maximum Fitness: 0.26666666666666666
Average Pen Distance: 0.5241096691085846
Maximum Pen Distance: 0.9250428606634098
Average Dog Distance: 0.5200140079782709
Maximum Dog Distance: 0.9055851823608104
Average Sheep Distance: 0.35554523089565604
Maximum Sheep Distance: 0.48479624979805463
Elapsed Time: 3m 42s
********** 60 **********
Average Fitness: 0.09433333333333332
Maximum Fitness: 0.26666666666666666
Average Pen Distance: 0.5329222397766956
Maximum Pen Distance: 0.9250428606634098
Average Dog Distance: 0.5218868983267763
Maximum Dog Distance: 0.9055851823608104
Average Sheep Distance: 0.3586262047700526
Maximum Sheep Distance: 0.48479624979805463
Elapsed Time: 4m 17s
********** 61 **********
Average Fitness: 0.09166666666666666
Maximum Fitness: 0.26666666666666666
Average Pen Distance: 0.5097449218650087
Maximum Pen Distance: 0.9250428606634098
Average Dog Distance: 0.5084674084264394
Maximum Dog Distance: 0.9055851823608104
Average Sheep Distance: 0.3576871472851583
Maximum Sheep Distance: 0.48479624979805463
Elapsed Time: 3m 56s
********** 62 **********
Average Fitness: 0.09266666666666663
Maximum Fitness: 0.26666666666666666
Average Pen Distance: 0.5382467311707813
Maximum Pen Distance: 0.9250428606634098
Average Dog Distance: 0.5009517048718238
Maximum Dog Distance: 0.9055851823608104
Average Sheep Distance: 0.35842788795604696
Maximum Sheep Distance: 0.5175350335364096
Elapsed Time: 4m 4s
********** 63 **********
Average Fitness: 0.09733333333333331
Maximum Fitness: 0.26666666666666666
Average Pen Distance: 0.5161549151555438
Maximum Pen Distance: 0.9250428606634098
Average Dog Distance: 0.5140845190047405
Maximum Dog Distance: 0.9055851823608104
Average Sheep Distance: 0.3644237341193018
Maximum Sheep Distance: 0.5175350335364096
Elapsed Time: 4m 11s
********** 64 **********
Average Fitness: 0.09333333333333332
Maximum Fitness: 0.26666666666666666
Average Pen Distance: 0.516252343708006
Maximum Pen Distance: 0.9250428606634098
Average Dog Distance: 0.508981870866303
Maximum Dog Distance: 0.9055851823608104
Average Sheep Distance: 0.35752843585802446
Maximum Sheep Distance: 0.5175350335364096
Elapsed Time: 4m 8s
********** 65 **********
Average Fitness: 0.09566666666666665
Maximum Fitness: 0.26666666666666666
Average Pen Distance: 0.5178566189886677
Maximum Pen Distance: 0.9250428606634098
Average Dog Distance: 0.5143651163443487
Maximum Dog Distance: 0.9055851823608104
Average Sheep Distance: 0.35832572128191786
Maximum Sheep Distance: 0.5175350335364096
Elapsed Time: 4m 13s
********** 66 **********
Average Fitness: 0.09633333333333331
Maximum Fitness: 0.26666666666666666
Average Pen Distance: 0.5158865814970537
Maximum Pen Distance: 0.9250428606634098
Average Dog Distance: 0.5089645493803663
Maximum Dog Distance: 0.9055851823608104
Average Sheep Distance: 0.359595095595599
Maximum Sheep Distance: 0.5175350335364096
Elapsed Time: 4m 7s
********** 67 **********
Average Fitness: 0.092
Maximum Fitness: 0.26666666666666666
Average Pen Distance: 0.5214819884615232
Maximum Pen Distance: 0.9250428606634098
Average Dog Distance: 0.4895742807172333
Maximum Dog Distance: 0.9055851823608104
Average Sheep Distance: 0.3592692421315578
Maximum Sheep Distance: 0.5175350335364096
Elapsed Time: 3m 49s
********** 68 **********
Average Fitness: 0.09066666666666666
Maximum Fitness: 0.26666666666666666
Average Pen Distance: 0.5304873645389897
Maximum Pen Distance: 0.9250428606634098
Average Dog Distance: 0.4925457853240317
Maximum Dog Distance: 0.9055851823608104
Average Sheep Distance: 0.36030257569352175
Maximum Sheep Distance: 0.5175350335364096
Elapsed Time: 3m 50s
********** 69 **********
Average Fitness: 0.09633333333333331
Maximum Fitness: 0.26666666666666666
Average Pen Distance: 0.5127152512462174
Maximum Pen Distance: 0.9250428606634098
Average Dog Distance: 0.5037398906368603
Maximum Dog Distance: 0.9055851823608104
Average Sheep Distance: 0.3565707767647179
Maximum Sheep Distance: 0.5175350335364096
Elapsed Time: 3m 53s
********** 70 **********
Average Fitness: 0.10133333333333333
Maximum Fitness: 0.4000000000000001
Average Pen Distance: 0.5135765086412359
Maximum Pen Distance: 0.9250428606634098
Average Dog Distance: 0.5057399021710046
Maximum Dog Distance: 0.9055851823608104
Average Sheep Distance: 0.35676627443050946
Maximum Sheep Distance: 0.5175350335364096
Elapsed Time: 3m 46s
********** 71 **********
Average Fitness: 0.09399999999999999
Maximum Fitness: 0.4000000000000001
Average Pen Distance: 0.5164900106750064
Maximum Pen Distance: 0.9250428606634098
Average Dog Distance: 0.5157007748862611
Maximum Dog Distance: 0.9055851823608104
Average Sheep Distance: 0.3559333627127294
Maximum Sheep Distance: 0.5175350335364096
Elapsed Time: 4m 14s
********** 72 **********
Average Fitness: 0.09433333333333332
Maximum Fitness: 0.4000000000000001
Average Pen Distance: 0.5147587200549283
Maximum Pen Distance: 0.9250428606634098
Average Dog Distance: 0.4872526284901605
Maximum Dog Distance: 0.9055851823608104
Average Sheep Distance: 0.3539488897214201
Maximum Sheep Distance: 0.5175350335364096
Elapsed Time: 3m 45s
********** 73 **********
Average Fitness: 0.091
Maximum Fitness: 0.4000000000000001
Average Pen Distance: 0.5217948422025365
Maximum Pen Distance: 0.9250428606634098
Average Dog Distance: 0.499589356053926
Maximum Dog Distance: 0.9055851823608104
Average Sheep Distance: 0.3554498904996077
Maximum Sheep Distance: 0.5175350335364096
Elapsed Time: 4m 2s
********** 74 **********
Average Fitness: 0.09833333333333334
Maximum Fitness: 0.4000000000000001
Average Pen Distance: 0.5048978648621307
Maximum Pen Distance: 0.9250428606634098
Average Dog Distance: 0.49638054470061654
Maximum Dog Distance: 0.9055851823608104
Average Sheep Distance: 0.35272986215568
Maximum Sheep Distance: 0.5175350335364096
Elapsed Time: 4m 6s
********** 75 **********
Average Fitness: 0.09666666666666666
Maximum Fitness: 0.4000000000000001
Average Pen Distance: 0.502038302995881
Maximum Pen Distance: 0.9250428606634098
Average Dog Distance: 0.4953685293636601
Maximum Dog Distance: 0.9055851823608104
Average Sheep Distance: 0.3557050511283743
Maximum Sheep Distance: 0.5175350335364096
Elapsed Time: 3m 40s
********** 76 **********
Average Fitness: 0.09366666666666668
Maximum Fitness: 0.4000000000000001
Average Pen Distance: 0.5253972089436588
Maximum Pen Distance: 0.9250428606634098
Average Dog Distance: 0.49452816898670704
Maximum Dog Distance: 0.9055851823608104
Average Sheep Distance: 0.3569964384661426
Maximum Sheep Distance: 0.5175350335364096
Elapsed Time: 3m 34s
********** 77 **********
Average Fitness: 0.09733333333333333
Maximum Fitness: 0.4000000000000001
Average Pen Distance: 0.5148234304864838
Maximum Pen Distance: 0.9250428606634098
Average Dog Distance: 0.4994606090317184
Maximum Dog Distance: 0.9055851823608104
Average Sheep Distance: 0.3542670860474246
Maximum Sheep Distance: 0.5175350335364096
Elapsed Time: 3m 47s
********** 78 **********
Average Fitness: 0.10366666666666666
Maximum Fitness: 0.4000000000000001
Average Pen Distance: 0.490935570157371
Maximum Pen Distance: 0.9015936439769286
Average Dog Distance: 0.49659857697001053
Maximum Dog Distance: 0.9055851823608104
Average Sheep Distance: 0.3555359858208537
Maximum Sheep Distance: 0.5175350335364096
Elapsed Time: 3m 47s
********** 79 **********
Average Fitness: 0.10366666666666666
Maximum Fitness: 0.4000000000000001
Average Pen Distance: 0.49789830806083235
Maximum Pen Distance: 0.9015936439769286
Average Dog Distance: 0.49734184274589593
Maximum Dog Distance: 0.9055851823608104
Average Sheep Distance: 0.3532925578790401
Maximum Sheep Distance: 0.5175350335364096
Elapsed Time: 3m 53s
********** 80 **********
Average Fitness: 0.09966666666666665
Maximum Fitness: 0.4000000000000001
Average Pen Distance: 0.5150044853016315
Maximum Pen Distance: 0.9204619073806213
Average Dog Distance: 0.5040643616434484
Maximum Dog Distance: 0.9055851823608104
Average Sheep Distance: 0.362174114423733
Maximum Sheep Distance: 0.5175350335364096
Elapsed Time: 4m 16s
********** 81 **********
Average Fitness: 0.10666666666666666
Maximum Fitness: 0.4000000000000001
Average Pen Distance: 0.4938506083122429
Maximum Pen Distance: 0.9204619073806213
Average Dog Distance: 0.4963615177544998
Maximum Dog Distance: 0.9055851823608104
Average Sheep Distance: 0.36242646074874363
Maximum Sheep Distance: 0.5175350335364096
Elapsed Time: 3m 56s
********** 82 **********
Average Fitness: 0.10399999999999997
Maximum Fitness: 0.4000000000000001
Average Pen Distance: 0.5057862374589962
Maximum Pen Distance: 0.9204619073806213
Average Dog Distance: 0.5030473708128919
Maximum Dog Distance: 0.9055851823608104
Average Sheep Distance: 0.36386540581923327
Maximum Sheep Distance: 0.5175350335364096
Elapsed Time: 3m 59s
********** 83 **********
Average Fitness: 0.10266666666666667
Maximum Fitness: 0.4000000000000001
Average Pen Distance: 0.5101545278195944
Maximum Pen Distance: 0.9204619073806213
Average Dog Distance: 0.4948041989892695
Maximum Dog Distance: 0.9055851823608104
Average Sheep Distance: 0.3617874940820275
Maximum Sheep Distance: 0.5175350335364096
Elapsed Time: 4m 6s
********** 84 **********
Average Fitness: 0.1023333333333333
Maximum Fitness: 0.4000000000000001
Average Pen Distance: 0.508151667989289
Maximum Pen Distance: 0.9204619073806213
Average Dog Distance: 0.5043026417911026
Maximum Dog Distance: 0.9055851823608104
Average Sheep Distance: 0.36162622203759726
Maximum Sheep Distance: 0.5175350335364096
Elapsed Time: 4m 8s
********** 85 **********
Average Fitness: 0.09666666666666666
Maximum Fitness: 0.4000000000000001
Average Pen Distance: 0.5113396206008127
Maximum Pen Distance: 0.9204619073806213
Average Dog Distance: 0.4984550445287372
Maximum Dog Distance: 0.9055851823608104
Average Sheep Distance: 0.3583482132445786
Maximum Sheep Distance: 0.5175350335364096
Elapsed Time: 4m 1s
********** 86 **********
Average Fitness: 0.09833333333333333
Maximum Fitness: 0.4000000000000001
Average Pen Distance: 0.5125153297142372
Maximum Pen Distance: 0.9204619073806213
Average Dog Distance: 0.5031107712965761
Maximum Dog Distance: 0.9055851823608104
Average Sheep Distance: 0.35834240215629565
Maximum Sheep Distance: 0.5175350335364096
Elapsed Time: 4m 3s
********** 87 **********
Average Fitness: 0.098
Maximum Fitness: 0.4000000000000001
Average Pen Distance: 0.4990939205877465
Maximum Pen Distance: 0.9204619073806213
Average Dog Distance: 0.49856293946106
Maximum Dog Distance: 0.9055851823608104
Average Sheep Distance: 0.3553348013635202
Maximum Sheep Distance: 0.5175350335364096
Elapsed Time: 3m 55s
********** 88 **********
Average Fitness: 0.09466666666666666
Maximum Fitness: 0.4000000000000001
Average Pen Distance: 0.5296845192282723
Maximum Pen Distance: 0.9204619073806213
Average Dog Distance: 0.506453564055147
Maximum Dog Distance: 0.9055851823608104
Average Sheep Distance: 0.3568821001619551
Maximum Sheep Distance: 0.5175350335364096
Elapsed Time: 3m 50s
********** 89 **********
Average Fitness: 0.10033333333333333
Maximum Fitness: 0.4000000000000001
Average Pen Distance: 0.5213374951425752
Maximum Pen Distance: 0.9204619073806213
Average Dog Distance: 0.5080968882459418
Maximum Dog Distance: 0.9055851823608104
Average Sheep Distance: 0.3566967057545203
Maximum Sheep Distance: 0.5175350335364096
Elapsed Time: 4m 6s
********** 90 **********
Average Fitness: 0.10633333333333334
Maximum Fitness: 0.4000000000000001
Average Pen Distance: 0.5096000731815745
Maximum Pen Distance: 0.9204619073806213
Average Dog Distance: 0.5152478764693503
Maximum Dog Distance: 0.9055851823608104
Average Sheep Distance: 0.35707115369889386
Maximum Sheep Distance: 0.5175350335364096
Elapsed Time: 4m 7s
********** 91 **********
Average Fitness: 0.106
Maximum Fitness: 0.4000000000000001
Average Pen Distance: 0.49615997943786255
Maximum Pen Distance: 0.9204619073806213
Average Dog Distance: 0.5046253414592268
Maximum Dog Distance: 0.9055851823608104
Average Sheep Distance: 0.3563064292797742
Maximum Sheep Distance: 0.5175350335364096
Elapsed Time: 3m 41s
********** 92 **********
Average Fitness: 0.10733333333333332
Maximum Fitness: 0.4000000000000001
Average Pen Distance: 0.5117973699853793
Maximum Pen Distance: 0.9204619073806213
Average Dog Distance: 0.5130897758164761
Maximum Dog Distance: 0.9055851823608104
Average Sheep Distance: 0.35788191979650674
Maximum Sheep Distance: 0.5175350335364096
Elapsed Time: 3m 51s
********** 93 **********
Average Fitness: 0.10333333333333333
Maximum Fitness: 0.4000000000000001
Average Pen Distance: 0.5255099996570695
Maximum Pen Distance: 0.9204619073806213
Average Dog Distance: 0.5213526711169358
Maximum Dog Distance: 0.9055851823608104
Average Sheep Distance: 0.3647341452580774
Maximum Sheep Distance: 0.5175350335364096
Elapsed Time: 3m 55s
********** 94 **********
Average Fitness: 0.10066666666666667
Maximum Fitness: 0.4000000000000001
Average Pen Distance: 0.5028887254989874
Maximum Pen Distance: 0.9204619073806213
Average Dog Distance: 0.5187701258613641
Maximum Dog Distance: 0.9055851823608104
Average Sheep Distance: 0.3583749744809458
Maximum Sheep Distance: 0.5175350335364096
Elapsed Time: 3m 56s
********** 95 **********
Average Fitness: 0.091
Maximum Fitness: 0.3
Average Pen Distance: 0.5184674820021026
Maximum Pen Distance: 0.9204619073806213
Average Dog Distance: 0.5160215373224886
Maximum Dog Distance: 0.9055851823608104
Average Sheep Distance: 0.3505340419259616
Maximum Sheep Distance: 0.5175350335364096
Elapsed Time: 3m 45s
********** 96 **********
Average Fitness: 0.09366666666666665
Maximum Fitness: 0.3
Average Pen Distance: 0.5303394174635865
Maximum Pen Distance: 0.9204619073806213
Average Dog Distance: 0.5127042995851394
Maximum Dog Distance: 0.9055851823608104
Average Sheep Distance: 0.35461433196822467
Maximum Sheep Distance: 0.5175350335364096
Elapsed Time: 4m 0s
********** 97 **********
Average Fitness: 0.09433333333333334
Maximum Fitness: 0.3
Average Pen Distance: 0.5233604183272442
Maximum Pen Distance: 0.9204619073806213
Average Dog Distance: 0.5198814187295566
Maximum Dog Distance: 0.9055851823608104
Average Sheep Distance: 0.3566240945335195
Maximum Sheep Distance: 0.5175350335364096
Elapsed Time: 3m 59s
********** 98 **********
Average Fitness: 0.096
Maximum Fitness: 0.3
Average Pen Distance: 0.5249707715888021
Maximum Pen Distance: 0.9204619073806213
Average Dog Distance: 0.519475515768435
Maximum Dog Distance: 0.9055851823608104
Average Sheep Distance: 0.35483841846491115
Maximum Sheep Distance: 0.5175350335364096
Elapsed Time: 4m 25s
********** 99 **********
Average Fitness: 0.09233333333333331
Maximum Fitness: 0.3
Average Pen Distance: 0.5370259079663039
Maximum Pen Distance: 0.9204619073806213
Average Dog Distance: 0.5141969730008639
Maximum Dog Distance: 0.9055851823608104
Average Sheep Distance: 0.35502335355174525
Maximum Sheep Distance: 0.5175350335364096
Elapsed Time: 4m 9s
********** 100 **********
Average Fitness: 0.08666666666666666
Maximum Fitness: 0.3
Average Pen Distance: 0.5234611014820929
Maximum Pen Distance: 0.9204619073806213
Average Dog Distance: 0.4919521666685296
Maximum Dog Distance: 0.9055851823608104
Average Sheep Distance: 0.3570077739210285
Maximum Sheep Distance: 0.5175350335364096
Elapsed Time: 3m 41s
********** 1 **********
Average Fitness: 0.05766666666666666
Maximum Fitness: 0.2333333333333333
Average Pen Distance: 0.540176938524868
Maximum Pen Distance: 0.8209132732286694
Average Dog Distance: 0.6165096464374114
Maximum Dog Distance: 0.7979451623514695
Average Sheep Distance: 0.3301175512324837
Maximum Sheep Distance: 0.4310282218020249
Elapsed Time: 7m 55s
********** 2 **********
Average Fitness: 0.07133333333333333
Maximum Fitness: 0.2333333333333333
Average Pen Distance: 0.5440519991764218
Maximum Pen Distance: 0.8209132732286694
Average Dog Distance: 0.6046445666028009
Maximum Dog Distance: 0.799413574013772
Average Sheep Distance: 0.33476702678411585
Maximum Sheep Distance: 0.4508989822633705
Elapsed Time: 3m 54s
********** 3 **********
Average Fitness: 0.07533333333333332
Maximum Fitness: 0.2333333333333333
Average Pen Distance: 0.5425489228519169
Maximum Pen Distance: 0.8209132732286694
Average Dog Distance: 0.598621159932751
Maximum Dog Distance: 0.8145120068894697
Average Sheep Distance: 0.33376538321906823
Maximum Sheep Distance: 0.4508989822633705
Elapsed Time: 4m 29s
********** 4 **********
Average Fitness: 0.07666666666666665
Maximum Fitness: 0.2333333333333333
Average Pen Distance: 0.5289736901055391
Maximum Pen Distance: 0.8209132732286694
Average Dog Distance: 0.5946010081474591
Maximum Dog Distance: 0.8085406410275828
Average Sheep Distance: 0.33992966895485544
Maximum Sheep Distance: 0.4508989822633705
Elapsed Time: 4m 3s
********** 5 **********
Average Fitness: 0.08366666666666665
Maximum Fitness: 0.26666666666666666
Average Pen Distance: 0.5307841497200466
Maximum Pen Distance: 0.8209132732286694
Average Dog Distance: 0.5909773131494861
Maximum Dog Distance: 0.8280980204428395
Average Sheep Distance: 0.3408167631680605
Maximum Sheep Distance: 0.4508989822633705
Elapsed Time: 4m 31s
********** 6 **********
Average Fitness: 0.08266666666666665
Maximum Fitness: 0.26666666666666666
Average Pen Distance: 0.5289994608774053
Maximum Pen Distance: 0.8209132732286694
Average Dog Distance: 0.5913706006039454
Maximum Dog Distance: 0.8280980204428395
Average Sheep Distance: 0.34271431798482516
Maximum Sheep Distance: 0.4508989822633705
Elapsed Time: 4m 4s
********** 7 **********
Average Fitness: 0.08399999999999999
Maximum Fitness: 0.26666666666666666
Average Pen Distance: 0.5300788920536732
Maximum Pen Distance: 0.8209132732286694
Average Dog Distance: 0.5905237002380895
Maximum Dog Distance: 0.8280980204428395
Average Sheep Distance: 0.34024584369378486
Maximum Sheep Distance: 0.4508989822633705
Elapsed Time: 3m 50s
********** 8 **********
Average Fitness: 0.0893333333333333
Maximum Fitness: 0.26666666666666666
Average Pen Distance: 0.5330869653835931
Maximum Pen Distance: 0.8209132732286694
Average Dog Distance: 0.5810049905197089
Maximum Dog Distance: 0.8280980204428395
Average Sheep Distance: 0.34283958352560184
Maximum Sheep Distance: 0.4508989822633705
Elapsed Time: 3m 49s
********** 9 **********
Average Fitness: 0.08933333333333332
Maximum Fitness: 0.26666666666666666
Average Pen Distance: 0.5227005195906252
Maximum Pen Distance: 0.8209132732286694
Average Dog Distance: 0.5702185852904732
Maximum Dog Distance: 0.8523201458323788
Average Sheep Distance: 0.3410512185170743
Maximum Sheep Distance: 0.4508989822633705
Elapsed Time: 4m 17s
********** 10 **********
Average Fitness: 0.08899999999999998
Maximum Fitness: 0.3
Average Pen Distance: 0.5225820665310895
Maximum Pen Distance: 0.8320595423814483
Average Dog Distance: 0.5737110501305425
Maximum Dog Distance: 0.8523201458323788
Average Sheep Distance: 0.3412027537632787
Maximum Sheep Distance: 0.4508989822633705
Elapsed Time: 4m 14s
********** 11 **********
Average Fitness: 0.08766666666666666
Maximum Fitness: 0.3
Average Pen Distance: 0.5192143582584158
Maximum Pen Distance: 0.8320595423814483
Average Dog Distance: 0.572253330047416
Maximum Dog Distance: 0.8523201458323788
Average Sheep Distance: 0.34524297660740383
Maximum Sheep Distance: 0.46785701639871147
Elapsed Time: 4m 6s
********** 12 **********
Average Fitness: 0.09666666666666666
Maximum Fitness: 0.3
Average Pen Distance: 0.5188888771353706
Maximum Pen Distance: 0.8320595423814483
Average Dog Distance: 0.5677701441478202
Maximum Dog Distance: 0.8523201458323788
Average Sheep Distance: 0.34237506223716074
Maximum Sheep Distance: 0.46785701639871147
Elapsed Time: 3m 55s
********** 13 **********
Average Fitness: 0.09733333333333333
Maximum Fitness: 0.3
Average Pen Distance: 0.5243550741910403
Maximum Pen Distance: 0.8320595423814483
Average Dog Distance: 0.568407579458584
Maximum Dog Distance: 0.8523201458323788
Average Sheep Distance: 0.3455606742857203
Maximum Sheep Distance: 0.46785701639871147
Elapsed Time: 3m 56s
********** 14 **********
Average Fitness: 0.09933333333333332
Maximum Fitness: 0.30000000000000004
Average Pen Distance: 0.5038077292290759
Maximum Pen Distance: 0.8320595423814483
Average Dog Distance: 0.5678927660298997
Maximum Dog Distance: 0.8523201458323788
Average Sheep Distance: 0.33680582003717063
Maximum Sheep Distance: 0.46785701639871147
Elapsed Time: 4m 1s
********** 15 **********
Average Fitness: 0.09833333333333333
Maximum Fitness: 0.3666666666666667
Average Pen Distance: 0.5045221659286762
Maximum Pen Distance: 0.8766203367539743
Average Dog Distance: 0.5794103404472739
Maximum Dog Distance: 0.8523201458323788
Average Sheep Distance: 0.3359354002283313
Maximum Sheep Distance: 0.46785701639871147
Elapsed Time: 4m 32s
********** 16 **********
Average Fitness: 0.10266666666666667
Maximum Fitness: 0.3666666666666667
Average Pen Distance: 0.5090210349575793
Maximum Pen Distance: 0.8766203367539743
Average Dog Distance: 0.5495092921317739
Maximum Dog Distance: 0.8523201458323788
Average Sheep Distance: 0.33628214334191264
Maximum Sheep Distance: 0.46785701639871147
Elapsed Time: 3m 47s
********** 17 **********
Average Fitness: 0.09700000000000002
Maximum Fitness: 0.3666666666666667
Average Pen Distance: 0.5096415952877775
Maximum Pen Distance: 0.8766203367539743
Average Dog Distance: 0.5651562148910587
Maximum Dog Distance: 0.8523201458323788
Average Sheep Distance: 0.340129621887515
Maximum Sheep Distance: 0.46785701639871147
Elapsed Time: 3m 40s
********** 18 **********
Average Fitness: 0.09799999999999999
Maximum Fitness: 0.3666666666666667
Average Pen Distance: 0.5102647009105994
Maximum Pen Distance: 0.8766203367539743
Average Dog Distance: 0.5480639094966027
Maximum Dog Distance: 0.8523201458323788
Average Sheep Distance: 0.3364578980398287
Maximum Sheep Distance: 0.46785701639871147
Elapsed Time: 4m 6s
********** 19 **********
Average Fitness: 0.10266666666666666
Maximum Fitness: 0.3666666666666667
Average Pen Distance: 0.5191727227960491
Maximum Pen Distance: 0.8766203367539743
Average Dog Distance: 0.5646170761108192
Maximum Dog Distance: 0.8523201458323788
Average Sheep Distance: 0.3443084148417981
Maximum Sheep Distance: 0.46785701639871147
Elapsed Time: 3m 44s
********** 20 **********
Average Fitness: 0.09966666666666665
Maximum Fitness: 0.3666666666666667
Average Pen Distance: 0.5111756826796754
Maximum Pen Distance: 0.8766203367539743
Average Dog Distance: 0.5572591985913161
Maximum Dog Distance: 0.8523201458323788
Average Sheep Distance: 0.34147485398199146
Maximum Sheep Distance: 0.5079730949119997
Elapsed Time: 3m 56s
********** 21 **********
Average Fitness: 0.099
Maximum Fitness: 0.3666666666666667
Average Pen Distance: 0.5205315608064754
Maximum Pen Distance: 0.8766203367539743
Average Dog Distance: 0.5528626267400586
Maximum Dog Distance: 0.8523201458323788
Average Sheep Distance: 0.34737264932341033
Maximum Sheep Distance: 0.5079730949119997
Elapsed Time: 4m 0s
********** 22 **********
Average Fitness: 0.10066666666666664
Maximum Fitness: 0.3666666666666667
Average Pen Distance: 0.5073946996817849
Maximum Pen Distance: 0.8766203367539743
Average Dog Distance: 0.5455360948417356
Maximum Dog Distance: 0.8523201458323788
Average Sheep Distance: 0.34810412412511094
Maximum Sheep Distance: 0.5079730949119997
Elapsed Time: 3m 53s
********** 23 **********
Average Fitness: 0.09633333333333331
Maximum Fitness: 0.3666666666666667
Average Pen Distance: 0.5261709780473587
Maximum Pen Distance: 0.8766203367539743
Average Dog Distance: 0.5550382684806004
Maximum Dog Distance: 0.8595757792219874
Average Sheep Distance: 0.3520184501147747
Maximum Sheep Distance: 0.5079730949119997
Elapsed Time: 3m 55s
********** 24 **********
Average Fitness: 0.09966666666666667
Maximum Fitness: 0.3666666666666667
Average Pen Distance: 0.5237141257660682
Maximum Pen Distance: 0.8766203367539743
Average Dog Distance: 0.5538253991810815
Maximum Dog Distance: 0.8595757792219874
Average Sheep Distance: 0.34917352988070877
Maximum Sheep Distance: 0.5079730949119997
Elapsed Time: 3m 56s
********** 25 **********
Average Fitness: 0.10600000000000001
Maximum Fitness: 0.3666666666666667
Average Pen Distance: 0.5128554324022221
Maximum Pen Distance: 0.8641009692802868
Average Dog Distance: 0.547601064965515
Maximum Dog Distance: 0.8595757792219874
Average Sheep Distance: 0.3467048190207733
Maximum Sheep Distance: 0.5079730949119997
Elapsed Time: 3m 48s
********** 26 **********
Average Fitness: 0.1
Maximum Fitness: 0.3666666666666667
Average Pen Distance: 0.4961724677756517
Maximum Pen Distance: 0.8641009692802868
Average Dog Distance: 0.5415420278220275
Maximum Dog Distance: 0.8595757792219874
Average Sheep Distance: 0.34617608561482494
Maximum Sheep Distance: 0.5079730949119997
Elapsed Time: 3m 41s
********** 27 **********
Average Fitness: 0.10700000000000001
Maximum Fitness: 0.3666666666666667
Average Pen Distance: 0.5080218043626884
Maximum Pen Distance: 0.8641009692802868
Average Dog Distance: 0.5509336635794255
Maximum Dog Distance: 0.8595757792219874
Average Sheep Distance: 0.34527831634972855
Maximum Sheep Distance: 0.5079730949119997
Elapsed Time: 3m 38s
********** 28 **********
Average Fitness: 0.09499999999999999
Maximum Fitness: 0.3666666666666667
Average Pen Distance: 0.5164223123630002
Maximum Pen Distance: 0.8641009692802868
Average Dog Distance: 0.5477698004990564
Maximum Dog Distance: 0.8595757792219874
Average Sheep Distance: 0.3523830980573536
Maximum Sheep Distance: 0.5079730949119997
Elapsed Time: 3m 53s
********** 29 **********
Average Fitness: 0.09799999999999999
Maximum Fitness: 0.3666666666666667
Average Pen Distance: 0.5084784882584864
Maximum Pen Distance: 0.8802263977944523
Average Dog Distance: 0.5214018485092741
Maximum Dog Distance: 0.8595757792219874
Average Sheep Distance: 0.35059338921590677
Maximum Sheep Distance: 0.5079730949119997
Elapsed Time: 3m 51s
********** 30 **********
Average Fitness: 0.09966666666666665
Maximum Fitness: 0.3666666666666667
Average Pen Distance: 0.5095979677812884
Maximum Pen Distance: 0.8802263977944523
Average Dog Distance: 0.5469819389948649
Maximum Dog Distance: 0.8595757792219874
Average Sheep Distance: 0.34661884945127014
Maximum Sheep Distance: 0.5079730949119997
Elapsed Time: 3m 48s
********** 31 **********
Average Fitness: 0.09866666666666665
Maximum Fitness: 0.3666666666666667
Average Pen Distance: 0.5148727174049789
Maximum Pen Distance: 0.8802263977944523
Average Dog Distance: 0.5342870794836313
Maximum Dog Distance: 0.8523201458323788
Average Sheep Distance: 0.3417847115512911
Maximum Sheep Distance: 0.5079730949119997
Elapsed Time: 3m 56s
********** 32 **********
Average Fitness: 0.09799999999999999
Maximum Fitness: 0.3666666666666667
Average Pen Distance: 0.5081308664904519
Maximum Pen Distance: 0.8802263977944523
Average Dog Distance: 0.5274607072562213
Maximum Dog Distance: 0.8523201458323788
Average Sheep Distance: 0.35162191685600724
Maximum Sheep Distance: 0.5079730949119997
Elapsed Time: 4m 14s
********** 33 **********
Average Fitness: 0.10333333333333332
Maximum Fitness: 0.3666666666666667
Average Pen Distance: 0.5169504248778857
Maximum Pen Distance: 0.8802263977944523
Average Dog Distance: 0.5336378475427079
Maximum Dog Distance: 0.8889452275490036
Average Sheep Distance: 0.35003011386984073
Maximum Sheep Distance: 0.5079730949119997
Elapsed Time: 4m 5s
********** 34 **********
Average Fitness: 0.10166666666666666
Maximum Fitness: 0.3666666666666667
Average Pen Distance: 0.5119854860311216
Maximum Pen Distance: 0.8802263977944523
Average Dog Distance: 0.5257124536089582
Maximum Dog Distance: 0.8889452275490036
Average Sheep Distance: 0.3525980328595057
Maximum Sheep Distance: 0.5079730949119997
Elapsed Time: 3m 56s
********** 35 **********
Average Fitness: 0.10933333333333332
Maximum Fitness: 0.3666666666666667
Average Pen Distance: 0.47951598750612334
Maximum Pen Distance: 0.8802263977944523
Average Dog Distance: 0.5234642076275021
Maximum Dog Distance: 0.8889452275490036
Average Sheep Distance: 0.352900991114722
Maximum Sheep Distance: 0.5079730949119997
Elapsed Time: 4m 21s
********** 36 **********
Average Fitness: 0.10533333333333332
Maximum Fitness: 0.3666666666666667
Average Pen Distance: 0.5016743496409015
Maximum Pen Distance: 0.8641009692802868
Average Dog Distance: 0.5374650233022961
Maximum Dog Distance: 0.8889452275490036
Average Sheep Distance: 0.3549985828545023
Maximum Sheep Distance: 0.5079730949119997
Elapsed Time: 3m 55s
********** 37 **********
Average Fitness: 0.10633333333333334
Maximum Fitness: 0.3666666666666667
Average Pen Distance: 0.4802328715103731
Maximum Pen Distance: 0.8641009692802868
Average Dog Distance: 0.5226840298009886
Maximum Dog Distance: 0.8889452275490036
Average Sheep Distance: 0.35202142228121686
Maximum Sheep Distance: 0.5079730949119997
Elapsed Time: 4m 11s
********** 38 **********
Average Fitness: 0.10533333333333332
Maximum Fitness: 0.3666666666666667
Average Pen Distance: 0.4983723776772142
Maximum Pen Distance: 0.8641009692802868
Average Dog Distance: 0.5231552588348927
Maximum Dog Distance: 0.8889452275490036
Average Sheep Distance: 0.35637670891095236
Maximum Sheep Distance: 0.5079730949119997
Elapsed Time: 3m 33s
********** 39 **********
Average Fitness: 0.10033333333333333
Maximum Fitness: 0.3666666666666667
Average Pen Distance: 0.5111420831515668
Maximum Pen Distance: 0.8641009692802868
Average Dog Distance: 0.5330397446717524
Maximum Dog Distance: 0.8889452275490036
Average Sheep Distance: 0.35715417027308943
Maximum Sheep Distance: 0.5079730949119997
Elapsed Time: 3m 48s
********** 40 **********
Average Fitness: 0.09566666666666665
Maximum Fitness: 0.3666666666666667
Average Pen Distance: 0.5073883732648417
Maximum Pen Distance: 0.8641009692802868
Average Dog Distance: 0.5349049524938565
Maximum Dog Distance: 0.8889452275490036
Average Sheep Distance: 0.3514216591283902
Maximum Sheep Distance: 0.5079730949119997
Elapsed Time: 4m 5s
********** 41 **********
Average Fitness: 0.096
Maximum Fitness: 0.3666666666666667
Average Pen Distance: 0.4926050138233267
Maximum Pen Distance: 0.8641009692802868
Average Dog Distance: 0.5220234234620706
Maximum Dog Distance: 0.8889452275490036
Average Sheep Distance: 0.3501270070669756
Maximum Sheep Distance: 0.5079730949119997
Elapsed Time: 4m 25s
********** 42 **********
Average Fitness: 0.08666666666666666
Maximum Fitness: 0.26666666666666666
Average Pen Distance: 0.525583686037451
Maximum Pen Distance: 0.8641009692802868
Average Dog Distance: 0.5256944218666111
Maximum Dog Distance: 0.8889452275490036
Average Sheep Distance: 0.35040036563934135
Maximum Sheep Distance: 0.5079730949119997
Elapsed Time: 3m 53s
********** 43 **********
Average Fitness: 0.09466666666666665
Maximum Fitness: 0.3
Average Pen Distance: 0.502498527735924
Maximum Pen Distance: 0.8641009692802868
Average Dog Distance: 0.5150952722508432
Maximum Dog Distance: 0.8889452275490036
Average Sheep Distance: 0.35066739944920344
Maximum Sheep Distance: 0.5079730949119997
Elapsed Time: 3m 45s
********** 44 **********
Average Fitness: 0.09666666666666664
Maximum Fitness: 0.3
Average Pen Distance: 0.5063369888289175
Maximum Pen Distance: 0.8641009692802868
Average Dog Distance: 0.5142977984503421
Maximum Dog Distance: 0.8889452275490036
Average Sheep Distance: 0.35086475019012825
Maximum Sheep Distance: 0.5079730949119997
Elapsed Time: 3m 41s
********** 45 **********
Average Fitness: 0.09200000000000001
Maximum Fitness: 0.3
Average Pen Distance: 0.5107408892135297
Maximum Pen Distance: 0.8641009692802868
Average Dog Distance: 0.5333827606943472
Maximum Dog Distance: 0.8889452275490036
Average Sheep Distance: 0.3500283013102981
Maximum Sheep Distance: 0.5079730949119997
Elapsed Time: 4m 1s
********** 46 **********
Average Fitness: 0.094
Maximum Fitness: 0.3
Average Pen Distance: 0.5107886520001512
Maximum Pen Distance: 0.8641009692802868
Average Dog Distance: 0.5281979694673445
Maximum Dog Distance: 0.8889452275490036
Average Sheep Distance: 0.35205015175943793
Maximum Sheep Distance: 0.5079730949119997
Elapsed Time: 3m 35s
********** 47 **********
Average Fitness: 0.092
Maximum Fitness: 0.3
Average Pen Distance: 0.5149903268642317
Maximum Pen Distance: 0.8641009692802868
Average Dog Distance: 0.5313961078479171
Maximum Dog Distance: 0.8889452275490036
Average Sheep Distance: 0.3526981734314134
Maximum Sheep Distance: 0.5079730949119997
Elapsed Time: 4m 21s
********** 48 **********
Average Fitness: 0.09933333333333332
Maximum Fitness: 0.3
Average Pen Distance: 0.5118870998998344
Maximum Pen Distance: 0.8641009692802868
Average Dog Distance: 0.5294382620431153
Maximum Dog Distance: 0.8889452275490036
Average Sheep Distance: 0.35321353315695914
Maximum Sheep Distance: 0.5079730949119997
Elapsed Time: 4m 13s
********** 49 **********
Average Fitness: 0.09566666666666666
Maximum Fitness: 0.3
Average Pen Distance: 0.512361656167312
Maximum Pen Distance: 0.8727068735617086
Average Dog Distance: 0.5258119945166634
Maximum Dog Distance: 0.8889452275490036
Average Sheep Distance: 0.35221035732409556
Maximum Sheep Distance: 0.5079730949119997
Elapsed Time: 4m 24s
********** 50 **********
Average Fitness: 0.10166666666666666
Maximum Fitness: 0.3
Average Pen Distance: 0.5096843106889951
Maximum Pen Distance: 0.8903376297547615
Average Dog Distance: 0.5259930628883691
Maximum Dog Distance: 0.8889452275490036
Average Sheep Distance: 0.3508288114999921
Maximum Sheep Distance: 0.5079730949119997
Elapsed Time: 3m 54s
********** 51 **********
Average Fitness: 0.10566666666666666
Maximum Fitness: 0.3
Average Pen Distance: 0.5022090178951414
Maximum Pen Distance: 0.8903376297547615
Average Dog Distance: 0.512477175428815
Maximum Dog Distance: 0.8889452275490036
Average Sheep Distance: 0.35123676495542283
Maximum Sheep Distance: 0.5079730949119997
Elapsed Time: 4m 0s
********** 52 **********
Average Fitness: 0.09566666666666666
Maximum Fitness: 0.3
Average Pen Distance: 0.533285182198492
Maximum Pen Distance: 0.8903376297547615
Average Dog Distance: 0.5262947608146832
Maximum Dog Distance: 0.8889452275490036
Average Sheep Distance: 0.3520368352768922
Maximum Sheep Distance: 0.5079730949119997
Elapsed Time: 3m 40s
********** 53 **********
Average Fitness: 0.096
Maximum Fitness: 0.3
Average Pen Distance: 0.5112780464880097
Maximum Pen Distance: 0.8727068735617086
Average Dog Distance: 0.5232458190710144
Maximum Dog Distance: 0.8889452275490036
Average Sheep Distance: 0.3506385999776295
Maximum Sheep Distance: 0.5079730949119997
Elapsed Time: 3m 44s
********** 54 **********
Average Fitness: 0.098
Maximum Fitness: 0.3
Average Pen Distance: 0.518944498438252
Maximum Pen Distance: 0.8727068735617086
Average Dog Distance: 0.5271848038705388
Maximum Dog Distance: 0.8889452275490036
Average Sheep Distance: 0.34369797415455444
Maximum Sheep Distance: 0.5079730949119997
Elapsed Time: 3m 50s
********** 55 **********
Average Fitness: 0.098
Maximum Fitness: 0.3666666666666667
Average Pen Distance: 0.5089463330178724
Maximum Pen Distance: 0.8727068735617086
Average Dog Distance: 0.5202314623414782
Maximum Dog Distance: 0.8889452275490036
Average Sheep Distance: 0.34729556846403475
Maximum Sheep Distance: 0.5079730949119997
Elapsed Time: 4m 10s
********** 56 **********
Average Fitness: 0.10066666666666667
Maximum Fitness: 0.3666666666666667
Average Pen Distance: 0.5078281997475164
Maximum Pen Distance: 0.8727068735617086
Average Dog Distance: 0.5060869183101829
Maximum Dog Distance: 0.8889452275490036
Average Sheep Distance: 0.34581809415945647
Maximum Sheep Distance: 0.5079730949119997
Elapsed Time: 4m 6s
********** 57 **********
Average Fitness: 0.10066666666666664
Maximum Fitness: 0.3666666666666667
Average Pen Distance: 0.49545437010168086
Maximum Pen Distance: 0.8727068735617086
Average Dog Distance: 0.5280646821195962
Maximum Dog Distance: 0.8889452275490036
Average Sheep Distance: 0.3449735654993347
Maximum Sheep Distance: 0.5079730949119997
Elapsed Time: 3m 50s
********** 58 **********
Average Fitness: 0.09733333333333333
Maximum Fitness: 0.3
Average Pen Distance: 0.5094128445666999
Maximum Pen Distance: 0.8727068735617086
Average Dog Distance: 0.52216958049936
Maximum Dog Distance: 0.8889452275490036
Average Sheep Distance: 0.34855101056196697
Maximum Sheep Distance: 0.5079730949119997
Elapsed Time: 4m 2s
********** 59 **********
Average Fitness: 0.10266666666666667
Maximum Fitness: 0.3666666666666667
Average Pen Distance: 0.5132228352171019
Maximum Pen Distance: 0.8727068735617086
Average Dog Distance: 0.527300174702555
Maximum Dog Distance: 0.8889452275490036
Average Sheep Distance: 0.34855276932530527
Maximum Sheep Distance: 0.5079730949119997
Elapsed Time: 3m 44s
********** 60 **********
Average Fitness: 0.10633333333333334
Maximum Fitness: 0.3666666666666667
Average Pen Distance: 0.5005007624864399
Maximum Pen Distance: 0.8727068735617086
Average Dog Distance: 0.5082537611583152
Maximum Dog Distance: 0.8889452275490036
Average Sheep Distance: 0.34476109693754764
Maximum Sheep Distance: 0.5079730949119997
Elapsed Time: 3m 50s
********** 61 **********
Average Fitness: 0.107
Maximum Fitness: 0.3666666666666667
Average Pen Distance: 0.504012617178837
Maximum Pen Distance: 0.8727068735617086
Average Dog Distance: 0.5145310675254313
Maximum Dog Distance: 0.8889452275490036
Average Sheep Distance: 0.34697981614157286
Maximum Sheep Distance: 0.5079730949119997
Elapsed Time: 3m 57s
********** 62 **********
Average Fitness: 0.10333333333333333
Maximum Fitness: 0.3666666666666667
Average Pen Distance: 0.5129193077260434
Maximum Pen Distance: 0.8727068735617086
Average Dog Distance: 0.5210612776381062
Maximum Dog Distance: 0.8889452275490036
Average Sheep Distance: 0.3537374338224159
Maximum Sheep Distance: 0.5079730949119997
Elapsed Time: 4m 20s
********** 63 **********
Average Fitness: 0.10299999999999997
Maximum Fitness: 0.3666666666666667
Average Pen Distance: 0.49635252735249524
Maximum Pen Distance: 0.8727068735617086
Average Dog Distance: 0.5194944735878011
Maximum Dog Distance: 0.8889452275490036
Average Sheep Distance: 0.353638037029054
Maximum Sheep Distance: 0.5079730949119997
Elapsed Time: 3m 43s
********** 64 **********
Average Fitness: 0.10033333333333333
Maximum Fitness: 0.3666666666666667
Average Pen Distance: 0.528060356862986
Maximum Pen Distance: 0.8727068735617086
Average Dog Distance: 0.5183362115699715
Maximum Dog Distance: 0.8889452275490036
Average Sheep Distance: 0.35509545992475566
Maximum Sheep Distance: 0.5079730949119997
Elapsed Time: 3m 44s
********** 65 **********
Average Fitness: 0.10366666666666666
Maximum Fitness: 0.3666666666666667
Average Pen Distance: 0.47864884429620747
Maximum Pen Distance: 0.8727068735617086
Average Dog Distance: 0.5108871593000434
Maximum Dog Distance: 0.8889452275490036
Average Sheep Distance: 0.35082526862114227
Maximum Sheep Distance: 0.5079730949119997
Elapsed Time: 3m 39s
********** 66 **********
Average Fitness: 0.09799999999999999
Maximum Fitness: 0.3666666666666667
Average Pen Distance: 0.5111346845218695
Maximum Pen Distance: 0.8727068735617086
Average Dog Distance: 0.5114423802400904
Maximum Dog Distance: 0.8889452275490036
Average Sheep Distance: 0.3523679626519322
Maximum Sheep Distance: 0.5079730949119997
Elapsed Time: 3m 56s
********** 67 **********
Average Fitness: 0.10099999999999999
Maximum Fitness: 0.3666666666666667
Average Pen Distance: 0.49361051961715996
Maximum Pen Distance: 0.8727068735617086
Average Dog Distance: 0.49705941981917495
Maximum Dog Distance: 0.8410482020948238
Average Sheep Distance: 0.3558398803142076
Maximum Sheep Distance: 0.5079730949119997
Elapsed Time: 3m 49s
********** 68 **********
Average Fitness: 0.09799999999999999
Maximum Fitness: 0.3666666666666667
Average Pen Distance: 0.5102103371002197
Maximum Pen Distance: 0.8727068735617086
Average Dog Distance: 0.49954918874390747
Maximum Dog Distance: 0.8590912441880371
Average Sheep Distance: 0.3523322688131975
Maximum Sheep Distance: 0.5079730949119997
Elapsed Time: 4m 7s
********** 69 **********
Average Fitness: 0.09266666666666666
Maximum Fitness: 0.3666666666666667
Average Pen Distance: 0.5228795433084515
Maximum Pen Distance: 0.8727068735617086
Average Dog Distance: 0.4978968620799028
Maximum Dog Distance: 0.8590912441880371
Average Sheep Distance: 0.3496293262148575
Maximum Sheep Distance: 0.5079730949119997
Elapsed Time: 3m 58s
********** 70 **********
Average Fitness: 0.099
Maximum Fitness: 0.3666666666666667
Average Pen Distance: 0.5308744064077195
Maximum Pen Distance: 0.8727068735617086
Average Dog Distance: 0.527556201588921
Maximum Dog Distance: 0.8590912441880371
Average Sheep Distance: 0.3492999393618158
Maximum Sheep Distance: 0.49161130257297464
Elapsed Time: 3m 40s
********** 71 **********
Average Fitness: 0.09866666666666665
Maximum Fitness: 0.3666666666666667
Average Pen Distance: 0.5230151074819898
Maximum Pen Distance: 0.8727068735617086
Average Dog Distance: 0.5032528320003058
Maximum Dog Distance: 0.8590912441880371
Average Sheep Distance: 0.35389247406990565
Maximum Sheep Distance: 0.49161130257297464
Elapsed Time: 3m 42s
********** 72 **********
Average Fitness: 0.10566666666666664
Maximum Fitness: 0.3666666666666667
Average Pen Distance: 0.521227663713355
Maximum Pen Distance: 0.8727068735617086
Average Dog Distance: 0.515071845150707
Maximum Dog Distance: 0.8590912441880371
Average Sheep Distance: 0.35634802126849313
Maximum Sheep Distance: 0.49161130257297464
Elapsed Time: 3m 51s
********** 73 **********
Average Fitness: 0.10266666666666666
Maximum Fitness: 0.3666666666666667
Average Pen Distance: 0.5325884663502155
Maximum Pen Distance: 0.8727068735617086
Average Dog Distance: 0.5231554951468373
Maximum Dog Distance: 0.8590912441880371
Average Sheep Distance: 0.35432739142074027
Maximum Sheep Distance: 0.49161130257297464
Elapsed Time: 3m 54s
********** 74 **********
Average Fitness: 0.10833333333333332
Maximum Fitness: 0.3666666666666667
Average Pen Distance: 0.5022529198479453
Maximum Pen Distance: 0.8727068735617086
Average Dog Distance: 0.5164400117539413
Maximum Dog Distance: 0.8590912441880371
Average Sheep Distance: 0.35147312680236636
Maximum Sheep Distance: 0.49161130257297464
Elapsed Time: 3m 58s
********** 75 **********
Average Fitness: 0.10333333333333332
Maximum Fitness: 0.3666666666666667
Average Pen Distance: 0.5086231316696356
Maximum Pen Distance: 0.8727068735617086
Average Dog Distance: 0.5129578247012941
Maximum Dog Distance: 0.8590912441880371
Average Sheep Distance: 0.354689380103041
Maximum Sheep Distance: 0.49161130257297464
Elapsed Time: 3m 48s
********** 76 **********
Average Fitness: 0.09833333333333333
Maximum Fitness: 0.3666666666666667
Average Pen Distance: 0.5198530751415593
Maximum Pen Distance: 0.8727068735617086
Average Dog Distance: 0.517399934903955
Maximum Dog Distance: 0.8590912441880371
Average Sheep Distance: 0.35204221812735703
Maximum Sheep Distance: 0.49161130257297464
Elapsed Time: 4m 10s
********** 77 **********
Average Fitness: 0.10166666666666664
Maximum Fitness: 0.3666666666666667
Average Pen Distance: 0.5072049747739847
Maximum Pen Distance: 0.8727068735617086
Average Dog Distance: 0.4975293330482138
Maximum Dog Distance: 0.8590912441880371
Average Sheep Distance: 0.3571677173301625
Maximum Sheep Distance: 0.49161130257297464
Elapsed Time: 3m 55s
********** 78 **********
Average Fitness: 0.10299999999999997
Maximum Fitness: 0.3666666666666667
Average Pen Distance: 0.5094500975146574
Maximum Pen Distance: 0.8727068735617086
Average Dog Distance: 0.51420988018854
Maximum Dog Distance: 0.8590912441880371
Average Sheep Distance: 0.3527692911446738
Maximum Sheep Distance: 0.49161130257297464
Elapsed Time: 4m 3s
********** 79 **********
Average Fitness: 0.10166666666666666
Maximum Fitness: 0.3666666666666667
Average Pen Distance: 0.49966981730338556
Maximum Pen Distance: 0.8727068735617086
Average Dog Distance: 0.5105603737894582
Maximum Dog Distance: 0.8590912441880371
Average Sheep Distance: 0.3479657538853141
Maximum Sheep Distance: 0.49161130257297464
Elapsed Time: 4m 9s
********** 80 **********
Average Fitness: 0.09799999999999999
Maximum Fitness: 0.3333333333333333
Average Pen Distance: 0.5170768472722002
Maximum Pen Distance: 0.8727068735617086
Average Dog Distance: 0.521899745067098
Maximum Dog Distance: 0.8590912441880371
Average Sheep Distance: 0.35215814141766816
Maximum Sheep Distance: 0.49161130257297464
Elapsed Time: 3m 55s
********** 81 **********
Average Fitness: 0.10166666666666666
Maximum Fitness: 0.3333333333333333
Average Pen Distance: 0.5112969046602814
Maximum Pen Distance: 0.8727068735617086
Average Dog Distance: 0.5135842478951859
Maximum Dog Distance: 0.8590912441880371
Average Sheep Distance: 0.35404473854864227
Maximum Sheep Distance: 0.49161130257297464
Elapsed Time: 4m 2s
********** 82 **********
Average Fitness: 0.10166666666666666
Maximum Fitness: 0.3333333333333333
Average Pen Distance: 0.4860027789543516
Maximum Pen Distance: 0.8727068735617086
Average Dog Distance: 0.5043380840162022
Maximum Dog Distance: 0.8590912441880371
Average Sheep Distance: 0.35390545229022435
Maximum Sheep Distance: 0.49161130257297464
Elapsed Time: 4m 29s
********** 83 **********
Average Fitness: 0.09899999999999999
Maximum Fitness: 0.3
Average Pen Distance: 0.5042893151638504
Maximum Pen Distance: 0.8888840279532766
Average Dog Distance: 0.5137120756203228
Maximum Dog Distance: 0.8590912441880371
Average Sheep Distance: 0.3520651815782123
Maximum Sheep Distance: 0.49161130257297464
Elapsed Time: 4m 17s
********** 84 **********
Average Fitness: 0.10833333333333332
Maximum Fitness: 0.3333333333333333
Average Pen Distance: 0.4972423653402269
Maximum Pen Distance: 0.8757903828785808
Average Dog Distance: 0.5175422297230136
Maximum Dog Distance: 0.8590912441880371
Average Sheep Distance: 0.35208988124863727
Maximum Sheep Distance: 0.49161130257297464
Elapsed Time: 4m 5s
********** 85 **********
Average Fitness: 0.11
Maximum Fitness: 0.3333333333333333
Average Pen Distance: 0.509670712929402
Maximum Pen Distance: 0.8757903828785808
Average Dog Distance: 0.5048183291663296
Maximum Dog Distance: 0.8590912441880371
Average Sheep Distance: 0.35584646518760527
Maximum Sheep Distance: 0.49161130257297464
Elapsed Time: 3m 57s
********** 86 **********
Average Fitness: 0.10066666666666667
Maximum Fitness: 0.3333333333333333
Average Pen Distance: 0.5092246689984452
Maximum Pen Distance: 0.8757903828785808
Average Dog Distance: 0.5080834489859501
Maximum Dog Distance: 0.8590912441880371
Average Sheep Distance: 0.3520615066157461
Maximum Sheep Distance: 0.49161130257297464
Elapsed Time: 3m 58s
********** 87 **********
Average Fitness: 0.1
Maximum Fitness: 0.3333333333333333
Average Pen Distance: 0.5195000658617083
Maximum Pen Distance: 0.8757903828785808
Average Dog Distance: 0.4987127399361421
Maximum Dog Distance: 0.8590912441880371
Average Sheep Distance: 0.3482331342198783
Maximum Sheep Distance: 0.49161130257297464
Elapsed Time: 3m 57s
********** 88 **********
Average Fitness: 0.10399999999999998
Maximum Fitness: 0.3333333333333333
Average Pen Distance: 0.497136333034603
Maximum Pen Distance: 0.8757903828785808
Average Dog Distance: 0.5044814091215362
Maximum Dog Distance: 0.8590912441880371
Average Sheep Distance: 0.34647408198810825
Maximum Sheep Distance: 0.49161130257297464
Elapsed Time: 4m 33s
********** 89 **********
Average Fitness: 0.10933333333333334
Maximum Fitness: 0.3666666666666667
Average Pen Distance: 0.506249784111602
Maximum Pen Distance: 0.8757903828785808
Average Dog Distance: 0.516547975906648
Maximum Dog Distance: 0.8590912441880371
Average Sheep Distance: 0.35142533978678303
Maximum Sheep Distance: 0.49161130257297464
Elapsed Time: 3m 59s
********** 90 **********
Average Fitness: 0.10566666666666664
Maximum Fitness: 0.3666666666666667
Average Pen Distance: 0.5098462236445696
Maximum Pen Distance: 0.8757903828785808
Average Dog Distance: 0.5203062424798669
Maximum Dog Distance: 0.8590912441880371
Average Sheep Distance: 0.34953833817756924
Maximum Sheep Distance: 0.49161130257297464
Elapsed Time: 3m 58s
********** 91 **********
Average Fitness: 0.10666666666666667
Maximum Fitness: 0.3666666666666667
Average Pen Distance: 0.49533464186081355
Maximum Pen Distance: 0.8757903828785808
Average Dog Distance: 0.5109209332734778
Maximum Dog Distance: 0.8590912441880371
Average Sheep Distance: 0.3452926425187646
Maximum Sheep Distance: 0.49161130257297464
Elapsed Time: 4m 6s
********** 92 **********
Average Fitness: 0.09799999999999999
Maximum Fitness: 0.3666666666666667
Average Pen Distance: 0.525644844063114
Maximum Pen Distance: 0.8757903828785808
Average Dog Distance: 0.5228577446132747
Maximum Dog Distance: 0.8590912441880371
Average Sheep Distance: 0.35003802156068003
Maximum Sheep Distance: 0.49161130257297464
Elapsed Time: 3m 45s
********** 93 **********
Average Fitness: 0.10066666666666667
Maximum Fitness: 0.3666666666666667
Average Pen Distance: 0.5148222294465252
Maximum Pen Distance: 0.8757903828785808
Average Dog Distance: 0.514575643192382
Maximum Dog Distance: 0.8590912441880371
Average Sheep Distance: 0.34637411207109087
Maximum Sheep Distance: 0.49161130257297464
Elapsed Time: 3m 57s
********** 94 **********
Average Fitness: 0.10066666666666664
Maximum Fitness: 0.3666666666666667
Average Pen Distance: 0.5146070975261966
Maximum Pen Distance: 0.8757903828785808
Average Dog Distance: 0.5122634539024628
Maximum Dog Distance: 0.8590912441880371
Average Sheep Distance: 0.34659904286730897
Maximum Sheep Distance: 0.49161130257297464
Elapsed Time: 4m 6s
********** 95 **********
Average Fitness: 0.10099999999999999
Maximum Fitness: 0.3666666666666667
Average Pen Distance: 0.5329871395252478
Maximum Pen Distance: 0.8757903828785808
Average Dog Distance: 0.5148729726036586
Maximum Dog Distance: 0.8590912441880371
Average Sheep Distance: 0.3483934245449782
Maximum Sheep Distance: 0.49161130257297464
Elapsed Time: 3m 52s
********** 96 **********
Average Fitness: 0.10233333333333335
Maximum Fitness: 0.3666666666666667
Average Pen Distance: 0.5070730253986241
Maximum Pen Distance: 0.8757903828785808
Average Dog Distance: 0.5128803127514687
Maximum Dog Distance: 0.8590912441880371
Average Sheep Distance: 0.34006170208433695
Maximum Sheep Distance: 0.49161130257297464
Elapsed Time: 3m 43s
********** 97 **********
Average Fitness: 0.10100000000000002
Maximum Fitness: 0.3333333333333333
Average Pen Distance: 0.49337151429900206
Maximum Pen Distance: 0.8757903828785808
Average Dog Distance: 0.5127441606795771
Maximum Dog Distance: 0.8590912441880371
Average Sheep Distance: 0.34486026359455046
Maximum Sheep Distance: 0.49161130257297464
Elapsed Time: 4m 8s
********** 98 **********
Average Fitness: 0.10066666666666667
Maximum Fitness: 0.3333333333333333
Average Pen Distance: 0.5185477881840072
Maximum Pen Distance: 0.8757903828785808
Average Dog Distance: 0.5056041519528168
Maximum Dog Distance: 0.8590912441880371
Average Sheep Distance: 0.347576519615503
Maximum Sheep Distance: 0.49161130257297464
Elapsed Time: 3m 50s
********** 99 **********
Average Fitness: 0.09699999999999999
Maximum Fitness: 0.3333333333333333
Average Pen Distance: 0.5212253306708305
Maximum Pen Distance: 0.8757903828785808
Average Dog Distance: 0.49171567785945536
Maximum Dog Distance: 0.8590912441880371
Average Sheep Distance: 0.34942559952943425
Maximum Sheep Distance: 0.49161130257297464
Elapsed Time: 3m 51s
********** 100 **********
Average Fitness: 0.096
Maximum Fitness: 0.3333333333333333
Average Pen Distance: 0.5150913374126798
Maximum Pen Distance: 0.8757903828785808
Average Dog Distance: 0.5048900601948296
Maximum Dog Distance: 0.8590912441880371
Average Sheep Distance: 0.3495697396627818
Maximum Sheep Distance: 0.49161130257297464
Elapsed Time: 3m 37s
