nproc is 1
cnode0337.cm.cluster
********** 1 **********
Average Fitness: 0.06899999999999999
Maximum Fitness: 0.20000000000000004
Average Pen Distance: 0.5081038243390923
Maximum Pen Distance: 0.7548898583431352
Average Dog Distance: 0.6041432981731895
Maximum Dog Distance: 0.8107335498276799
Average Sheep Distance: 0.3535136449174935
Maximum Sheep Distance: 0.44831155261005157
Elapsed Time: 10m 8s
********** 2 **********
Average Fitness: 0.076
Maximum Fitness: 0.26666666666666666
Average Pen Distance: 0.5147688956752975
Maximum Pen Distance: 0.7548898583431352
Average Dog Distance: 0.5881515968561125
Maximum Dog Distance: 0.845022212431179
Average Sheep Distance: 0.35848877162660114
Maximum Sheep Distance: 0.45244155443704326
Elapsed Time: 5m 6s
********** 3 **********
Average Fitness: 0.07999999999999999
Maximum Fitness: 0.26666666666666666
Average Pen Distance: 0.5020877627477955
Maximum Pen Distance: 0.7548898583431352
Average Dog Distance: 0.5738470062660451
Maximum Dog Distance: 0.845022212431179
Average Sheep Distance: 0.36209522187293786
Maximum Sheep Distance: 0.4565306513226261
Elapsed Time: 5m 6s
********** 4 **********
Average Fitness: 0.079
Maximum Fitness: 0.26666666666666666
Average Pen Distance: 0.5047364929393077
Maximum Pen Distance: 0.7548898583431352
Average Dog Distance: 0.565759807101603
Maximum Dog Distance: 0.845022212431179
Average Sheep Distance: 0.36232661544988404
Maximum Sheep Distance: 0.4565306513226261
Elapsed Time: 5m 12s
********** 5 **********
Average Fitness: 0.075
Maximum Fitness: 0.26666666666666666
Average Pen Distance: 0.5045841394827479
Maximum Pen Distance: 0.7637808971941947
Average Dog Distance: 0.5664514687245618
Maximum Dog Distance: 0.845022212431179
Average Sheep Distance: 0.36099298158056337
Maximum Sheep Distance: 0.4565306513226261
Elapsed Time: 5m 11s
********** 6 **********
Average Fitness: 0.07566666666666666
Maximum Fitness: 0.26666666666666666
Average Pen Distance: 0.5071456882117686
Maximum Pen Distance: 0.7902839593912755
Average Dog Distance: 0.5588541924488853
Maximum Dog Distance: 0.845022212431179
Average Sheep Distance: 0.36329834187628685
Maximum Sheep Distance: 0.4581895199303354
Elapsed Time: 5m 10s
********** 7 **********
Average Fitness: 0.07533333333333334
Maximum Fitness: 0.26666666666666666
Average Pen Distance: 0.507680041638685
Maximum Pen Distance: 0.7902839593912755
Average Dog Distance: 0.5645113328668188
Maximum Dog Distance: 0.845022212431179
Average Sheep Distance: 0.36790507467785355
Maximum Sheep Distance: 0.48485083205876406
Elapsed Time: 5m 21s
********** 8 **********
Average Fitness: 0.075
Maximum Fitness: 0.2333333333333333
Average Pen Distance: 0.506376211041361
Maximum Pen Distance: 0.7902839593912755
Average Dog Distance: 0.5683794884756057
Maximum Dog Distance: 0.845022212431179
Average Sheep Distance: 0.3676838916469083
Maximum Sheep Distance: 0.48485083205876406
Elapsed Time: 5m 8s
********** 9 **********
Average Fitness: 0.076
Maximum Fitness: 0.2333333333333333
Average Pen Distance: 0.49148578279996946
Maximum Pen Distance: 0.7902839593912755
Average Dog Distance: 0.5531274868447253
Maximum Dog Distance: 0.845022212431179
Average Sheep Distance: 0.36904128311158635
Maximum Sheep Distance: 0.48485083205876406
Elapsed Time: 5m 7s
********** 10 **********
Average Fitness: 0.07866666666666665
Maximum Fitness: 0.3
Average Pen Distance: 0.5117554090492225
Maximum Pen Distance: 0.7902839593912755
Average Dog Distance: 0.5632832137191872
Maximum Dog Distance: 0.8747271484243063
Average Sheep Distance: 0.37357460358157435
Maximum Sheep Distance: 0.48485083205876406
Elapsed Time: 5m 5s
********** 11 **********
Average Fitness: 0.087
Maximum Fitness: 0.3
Average Pen Distance: 0.4891998788482805
Maximum Pen Distance: 0.7902839593912755
Average Dog Distance: 0.5727519018174756
Maximum Dog Distance: 0.8747271484243063
Average Sheep Distance: 0.37293995716125783
Maximum Sheep Distance: 0.48485083205876406
Elapsed Time: 5m 3s
********** 12 **********
Average Fitness: 0.08566666666666667
Maximum Fitness: 0.3
Average Pen Distance: 0.49369092504556306
Maximum Pen Distance: 0.7924680954143052
Average Dog Distance: 0.5689680345277481
Maximum Dog Distance: 0.8747271484243063
Average Sheep Distance: 0.37424655963980463
Maximum Sheep Distance: 0.48485083205876406
Elapsed Time: 5m 7s
********** 13 **********
Average Fitness: 0.07833333333333332
Maximum Fitness: 0.3
Average Pen Distance: 0.4956009974528887
Maximum Pen Distance: 0.7902839593912755
Average Dog Distance: 0.5575592550496896
Maximum Dog Distance: 0.8747271484243063
Average Sheep Distance: 0.3773846493925779
Maximum Sheep Distance: 0.48485083205876406
Elapsed Time: 5m 7s
********** 14 **********
Average Fitness: 0.08399999999999999
Maximum Fitness: 0.3
Average Pen Distance: 0.49750703371948374
Maximum Pen Distance: 0.7902839593912755
Average Dog Distance: 0.5559975574806263
Maximum Dog Distance: 0.8747271484243063
Average Sheep Distance: 0.37091372091550295
Maximum Sheep Distance: 0.48485083205876406
Elapsed Time: 5m 14s
********** 15 **********
Average Fitness: 0.09066666666666665
Maximum Fitness: 0.3
Average Pen Distance: 0.4998710332991172
Maximum Pen Distance: 0.7971543366266044
Average Dog Distance: 0.5660221665190108
Maximum Dog Distance: 0.8747271484243063
Average Sheep Distance: 0.37468827140527206
Maximum Sheep Distance: 0.48485083205876406
Elapsed Time: 5m 5s
********** 16 **********
Average Fitness: 0.08899999999999998
Maximum Fitness: 0.3
Average Pen Distance: 0.5006627455703984
Maximum Pen Distance: 0.7971543366266044
Average Dog Distance: 0.5583447455732915
Maximum Dog Distance: 0.8747271484243063
Average Sheep Distance: 0.37397210693402366
Maximum Sheep Distance: 0.47837548937948654
Elapsed Time: 5m 10s
********** 17 **********
Average Fitness: 0.09066666666666666
Maximum Fitness: 0.3
Average Pen Distance: 0.5058132990183084
Maximum Pen Distance: 0.7971543366266044
Average Dog Distance: 0.5785335732379123
Maximum Dog Distance: 0.8747271484243063
Average Sheep Distance: 0.37763418674182014
Maximum Sheep Distance: 0.4857323395213536
Elapsed Time: 5m 14s
********** 18 **********
Average Fitness: 0.08899999999999998
Maximum Fitness: 0.3
Average Pen Distance: 0.508006137780177
Maximum Pen Distance: 0.7971543366266044
Average Dog Distance: 0.5738419507653838
Maximum Dog Distance: 0.8747271484243063
Average Sheep Distance: 0.3758033059241107
Maximum Sheep Distance: 0.49518953555300776
Elapsed Time: 5m 13s
********** 19 **********
Average Fitness: 0.08866666666666666
Maximum Fitness: 0.3
Average Pen Distance: 0.5138071305738928
Maximum Pen Distance: 0.7971543366266044
Average Dog Distance: 0.5655467795309072
Maximum Dog Distance: 0.8747271484243063
Average Sheep Distance: 0.37812302875114023
Maximum Sheep Distance: 0.49518953555300776
Elapsed Time: 5m 5s
********** 20 **********
Average Fitness: 0.092
Maximum Fitness: 0.3
Average Pen Distance: 0.5059050550198225
Maximum Pen Distance: 0.7971543366266044
Average Dog Distance: 0.5788614890761647
Maximum Dog Distance: 0.8747271484243063
Average Sheep Distance: 0.37720939169091494
Maximum Sheep Distance: 0.49518953555300776
Elapsed Time: 5m 4s
********** 21 **********
Average Fitness: 0.09766666666666665
Maximum Fitness: 0.3
Average Pen Distance: 0.48755960207078375
Maximum Pen Distance: 0.7971543366266044
Average Dog Distance: 0.5468487286545828
Maximum Dog Distance: 0.8797217365405748
Average Sheep Distance: 0.3758031555166398
Maximum Sheep Distance: 0.49518953555300776
Elapsed Time: 5m 4s
********** 22 **********
Average Fitness: 0.09399999999999999
Maximum Fitness: 0.3
Average Pen Distance: 0.5040641645273087
Maximum Pen Distance: 0.7971543366266044
Average Dog Distance: 0.5637372211769974
Maximum Dog Distance: 0.8797217365405748
Average Sheep Distance: 0.3781077522842358
Maximum Sheep Distance: 0.49518953555300776
Elapsed Time: 5m 17s
********** 23 **********
Average Fitness: 0.09399999999999999
Maximum Fitness: 0.26666666666666666
Average Pen Distance: 0.4757564786383647
Maximum Pen Distance: 0.7971543366266044
Average Dog Distance: 0.5286582044107874
Maximum Dog Distance: 0.8797217365405748
Average Sheep Distance: 0.3736770270271911
Maximum Sheep Distance: 0.49518953555300776
Elapsed Time: 5m 21s
********** 24 **********
Average Fitness: 0.08566666666666664
Maximum Fitness: 0.26666666666666666
Average Pen Distance: 0.5020188270670292
Maximum Pen Distance: 0.7971543366266044
Average Dog Distance: 0.5693306778607248
Maximum Dog Distance: 0.8797217365405748
Average Sheep Distance: 0.37625899850006667
Maximum Sheep Distance: 0.49518953555300776
Elapsed Time: 5m 9s
********** 25 **********
Average Fitness: 0.081
Maximum Fitness: 0.26666666666666666
Average Pen Distance: 0.5011447807991274
Maximum Pen Distance: 0.7971543366266044
Average Dog Distance: 0.5643064274275977
Maximum Dog Distance: 0.8801265354733802
Average Sheep Distance: 0.3794578283722933
Maximum Sheep Distance: 0.508291192285309
Elapsed Time: 5m 6s
********** 26 **********
Average Fitness: 0.08133333333333333
Maximum Fitness: 0.26666666666666666
Average Pen Distance: 0.5142377001947326
Maximum Pen Distance: 0.7971543366266044
Average Dog Distance: 0.5489993969449586
Maximum Dog Distance: 0.8801265354733802
Average Sheep Distance: 0.38501669228189106
Maximum Sheep Distance: 0.508291192285309
Elapsed Time: 5m 9s
********** 27 **********
Average Fitness: 0.08399999999999999
Maximum Fitness: 0.26666666666666666
Average Pen Distance: 0.476991350690375
Maximum Pen Distance: 0.7971543366266044
Average Dog Distance: 0.566872925137951
Maximum Dog Distance: 0.8801265354733802
Average Sheep Distance: 0.37515119751179454
Maximum Sheep Distance: 0.508291192285309
Elapsed Time: 5m 8s
********** 28 **********
Average Fitness: 0.08399999999999999
Maximum Fitness: 0.26666666666666666
Average Pen Distance: 0.4944923006235352
Maximum Pen Distance: 0.7971543366266044
Average Dog Distance: 0.5410453556219729
Maximum Dog Distance: 0.8801265354733802
Average Sheep Distance: 0.3795302639503242
Maximum Sheep Distance: 0.508291192285309
Elapsed Time: 5m 6s
********** 29 **********
Average Fitness: 0.0873333333333333
Maximum Fitness: 0.26666666666666666
Average Pen Distance: 0.4994209066366631
Maximum Pen Distance: 0.7971543366266044
Average Dog Distance: 0.5738990638725274
Maximum Dog Distance: 0.8801265354733802
Average Sheep Distance: 0.37529250951051446
Maximum Sheep Distance: 0.508291192285309
Elapsed Time: 5m 13s
********** 30 **********
Average Fitness: 0.09133333333333331
Maximum Fitness: 0.26666666666666666
Average Pen Distance: 0.47884486879404714
Maximum Pen Distance: 0.7971543366266044
Average Dog Distance: 0.5484867708784177
Maximum Dog Distance: 0.8801265354733802
Average Sheep Distance: 0.3832202941180485
Maximum Sheep Distance: 0.508291192285309
Elapsed Time: 5m 10s
********** 31 **********
Average Fitness: 0.09366666666666668
Maximum Fitness: 0.26666666666666666
Average Pen Distance: 0.4954379201021509
Maximum Pen Distance: 0.7971543366266044
Average Dog Distance: 0.5604972715482958
Maximum Dog Distance: 0.8801265354733802
Average Sheep Distance: 0.37658005993707855
Maximum Sheep Distance: 0.508291192285309
Elapsed Time: 5m 11s
********** 32 **********
Average Fitness: 0.091
Maximum Fitness: 0.26666666666666666
Average Pen Distance: 0.4870601982508335
Maximum Pen Distance: 0.7971543366266044
Average Dog Distance: 0.5481915770679167
Maximum Dog Distance: 0.8801265354733802
Average Sheep Distance: 0.3692060974266642
Maximum Sheep Distance: 0.49648585776752513
Elapsed Time: 5m 3s
********** 33 **********
Average Fitness: 0.09133333333333332
Maximum Fitness: 0.26666666666666666
Average Pen Distance: 0.490785667518861
Maximum Pen Distance: 0.7971543366266044
Average Dog Distance: 0.5449238639513564
Maximum Dog Distance: 0.8801265354733802
Average Sheep Distance: 0.3689316106050399
Maximum Sheep Distance: 0.49648585776752513
Elapsed Time: 5m 11s
********** 34 **********
Average Fitness: 0.09266666666666666
Maximum Fitness: 0.3
Average Pen Distance: 0.4948260687037758
Maximum Pen Distance: 0.7971543366266044
Average Dog Distance: 0.5419054057971548
Maximum Dog Distance: 0.8801265354733802
Average Sheep Distance: 0.36802789782497053
Maximum Sheep Distance: 0.49648585776752513
Elapsed Time: 5m 22s
********** 35 **********
Average Fitness: 0.09366666666666663
Maximum Fitness: 0.3
Average Pen Distance: 0.4989647547474154
Maximum Pen Distance: 0.7971543366266044
Average Dog Distance: 0.5665835990395676
Maximum Dog Distance: 0.8801265354733802
Average Sheep Distance: 0.37429972837512204
Maximum Sheep Distance: 0.49648585776752513
Elapsed Time: 5m 10s
********** 36 **********
Average Fitness: 0.09833333333333333
Maximum Fitness: 0.3
Average Pen Distance: 0.505187395011847
Maximum Pen Distance: 0.7971543366266044
Average Dog Distance: 0.5463859558950102
Maximum Dog Distance: 0.8801265354733802
Average Sheep Distance: 0.371992882921485
Maximum Sheep Distance: 0.49648585776752513
Elapsed Time: 5m 7s
********** 37 **********
Average Fitness: 0.10833333333333332
Maximum Fitness: 0.3
Average Pen Distance: 0.4936711919648187
Maximum Pen Distance: 0.7971543366266044
Average Dog Distance: 0.567906106231709
Maximum Dog Distance: 0.8801265354733802
Average Sheep Distance: 0.3677780627525257
Maximum Sheep Distance: 0.49648585776752513
Elapsed Time: 5m 5s
********** 38 **********
Average Fitness: 0.09866666666666667
Maximum Fitness: 0.3
Average Pen Distance: 0.5024500736919303
Maximum Pen Distance: 0.7971543366266044
Average Dog Distance: 0.5481625034437949
Maximum Dog Distance: 0.8801265354733802
Average Sheep Distance: 0.37815173126222307
Maximum Sheep Distance: 0.5044965354264909
Elapsed Time: 5m 9s
********** 39 **********
Average Fitness: 0.10499999999999998
Maximum Fitness: 0.39999999999999997
Average Pen Distance: 0.49640661337887976
Maximum Pen Distance: 0.7971543366266044
Average Dog Distance: 0.5582164224422823
Maximum Dog Distance: 0.8801265354733802
Average Sheep Distance: 0.38125535150846274
Maximum Sheep Distance: 0.5044965354264909
Elapsed Time: 5m 11s
********** 40 **********
Average Fitness: 0.09933333333333333
Maximum Fitness: 0.39999999999999997
Average Pen Distance: 0.5093425799712147
Maximum Pen Distance: 0.7971543366266044
Average Dog Distance: 0.5461402555681061
Maximum Dog Distance: 0.8801265354733802
Average Sheep Distance: 0.3832211877576715
Maximum Sheep Distance: 0.5044965354264909
Elapsed Time: 5m 5s
********** 41 **********
Average Fitness: 0.09466666666666665
Maximum Fitness: 0.39999999999999997
Average Pen Distance: 0.5033419858324655
Maximum Pen Distance: 0.7971543366266044
Average Dog Distance: 0.5365105451885039
Maximum Dog Distance: 0.8801265354733802
Average Sheep Distance: 0.3794588023753978
Maximum Sheep Distance: 0.5044965354264909
Elapsed Time: 5m 6s
********** 42 **********
Average Fitness: 0.096
Maximum Fitness: 0.39999999999999997
Average Pen Distance: 0.5066035123893192
Maximum Pen Distance: 0.7971543366266044
Average Dog Distance: 0.5400337269450065
Maximum Dog Distance: 0.8801265354733802
Average Sheep Distance: 0.3789585029056168
Maximum Sheep Distance: 0.5044965354264909
Elapsed Time: 5m 12s
********** 43 **********
Average Fitness: 0.09399999999999999
Maximum Fitness: 0.39999999999999997
Average Pen Distance: 0.5135137872735984
Maximum Pen Distance: 0.7971543366266044
Average Dog Distance: 0.5362504697289532
Maximum Dog Distance: 0.8801265354733802
Average Sheep Distance: 0.38645604510366893
Maximum Sheep Distance: 0.5044965354264909
Elapsed Time: 5m 3s
********** 44 **********
Average Fitness: 0.09533333333333333
Maximum Fitness: 0.39999999999999997
Average Pen Distance: 0.4969966434376811
Maximum Pen Distance: 0.7971543366266044
Average Dog Distance: 0.5421848490411525
Maximum Dog Distance: 0.8801265354733802
Average Sheep Distance: 0.3794412301138959
Maximum Sheep Distance: 0.49648585776752513
Elapsed Time: 5m 6s
********** 45 **********
Average Fitness: 0.09866666666666665
Maximum Fitness: 0.39999999999999997
Average Pen Distance: 0.4989088545736881
Maximum Pen Distance: 0.7971543366266044
Average Dog Distance: 0.5353400179867251
Maximum Dog Distance: 0.8801265354733802
Average Sheep Distance: 0.38242775858789757
Maximum Sheep Distance: 0.5085590305467397
Elapsed Time: 5m 4s
********** 46 **********
Average Fitness: 0.09066666666666666
Maximum Fitness: 0.39999999999999997
Average Pen Distance: 0.5154258976090237
Maximum Pen Distance: 0.7971543366266044
Average Dog Distance: 0.5333894943225183
Maximum Dog Distance: 0.8801265354733802
Average Sheep Distance: 0.38462819023037076
Maximum Sheep Distance: 0.5085590305467397
Elapsed Time: 5m 3s
********** 47 **********
Average Fitness: 0.08733333333333332
Maximum Fitness: 0.39999999999999997
Average Pen Distance: 0.5115198958465215
Maximum Pen Distance: 0.8050339105742558
Average Dog Distance: 0.5099739658230287
Maximum Dog Distance: 0.8371405875083492
Average Sheep Distance: 0.3850297933270792
Maximum Sheep Distance: 0.5085590305467397
Elapsed Time: 5m 5s
********** 48 **********
Average Fitness: 0.08633333333333332
Maximum Fitness: 0.39999999999999997
Average Pen Distance: 0.5013083068859651
Maximum Pen Distance: 0.8050339105742558
Average Dog Distance: 0.520374579315454
Maximum Dog Distance: 0.8371405875083492
Average Sheep Distance: 0.38503412204927107
Maximum Sheep Distance: 0.5085590305467397
Elapsed Time: 5m 7s
********** 49 **********
Average Fitness: 0.08366666666666665
Maximum Fitness: 0.39999999999999997
Average Pen Distance: 0.5122744640422023
Maximum Pen Distance: 0.8050339105742558
Average Dog Distance: 0.5121269407938965
Maximum Dog Distance: 0.8371405875083492
Average Sheep Distance: 0.38288123098111265
Maximum Sheep Distance: 0.5085590305467397
Elapsed Time: 5m 6s
********** 50 **********
Average Fitness: 0.08566666666666667
Maximum Fitness: 0.39999999999999997
Average Pen Distance: 0.5181653589188584
Maximum Pen Distance: 0.8161060275810904
Average Dog Distance: 0.5349690456895845
Maximum Dog Distance: 0.8371405875083492
Average Sheep Distance: 0.3854859685454703
Maximum Sheep Distance: 0.5085590305467397
Elapsed Time: 5m 5s
********** 51 **********
Average Fitness: 0.09366666666666663
Maximum Fitness: 0.39999999999999997
Average Pen Distance: 0.4998485794049843
Maximum Pen Distance: 0.8161060275810904
Average Dog Distance: 0.5371800022979809
Maximum Dog Distance: 0.8371405875083492
Average Sheep Distance: 0.3809532430001423
Maximum Sheep Distance: 0.5085590305467397
Elapsed Time: 5m 5s
********** 52 **********
Average Fitness: 0.08966666666666664
Maximum Fitness: 0.39999999999999997
Average Pen Distance: 0.5322006400864016
Maximum Pen Distance: 0.8161060275810904
Average Dog Distance: 0.5258152250155256
Maximum Dog Distance: 0.8371405875083492
Average Sheep Distance: 0.3863046093412032
Maximum Sheep Distance: 0.5085590305467397
Elapsed Time: 5m 17s
********** 53 **********
Average Fitness: 0.09566666666666666
Maximum Fitness: 0.39999999999999997
Average Pen Distance: 0.49706242853944
Maximum Pen Distance: 0.8161060275810904
Average Dog Distance: 0.528591820594659
Maximum Dog Distance: 0.8371405875083492
Average Sheep Distance: 0.3806535237966523
Maximum Sheep Distance: 0.5085590305467397
Elapsed Time: 5m 9s
********** 54 **********
Average Fitness: 0.09166666666666666
Maximum Fitness: 0.3666666666666667
Average Pen Distance: 0.5122774233073958
Maximum Pen Distance: 0.8161060275810904
Average Dog Distance: 0.5460887852609951
Maximum Dog Distance: 0.84764652929113
Average Sheep Distance: 0.38154413841516704
Maximum Sheep Distance: 0.5085590305467397
Elapsed Time: 5m 12s
********** 55 **********
Average Fitness: 0.09666666666666666
Maximum Fitness: 0.3333333333333333
Average Pen Distance: 0.5008958993758656
Maximum Pen Distance: 0.8161060275810904
Average Dog Distance: 0.5425951227283812
Maximum Dog Distance: 0.8371405875083492
Average Sheep Distance: 0.38408198787755893
Maximum Sheep Distance: 0.5085590305467397
Elapsed Time: 5m 8s
********** 56 **********
Average Fitness: 0.095
Maximum Fitness: 0.3333333333333333
Average Pen Distance: 0.5118626403886892
Maximum Pen Distance: 0.8161060275810904
Average Dog Distance: 0.510767739149053
Maximum Dog Distance: 0.8371405875083492
Average Sheep Distance: 0.382366096182198
Maximum Sheep Distance: 0.5085590305467397
Elapsed Time: 5m 11s
********** 57 **********
Average Fitness: 0.09533333333333335
Maximum Fitness: 0.3333333333333333
Average Pen Distance: 0.5143767256619709
Maximum Pen Distance: 0.8161060275810904
Average Dog Distance: 0.5163701289855123
Maximum Dog Distance: 0.8371405875083492
Average Sheep Distance: 0.37795521479660893
Maximum Sheep Distance: 0.559179222040966
Elapsed Time: 5m 6s
********** 58 **********
Average Fitness: 0.099
Maximum Fitness: 0.3333333333333333
Average Pen Distance: 0.5142857993177847
Maximum Pen Distance: 0.8161060275810904
Average Dog Distance: 0.5342461465865425
Maximum Dog Distance: 0.8371405875083492
Average Sheep Distance: 0.38418744289333817
Maximum Sheep Distance: 0.559179222040966
Elapsed Time: 5m 9s
********** 59 **********
Average Fitness: 0.09699999999999999
Maximum Fitness: 0.3333333333333333
Average Pen Distance: 0.525309032178562
Maximum Pen Distance: 0.8161060275810904
Average Dog Distance: 0.5179944238179002
Maximum Dog Distance: 0.8371405875083492
Average Sheep Distance: 0.3803812044315453
Maximum Sheep Distance: 0.559179222040966
Elapsed Time: 5m 9s
********** 60 **********
Average Fitness: 0.10066666666666664
Maximum Fitness: 0.3666666666666667
Average Pen Distance: 0.526198278804285
Maximum Pen Distance: 0.8161060275810904
Average Dog Distance: 0.5376008695223397
Maximum Dog Distance: 0.8371405875083492
Average Sheep Distance: 0.38210642140057055
Maximum Sheep Distance: 0.559179222040966
Elapsed Time: 5m 12s
********** 61 **********
Average Fitness: 0.098
Maximum Fitness: 0.3666666666666667
Average Pen Distance: 0.5395487099705634
Maximum Pen Distance: 0.8326531471481763
Average Dog Distance: 0.5315753649266355
Maximum Dog Distance: 0.8371405875083492
Average Sheep Distance: 0.3891230411821651
Maximum Sheep Distance: 0.559179222040966
Elapsed Time: 5m 11s
********** 62 **********
Average Fitness: 0.09966666666666665
Maximum Fitness: 0.3333333333333333
Average Pen Distance: 0.5336079447499976
Maximum Pen Distance: 0.8326531471481763
Average Dog Distance: 0.5207204481898525
Maximum Dog Distance: 0.8371405875083492
Average Sheep Distance: 0.38458699737582563
Maximum Sheep Distance: 0.559179222040966
Elapsed Time: 5m 2s
********** 63 **********
Average Fitness: 0.10133333333333333
Maximum Fitness: 0.3666666666666667
Average Pen Distance: 0.5419610751564172
Maximum Pen Distance: 0.8326531471481763
Average Dog Distance: 0.5290396045129302
Maximum Dog Distance: 0.8351822178927462
Average Sheep Distance: 0.38606669645328445
Maximum Sheep Distance: 0.559179222040966
Elapsed Time: 5m 9s
********** 64 **********
Average Fitness: 0.09466666666666665
Maximum Fitness: 0.3666666666666667
Average Pen Distance: 0.5530920594471852
Maximum Pen Distance: 0.8326531471481763
Average Dog Distance: 0.5364620743472938
Maximum Dog Distance: 0.8505346121448684
Average Sheep Distance: 0.38632871519094286
Maximum Sheep Distance: 0.559179222040966
Elapsed Time: 5m 9s
********** 65 **********
Average Fitness: 0.08666666666666666
Maximum Fitness: 0.3333333333333333
Average Pen Distance: 0.5330187505421743
Maximum Pen Distance: 0.8326531471481763
Average Dog Distance: 0.5323747812116294
Maximum Dog Distance: 0.8505346121448684
Average Sheep Distance: 0.38609297604914294
Maximum Sheep Distance: 0.559179222040966
Elapsed Time: 5m 6s
********** 66 **********
Average Fitness: 0.094
Maximum Fitness: 0.3333333333333333
Average Pen Distance: 0.5438675908077955
Maximum Pen Distance: 0.8326531471481763
Average Dog Distance: 0.5347954869466478
Maximum Dog Distance: 0.8505346121448684
Average Sheep Distance: 0.382826164972543
Maximum Sheep Distance: 0.559179222040966
Elapsed Time: 5m 10s
********** 67 **********
Average Fitness: 0.096
Maximum Fitness: 0.36666666666666664
Average Pen Distance: 0.5276551073548861
Maximum Pen Distance: 0.8326531471481763
Average Dog Distance: 0.511342751909701
Maximum Dog Distance: 0.8505346121448684
Average Sheep Distance: 0.38663350294384036
Maximum Sheep Distance: 0.559179222040966
Elapsed Time: 5m 7s
********** 68 **********
Average Fitness: 0.10233333333333335
Maximum Fitness: 0.36666666666666664
Average Pen Distance: 0.5352474286778786
Maximum Pen Distance: 0.8326531471481763
Average Dog Distance: 0.525140658758386
Maximum Dog Distance: 0.8505346121448684
Average Sheep Distance: 0.3839942566785001
Maximum Sheep Distance: 0.559179222040966
Elapsed Time: 5m 13s
********** 69 **********
Average Fitness: 0.09866666666666667
Maximum Fitness: 0.3333333333333333
Average Pen Distance: 0.536983269321559
Maximum Pen Distance: 0.8326531471481763
Average Dog Distance: 0.5272026558020763
Maximum Dog Distance: 0.8505346121448684
Average Sheep Distance: 0.3861381493067878
Maximum Sheep Distance: 0.559179222040966
Elapsed Time: 5m 3s
********** 70 **********
Average Fitness: 0.10166666666666666
Maximum Fitness: 0.3666666666666667
Average Pen Distance: 0.5341063956915572
Maximum Pen Distance: 0.8377953922717637
Average Dog Distance: 0.5172984620631315
Maximum Dog Distance: 0.8505346121448684
Average Sheep Distance: 0.3843905155228923
Maximum Sheep Distance: 0.559179222040966
Elapsed Time: 5m 3s
********** 71 **********
Average Fitness: 0.10333333333333333
Maximum Fitness: 0.3666666666666667
Average Pen Distance: 0.5349154581963447
Maximum Pen Distance: 0.8377953922717637
Average Dog Distance: 0.5295441321207952
Maximum Dog Distance: 0.8505346121448684
Average Sheep Distance: 0.3832756429336962
Maximum Sheep Distance: 0.559179222040966
Elapsed Time: 5m 8s
********** 72 **********
Average Fitness: 0.09933333333333332
Maximum Fitness: 0.3666666666666667
Average Pen Distance: 0.529046567023832
Maximum Pen Distance: 0.8377953922717637
Average Dog Distance: 0.5175284384048414
Maximum Dog Distance: 0.8505346121448684
Average Sheep Distance: 0.3835835706740879
Maximum Sheep Distance: 0.559179222040966
Elapsed Time: 5m 8s
********** 73 **********
Average Fitness: 0.10566666666666666
Maximum Fitness: 0.3666666666666667
Average Pen Distance: 0.5315779648315933
Maximum Pen Distance: 0.8377953922717637
Average Dog Distance: 0.5338095029886414
Maximum Dog Distance: 0.8505346121448684
Average Sheep Distance: 0.3804188689352117
Maximum Sheep Distance: 0.559179222040966
Elapsed Time: 5m 10s
********** 74 **********
Average Fitness: 0.09633333333333333
Maximum Fitness: 0.3666666666666667
Average Pen Distance: 0.5361548511588525
Maximum Pen Distance: 0.8377953922717637
Average Dog Distance: 0.5088127079640653
Maximum Dog Distance: 0.8351822178927462
Average Sheep Distance: 0.3813430228251049
Maximum Sheep Distance: 0.559179222040966
Elapsed Time: 5m 9s
********** 75 **********
Average Fitness: 0.0993333333333333
Maximum Fitness: 0.39999999999999997
Average Pen Distance: 0.5462445723497565
Maximum Pen Distance: 0.8451447420619806
Average Dog Distance: 0.5164179689783026
Maximum Dog Distance: 0.8351822178927462
Average Sheep Distance: 0.3839231536556042
Maximum Sheep Distance: 0.559179222040966
Elapsed Time: 5m 9s
********** 76 **********
Average Fitness: 0.11166666666666666
Maximum Fitness: 0.43333333333333335
Average Pen Distance: 0.5243292597986501
Maximum Pen Distance: 0.8451447420619806
Average Dog Distance: 0.5027796779003542
Maximum Dog Distance: 0.8351822178927462
Average Sheep Distance: 0.3779668648958418
Maximum Sheep Distance: 0.559179222040966
Elapsed Time: 5m 5s
********** 77 **********
Average Fitness: 0.113
Maximum Fitness: 0.43333333333333335
Average Pen Distance: 0.5349578790180463
Maximum Pen Distance: 0.8451447420619806
Average Dog Distance: 0.5212900448091417
Maximum Dog Distance: 0.8351822178927462
Average Sheep Distance: 0.3793129900940729
Maximum Sheep Distance: 0.559179222040966
Elapsed Time: 5m 14s
********** 78 **********
Average Fitness: 0.107
Maximum Fitness: 0.43333333333333335
Average Pen Distance: 0.5424729026552023
Maximum Pen Distance: 0.8451447420619806
Average Dog Distance: 0.5147986592142461
Maximum Dog Distance: 0.8351822178927462
Average Sheep Distance: 0.3730905790061952
Maximum Sheep Distance: 0.559179222040966
Elapsed Time: 5m 11s
********** 79 **********
Average Fitness: 0.11299999999999999
Maximum Fitness: 0.43333333333333335
Average Pen Distance: 0.5507888642655774
Maximum Pen Distance: 0.8451447420619806
Average Dog Distance: 0.5130286117137186
Maximum Dog Distance: 0.8351822178927462
Average Sheep Distance: 0.37482974715708606
Maximum Sheep Distance: 0.559179222040966
Elapsed Time: 5m 8s
********** 80 **********
Average Fitness: 0.12033333333333332
Maximum Fitness: 0.3666666666666667
Average Pen Distance: 0.5169888788780918
Maximum Pen Distance: 0.8451447420619806
Average Dog Distance: 0.5163204112451185
Maximum Dog Distance: 0.8351822178927462
Average Sheep Distance: 0.36868086887217316
Maximum Sheep Distance: 0.559179222040966
Elapsed Time: 5m 11s
********** 81 **********
Average Fitness: 0.11266666666666665
Maximum Fitness: 0.3333333333333333
Average Pen Distance: 0.5371094924828278
Maximum Pen Distance: 0.8451447420619806
Average Dog Distance: 0.49733485181231635
Maximum Dog Distance: 0.8351822178927462
Average Sheep Distance: 0.3736837890999166
Maximum Sheep Distance: 0.559179222040966
Elapsed Time: 5m 9s
********** 82 **********
Average Fitness: 0.11233333333333331
Maximum Fitness: 0.3333333333333333
Average Pen Distance: 0.5302673390196637
Maximum Pen Distance: 0.8451447420619806
Average Dog Distance: 0.5247833532205965
Maximum Dog Distance: 0.8351822178927462
Average Sheep Distance: 0.37297279513797704
Maximum Sheep Distance: 0.559179222040966
Elapsed Time: 5m 10s
********** 83 **********
Average Fitness: 0.11133333333333333
Maximum Fitness: 0.3666666666666667
Average Pen Distance: 0.5437026150651936
Maximum Pen Distance: 0.8451447420619806
Average Dog Distance: 0.5008987496594614
Maximum Dog Distance: 0.8364435822312286
Average Sheep Distance: 0.3772831314492253
Maximum Sheep Distance: 0.559179222040966
Elapsed Time: 5m 11s
********** 84 **********
Average Fitness: 0.10399999999999998
Maximum Fitness: 0.3666666666666667
Average Pen Distance: 0.5263685059635567
Maximum Pen Distance: 0.8451447420619806
Average Dog Distance: 0.5088503144374814
Maximum Dog Distance: 0.8351822178927462
Average Sheep Distance: 0.3760212392551102
Maximum Sheep Distance: 0.559179222040966
Elapsed Time: 5m 5s
********** 85 **********
Average Fitness: 0.11266666666666665
Maximum Fitness: 0.3666666666666667
Average Pen Distance: 0.5272421258405248
Maximum Pen Distance: 0.8451447420619806
Average Dog Distance: 0.5012971857595553
Maximum Dog Distance: 0.8351822178927462
Average Sheep Distance: 0.3744823653141874
Maximum Sheep Distance: 0.559179222040966
Elapsed Time: 5m 7s
********** 86 **********
Average Fitness: 0.10666666666666666
Maximum Fitness: 0.3666666666666667
Average Pen Distance: 0.5180011167427678
Maximum Pen Distance: 0.8451447420619806
Average Dog Distance: 0.48943245719701645
Maximum Dog Distance: 0.8351822178927462
Average Sheep Distance: 0.37768103282574367
Maximum Sheep Distance: 0.5679093421512443
Elapsed Time: 5m 16s
********** 87 **********
Average Fitness: 0.11699999999999999
Maximum Fitness: 0.39999999999999997
Average Pen Distance: 0.5329922999747208
Maximum Pen Distance: 0.8451447420619806
Average Dog Distance: 0.4892490332497898
Maximum Dog Distance: 0.8351822178927462
Average Sheep Distance: 0.37636926671308907
Maximum Sheep Distance: 0.5679093421512443
Elapsed Time: 5m 14s
********** 88 **********
Average Fitness: 0.10566666666666666
Maximum Fitness: 0.3333333333333333
Average Pen Distance: 0.5317807712597622
Maximum Pen Distance: 0.8451447420619806
Average Dog Distance: 0.49376738651259733
Maximum Dog Distance: 0.8351822178927462
Average Sheep Distance: 0.3800161724234461
Maximum Sheep Distance: 0.5679093421512443
Elapsed Time: 5m 5s
********** 89 **********
Average Fitness: 0.10933333333333332
Maximum Fitness: 0.3333333333333333
Average Pen Distance: 0.5352579683176062
Maximum Pen Distance: 0.8451447420619806
Average Dog Distance: 0.48412831871471096
Maximum Dog Distance: 0.8351822178927462
Average Sheep Distance: 0.37982249006894053
Maximum Sheep Distance: 0.5679093421512443
Elapsed Time: 5m 12s
********** 90 **********
Average Fitness: 0.11166666666666666
Maximum Fitness: 0.3666666666666667
Average Pen Distance: 0.5385011621555289
Maximum Pen Distance: 0.8451447420619806
Average Dog Distance: 0.48544542584634387
Maximum Dog Distance: 0.8351822178927462
Average Sheep Distance: 0.37394240771495724
Maximum Sheep Distance: 0.5679093421512443
Elapsed Time: 5m 4s
********** 91 **********
Average Fitness: 0.10266666666666666
Maximum Fitness: 0.5333333333333333
Average Pen Distance: 0.5244193914242494
Maximum Pen Distance: 0.8451447420619806
Average Dog Distance: 0.47431095967700043
Maximum Dog Distance: 0.8351822178927462
Average Sheep Distance: 0.3800816796402873
Maximum Sheep Distance: 0.5679093421512443
Elapsed Time: 5m 10s
********** 92 **********
Average Fitness: 0.10366666666666667
Maximum Fitness: 0.5333333333333333
Average Pen Distance: 0.5353343429705958
Maximum Pen Distance: 0.8451447420619806
Average Dog Distance: 0.4863534179180252
Maximum Dog Distance: 0.8351822178927462
Average Sheep Distance: 0.3710582404455331
Maximum Sheep Distance: 0.5679093421512443
Elapsed Time: 5m 17s
********** 93 **********
Average Fitness: 0.107
Maximum Fitness: 0.5333333333333333
Average Pen Distance: 0.5282438623565021
Maximum Pen Distance: 0.8451447420619806
Average Dog Distance: 0.5024624554280791
Maximum Dog Distance: 0.8196991544972715
Average Sheep Distance: 0.3683777494026313
Maximum Sheep Distance: 0.5679093421512443
Elapsed Time: 5m 9s
********** 94 **********
Average Fitness: 0.10466666666666667
Maximum Fitness: 0.5333333333333333
Average Pen Distance: 0.5529965820282938
Maximum Pen Distance: 0.8451447420619806
Average Dog Distance: 0.4969243182631034
Maximum Dog Distance: 0.8196991544972715
Average Sheep Distance: 0.36900748358246
Maximum Sheep Distance: 0.5679093421512443
Elapsed Time: 5m 11s
********** 95 **********
Average Fitness: 0.11133333333333331
Maximum Fitness: 0.5333333333333333
Average Pen Distance: 0.5137398762966922
Maximum Pen Distance: 0.8451447420619806
Average Dog Distance: 0.49183211373356045
Maximum Dog Distance: 0.8196991544972715
Average Sheep Distance: 0.3751812426520255
Maximum Sheep Distance: 0.5679093421512443
Elapsed Time: 5m 13s
********** 96 **********
Average Fitness: 0.11833333333333332
Maximum Fitness: 0.5333333333333333
Average Pen Distance: 0.543943246701826
Maximum Pen Distance: 0.8490865957925217
Average Dog Distance: 0.4941557289337218
Maximum Dog Distance: 0.8196991544972715
Average Sheep Distance: 0.3672518719505724
Maximum Sheep Distance: 0.5679093421512443
Elapsed Time: 5m 10s
********** 97 **********
Average Fitness: 0.111
Maximum Fitness: 0.5333333333333333
Average Pen Distance: 0.5248786364682789
Maximum Pen Distance: 0.8490865957925217
Average Dog Distance: 0.48286271343080306
Maximum Dog Distance: 0.8196991544972715
Average Sheep Distance: 0.36489618031649157
Maximum Sheep Distance: 0.5679093421512443
Elapsed Time: 5m 14s
********** 98 **********
Average Fitness: 0.09966666666666667
Maximum Fitness: 0.43333333333333335
Average Pen Distance: 0.551555987609953
Maximum Pen Distance: 0.8490865957925217
Average Dog Distance: 0.4852179395581498
Maximum Dog Distance: 0.8196991544972715
Average Sheep Distance: 0.37360773782879086
Maximum Sheep Distance: 0.5679093421512443
Elapsed Time: 5m 25s
********** 99 **********
Average Fitness: 0.10766666666666667
Maximum Fitness: 0.4000000000000001
Average Pen Distance: 0.5436827323302772
Maximum Pen Distance: 0.8605821348778591
Average Dog Distance: 0.4921300632848881
Maximum Dog Distance: 0.8196991544972715
Average Sheep Distance: 0.36451658800111647
Maximum Sheep Distance: 0.5679093421512443
Elapsed Time: 5m 17s
********** 100 **********
Average Fitness: 0.10499999999999998
Maximum Fitness: 0.4000000000000001
Average Pen Distance: 0.532663021330228
Maximum Pen Distance: 0.8605821348778591
Average Dog Distance: 0.5046821504564748
Maximum Dog Distance: 0.830133587836562
Average Sheep Distance: 0.3722837630468582
Maximum Sheep Distance: 0.5679093421512443
Elapsed Time: 5m 5s
********** 1 **********
Average Fitness: 0.06699999999999999
Maximum Fitness: 0.20000000000000004
Average Pen Distance: 0.5013455687277494
Maximum Pen Distance: 0.6927254107876845
Average Dog Distance: 0.5718391312895814
Maximum Dog Distance: 0.8352416567082956
Average Sheep Distance: 0.3580175812401326
Maximum Sheep Distance: 0.5123937827506756
Elapsed Time: 10m 12s
********** 2 **********
Average Fitness: 0.066
Maximum Fitness: 0.20000000000000004
Average Pen Distance: 0.5156136007025586
Maximum Pen Distance: 0.7959006464174853
Average Dog Distance: 0.5705832216155613
Maximum Dog Distance: 0.8352416567082956
Average Sheep Distance: 0.3617315099266015
Maximum Sheep Distance: 0.5123937827506756
Elapsed Time: 5m 5s
********** 3 **********
Average Fitness: 0.06933333333333333
Maximum Fitness: 0.26666666666666666
Average Pen Distance: 0.5032659668774757
Maximum Pen Distance: 0.7959006464174853
Average Dog Distance: 0.5305938823331845
Maximum Dog Distance: 0.8352416567082956
Average Sheep Distance: 0.3631885828949567
Maximum Sheep Distance: 0.5123937827506756
Elapsed Time: 5m 9s
********** 4 **********
Average Fitness: 0.07400000000000001
Maximum Fitness: 0.26666666666666666
Average Pen Distance: 0.5042063693260039
Maximum Pen Distance: 0.799786362990437
Average Dog Distance: 0.5253618251159865
Maximum Dog Distance: 0.8352416567082956
Average Sheep Distance: 0.36391668888045686
Maximum Sheep Distance: 0.5123937827506756
Elapsed Time: 5m 13s
********** 5 **********
Average Fitness: 0.07766666666666666
Maximum Fitness: 0.26666666666666666
Average Pen Distance: 0.5186901035788971
Maximum Pen Distance: 0.799786362990437
Average Dog Distance: 0.5215672807673455
Maximum Dog Distance: 0.8352416567082956
Average Sheep Distance: 0.36923726035930565
Maximum Sheep Distance: 0.5123937827506756
Elapsed Time: 5m 14s
********** 6 **********
Average Fitness: 0.07799999999999999
Maximum Fitness: 0.26666666666666666
Average Pen Distance: 0.5142841202806703
Maximum Pen Distance: 0.799786362990437
Average Dog Distance: 0.5136568372917412
Maximum Dog Distance: 0.8352416567082956
Average Sheep Distance: 0.37075438366309543
Maximum Sheep Distance: 0.5123937827506756
Elapsed Time: 5m 7s
********** 7 **********
Average Fitness: 0.07866666666666666
Maximum Fitness: 0.26666666666666666
Average Pen Distance: 0.5119750272776669
Maximum Pen Distance: 0.799786362990437
Average Dog Distance: 0.507769407597336
Maximum Dog Distance: 0.8352416567082956
Average Sheep Distance: 0.36692992006628505
Maximum Sheep Distance: 0.5123937827506756
Elapsed Time: 5m 11s
********** 8 **********
Average Fitness: 0.07399999999999998
Maximum Fitness: 0.26666666666666666
Average Pen Distance: 0.5159458316074231
Maximum Pen Distance: 0.8209797330424534
Average Dog Distance: 0.519421143258958
Maximum Dog Distance: 0.8352416567082956
Average Sheep Distance: 0.36925802679073655
Maximum Sheep Distance: 0.5123937827506756
Elapsed Time: 5m 19s
********** 9 **********
Average Fitness: 0.07333333333333332
Maximum Fitness: 0.26666666666666666
Average Pen Distance: 0.5141441908497425
Maximum Pen Distance: 0.8209797330424534
Average Dog Distance: 0.5189711408161993
Maximum Dog Distance: 0.8352416567082956
Average Sheep Distance: 0.3718862625553133
Maximum Sheep Distance: 0.5123937827506756
Elapsed Time: 5m 13s
********** 10 **********
Average Fitness: 0.076
Maximum Fitness: 0.26666666666666666
Average Pen Distance: 0.516921250869469
Maximum Pen Distance: 0.8209797330424534
Average Dog Distance: 0.5037957697406259
Maximum Dog Distance: 0.8352416567082956
Average Sheep Distance: 0.3704660283819106
Maximum Sheep Distance: 0.5123937827506756
Elapsed Time: 5m 14s
********** 11 **********
Average Fitness: 0.08033333333333333
Maximum Fitness: 0.26666666666666666
Average Pen Distance: 0.5337678986301424
Maximum Pen Distance: 0.8209797330424534
Average Dog Distance: 0.5168901069844706
Maximum Dog Distance: 0.8282103101987692
Average Sheep Distance: 0.3822006918563428
Maximum Sheep Distance: 0.5123937827506756
Elapsed Time: 5m 8s
********** 12 **********
Average Fitness: 0.08033333333333333
Maximum Fitness: 0.26666666666666666
Average Pen Distance: 0.5104472916012321
Maximum Pen Distance: 0.8209797330424534
Average Dog Distance: 0.5098591030840404
Maximum Dog Distance: 0.834254953315086
Average Sheep Distance: 0.37489973382345143
Maximum Sheep Distance: 0.5123937827506756
Elapsed Time: 5m 7s
********** 13 **********
Average Fitness: 0.07933333333333331
Maximum Fitness: 0.26666666666666666
Average Pen Distance: 0.5345641134836445
Maximum Pen Distance: 0.8209797330424534
Average Dog Distance: 0.532449148828645
Maximum Dog Distance: 0.834254953315086
Average Sheep Distance: 0.3784187256742412
Maximum Sheep Distance: 0.5123937827506756
Elapsed Time: 5m 4s
********** 14 **********
Average Fitness: 0.09166666666666666
Maximum Fitness: 0.26666666666666666
Average Pen Distance: 0.5066714360642959
Maximum Pen Distance: 0.8209797330424534
Average Dog Distance: 0.5202025334766697
Maximum Dog Distance: 0.8401590873238604
Average Sheep Distance: 0.37192122803805056
Maximum Sheep Distance: 0.5123937827506756
Elapsed Time: 5m 6s
********** 15 **********
Average Fitness: 0.08899999999999998
Maximum Fitness: 0.26666666666666666
Average Pen Distance: 0.5224687457144663
Maximum Pen Distance: 0.8393266523137047
Average Dog Distance: 0.5253729877302249
Maximum Dog Distance: 0.8401590873238604
Average Sheep Distance: 0.37354970465729026
Maximum Sheep Distance: 0.5123937827506756
Elapsed Time: 5m 14s
********** 16 **********
Average Fitness: 0.08866666666666666
Maximum Fitness: 0.3
Average Pen Distance: 0.5167086245512281
Maximum Pen Distance: 0.8393266523137047
Average Dog Distance: 0.5092271410473443
Maximum Dog Distance: 0.8401590873238604
Average Sheep Distance: 0.3746182465145261
Maximum Sheep Distance: 0.5123937827506756
Elapsed Time: 5m 12s
********** 17 **********
Average Fitness: 0.0873333333333333
Maximum Fitness: 0.3
Average Pen Distance: 0.5161346826462985
Maximum Pen Distance: 0.8393266523137047
Average Dog Distance: 0.5458687506474009
Maximum Dog Distance: 0.8840075232815169
Average Sheep Distance: 0.3737827211963448
Maximum Sheep Distance: 0.5123937827506756
Elapsed Time: 5m 7s
********** 18 **********
Average Fitness: 0.08166666666666667
Maximum Fitness: 0.3
Average Pen Distance: 0.5328613396580999
Maximum Pen Distance: 0.8393266523137047
Average Dog Distance: 0.5017280094353791
Maximum Dog Distance: 0.8840075232815169
Average Sheep Distance: 0.37553085121711294
Maximum Sheep Distance: 0.5123937827506756
Elapsed Time: 5m 6s
********** 19 **********
Average Fitness: 0.08566666666666664
Maximum Fitness: 0.3
Average Pen Distance: 0.5183424860255953
Maximum Pen Distance: 0.8463424208266832
Average Dog Distance: 0.5113493494027617
Maximum Dog Distance: 0.8840075232815169
Average Sheep Distance: 0.37511343795779767
Maximum Sheep Distance: 0.5231696501842937
Elapsed Time: 5m 15s
********** 20 **********
Average Fitness: 0.07866666666666666
Maximum Fitness: 0.3
Average Pen Distance: 0.5177837202774319
Maximum Pen Distance: 0.8653527938491997
Average Dog Distance: 0.4885199364401806
Maximum Dog Distance: 0.8840075232815169
Average Sheep Distance: 0.3713441621030958
Maximum Sheep Distance: 0.5231696501842937
Elapsed Time: 5m 2s
********** 21 **********
Average Fitness: 0.08566666666666667
Maximum Fitness: 0.3
Average Pen Distance: 0.5051346661914666
Maximum Pen Distance: 0.8653527938491997
Average Dog Distance: 0.501798926646734
Maximum Dog Distance: 0.8840075232815169
Average Sheep Distance: 0.3759644400226972
Maximum Sheep Distance: 0.5231696501842937
Elapsed Time: 5m 13s
********** 22 **********
Average Fitness: 0.07833333333333332
Maximum Fitness: 0.3
Average Pen Distance: 0.5240302765451644
Maximum Pen Distance: 0.8653527938491997
Average Dog Distance: 0.4850821695807479
Maximum Dog Distance: 0.8840075232815169
Average Sheep Distance: 0.380830251937711
Maximum Sheep Distance: 0.5231696501842937
Elapsed Time: 5m 8s
********** 23 **********
Average Fitness: 0.08266666666666665
Maximum Fitness: 0.3
Average Pen Distance: 0.5186734649255123
Maximum Pen Distance: 0.8653527938491997
Average Dog Distance: 0.5209291444123715
Maximum Dog Distance: 0.8840075232815169
Average Sheep Distance: 0.3799744715707206
Maximum Sheep Distance: 0.5231696501842937
Elapsed Time: 5m 12s
********** 24 **********
Average Fitness: 0.07566666666666666
Maximum Fitness: 0.3
Average Pen Distance: 0.5432433581744927
Maximum Pen Distance: 0.8653527938491997
Average Dog Distance: 0.4963797680621952
Maximum Dog Distance: 0.8840075232815169
Average Sheep Distance: 0.3779300358356798
Maximum Sheep Distance: 0.5231696501842937
Elapsed Time: 5m 10s
********** 25 **********
Average Fitness: 0.07733333333333332
Maximum Fitness: 0.4000000000000001
Average Pen Distance: 0.542450819354208
Maximum Pen Distance: 0.8653527938491997
Average Dog Distance: 0.49836856469748464
Maximum Dog Distance: 0.897435545038836
Average Sheep Distance: 0.3820483572261517
Maximum Sheep Distance: 0.5231696501842937
Elapsed Time: 5m 15s
********** 26 **********
Average Fitness: 0.07400000000000001
Maximum Fitness: 0.4000000000000001
Average Pen Distance: 0.5544634132995188
Maximum Pen Distance: 0.8653527938491997
Average Dog Distance: 0.483831398785288
Maximum Dog Distance: 0.897435545038836
Average Sheep Distance: 0.38489810291310533
Maximum Sheep Distance: 0.5278445023287156
Elapsed Time: 5m 17s
********** 27 **********
Average Fitness: 0.07799999999999999
Maximum Fitness: 0.4000000000000001
Average Pen Distance: 0.5343994543254602
Maximum Pen Distance: 0.8653527938491997
Average Dog Distance: 0.4829418173908034
Maximum Dog Distance: 0.897435545038836
Average Sheep Distance: 0.3853637336332744
Maximum Sheep Distance: 0.5278445023287156
Elapsed Time: 5m 3s
********** 28 **********
Average Fitness: 0.07733333333333334
Maximum Fitness: 0.4000000000000001
Average Pen Distance: 0.5429134777979195
Maximum Pen Distance: 0.8653527938491997
Average Dog Distance: 0.4847417815663564
Maximum Dog Distance: 0.897435545038836
Average Sheep Distance: 0.3895497568199865
Maximum Sheep Distance: 0.5278445023287156
Elapsed Time: 5m 12s
********** 29 **********
Average Fitness: 0.079
Maximum Fitness: 0.4000000000000001
Average Pen Distance: 0.5201238138660491
Maximum Pen Distance: 0.8653527938491997
Average Dog Distance: 0.4952920211014821
Maximum Dog Distance: 0.897435545038836
Average Sheep Distance: 0.3810408575227424
Maximum Sheep Distance: 0.5278445023287156
Elapsed Time: 5m 10s
********** 30 **********
Average Fitness: 0.07366666666666666
Maximum Fitness: 0.4000000000000001
Average Pen Distance: 0.5238271338279693
Maximum Pen Distance: 0.8653527938491997
Average Dog Distance: 0.4957819786145346
Maximum Dog Distance: 0.897435545038836
Average Sheep Distance: 0.38636742143912783
Maximum Sheep Distance: 0.5278445023287156
Elapsed Time: 5m 23s
********** 31 **********
Average Fitness: 0.07533333333333332
Maximum Fitness: 0.4000000000000001
Average Pen Distance: 0.537561606686506
Maximum Pen Distance: 0.8653527938491997
Average Dog Distance: 0.5020589639224137
Maximum Dog Distance: 0.897435545038836
Average Sheep Distance: 0.38510109311778157
Maximum Sheep Distance: 0.5278445023287156
Elapsed Time: 5m 6s
********** 32 **********
Average Fitness: 0.07733333333333334
Maximum Fitness: 0.4000000000000001
Average Pen Distance: 0.5213674083393751
Maximum Pen Distance: 0.8653527938491997
Average Dog Distance: 0.5135514488512003
Maximum Dog Distance: 0.897435545038836
Average Sheep Distance: 0.3873509942448203
Maximum Sheep Distance: 0.5278445023287156
Elapsed Time: 5m 9s
********** 33 **********
Average Fitness: 0.07666666666666666
Maximum Fitness: 0.4000000000000001
Average Pen Distance: 0.5220948589284464
Maximum Pen Distance: 0.8653527938491997
Average Dog Distance: 0.5101657904853816
Maximum Dog Distance: 0.897435545038836
Average Sheep Distance: 0.3875409927346336
Maximum Sheep Distance: 0.5278445023287156
Elapsed Time: 5m 11s
********** 34 **********
Average Fitness: 0.07966666666666666
Maximum Fitness: 0.4000000000000001
Average Pen Distance: 0.5160754739035361
Maximum Pen Distance: 0.8653527938491997
Average Dog Distance: 0.48852766902197275
Maximum Dog Distance: 0.897435545038836
Average Sheep Distance: 0.38247588834075524
Maximum Sheep Distance: 0.5278445023287156
Elapsed Time: 5m 15s
********** 35 **********
Average Fitness: 0.079
Maximum Fitness: 0.4000000000000001
Average Pen Distance: 0.5246978414352896
Maximum Pen Distance: 0.8653527938491997
Average Dog Distance: 0.5056100162545308
Maximum Dog Distance: 0.897435545038836
Average Sheep Distance: 0.3877968328494331
Maximum Sheep Distance: 0.532035228332184
Elapsed Time: 5m 11s
********** 36 **********
Average Fitness: 0.07933333333333333
Maximum Fitness: 0.4000000000000001
Average Pen Distance: 0.5189471399568188
Maximum Pen Distance: 0.8653527938491997
Average Dog Distance: 0.5075160220630676
Maximum Dog Distance: 0.897435545038836
Average Sheep Distance: 0.3878885154058421
Maximum Sheep Distance: 0.532035228332184
Elapsed Time: 5m 9s
********** 37 **********
Average Fitness: 0.07966666666666665
Maximum Fitness: 0.4000000000000001
Average Pen Distance: 0.5354775832500265
Maximum Pen Distance: 0.8653527938491997
Average Dog Distance: 0.5193283488904685
Maximum Dog Distance: 0.897435545038836
Average Sheep Distance: 0.3867684930727516
Maximum Sheep Distance: 0.532035228332184
Elapsed Time: 5m 13s
********** 38 **********
Average Fitness: 0.08333333333333331
Maximum Fitness: 0.4000000000000001
Average Pen Distance: 0.5215903604661523
Maximum Pen Distance: 0.8546702364527027
Average Dog Distance: 0.5025031167411678
Maximum Dog Distance: 0.897435545038836
Average Sheep Distance: 0.38333228215144344
Maximum Sheep Distance: 0.532035228332184
Elapsed Time: 5m 14s
********** 39 **********
Average Fitness: 0.08099999999999997
Maximum Fitness: 0.4000000000000001
Average Pen Distance: 0.5216615915917593
Maximum Pen Distance: 0.8546702364527027
Average Dog Distance: 0.4950241730127789
Maximum Dog Distance: 0.897435545038836
Average Sheep Distance: 0.38645473900512717
Maximum Sheep Distance: 0.532035228332184
Elapsed Time: 5m 13s
********** 40 **********
Average Fitness: 0.08166666666666667
Maximum Fitness: 0.4000000000000001
Average Pen Distance: 0.5076829849213031
Maximum Pen Distance: 0.8546702364527027
Average Dog Distance: 0.4964172996990896
Maximum Dog Distance: 0.897435545038836
Average Sheep Distance: 0.38876765881730835
Maximum Sheep Distance: 0.532035228332184
Elapsed Time: 5m 10s
********** 41 **********
Average Fitness: 0.07966666666666666
Maximum Fitness: 0.4000000000000001
Average Pen Distance: 0.5279076358740585
Maximum Pen Distance: 0.8546702364527027
Average Dog Distance: 0.5110475849405967
Maximum Dog Distance: 0.897435545038836
Average Sheep Distance: 0.3922969409146993
Maximum Sheep Distance: 0.532035228332184
Elapsed Time: 5m 8s
********** 42 **********
Average Fitness: 0.08466666666666665
Maximum Fitness: 0.4000000000000001
Average Pen Distance: 0.5149818412815891
Maximum Pen Distance: 0.8712523027294211
Average Dog Distance: 0.5050454483024699
Maximum Dog Distance: 0.897435545038836
Average Sheep Distance: 0.39441615295846794
Maximum Sheep Distance: 0.532035228332184
Elapsed Time: 5m 5s
********** 43 **********
Average Fitness: 0.07733333333333334
Maximum Fitness: 0.4000000000000001
Average Pen Distance: 0.5310289114145575
Maximum Pen Distance: 0.8190186243850758
Average Dog Distance: 0.5138228659342887
Maximum Dog Distance: 0.897435545038836
Average Sheep Distance: 0.393570817759556
Maximum Sheep Distance: 0.532035228332184
Elapsed Time: 5m 16s
********** 44 **********
Average Fitness: 0.08666666666666666
Maximum Fitness: 0.4000000000000001
Average Pen Distance: 0.4867400519602711
Maximum Pen Distance: 0.8052391963150197
Average Dog Distance: 0.504607003045263
Maximum Dog Distance: 0.897435545038836
Average Sheep Distance: 0.38667755264310455
Maximum Sheep Distance: 0.532035228332184
Elapsed Time: 5m 12s
********** 45 **********
Average Fitness: 0.08999999999999998
Maximum Fitness: 0.4000000000000001
Average Pen Distance: 0.4790463309994285
Maximum Pen Distance: 0.8052391963150197
Average Dog Distance: 0.4996177742290006
Maximum Dog Distance: 0.897435545038836
Average Sheep Distance: 0.3860833539731345
Maximum Sheep Distance: 0.532035228332184
Elapsed Time: 5m 13s
********** 46 **********
Average Fitness: 0.091
Maximum Fitness: 0.4000000000000001
Average Pen Distance: 0.48016592375387895
Maximum Pen Distance: 0.8354141340636178
Average Dog Distance: 0.497763867388788
Maximum Dog Distance: 0.897435545038836
Average Sheep Distance: 0.3844086910270864
Maximum Sheep Distance: 0.532035228332184
Elapsed Time: 5m 10s
********** 47 **********
Average Fitness: 0.08199999999999999
Maximum Fitness: 0.4000000000000001
Average Pen Distance: 0.5155914845164189
Maximum Pen Distance: 0.8354141340636178
Average Dog Distance: 0.49269143056731546
Maximum Dog Distance: 0.897435545038836
Average Sheep Distance: 0.38837950793030457
Maximum Sheep Distance: 0.532035228332184
Elapsed Time: 5m 10s
********** 48 **********
Average Fitness: 0.087
Maximum Fitness: 0.4000000000000001
Average Pen Distance: 0.4955119159046086
Maximum Pen Distance: 0.8354141340636178
Average Dog Distance: 0.5077838050600536
Maximum Dog Distance: 0.8989807450067661
Average Sheep Distance: 0.38397870062325956
Maximum Sheep Distance: 0.532035228332184
Elapsed Time: 5m 13s
********** 49 **********
Average Fitness: 0.08433333333333332
Maximum Fitness: 0.4000000000000001
Average Pen Distance: 0.5095855835676913
Maximum Pen Distance: 0.8354141340636178
Average Dog Distance: 0.4968720211151759
Maximum Dog Distance: 0.8989807450067661
Average Sheep Distance: 0.37961517109324366
Maximum Sheep Distance: 0.532035228332184
Elapsed Time: 5m 16s
********** 50 **********
Average Fitness: 0.091
Maximum Fitness: 0.4000000000000001
Average Pen Distance: 0.49756060755328946
Maximum Pen Distance: 0.8354141340636178
Average Dog Distance: 0.4833358194699482
Maximum Dog Distance: 0.8989807450067661
Average Sheep Distance: 0.3837174055596153
Maximum Sheep Distance: 0.532035228332184
Elapsed Time: 5m 21s
********** 51 **********
Average Fitness: 0.08833333333333332
Maximum Fitness: 0.4000000000000001
Average Pen Distance: 0.5045089637181872
Maximum Pen Distance: 0.8661042871347537
Average Dog Distance: 0.4868414931993804
Maximum Dog Distance: 0.8989807450067661
Average Sheep Distance: 0.3847692822627556
Maximum Sheep Distance: 0.532035228332184
Elapsed Time: 5m 10s
********** 52 **********
Average Fitness: 0.09033333333333333
Maximum Fitness: 0.4000000000000001
Average Pen Distance: 0.514547124796049
Maximum Pen Distance: 0.8661042871347537
Average Dog Distance: 0.4838803261932303
Maximum Dog Distance: 0.8989807450067661
Average Sheep Distance: 0.385293797468086
Maximum Sheep Distance: 0.532035228332184
Elapsed Time: 5m 9s
********** 53 **********
Average Fitness: 0.08966666666666664
Maximum Fitness: 0.4000000000000001
Average Pen Distance: 0.48469808749894466
Maximum Pen Distance: 0.8661042871347537
Average Dog Distance: 0.4828265645487671
Maximum Dog Distance: 0.8989807450067661
Average Sheep Distance: 0.38237348367711144
Maximum Sheep Distance: 0.5650033983097497
Elapsed Time: 5m 11s
********** 54 **********
Average Fitness: 0.08866666666666666
Maximum Fitness: 0.4000000000000001
Average Pen Distance: 0.5276797943593379
Maximum Pen Distance: 0.8661042871347537
Average Dog Distance: 0.5181706416905247
Maximum Dog Distance: 0.9109994267080831
Average Sheep Distance: 0.39066312764280015
Maximum Sheep Distance: 0.5650033983097497
Elapsed Time: 5m 7s
********** 55 **********
Average Fitness: 0.09166666666666666
Maximum Fitness: 0.4000000000000001
Average Pen Distance: 0.4889106435028781
Maximum Pen Distance: 0.8661042871347537
Average Dog Distance: 0.4947545060877324
Maximum Dog Distance: 0.9109994267080831
Average Sheep Distance: 0.38211512744255527
Maximum Sheep Distance: 0.5650033983097497
Elapsed Time: 5m 21s
********** 56 **********
Average Fitness: 0.08866666666666666
Maximum Fitness: 0.4000000000000001
Average Pen Distance: 0.5082277366387458
Maximum Pen Distance: 0.8661042871347537
Average Dog Distance: 0.49539022917025116
Maximum Dog Distance: 0.8989807450067661
Average Sheep Distance: 0.3903831649596007
Maximum Sheep Distance: 0.5650033983097497
Elapsed Time: 5m 16s
********** 57 **********
Average Fitness: 0.09266666666666666
Maximum Fitness: 0.4000000000000001
Average Pen Distance: 0.4914953110288727
Maximum Pen Distance: 0.8661042871347537
Average Dog Distance: 0.47426519030680026
Maximum Dog Distance: 0.8989807450067661
Average Sheep Distance: 0.3854000143433055
Maximum Sheep Distance: 0.5650033983097497
Elapsed Time: 5m 7s
********** 58 **********
Average Fitness: 0.086
Maximum Fitness: 0.4000000000000001
Average Pen Distance: 0.5037869802564
Maximum Pen Distance: 0.8661042871347537
Average Dog Distance: 0.4878472486426301
Maximum Dog Distance: 0.8989807450067661
Average Sheep Distance: 0.37939451105498256
Maximum Sheep Distance: 0.5650033983097497
Elapsed Time: 5m 14s
********** 59 **********
Average Fitness: 0.09233333333333332
Maximum Fitness: 0.4000000000000001
Average Pen Distance: 0.4746350472666896
Maximum Pen Distance: 0.8661042871347537
Average Dog Distance: 0.48518527124686067
Maximum Dog Distance: 0.8989807450067661
Average Sheep Distance: 0.38131873266770117
Maximum Sheep Distance: 0.5650033983097497
Elapsed Time: 5m 10s
********** 60 **********
Average Fitness: 0.08399999999999999
Maximum Fitness: 0.4000000000000001
Average Pen Distance: 0.5004956867175863
Maximum Pen Distance: 0.8661042871347537
Average Dog Distance: 0.5058282647807033
Maximum Dog Distance: 0.8989807450067661
Average Sheep Distance: 0.385358630973759
Maximum Sheep Distance: 0.5650033983097497
Elapsed Time: 5m 10s
********** 61 **********
Average Fitness: 0.08633333333333333
Maximum Fitness: 0.4000000000000001
Average Pen Distance: 0.49950940744110306
Maximum Pen Distance: 0.8813425020870055
Average Dog Distance: 0.47939957885592455
Maximum Dog Distance: 0.8989807450067661
Average Sheep Distance: 0.3863359876398934
Maximum Sheep Distance: 0.5650033983097497
Elapsed Time: 5m 12s
********** 62 **********
Average Fitness: 0.08666666666666666
Maximum Fitness: 0.4000000000000001
Average Pen Distance: 0.5000700171626906
Maximum Pen Distance: 0.8813425020870055
Average Dog Distance: 0.478224068923803
Maximum Dog Distance: 0.8989807450067661
Average Sheep Distance: 0.3904678342130885
Maximum Sheep Distance: 0.5650033983097497
Elapsed Time: 5m 9s
********** 63 **********
Average Fitness: 0.09399999999999999
Maximum Fitness: 0.4000000000000001
Average Pen Distance: 0.49083239737801143
Maximum Pen Distance: 0.8813425020870055
Average Dog Distance: 0.4850880048923454
Maximum Dog Distance: 0.8989807450067661
Average Sheep Distance: 0.3907209314660949
Maximum Sheep Distance: 0.5650033983097497
Elapsed Time: 5m 12s
********** 64 **********
Average Fitness: 0.087
Maximum Fitness: 0.4000000000000001
Average Pen Distance: 0.5064662977386408
Maximum Pen Distance: 0.8813425020870055
Average Dog Distance: 0.46171162354937634
Maximum Dog Distance: 0.8989807450067661
Average Sheep Distance: 0.3956618383670215
Maximum Sheep Distance: 0.5650033983097497
Elapsed Time: 5m 7s
********** 65 **********
Average Fitness: 0.08633333333333333
Maximum Fitness: 0.4000000000000001
Average Pen Distance: 0.5202195847580886
Maximum Pen Distance: 0.8813425020870055
Average Dog Distance: 0.5019231376197659
Maximum Dog Distance: 0.8989807450067661
Average Sheep Distance: 0.38947110500055326
Maximum Sheep Distance: 0.5650033983097497
Elapsed Time: 5m 7s
********** 66 **********
Average Fitness: 0.08033333333333333
Maximum Fitness: 0.4000000000000001
Average Pen Distance: 0.5102415068100411
Maximum Pen Distance: 0.8813425020870055
Average Dog Distance: 0.4889183952274495
Maximum Dog Distance: 0.8989807450067661
Average Sheep Distance: 0.3905949140847288
Maximum Sheep Distance: 0.5650033983097497
Elapsed Time: 5m 11s
********** 67 **********
Average Fitness: 0.0873333333333333
Maximum Fitness: 0.4000000000000001
Average Pen Distance: 0.4913210144496585
Maximum Pen Distance: 0.8813425020870055
Average Dog Distance: 0.49364709708233173
Maximum Dog Distance: 0.8989807450067661
Average Sheep Distance: 0.3823184803394363
Maximum Sheep Distance: 0.5650033983097497
Elapsed Time: 5m 11s
********** 68 **********
Average Fitness: 0.08900000000000001
Maximum Fitness: 0.4000000000000001
Average Pen Distance: 0.49149893092559216
Maximum Pen Distance: 0.8813425020870055
Average Dog Distance: 0.4888777888409719
Maximum Dog Distance: 0.8989807450067661
Average Sheep Distance: 0.38731971036314183
Maximum Sheep Distance: 0.5650033983097497
Elapsed Time: 5m 10s
********** 69 **********
Average Fitness: 0.09066666666666665
Maximum Fitness: 0.4000000000000001
Average Pen Distance: 0.4909772900108751
Maximum Pen Distance: 0.8813425020870055
Average Dog Distance: 0.5029843807754842
Maximum Dog Distance: 0.8989807450067661
Average Sheep Distance: 0.38495338446867644
Maximum Sheep Distance: 0.5650033983097497
Elapsed Time: 5m 14s
********** 70 **********
Average Fitness: 0.09366666666666668
Maximum Fitness: 0.4000000000000001
Average Pen Distance: 0.4986528436187613
Maximum Pen Distance: 0.8813425020870055
Average Dog Distance: 0.48772637187217
Maximum Dog Distance: 0.8989807450067661
Average Sheep Distance: 0.38725924761542985
Maximum Sheep Distance: 0.5650033983097497
Elapsed Time: 5m 12s
********** 71 **********
Average Fitness: 0.09266666666666666
Maximum Fitness: 0.4000000000000001
Average Pen Distance: 0.4936812404532474
Maximum Pen Distance: 0.8813425020870055
Average Dog Distance: 0.4653521168359787
Maximum Dog Distance: 0.8989807450067661
Average Sheep Distance: 0.3887556059298849
Maximum Sheep Distance: 0.5650033983097497
Elapsed Time: 5m 9s
********** 72 **********
Average Fitness: 0.09699999999999999
Maximum Fitness: 0.4000000000000001
Average Pen Distance: 0.47882416100408376
Maximum Pen Distance: 0.8813425020870055
Average Dog Distance: 0.5113083638218477
Maximum Dog Distance: 0.8989807450067661
Average Sheep Distance: 0.38980656160923716
Maximum Sheep Distance: 0.5650033983097497
Elapsed Time: 5m 8s
********** 73 **********
Average Fitness: 0.09633333333333333
Maximum Fitness: 0.4000000000000001
Average Pen Distance: 0.4720607485126634
Maximum Pen Distance: 0.8813425020870055
Average Dog Distance: 0.4658088564565345
Maximum Dog Distance: 0.8989807450067661
Average Sheep Distance: 0.3940483792714061
Maximum Sheep Distance: 0.5650033983097497
Elapsed Time: 5m 6s
********** 74 **********
Average Fitness: 0.09
Maximum Fitness: 0.4000000000000001
Average Pen Distance: 0.48532518896837884
Maximum Pen Distance: 0.8813425020870055
Average Dog Distance: 0.478721773505694
Maximum Dog Distance: 0.9169881864418544
Average Sheep Distance: 0.3902658814102278
Maximum Sheep Distance: 0.5650033983097497
Elapsed Time: 5m 11s
********** 75 **********
Average Fitness: 0.09499999999999999
Maximum Fitness: 0.4000000000000001
Average Pen Distance: 0.4871350694775903
Maximum Pen Distance: 0.8813425020870055
Average Dog Distance: 0.4956041290928806
Maximum Dog Distance: 0.8989807450067661
Average Sheep Distance: 0.3848691648079421
Maximum Sheep Distance: 0.5650033983097497
Elapsed Time: 5m 10s
********** 76 **********
Average Fitness: 0.08933333333333333
Maximum Fitness: 0.4000000000000001
Average Pen Distance: 0.4811532836455337
Maximum Pen Distance: 0.8813425020870055
Average Dog Distance: 0.49241920155513014
Maximum Dog Distance: 0.8989807450067661
Average Sheep Distance: 0.38669746034953695
Maximum Sheep Distance: 0.5650033983097497
Elapsed Time: 5m 9s
********** 77 **********
Average Fitness: 0.09466666666666665
Maximum Fitness: 0.4000000000000001
Average Pen Distance: 0.49476213178022266
Maximum Pen Distance: 0.8813425020870055
Average Dog Distance: 0.48872976945623414
Maximum Dog Distance: 0.8989807450067661
Average Sheep Distance: 0.39245052168799993
Maximum Sheep Distance: 0.5650033983097497
Elapsed Time: 5m 5s
********** 78 **********
Average Fitness: 0.09833333333333333
Maximum Fitness: 0.4000000000000001
Average Pen Distance: 0.47167196255895044
Maximum Pen Distance: 0.8813425020870055
Average Dog Distance: 0.4898654613744021
Maximum Dog Distance: 0.8989807450067661
Average Sheep Distance: 0.3839153090492944
Maximum Sheep Distance: 0.5650033983097497
Elapsed Time: 5m 8s
********** 79 **********
Average Fitness: 0.09733333333333333
Maximum Fitness: 0.4000000000000001
Average Pen Distance: 0.48755019297884805
Maximum Pen Distance: 0.8813425020870055
Average Dog Distance: 0.4966050127764757
Maximum Dog Distance: 0.8728992829947403
Average Sheep Distance: 0.3940196267852898
Maximum Sheep Distance: 0.5650033983097497
Elapsed Time: 5m 13s
********** 80 **********
Average Fitness: 0.09366666666666665
Maximum Fitness: 0.4000000000000001
Average Pen Distance: 0.48738060706771125
Maximum Pen Distance: 0.8813425020870055
Average Dog Distance: 0.48398418414262884
Maximum Dog Distance: 0.8728992829947403
Average Sheep Distance: 0.3896357046740224
Maximum Sheep Distance: 0.5650033983097497
Elapsed Time: 5m 15s
********** 81 **********
Average Fitness: 0.09166666666666666
Maximum Fitness: 0.4000000000000001
Average Pen Distance: 0.49861352197988895
Maximum Pen Distance: 0.8813425020870055
Average Dog Distance: 0.5070895798517203
Maximum Dog Distance: 0.8728992829947403
Average Sheep Distance: 0.39338114926772455
Maximum Sheep Distance: 0.5650033983097497
Elapsed Time: 5m 6s
********** 82 **********
Average Fitness: 0.08733333333333332
Maximum Fitness: 0.4000000000000001
Average Pen Distance: 0.49609085559182353
Maximum Pen Distance: 0.8813425020870055
Average Dog Distance: 0.5148059421972726
Maximum Dog Distance: 0.8994674924559486
Average Sheep Distance: 0.3904166516915975
Maximum Sheep Distance: 0.5650033983097497
Elapsed Time: 5m 20s
********** 83 **********
Average Fitness: 0.09499999999999999
Maximum Fitness: 0.4000000000000001
Average Pen Distance: 0.48645439684133046
Maximum Pen Distance: 0.8813425020870055
Average Dog Distance: 0.5065692441766338
Maximum Dog Distance: 0.9124071078704251
Average Sheep Distance: 0.38950513160791234
Maximum Sheep Distance: 0.5650033983097497
Elapsed Time: 5m 12s
********** 84 **********
Average Fitness: 0.08933333333333332
Maximum Fitness: 0.4000000000000001
Average Pen Distance: 0.4891427809710443
Maximum Pen Distance: 0.8813425020870055
Average Dog Distance: 0.5011378855740939
Maximum Dog Distance: 0.9124071078704251
Average Sheep Distance: 0.38814161880073805
Maximum Sheep Distance: 0.5650033983097497
Elapsed Time: 5m 7s
********** 85 **********
Average Fitness: 0.09333333333333334
Maximum Fitness: 0.4000000000000001
Average Pen Distance: 0.4911122814103415
Maximum Pen Distance: 0.8813425020870055
Average Dog Distance: 0.5111354974134672
Maximum Dog Distance: 0.9132330846323823
Average Sheep Distance: 0.3860914547372553
Maximum Sheep Distance: 0.5650033983097497
Elapsed Time: 5m 12s
********** 86 **********
Average Fitness: 0.09166666666666667
Maximum Fitness: 0.4000000000000001
Average Pen Distance: 0.4720128248865002
Maximum Pen Distance: 0.8813425020870055
Average Dog Distance: 0.4859011710215104
Maximum Dog Distance: 0.9132330846323823
Average Sheep Distance: 0.3809626398888269
Maximum Sheep Distance: 0.5650033983097497
Elapsed Time: 5m 11s
********** 87 **********
Average Fitness: 0.09499999999999999
Maximum Fitness: 0.4000000000000001
Average Pen Distance: 0.48868467769311186
Maximum Pen Distance: 0.8813425020870055
Average Dog Distance: 0.49488672999718003
Maximum Dog Distance: 0.9132330846323823
Average Sheep Distance: 0.3821509064779747
Maximum Sheep Distance: 0.5650033983097497
Elapsed Time: 5m 8s
********** 88 **********
Average Fitness: 0.09266666666666666
Maximum Fitness: 0.4000000000000001
Average Pen Distance: 0.5064196244320303
Maximum Pen Distance: 0.8813425020870055
Average Dog Distance: 0.5067805796286275
Maximum Dog Distance: 0.9132330846323823
Average Sheep Distance: 0.38776481547895275
Maximum Sheep Distance: 0.5650033983097497
Elapsed Time: 5m 9s
********** 89 **********
Average Fitness: 0.09166666666666666
Maximum Fitness: 0.4000000000000001
Average Pen Distance: 0.5000600186276621
Maximum Pen Distance: 0.8813425020870055
Average Dog Distance: 0.5037749813367222
Maximum Dog Distance: 0.9132330846323823
Average Sheep Distance: 0.3881703408920322
Maximum Sheep Distance: 0.5650033983097497
Elapsed Time: 5m 2s
********** 90 **********
Average Fitness: 0.08933333333333333
Maximum Fitness: 0.4000000000000001
Average Pen Distance: 0.49941643379481476
Maximum Pen Distance: 0.8623119026023391
Average Dog Distance: 0.49984743939400894
Maximum Dog Distance: 0.9132330846323823
Average Sheep Distance: 0.38960674577502624
Maximum Sheep Distance: 0.5650033983097497
Elapsed Time: 5m 10s
********** 91 **********
Average Fitness: 0.09199999999999997
Maximum Fitness: 0.4000000000000001
Average Pen Distance: 0.47966925474326794
Maximum Pen Distance: 0.8623119026023391
Average Dog Distance: 0.49712745963992316
Maximum Dog Distance: 0.9132330846323823
Average Sheep Distance: 0.38726966272399294
Maximum Sheep Distance: 0.5650033983097497
Elapsed Time: 5m 10s
********** 92 **********
Average Fitness: 0.09466666666666665
Maximum Fitness: 0.4000000000000001
Average Pen Distance: 0.4861758122871496
Maximum Pen Distance: 0.8623119026023391
Average Dog Distance: 0.49676115702092294
Maximum Dog Distance: 0.9132330846323823
Average Sheep Distance: 0.389133093234106
Maximum Sheep Distance: 0.5650033983097497
Elapsed Time: 5m 14s
********** 93 **********
Average Fitness: 0.08866666666666666
Maximum Fitness: 0.4000000000000001
Average Pen Distance: 0.4980701371895742
Maximum Pen Distance: 0.8623119026023391
Average Dog Distance: 0.5020998123967013
Maximum Dog Distance: 0.8757679071768266
Average Sheep Distance: 0.3893934548561006
Maximum Sheep Distance: 0.5650033983097497
Elapsed Time: 5m 8s
********** 94 **********
Average Fitness: 0.09133333333333331
Maximum Fitness: 0.4000000000000001
Average Pen Distance: 0.49807701883608435
Maximum Pen Distance: 0.8623119026023391
Average Dog Distance: 0.4800721298727658
Maximum Dog Distance: 0.8757679071768266
Average Sheep Distance: 0.38864339581588403
Maximum Sheep Distance: 0.5650033983097497
Elapsed Time: 5m 12s
********** 95 **********
Average Fitness: 0.09
Maximum Fitness: 0.4000000000000001
Average Pen Distance: 0.4923664031640338
Maximum Pen Distance: 0.8623119026023391
Average Dog Distance: 0.5100778015452168
Maximum Dog Distance: 0.8788328399663877
Average Sheep Distance: 0.39338768322279466
Maximum Sheep Distance: 0.5650033983097497
Elapsed Time: 5m 21s
********** 96 **********
Average Fitness: 0.08800000000000001
Maximum Fitness: 0.4000000000000001
Average Pen Distance: 0.5121753596291383
Maximum Pen Distance: 0.8778578004929974
Average Dog Distance: 0.4962305511209384
Maximum Dog Distance: 0.8996218355217405
Average Sheep Distance: 0.39050918463627204
Maximum Sheep Distance: 0.5650033983097497
Elapsed Time: 5m 9s
********** 97 **********
Average Fitness: 0.091
Maximum Fitness: 0.4000000000000001
Average Pen Distance: 0.5226284700439726
Maximum Pen Distance: 0.8778578004929974
Average Dog Distance: 0.4901261457066146
Maximum Dog Distance: 0.8996218355217405
Average Sheep Distance: 0.39028089566364654
Maximum Sheep Distance: 0.5650033983097497
Elapsed Time: 5m 13s
********** 98 **********
Average Fitness: 0.09633333333333333
Maximum Fitness: 0.4000000000000001
Average Pen Distance: 0.49875302177457614
Maximum Pen Distance: 0.8778578004929974
Average Dog Distance: 0.49226441852152797
Maximum Dog Distance: 0.8640974695078304
Average Sheep Distance: 0.3916592857266273
Maximum Sheep Distance: 0.6230650359265852
Elapsed Time: 5m 7s
********** 99 **********
Average Fitness: 0.09333333333333332
Maximum Fitness: 0.4000000000000001
Average Pen Distance: 0.5295252332731439
Maximum Pen Distance: 0.8778578004929974
Average Dog Distance: 0.473403408492799
Maximum Dog Distance: 0.8435787796135396
Average Sheep Distance: 0.3955095814126433
Maximum Sheep Distance: 0.6230650359265852
Elapsed Time: 5m 12s
********** 100 **********
Average Fitness: 0.09266666666666666
Maximum Fitness: 0.4000000000000001
Average Pen Distance: 0.5135937050039736
Maximum Pen Distance: 0.8778578004929974
Average Dog Distance: 0.4938496487826968
Maximum Dog Distance: 0.8689379616732108
Average Sheep Distance: 0.3905149373873415
Maximum Sheep Distance: 0.6230650359265852
Elapsed Time: 5m 8s
********** 1 **********
Average Fitness: 0.06633333333333331
Maximum Fitness: 0.26666666666666666
Average Pen Distance: 0.48431168687203785
Maximum Pen Distance: 0.6992304602735756
Average Dog Distance: 0.5682572883739302
Maximum Dog Distance: 0.8488486868552899
Average Sheep Distance: 0.3490887927502071
Maximum Sheep Distance: 0.46653102618024
Elapsed Time: 10m 12s
********** 2 **********
Average Fitness: 0.075
Maximum Fitness: 0.26666666666666666
Average Pen Distance: 0.49209169426518684
Maximum Pen Distance: 0.7575411432231443
Average Dog Distance: 0.5753895261021674
Maximum Dog Distance: 0.8488486868552899
Average Sheep Distance: 0.3565488702868715
Maximum Sheep Distance: 0.46653102618024
Elapsed Time: 5m 6s
********** 3 **********
Average Fitness: 0.071
Maximum Fitness: 0.26666666666666666
Average Pen Distance: 0.4902219674420533
Maximum Pen Distance: 0.7848348577344693
Average Dog Distance: 0.56080608668747
Maximum Dog Distance: 0.8488486868552899
Average Sheep Distance: 0.3555233965239792
Maximum Sheep Distance: 0.46653102618024
Elapsed Time: 5m 10s
********** 4 **********
Average Fitness: 0.075
Maximum Fitness: 0.26666666666666666
Average Pen Distance: 0.4934586556171214
Maximum Pen Distance: 0.802023429152913
Average Dog Distance: 0.550270624348937
Maximum Dog Distance: 0.8274297428062717
Average Sheep Distance: 0.35834041958364665
Maximum Sheep Distance: 0.48604875724262797
Elapsed Time: 5m 6s
********** 5 **********
Average Fitness: 0.07866666666666666
Maximum Fitness: 0.26666666666666666
Average Pen Distance: 0.5205146442177163
Maximum Pen Distance: 0.8179406940475836
Average Dog Distance: 0.5639976739609116
Maximum Dog Distance: 0.8599536798389229
Average Sheep Distance: 0.3635554495880283
Maximum Sheep Distance: 0.48854103351452455
Elapsed Time: 5m 14s
********** 6 **********
Average Fitness: 0.08299999999999999
Maximum Fitness: 0.39999999999999997
Average Pen Distance: 0.5111600083699162
Maximum Pen Distance: 0.8404459352131002
Average Dog Distance: 0.5369462351396735
Maximum Dog Distance: 0.8599536798389229
Average Sheep Distance: 0.36602323010716253
Maximum Sheep Distance: 0.5000859610186448
Elapsed Time: 5m 6s
********** 7 **********
Average Fitness: 0.08399999999999999
Maximum Fitness: 0.39999999999999997
Average Pen Distance: 0.5153384055698657
Maximum Pen Distance: 0.8404459352131002
Average Dog Distance: 0.5524594294422102
Maximum Dog Distance: 0.8599536798389229
Average Sheep Distance: 0.3665355672253005
Maximum Sheep Distance: 0.5000859610186448
Elapsed Time: 5m 13s
********** 8 **********
Average Fitness: 0.08566666666666664
Maximum Fitness: 0.39999999999999997
Average Pen Distance: 0.5175957609254156
Maximum Pen Distance: 0.8404459352131002
Average Dog Distance: 0.5236218063682094
Maximum Dog Distance: 0.8722080445841853
Average Sheep Distance: 0.37016910557920696
Maximum Sheep Distance: 0.5000859610186448
Elapsed Time: 5m 14s
********** 9 **********
Average Fitness: 0.087
Maximum Fitness: 0.39999999999999997
Average Pen Distance: 0.5164331874016682
Maximum Pen Distance: 0.8404459352131002
Average Dog Distance: 0.5205022921581061
Maximum Dog Distance: 0.8722080445841853
Average Sheep Distance: 0.37064522548020856
Maximum Sheep Distance: 0.5000859610186448
Elapsed Time: 5m 11s
********** 10 **********
Average Fitness: 0.08433333333333332
Maximum Fitness: 0.39999999999999997
Average Pen Distance: 0.5244448495055701
Maximum Pen Distance: 0.8404459352131002
Average Dog Distance: 0.5210975213173948
Maximum Dog Distance: 0.8722080445841853
Average Sheep Distance: 0.37669361277207586
Maximum Sheep Distance: 0.5076302376130494
Elapsed Time: 5m 10s
********** 11 **********
Average Fitness: 0.08466666666666665
Maximum Fitness: 0.39999999999999997
Average Pen Distance: 0.5451309029061111
Maximum Pen Distance: 0.8404459352131002
Average Dog Distance: 0.525842743025441
Maximum Dog Distance: 0.8722080445841853
Average Sheep Distance: 0.37798481845991894
Maximum Sheep Distance: 0.5076302376130494
Elapsed Time: 5m 11s
********** 12 **********
Average Fitness: 0.08733333333333332
Maximum Fitness: 0.39999999999999997
Average Pen Distance: 0.5270029740883903
Maximum Pen Distance: 0.8404459352131002
Average Dog Distance: 0.5031917096974657
Maximum Dog Distance: 0.8100796933150481
Average Sheep Distance: 0.3747865048232501
Maximum Sheep Distance: 0.5076302376130494
Elapsed Time: 5m 15s
********** 13 **********
Average Fitness: 0.096
Maximum Fitness: 0.39999999999999997
Average Pen Distance: 0.5193510461031681
Maximum Pen Distance: 0.8404459352131002
Average Dog Distance: 0.5244488716669021
Maximum Dog Distance: 0.8642219312674605
Average Sheep Distance: 0.37383944872614433
Maximum Sheep Distance: 0.5076302376130494
Elapsed Time: 5m 10s
********** 14 **********
Average Fitness: 0.09399999999999999
Maximum Fitness: 0.39999999999999997
Average Pen Distance: 0.522468274520226
Maximum Pen Distance: 0.8404459352131002
Average Dog Distance: 0.4997443189968743
Maximum Dog Distance: 0.8642219312674605
Average Sheep Distance: 0.37815727519429565
Maximum Sheep Distance: 0.5171192431275493
Elapsed Time: 5m 5s
********** 15 **********
Average Fitness: 0.09466666666666665
Maximum Fitness: 0.39999999999999997
Average Pen Distance: 0.5238386127329135
Maximum Pen Distance: 0.8404459352131002
Average Dog Distance: 0.5248404712192799
Maximum Dog Distance: 0.8642219312674605
Average Sheep Distance: 0.38003406422307606
Maximum Sheep Distance: 0.5171192431275493
Elapsed Time: 5m 6s
********** 16 **********
Average Fitness: 0.09066666666666665
Maximum Fitness: 0.39999999999999997
Average Pen Distance: 0.5327190347282255
Maximum Pen Distance: 0.8404459352131002
Average Dog Distance: 0.5105226144714403
Maximum Dog Distance: 0.8642219312674605
Average Sheep Distance: 0.37801718670097206
Maximum Sheep Distance: 0.5171192431275493
Elapsed Time: 5m 19s
********** 17 **********
Average Fitness: 0.09066666666666665
Maximum Fitness: 0.39999999999999997
Average Pen Distance: 0.5173384223399488
Maximum Pen Distance: 0.8404459352131002
Average Dog Distance: 0.527378080770892
Maximum Dog Distance: 0.8642219312674605
Average Sheep Distance: 0.3792167979313099
Maximum Sheep Distance: 0.5171192431275493
Elapsed Time: 5m 10s
********** 18 **********
Average Fitness: 0.09166666666666665
Maximum Fitness: 0.39999999999999997
Average Pen Distance: 0.500285892011505
Maximum Pen Distance: 0.8404459352131002
Average Dog Distance: 0.5108530848232599
Maximum Dog Distance: 0.8642219312674605
Average Sheep Distance: 0.37220179731952663
Maximum Sheep Distance: 0.5171192431275493
Elapsed Time: 5m 7s
********** 19 **********
Average Fitness: 0.08633333333333333
Maximum Fitness: 0.39999999999999997
Average Pen Distance: 0.5284188394045071
Maximum Pen Distance: 0.8404459352131002
Average Dog Distance: 0.5111987993184123
Maximum Dog Distance: 0.8642219312674605
Average Sheep Distance: 0.3777409255876597
Maximum Sheep Distance: 0.5171192431275493
Elapsed Time: 5m 7s
********** 20 **********
Average Fitness: 0.08899999999999998
Maximum Fitness: 0.39999999999999997
Average Pen Distance: 0.5320091838229423
Maximum Pen Distance: 0.8404459352131002
Average Dog Distance: 0.5025449238031113
Maximum Dog Distance: 0.8642219312674605
Average Sheep Distance: 0.3875497427679736
Maximum Sheep Distance: 0.5171192431275493
Elapsed Time: 5m 9s
********** 21 **********
Average Fitness: 0.09466666666666665
Maximum Fitness: 0.39999999999999997
Average Pen Distance: 0.5006974174145257
Maximum Pen Distance: 0.8637285577751098
Average Dog Distance: 0.5043518145825202
Maximum Dog Distance: 0.8642219312674605
Average Sheep Distance: 0.37730778507254725
Maximum Sheep Distance: 0.5171192431275493
Elapsed Time: 5m 22s
********** 22 **********
Average Fitness: 0.08999999999999998
Maximum Fitness: 0.39999999999999997
Average Pen Distance: 0.5240741875516113
Maximum Pen Distance: 0.8637285577751098
Average Dog Distance: 0.4832945065751101
Maximum Dog Distance: 0.8642219312674605
Average Sheep Distance: 0.3816835738595605
Maximum Sheep Distance: 0.5171192431275493
Elapsed Time: 5m 8s
********** 23 **********
Average Fitness: 0.09333333333333332
Maximum Fitness: 0.39999999999999997
Average Pen Distance: 0.506231834565043
Maximum Pen Distance: 0.8637285577751098
Average Dog Distance: 0.4973609727678715
Maximum Dog Distance: 0.8642219312674605
Average Sheep Distance: 0.3755846237061736
Maximum Sheep Distance: 0.5171192431275493
Elapsed Time: 5m 11s
********** 24 **********
Average Fitness: 0.09566666666666665
Maximum Fitness: 0.39999999999999997
Average Pen Distance: 0.5124189635048627
Maximum Pen Distance: 0.8637285577751098
Average Dog Distance: 0.4902825788238877
Maximum Dog Distance: 0.8364169139617611
Average Sheep Distance: 0.37927565771410526
Maximum Sheep Distance: 0.5171192431275493
Elapsed Time: 5m 2s
********** 25 **********
Average Fitness: 0.09666666666666666
Maximum Fitness: 0.39999999999999997
Average Pen Distance: 0.490859197020133
Maximum Pen Distance: 0.8637285577751098
Average Dog Distance: 0.49537448630539627
Maximum Dog Distance: 0.8364169139617611
Average Sheep Distance: 0.371230525495274
Maximum Sheep Distance: 0.5171192431275493
Elapsed Time: 5m 11s
********** 26 **********
Average Fitness: 0.09433333333333332
Maximum Fitness: 0.39999999999999997
Average Pen Distance: 0.5198377935067326
Maximum Pen Distance: 0.8637285577751098
Average Dog Distance: 0.4995279724288117
Maximum Dog Distance: 0.8364169139617611
Average Sheep Distance: 0.3765274129298687
Maximum Sheep Distance: 0.5171192431275493
Elapsed Time: 5m 2s
********** 27 **********
Average Fitness: 0.09366666666666665
Maximum Fitness: 0.39999999999999997
Average Pen Distance: 0.5132775973357592
Maximum Pen Distance: 0.8637285577751098
Average Dog Distance: 0.4883213623093349
Maximum Dog Distance: 0.8364169139617611
Average Sheep Distance: 0.3801162293833185
Maximum Sheep Distance: 0.5171192431275493
Elapsed Time: 5m 7s
********** 28 **********
Average Fitness: 0.08533333333333333
Maximum Fitness: 0.39999999999999997
Average Pen Distance: 0.5168824430472191
Maximum Pen Distance: 0.8637285577751098
Average Dog Distance: 0.5080425797702358
Maximum Dog Distance: 0.8372375155516102
Average Sheep Distance: 0.37499138830356393
Maximum Sheep Distance: 0.5171192431275493
Elapsed Time: 5m 20s
********** 29 **********
Average Fitness: 0.08033333333333331
Maximum Fitness: 0.39999999999999997
Average Pen Distance: 0.5193535802238795
Maximum Pen Distance: 0.8637285577751098
Average Dog Distance: 0.47214638584043817
Maximum Dog Distance: 0.8372375155516102
Average Sheep Distance: 0.38208017480134215
Maximum Sheep Distance: 0.5286354454621941
Elapsed Time: 5m 14s
********** 30 **********
Average Fitness: 0.08666666666666664
Maximum Fitness: 0.39999999999999997
Average Pen Distance: 0.5013885816578767
Maximum Pen Distance: 0.8637285577751098
Average Dog Distance: 0.4907701134575166
Maximum Dog Distance: 0.8367198209545738
Average Sheep Distance: 0.37824460091160994
Maximum Sheep Distance: 0.5286354454621941
Elapsed Time: 5m 8s
********** 31 **********
Average Fitness: 0.09266666666666663
Maximum Fitness: 0.39999999999999997
Average Pen Distance: 0.4905887107910201
Maximum Pen Distance: 0.8637285577751098
Average Dog Distance: 0.47390628636286924
Maximum Dog Distance: 0.8367198209545738
Average Sheep Distance: 0.3752129433290445
Maximum Sheep Distance: 0.5286354454621941
Elapsed Time: 5m 5s
********** 32 **********
Average Fitness: 0.08266666666666664
Maximum Fitness: 0.39999999999999997
Average Pen Distance: 0.5151331226256105
Maximum Pen Distance: 0.8637285577751098
Average Dog Distance: 0.48302131200843307
Maximum Dog Distance: 0.8367198209545738
Average Sheep Distance: 0.37957686131559243
Maximum Sheep Distance: 0.5286354454621941
Elapsed Time: 5m 19s
********** 33 **********
Average Fitness: 0.09166666666666666
Maximum Fitness: 0.39999999999999997
Average Pen Distance: 0.5244643924517765
Maximum Pen Distance: 0.8637285577751098
Average Dog Distance: 0.5008229053326401
Maximum Dog Distance: 0.8367198209545738
Average Sheep Distance: 0.37716732839651307
Maximum Sheep Distance: 0.5364886037109465
Elapsed Time: 5m 6s
********** 34 **********
Average Fitness: 0.088
Maximum Fitness: 0.39999999999999997
Average Pen Distance: 0.5139021434842378
Maximum Pen Distance: 0.8637285577751098
Average Dog Distance: 0.4905060862545505
Maximum Dog Distance: 0.8367198209545738
Average Sheep Distance: 0.3772942437186197
Maximum Sheep Distance: 0.5364886037109465
Elapsed Time: 5m 0s
********** 35 **********
Average Fitness: 0.08766666666666666
Maximum Fitness: 0.39999999999999997
Average Pen Distance: 0.5171515452222255
Maximum Pen Distance: 0.8637285577751098
Average Dog Distance: 0.4931818877631837
Maximum Dog Distance: 0.8253846992259746
Average Sheep Distance: 0.3798490023572565
Maximum Sheep Distance: 0.5364886037109465
Elapsed Time: 5m 20s
********** 36 **********
Average Fitness: 0.09466666666666666
Maximum Fitness: 0.39999999999999997
Average Pen Distance: 0.514846688899143
Maximum Pen Distance: 0.8637285577751098
Average Dog Distance: 0.5037946678135866
Maximum Dog Distance: 0.8253846992259746
Average Sheep Distance: 0.38068340290256486
Maximum Sheep Distance: 0.5364886037109465
Elapsed Time: 5m 4s
********** 37 **********
Average Fitness: 0.09099999999999998
Maximum Fitness: 0.39999999999999997
Average Pen Distance: 0.5049404738666234
Maximum Pen Distance: 0.8637285577751098
Average Dog Distance: 0.49394015567377797
Maximum Dog Distance: 0.8253846992259746
Average Sheep Distance: 0.377310490316744
Maximum Sheep Distance: 0.5364886037109465
Elapsed Time: 5m 7s
********** 38 **********
Average Fitness: 0.08866666666666666
Maximum Fitness: 0.39999999999999997
Average Pen Distance: 0.5156186726035599
Maximum Pen Distance: 0.8637285577751098
Average Dog Distance: 0.5119079519377447
Maximum Dog Distance: 0.83137467151221
Average Sheep Distance: 0.3818493005166095
Maximum Sheep Distance: 0.5364886037109465
Elapsed Time: 5m 9s
********** 39 **********
Average Fitness: 0.09699999999999999
Maximum Fitness: 0.39999999999999997
Average Pen Distance: 0.48588145661294163
Maximum Pen Distance: 0.8637285577751098
Average Dog Distance: 0.4901355220443911
Maximum Dog Distance: 0.81601786529969
Average Sheep Distance: 0.3790733652336342
Maximum Sheep Distance: 0.5364886037109465
Elapsed Time: 5m 15s
********** 40 **********
Average Fitness: 0.09566666666666666
Maximum Fitness: 0.39999999999999997
Average Pen Distance: 0.5164700216389819
Maximum Pen Distance: 0.8637285577751098
Average Dog Distance: 0.4865191231542423
Maximum Dog Distance: 0.81601786529969
Average Sheep Distance: 0.381025908938607
Maximum Sheep Distance: 0.5364886037109465
Elapsed Time: 5m 11s
********** 41 **********
Average Fitness: 0.10033333333333333
Maximum Fitness: 0.39999999999999997
Average Pen Distance: 0.49458942281998214
Maximum Pen Distance: 0.8637285577751098
Average Dog Distance: 0.5058466419692258
Maximum Dog Distance: 0.81601786529969
Average Sheep Distance: 0.380396837952628
Maximum Sheep Distance: 0.5364886037109465
Elapsed Time: 5m 9s
********** 42 **********
Average Fitness: 0.09566666666666666
Maximum Fitness: 0.39999999999999997
Average Pen Distance: 0.512549419921545
Maximum Pen Distance: 0.8637285577751098
Average Dog Distance: 0.4914364609620996
Maximum Dog Distance: 0.8397165445383529
Average Sheep Distance: 0.3858528399227914
Maximum Sheep Distance: 0.5364886037109465
Elapsed Time: 5m 6s
********** 43 **********
Average Fitness: 0.09833333333333336
Maximum Fitness: 0.39999999999999997
Average Pen Distance: 0.48827021882260496
Maximum Pen Distance: 0.8637285577751098
Average Dog Distance: 0.49649913928682954
Maximum Dog Distance: 0.8433369518601969
Average Sheep Distance: 0.3811023326465383
Maximum Sheep Distance: 0.5364886037109465
Elapsed Time: 5m 9s
********** 44 **********
Average Fitness: 0.09099999999999996
Maximum Fitness: 0.39999999999999997
Average Pen Distance: 0.4982096542782442
Maximum Pen Distance: 0.8637285577751098
Average Dog Distance: 0.48941273406645075
Maximum Dog Distance: 0.794954834370472
Average Sheep Distance: 0.3819734373809275
Maximum Sheep Distance: 0.5364886037109465
Elapsed Time: 5m 13s
********** 45 **********
Average Fitness: 0.09666666666666664
Maximum Fitness: 0.39999999999999997
Average Pen Distance: 0.5215165205796625
Maximum Pen Distance: 0.8637285577751098
Average Dog Distance: 0.4799397224743338
Maximum Dog Distance: 0.794954834370472
Average Sheep Distance: 0.3843166158562603
Maximum Sheep Distance: 0.5364886037109465
Elapsed Time: 5m 14s
********** 46 **********
Average Fitness: 0.09466666666666666
Maximum Fitness: 0.39999999999999997
Average Pen Distance: 0.5112389171973022
Maximum Pen Distance: 0.8637285577751098
Average Dog Distance: 0.5190042673510579
Maximum Dog Distance: 0.8047535064774638
Average Sheep Distance: 0.38288096067624733
Maximum Sheep Distance: 0.5286354454621941
Elapsed Time: 5m 23s
********** 47 **********
Average Fitness: 0.09566666666666666
Maximum Fitness: 0.39999999999999997
Average Pen Distance: 0.5048561566708591
Maximum Pen Distance: 0.8637285577751098
Average Dog Distance: 0.4724245607878621
Maximum Dog Distance: 0.8047535064774638
Average Sheep Distance: 0.38422505162465226
Maximum Sheep Distance: 0.5286354454621941
Elapsed Time: 5m 6s
********** 48 **********
Average Fitness: 0.1
Maximum Fitness: 0.39999999999999997
Average Pen Distance: 0.5055009355690363
Maximum Pen Distance: 0.8637285577751098
Average Dog Distance: 0.49638837416446585
Maximum Dog Distance: 0.8047535064774638
Average Sheep Distance: 0.38420258990394246
Maximum Sheep Distance: 0.5286354454621941
Elapsed Time: 5m 14s
********** 49 **********
Average Fitness: 0.09499999999999999
Maximum Fitness: 0.39999999999999997
Average Pen Distance: 0.5039205055077612
Maximum Pen Distance: 0.8637285577751098
Average Dog Distance: 0.4942894583656684
Maximum Dog Distance: 0.8047535064774638
Average Sheep Distance: 0.38578871543309284
Maximum Sheep Distance: 0.5286354454621941
Elapsed Time: 5m 4s
********** 50 **********
Average Fitness: 0.09333333333333332
Maximum Fitness: 0.39999999999999997
Average Pen Distance: 0.5167033288052976
Maximum Pen Distance: 0.8637285577751098
Average Dog Distance: 0.48533233154745387
Maximum Dog Distance: 0.7993648672921324
Average Sheep Distance: 0.38897776339073525
Maximum Sheep Distance: 0.5286354454621941
Elapsed Time: 5m 7s
********** 51 **********
Average Fitness: 0.09466666666666666
Maximum Fitness: 0.39999999999999997
Average Pen Distance: 0.4870105846540816
Maximum Pen Distance: 0.8637285577751098
Average Dog Distance: 0.4983145156685729
Maximum Dog Distance: 0.7993648672921324
Average Sheep Distance: 0.37958587743417155
Maximum Sheep Distance: 0.5286354454621941
Elapsed Time: 5m 9s
********** 52 **********
Average Fitness: 0.096
Maximum Fitness: 0.39999999999999997
Average Pen Distance: 0.5074977374627457
Maximum Pen Distance: 0.8637285577751098
Average Dog Distance: 0.4944634799359146
Maximum Dog Distance: 0.8248366726055152
Average Sheep Distance: 0.3848237162791348
Maximum Sheep Distance: 0.5286354454621941
Elapsed Time: 5m 6s
********** 53 **********
Average Fitness: 0.10266666666666666
Maximum Fitness: 0.39999999999999997
Average Pen Distance: 0.48884933162941574
Maximum Pen Distance: 0.8637285577751098
Average Dog Distance: 0.4861634493849817
Maximum Dog Distance: 0.8248366726055152
Average Sheep Distance: 0.38008202302005345
Maximum Sheep Distance: 0.5286354454621941
Elapsed Time: 5m 9s
********** 54 **********
Average Fitness: 0.09466666666666665
Maximum Fitness: 0.39999999999999997
Average Pen Distance: 0.5049135586253957
Maximum Pen Distance: 0.8637285577751098
Average Dog Distance: 0.4993985567324305
Maximum Dog Distance: 0.8248366726055152
Average Sheep Distance: 0.3855572047302263
Maximum Sheep Distance: 0.5286354454621941
Elapsed Time: 5m 11s
********** 55 **********
Average Fitness: 0.09999999999999998
Maximum Fitness: 0.39999999999999997
Average Pen Distance: 0.4937254186331881
Maximum Pen Distance: 0.8637285577751098
Average Dog Distance: 0.47854811301281835
Maximum Dog Distance: 0.8248366726055152
Average Sheep Distance: 0.3780038629010399
Maximum Sheep Distance: 0.5286354454621941
Elapsed Time: 5m 8s
********** 56 **********
Average Fitness: 0.09733333333333333
Maximum Fitness: 0.39999999999999997
Average Pen Distance: 0.5093058455248667
Maximum Pen Distance: 0.8637285577751098
Average Dog Distance: 0.5103621391352821
Maximum Dog Distance: 0.8248366726055152
Average Sheep Distance: 0.38139464280214513
Maximum Sheep Distance: 0.5286354454621941
Elapsed Time: 5m 3s
********** 57 **********
Average Fitness: 0.09633333333333333
Maximum Fitness: 0.39999999999999997
Average Pen Distance: 0.5226197290124007
Maximum Pen Distance: 0.8637285577751098
Average Dog Distance: 0.48137544221781936
Maximum Dog Distance: 0.794954834370472
Average Sheep Distance: 0.3822169700696241
Maximum Sheep Distance: 0.5286354454621941
Elapsed Time: 5m 10s
********** 58 **********
Average Fitness: 0.10499999999999998
Maximum Fitness: 0.39999999999999997
Average Pen Distance: 0.4858848596959902
Maximum Pen Distance: 0.8637285577751098
Average Dog Distance: 0.501362772327407
Maximum Dog Distance: 0.8411881883276181
Average Sheep Distance: 0.37430764117305526
Maximum Sheep Distance: 0.5286354454621941
Elapsed Time: 5m 11s
********** 59 **********
Average Fitness: 0.10266666666666666
Maximum Fitness: 0.39999999999999997
Average Pen Distance: 0.5024515352485754
Maximum Pen Distance: 0.8637285577751098
Average Dog Distance: 0.5028008088723238
Maximum Dog Distance: 0.8411881883276181
Average Sheep Distance: 0.38061267438978663
Maximum Sheep Distance: 0.5286354454621941
Elapsed Time: 5m 12s
********** 60 **********
Average Fitness: 0.09833333333333334
Maximum Fitness: 0.3666666666666667
Average Pen Distance: 0.5150630524323803
Maximum Pen Distance: 0.8637285577751098
Average Dog Distance: 0.4982777805799669
Maximum Dog Distance: 0.845502430533099
Average Sheep Distance: 0.38170426659188494
Maximum Sheep Distance: 0.5519459037159525
Elapsed Time: 5m 7s
********** 61 **********
Average Fitness: 0.09733333333333333
Maximum Fitness: 0.3666666666666667
Average Pen Distance: 0.5107143518596794
Maximum Pen Distance: 0.8637285577751098
Average Dog Distance: 0.5031722697879755
Maximum Dog Distance: 0.845502430533099
Average Sheep Distance: 0.38392137891605665
Maximum Sheep Distance: 0.5519459037159525
Elapsed Time: 5m 7s
********** 62 **********
Average Fitness: 0.09299999999999999
Maximum Fitness: 0.3666666666666667
Average Pen Distance: 0.4994547922566974
Maximum Pen Distance: 0.8637285577751098
Average Dog Distance: 0.4992157630765596
Maximum Dog Distance: 0.845502430533099
Average Sheep Distance: 0.380894786267546
Maximum Sheep Distance: 0.5519459037159525
Elapsed Time: 5m 7s
********** 63 **********
Average Fitness: 0.09333333333333332
Maximum Fitness: 0.3666666666666667
Average Pen Distance: 0.49891828970747887
Maximum Pen Distance: 0.8637285577751098
Average Dog Distance: 0.4947161959329634
Maximum Dog Distance: 0.845502430533099
Average Sheep Distance: 0.38347113935984334
Maximum Sheep Distance: 0.5519459037159525
Elapsed Time: 5m 7s
********** 64 **********
Average Fitness: 0.09366666666666665
Maximum Fitness: 0.3666666666666667
Average Pen Distance: 0.492976403787404
Maximum Pen Distance: 0.8637285577751098
Average Dog Distance: 0.5159754272973037
Maximum Dog Distance: 0.845502430533099
Average Sheep Distance: 0.3822866408916872
Maximum Sheep Distance: 0.5519459037159525
Elapsed Time: 5m 15s
********** 65 **********
Average Fitness: 0.08933333333333332
Maximum Fitness: 0.3666666666666667
Average Pen Distance: 0.496506071992356
Maximum Pen Distance: 0.8637285577751098
Average Dog Distance: 0.4935556835093929
Maximum Dog Distance: 0.8201529376212061
Average Sheep Distance: 0.3795863389335026
Maximum Sheep Distance: 0.5519459037159525
Elapsed Time: 5m 5s
********** 66 **********
Average Fitness: 0.08833333333333332
Maximum Fitness: 0.3666666666666667
Average Pen Distance: 0.5129818507625881
Maximum Pen Distance: 0.8637285577751098
Average Dog Distance: 0.49592227049707077
Maximum Dog Distance: 0.841436436919092
Average Sheep Distance: 0.38379676099272986
Maximum Sheep Distance: 0.5519459037159525
Elapsed Time: 5m 15s
********** 67 **********
Average Fitness: 0.08966666666666664
Maximum Fitness: 0.3666666666666667
Average Pen Distance: 0.5197821082570667
Maximum Pen Distance: 0.8637285577751098
Average Dog Distance: 0.5030330868339512
Maximum Dog Distance: 0.841436436919092
Average Sheep Distance: 0.3842321424503375
Maximum Sheep Distance: 0.5519459037159525
Elapsed Time: 5m 11s
********** 68 **********
Average Fitness: 0.08900000000000001
Maximum Fitness: 0.3666666666666667
Average Pen Distance: 0.5119216479200529
Maximum Pen Distance: 0.8637285577751098
Average Dog Distance: 0.49175976932416243
Maximum Dog Distance: 0.841436436919092
Average Sheep Distance: 0.3823065412241879
Maximum Sheep Distance: 0.5519459037159525
Elapsed Time: 5m 10s
********** 69 **********
Average Fitness: 0.09033333333333332
Maximum Fitness: 0.3666666666666667
Average Pen Distance: 0.5041369808832885
Maximum Pen Distance: 0.8637285577751098
Average Dog Distance: 0.5048288442011699
Maximum Dog Distance: 0.8473978177227123
Average Sheep Distance: 0.3836692468441087
Maximum Sheep Distance: 0.5519459037159525
Elapsed Time: 5m 12s
********** 70 **********
Average Fitness: 0.08900000000000001
Maximum Fitness: 0.3666666666666667
Average Pen Distance: 0.5144993524960423
Maximum Pen Distance: 0.8637285577751098
Average Dog Distance: 0.48636101981244906
Maximum Dog Distance: 0.8168823628875258
Average Sheep Distance: 0.37992650044192344
Maximum Sheep Distance: 0.5519459037159525
Elapsed Time: 5m 7s
********** 71 **********
Average Fitness: 0.09299999999999999
Maximum Fitness: 0.3666666666666667
Average Pen Distance: 0.5202832947813858
Maximum Pen Distance: 0.8637285577751098
Average Dog Distance: 0.485049840551028
Maximum Dog Distance: 0.8168823628875258
Average Sheep Distance: 0.38609805787289825
Maximum Sheep Distance: 0.5519459037159525
Elapsed Time: 5m 8s
********** 72 **********
Average Fitness: 0.09666666666666666
Maximum Fitness: 0.3666666666666667
Average Pen Distance: 0.5117574314210874
Maximum Pen Distance: 0.8637285577751098
Average Dog Distance: 0.501827435524589
Maximum Dog Distance: 0.8365881304029736
Average Sheep Distance: 0.38752740722820506
Maximum Sheep Distance: 0.5519459037159525
Elapsed Time: 5m 8s
********** 73 **********
Average Fitness: 0.09399999999999999
Maximum Fitness: 0.3666666666666667
Average Pen Distance: 0.5246386034417183
Maximum Pen Distance: 0.8637285577751098
Average Dog Distance: 0.4974371779924652
Maximum Dog Distance: 0.8365881304029736
Average Sheep Distance: 0.3874589250474332
Maximum Sheep Distance: 0.5519459037159525
Elapsed Time: 5m 11s
********** 74 **********
Average Fitness: 0.09866666666666667
Maximum Fitness: 0.3666666666666667
Average Pen Distance: 0.4997051293839943
Maximum Pen Distance: 0.8637285577751098
Average Dog Distance: 0.4842405626442114
Maximum Dog Distance: 0.8168823628875258
Average Sheep Distance: 0.38454732742271686
Maximum Sheep Distance: 0.5183777868124019
Elapsed Time: 5m 11s
********** 75 **********
Average Fitness: 0.09966666666666665
Maximum Fitness: 0.3666666666666667
Average Pen Distance: 0.5048598788841009
Maximum Pen Distance: 0.8637285577751098
Average Dog Distance: 0.4889812556298729
Maximum Dog Distance: 0.8102846040827393
Average Sheep Distance: 0.38623063728994306
Maximum Sheep Distance: 0.5183777868124019
Elapsed Time: 5m 4s
********** 76 **********
Average Fitness: 0.09699999999999999
Maximum Fitness: 0.3666666666666667
Average Pen Distance: 0.49227564581273475
Maximum Pen Distance: 0.8637285577751098
Average Dog Distance: 0.4661702423523459
Maximum Dog Distance: 0.8102846040827393
Average Sheep Distance: 0.38166241956676744
Maximum Sheep Distance: 0.5183777868124019
Elapsed Time: 5m 12s
********** 77 **********
Average Fitness: 0.09433333333333332
Maximum Fitness: 0.3666666666666667
Average Pen Distance: 0.4998947628649906
Maximum Pen Distance: 0.8637285577751098
Average Dog Distance: 0.5001049613144107
Maximum Dog Distance: 0.8305786428997974
Average Sheep Distance: 0.37829329231910547
Maximum Sheep Distance: 0.5183777868124019
Elapsed Time: 5m 6s
********** 78 **********
Average Fitness: 0.095
Maximum Fitness: 0.3666666666666667
Average Pen Distance: 0.49831362055437295
Maximum Pen Distance: 0.8637285577751098
Average Dog Distance: 0.4792073329820558
Maximum Dog Distance: 0.8305786428997974
Average Sheep Distance: 0.3804146001783098
Maximum Sheep Distance: 0.5183777868124019
Elapsed Time: 5m 12s
********** 79 **********
Average Fitness: 0.09166666666666665
Maximum Fitness: 0.3666666666666667
Average Pen Distance: 0.5078899834657521
Maximum Pen Distance: 0.8637285577751098
Average Dog Distance: 0.47959583721886917
Maximum Dog Distance: 0.8076247755159053
Average Sheep Distance: 0.38360086170293733
Maximum Sheep Distance: 0.5183777868124019
Elapsed Time: 5m 9s
********** 80 **********
Average Fitness: 0.088
Maximum Fitness: 0.3666666666666667
Average Pen Distance: 0.507559560464613
Maximum Pen Distance: 0.8637285577751098
Average Dog Distance: 0.47049045217054647
Maximum Dog Distance: 0.8076247755159053
Average Sheep Distance: 0.38051244173278426
Maximum Sheep Distance: 0.5183777868124019
Elapsed Time: 5m 10s
********** 81 **********
Average Fitness: 0.09433333333333332
Maximum Fitness: 0.3666666666666667
Average Pen Distance: 0.5144229574906765
Maximum Pen Distance: 0.8637285577751098
Average Dog Distance: 0.47062558290556156
Maximum Dog Distance: 0.835719984918728
Average Sheep Distance: 0.3872767138373787
Maximum Sheep Distance: 0.5183777868124019
Elapsed Time: 5m 8s
********** 82 **********
Average Fitness: 0.10266666666666666
Maximum Fitness: 0.3666666666666667
Average Pen Distance: 0.4959957909869724
Maximum Pen Distance: 0.8637285577751098
Average Dog Distance: 0.4676784656077684
Maximum Dog Distance: 0.835719984918728
Average Sheep Distance: 0.3805793752041179
Maximum Sheep Distance: 0.5183777868124019
Elapsed Time: 5m 8s
********** 83 **********
Average Fitness: 0.09333333333333332
Maximum Fitness: 0.3666666666666667
Average Pen Distance: 0.4962407969972095
Maximum Pen Distance: 0.8637285577751098
Average Dog Distance: 0.4767136097952039
Maximum Dog Distance: 0.8299877700478583
Average Sheep Distance: 0.3826949492576629
Maximum Sheep Distance: 0.5183777868124019
Elapsed Time: 5m 9s
********** 84 **********
Average Fitness: 0.09233333333333332
Maximum Fitness: 0.3666666666666667
Average Pen Distance: 0.4978475089944159
Maximum Pen Distance: 0.8637285577751098
Average Dog Distance: 0.47563052886050483
Maximum Dog Distance: 0.8299877700478583
Average Sheep Distance: 0.38497147841520013
Maximum Sheep Distance: 0.5183777868124019
Elapsed Time: 5m 16s
********** 85 **********
Average Fitness: 0.09200000000000001
Maximum Fitness: 0.3666666666666667
Average Pen Distance: 0.5137318651808921
Maximum Pen Distance: 0.8637285577751098
Average Dog Distance: 0.45966620949271264
Maximum Dog Distance: 0.8299877700478583
Average Sheep Distance: 0.38273058249114217
Maximum Sheep Distance: 0.5183777868124019
Elapsed Time: 5m 7s
********** 86 **********
Average Fitness: 0.09399999999999999
Maximum Fitness: 0.3666666666666667
Average Pen Distance: 0.5183860144457726
Maximum Pen Distance: 0.8603099961572428
Average Dog Distance: 0.4868144071562294
Maximum Dog Distance: 0.8299877700478583
Average Sheep Distance: 0.38757312298814944
Maximum Sheep Distance: 0.5183777868124019
Elapsed Time: 5m 3s
********** 87 **********
Average Fitness: 0.09666666666666666
Maximum Fitness: 0.3666666666666667
Average Pen Distance: 0.518049546400951
Maximum Pen Distance: 0.8603099961572428
Average Dog Distance: 0.4966100674790112
Maximum Dog Distance: 0.856841479658134
Average Sheep Distance: 0.3894960779881067
Maximum Sheep Distance: 0.5183777868124019
Elapsed Time: 5m 11s
********** 88 **********
Average Fitness: 0.10433333333333333
Maximum Fitness: 0.3666666666666667
Average Pen Distance: 0.4907028999385721
Maximum Pen Distance: 0.8603099961572428
Average Dog Distance: 0.481434994700169
Maximum Dog Distance: 0.856841479658134
Average Sheep Distance: 0.383016179069892
Maximum Sheep Distance: 0.5105305710487812
Elapsed Time: 5m 11s
********** 89 **********
Average Fitness: 0.10399999999999998
Maximum Fitness: 0.3666666666666667
Average Pen Distance: 0.5118785107626724
Maximum Pen Distance: 0.8603099961572428
Average Dog Distance: 0.4953973621087245
Maximum Dog Distance: 0.856841479658134
Average Sheep Distance: 0.38584228134606613
Maximum Sheep Distance: 0.5105305710487812
Elapsed Time: 5m 11s
********** 90 **********
Average Fitness: 0.10133333333333333
Maximum Fitness: 0.3666666666666667
Average Pen Distance: 0.5006790211719931
Maximum Pen Distance: 0.8603099961572428
Average Dog Distance: 0.5018415912089081
Maximum Dog Distance: 0.856841479658134
Average Sheep Distance: 0.3825901872382334
Maximum Sheep Distance: 0.5105305710487812
Elapsed Time: 5m 9s
********** 91 **********
Average Fitness: 0.09233333333333331
Maximum Fitness: 0.3666666666666667
Average Pen Distance: 0.5168799636082331
Maximum Pen Distance: 0.8603099961572428
Average Dog Distance: 0.4822439845417613
Maximum Dog Distance: 0.856841479658134
Average Sheep Distance: 0.3828861423655421
Maximum Sheep Distance: 0.5105305710487812
Elapsed Time: 5m 5s
********** 92 **********
Average Fitness: 0.09299999999999999
Maximum Fitness: 0.3666666666666667
Average Pen Distance: 0.5195024986753858
Maximum Pen Distance: 0.85010948583349
Average Dog Distance: 0.5076455565046994
Maximum Dog Distance: 0.856841479658134
Average Sheep Distance: 0.38138182539080256
Maximum Sheep Distance: 0.5105305710487812
Elapsed Time: 5m 10s
********** 93 **********
Average Fitness: 0.095
Maximum Fitness: 0.3666666666666667
Average Pen Distance: 0.512544541533804
Maximum Pen Distance: 0.85010948583349
Average Dog Distance: 0.45965535107651506
Maximum Dog Distance: 0.856841479658134
Average Sheep Distance: 0.3803049563749694
Maximum Sheep Distance: 0.5105305710487812
Elapsed Time: 5m 11s
********** 94 **********
Average Fitness: 0.096
Maximum Fitness: 0.3666666666666667
Average Pen Distance: 0.5379226163791994
Maximum Pen Distance: 0.85010948583349
Average Dog Distance: 0.5109952641688963
Maximum Dog Distance: 0.856841479658134
Average Sheep Distance: 0.3840771352514358
Maximum Sheep Distance: 0.5105305710487812
Elapsed Time: 5m 12s
********** 95 **********
Average Fitness: 0.09066666666666666
Maximum Fitness: 0.3666666666666667
Average Pen Distance: 0.5339507809217001
Maximum Pen Distance: 0.85010948583349
Average Dog Distance: 0.48547062858132484
Maximum Dog Distance: 0.856841479658134
Average Sheep Distance: 0.38755580913634124
Maximum Sheep Distance: 0.5105305710487812
Elapsed Time: 5m 18s
********** 96 **********
Average Fitness: 0.09399999999999999
Maximum Fitness: 0.3666666666666667
Average Pen Distance: 0.5243219131511998
Maximum Pen Distance: 0.839329884333965
Average Dog Distance: 0.49815377830587265
Maximum Dog Distance: 0.856841479658134
Average Sheep Distance: 0.3847068366887011
Maximum Sheep Distance: 0.5105305710487812
Elapsed Time: 5m 11s
********** 97 **********
Average Fitness: 0.09133333333333331
Maximum Fitness: 0.3666666666666667
Average Pen Distance: 0.5162786359609906
Maximum Pen Distance: 0.839329884333965
Average Dog Distance: 0.4799211186035116
Maximum Dog Distance: 0.856841479658134
Average Sheep Distance: 0.38000867790481196
Maximum Sheep Distance: 0.5039172257976064
Elapsed Time: 5m 4s
********** 98 **********
Average Fitness: 0.09566666666666666
Maximum Fitness: 0.3666666666666667
Average Pen Distance: 0.5002117748445828
Maximum Pen Distance: 0.839329884333965
Average Dog Distance: 0.5080394455691981
Maximum Dog Distance: 0.856841479658134
Average Sheep Distance: 0.3765267931481405
Maximum Sheep Distance: 0.5039172257976064
Elapsed Time: 5m 6s
********** 99 **********
Average Fitness: 0.09399999999999999
Maximum Fitness: 0.3666666666666667
Average Pen Distance: 0.5010958724413173
Maximum Pen Distance: 0.839329884333965
Average Dog Distance: 0.4760661390256616
Maximum Dog Distance: 0.8568170949561612
Average Sheep Distance: 0.37926838536229146
Maximum Sheep Distance: 0.5039172257976064
Elapsed Time: 5m 11s
********** 100 **********
Average Fitness: 0.10066666666666667
Maximum Fitness: 0.3666666666666667
Average Pen Distance: 0.4967908315798653
Maximum Pen Distance: 0.839329884333965
Average Dog Distance: 0.4705115101616979
Maximum Dog Distance: 0.8568170949561612
Average Sheep Distance: 0.3778528254790693
Maximum Sheep Distance: 0.5039172257976064
Elapsed Time: 5m 11s
********** 1 **********
Average Fitness: 0.06366666666666665
Maximum Fitness: 0.20000000000000004
Average Pen Distance: 0.5100388207909695
Maximum Pen Distance: 0.7239146457705928
Average Dog Distance: 0.5923190479746351
Maximum Dog Distance: 0.8387001559157371
Average Sheep Distance: 0.3613404223849432
Maximum Sheep Distance: 0.4976538438305523
Elapsed Time: 10m 3s
********** 2 **********
Average Fitness: 0.06633333333333331
Maximum Fitness: 0.20000000000000004
Average Pen Distance: 0.5147155383407763
Maximum Pen Distance: 0.7371846778189509
Average Dog Distance: 0.5774436344110814
Maximum Dog Distance: 0.8548593456338365
Average Sheep Distance: 0.3659521788093729
Maximum Sheep Distance: 0.4976538438305523
Elapsed Time: 5m 8s
********** 3 **********
Average Fitness: 0.07266666666666667
Maximum Fitness: 0.2333333333333333
Average Pen Distance: 0.5098096815050779
Maximum Pen Distance: 0.7371846778189509
Average Dog Distance: 0.5651490821680624
Maximum Dog Distance: 0.8548593456338365
Average Sheep Distance: 0.36000265130917375
Maximum Sheep Distance: 0.4976538438305523
Elapsed Time: 5m 4s
********** 4 **********
Average Fitness: 0.079
Maximum Fitness: 0.2333333333333333
Average Pen Distance: 0.5082992873789256
Maximum Pen Distance: 0.7869466597843364
Average Dog Distance: 0.5635679754765445
Maximum Dog Distance: 0.9018895262432811
Average Sheep Distance: 0.36426160996447776
Maximum Sheep Distance: 0.5025340985698735
Elapsed Time: 5m 9s
********** 5 **********
Average Fitness: 0.07466666666666666
Maximum Fitness: 0.2333333333333333
Average Pen Distance: 0.5018608329778758
Maximum Pen Distance: 0.7869466597843364
Average Dog Distance: 0.5578923212668513
Maximum Dog Distance: 0.9018895262432811
Average Sheep Distance: 0.3657015703786531
Maximum Sheep Distance: 0.5025340985698735
Elapsed Time: 5m 11s
********** 6 **********
Average Fitness: 0.077
Maximum Fitness: 0.2333333333333333
Average Pen Distance: 0.49746369935099966
Maximum Pen Distance: 0.7869466597843364
Average Dog Distance: 0.540115583302263
Maximum Dog Distance: 0.9018895262432811
Average Sheep Distance: 0.3739050959532755
Maximum Sheep Distance: 0.5025340985698735
Elapsed Time: 5m 12s
********** 7 **********
Average Fitness: 0.08066666666666666
Maximum Fitness: 0.2333333333333333
Average Pen Distance: 0.4786278850982115
Maximum Pen Distance: 0.7773130064958398
Average Dog Distance: 0.5276619864019075
Maximum Dog Distance: 0.9018895262432811
Average Sheep Distance: 0.3674171703520882
Maximum Sheep Distance: 0.5025340985698735
Elapsed Time: 5m 7s
********** 8 **********
Average Fitness: 0.07866666666666665
Maximum Fitness: 0.2333333333333333
Average Pen Distance: 0.5082073294114398
Maximum Pen Distance: 0.7791895833749028
Average Dog Distance: 0.5381994563074809
Maximum Dog Distance: 0.9018895262432811
Average Sheep Distance: 0.3751084624346513
Maximum Sheep Distance: 0.5025340985698735
Elapsed Time: 5m 5s
********** 9 **********
Average Fitness: 0.08366666666666665
Maximum Fitness: 0.2333333333333333
Average Pen Distance: 0.4832065514526252
Maximum Pen Distance: 0.8215442672838188
Average Dog Distance: 0.5253781001846447
Maximum Dog Distance: 0.9018895262432811
Average Sheep Distance: 0.3691524838378739
Maximum Sheep Distance: 0.517081550432625
Elapsed Time: 5m 3s
********** 10 **********
Average Fitness: 0.07566666666666666
Maximum Fitness: 0.2333333333333333
Average Pen Distance: 0.5023679857682557
Maximum Pen Distance: 0.8215442672838188
Average Dog Distance: 0.5219976022397591
Maximum Dog Distance: 0.9018895262432811
Average Sheep Distance: 0.3730389551785993
Maximum Sheep Distance: 0.517081550432625
Elapsed Time: 5m 8s
********** 11 **********
Average Fitness: 0.07866666666666666
Maximum Fitness: 0.26666666666666666
Average Pen Distance: 0.4841269138140902
Maximum Pen Distance: 0.8215442672838188
Average Dog Distance: 0.5172254769885086
Maximum Dog Distance: 0.9018895262432811
Average Sheep Distance: 0.3778652635469815
Maximum Sheep Distance: 0.517081550432625
Elapsed Time: 5m 7s
********** 12 **********
Average Fitness: 0.07633333333333332
Maximum Fitness: 0.2333333333333333
Average Pen Distance: 0.5007380378576622
Maximum Pen Distance: 0.8215442672838188
Average Dog Distance: 0.5353845358754223
Maximum Dog Distance: 0.9018895262432811
Average Sheep Distance: 0.38015629894048414
Maximum Sheep Distance: 0.517081550432625
Elapsed Time: 5m 6s
********** 13 **********
Average Fitness: 0.077
Maximum Fitness: 0.2333333333333333
Average Pen Distance: 0.4888831297136595
Maximum Pen Distance: 0.8215442672838188
Average Dog Distance: 0.49609192406563646
Maximum Dog Distance: 0.9018895262432811
Average Sheep Distance: 0.37879540284570495
Maximum Sheep Distance: 0.517081550432625
Elapsed Time: 5m 3s
********** 14 **********
Average Fitness: 0.07933333333333333
Maximum Fitness: 0.2333333333333333
Average Pen Distance: 0.5059421208036636
Maximum Pen Distance: 0.8215442672838188
Average Dog Distance: 0.522764496254411
Maximum Dog Distance: 0.9018895262432811
Average Sheep Distance: 0.37927697872637145
Maximum Sheep Distance: 0.517081550432625
Elapsed Time: 5m 4s
********** 15 **********
Average Fitness: 0.08633333333333332
Maximum Fitness: 0.3
Average Pen Distance: 0.49336714481224553
Maximum Pen Distance: 0.8130952385864211
Average Dog Distance: 0.5296333194890108
Maximum Dog Distance: 0.9018895262432811
Average Sheep Distance: 0.3764810047243891
Maximum Sheep Distance: 0.517081550432625
Elapsed Time: 5m 2s
********** 16 **********
Average Fitness: 0.08433333333333332
Maximum Fitness: 0.3
Average Pen Distance: 0.5120735054722629
Maximum Pen Distance: 0.8130952385864211
Average Dog Distance: 0.5148389446092506
Maximum Dog Distance: 0.9018895262432811
Average Sheep Distance: 0.3843604625317909
Maximum Sheep Distance: 0.517081550432625
Elapsed Time: 5m 5s
********** 17 **********
Average Fitness: 0.09099999999999998
Maximum Fitness: 0.3
Average Pen Distance: 0.49839298196658194
Maximum Pen Distance: 0.8130952385864211
Average Dog Distance: 0.5298779435253125
Maximum Dog Distance: 0.9018895262432811
Average Sheep Distance: 0.3744938303901923
Maximum Sheep Distance: 0.517081550432625
Elapsed Time: 5m 10s
********** 18 **********
Average Fitness: 0.086
Maximum Fitness: 0.3
Average Pen Distance: 0.5064354065806337
Maximum Pen Distance: 0.8362238861008331
Average Dog Distance: 0.5210658421518279
Maximum Dog Distance: 0.9018895262432811
Average Sheep Distance: 0.3771300135483995
Maximum Sheep Distance: 0.517081550432625
Elapsed Time: 5m 4s
********** 19 **********
Average Fitness: 0.08566666666666664
Maximum Fitness: 0.2333333333333333
Average Pen Distance: 0.49567273875710527
Maximum Pen Distance: 0.8362238861008331
Average Dog Distance: 0.5179927825099925
Maximum Dog Distance: 0.9018895262432811
Average Sheep Distance: 0.3749568585417565
Maximum Sheep Distance: 0.517081550432625
Elapsed Time: 5m 6s
********** 20 **********
Average Fitness: 0.08
Maximum Fitness: 0.26666666666666666
Average Pen Distance: 0.5271418955065752
Maximum Pen Distance: 0.8362238861008331
Average Dog Distance: 0.5209097878251536
Maximum Dog Distance: 0.9018895262432811
Average Sheep Distance: 0.37745630484863013
Maximum Sheep Distance: 0.517081550432625
Elapsed Time: 5m 10s
********** 21 **********
Average Fitness: 0.08933333333333333
Maximum Fitness: 0.26666666666666666
Average Pen Distance: 0.4720947300499232
Maximum Pen Distance: 0.8362238861008331
Average Dog Distance: 0.5126889991569399
Maximum Dog Distance: 0.9018895262432811
Average Sheep Distance: 0.3724916193270562
Maximum Sheep Distance: 0.517081550432625
Elapsed Time: 5m 3s
********** 22 **********
Average Fitness: 0.08733333333333332
Maximum Fitness: 0.26666666666666666
Average Pen Distance: 0.5029728250503184
Maximum Pen Distance: 0.8362238861008331
Average Dog Distance: 0.5167853468382407
Maximum Dog Distance: 0.9018895262432811
Average Sheep Distance: 0.38277925514381517
Maximum Sheep Distance: 0.517081550432625
Elapsed Time: 5m 6s
********** 23 **********
Average Fitness: 0.08366666666666665
Maximum Fitness: 0.26666666666666666
Average Pen Distance: 0.5051627135943719
Maximum Pen Distance: 0.8387977277807277
Average Dog Distance: 0.5205995331188938
Maximum Dog Distance: 0.9018895262432811
Average Sheep Distance: 0.37892868703767585
Maximum Sheep Distance: 0.517081550432625
Elapsed Time: 5m 8s
********** 24 **********
Average Fitness: 0.081
Maximum Fitness: 0.26666666666666666
Average Pen Distance: 0.5064194105739687
Maximum Pen Distance: 0.8387977277807277
Average Dog Distance: 0.5044768461542867
Maximum Dog Distance: 0.9018895262432811
Average Sheep Distance: 0.38294018610883135
Maximum Sheep Distance: 0.517081550432625
Elapsed Time: 5m 6s
********** 25 **********
Average Fitness: 0.08599999999999998
Maximum Fitness: 0.26666666666666666
Average Pen Distance: 0.5136444956666425
Maximum Pen Distance: 0.8387977277807277
Average Dog Distance: 0.5448064412515948
Maximum Dog Distance: 0.9018895262432811
Average Sheep Distance: 0.37799231236841885
Maximum Sheep Distance: 0.517081550432625
Elapsed Time: 5m 6s
********** 26 **********
Average Fitness: 0.081
Maximum Fitness: 0.26666666666666666
Average Pen Distance: 0.5145279282030885
Maximum Pen Distance: 0.8387977277807277
Average Dog Distance: 0.4892984145274819
Maximum Dog Distance: 0.8971317462995025
Average Sheep Distance: 0.380960615635475
Maximum Sheep Distance: 0.517081550432625
Elapsed Time: 5m 6s
********** 27 **********
Average Fitness: 0.09133333333333335
Maximum Fitness: 0.3
Average Pen Distance: 0.5058222601810249
Maximum Pen Distance: 0.8387977277807277
Average Dog Distance: 0.49800514061767975
Maximum Dog Distance: 0.8971317462995025
Average Sheep Distance: 0.38331950657330166
Maximum Sheep Distance: 0.517081550432625
Elapsed Time: 5m 10s
********** 28 **********
Average Fitness: 0.08233333333333333
Maximum Fitness: 0.26666666666666666
Average Pen Distance: 0.5035646816424011
Maximum Pen Distance: 0.8275310315159784
Average Dog Distance: 0.48517824066341575
Maximum Dog Distance: 0.8971317462995025
Average Sheep Distance: 0.37558647054243366
Maximum Sheep Distance: 0.517081550432625
Elapsed Time: 5m 25s
********** 29 **********
Average Fitness: 0.08199999999999999
Maximum Fitness: 0.26666666666666666
Average Pen Distance: 0.4993834696461315
Maximum Pen Distance: 0.8435259602965101
Average Dog Distance: 0.5058797939332246
Maximum Dog Distance: 0.8971317462995025
Average Sheep Distance: 0.3767592915803202
Maximum Sheep Distance: 0.517081550432625
Elapsed Time: 5m 12s
********** 30 **********
Average Fitness: 0.081
Maximum Fitness: 0.3
Average Pen Distance: 0.5005169285077387
Maximum Pen Distance: 0.8435259602965101
Average Dog Distance: 0.5004964879234123
Maximum Dog Distance: 0.8971317462995025
Average Sheep Distance: 0.3786429321423007
Maximum Sheep Distance: 0.517081550432625
Elapsed Time: 5m 6s
********** 31 **********
Average Fitness: 0.08433333333333332
Maximum Fitness: 0.3
Average Pen Distance: 0.5160606844549873
Maximum Pen Distance: 0.8435259602965101
Average Dog Distance: 0.48983505120554455
Maximum Dog Distance: 0.8971317462995025
Average Sheep Distance: 0.38112365661074443
Maximum Sheep Distance: 0.517081550432625
Elapsed Time: 5m 8s
********** 32 **********
Average Fitness: 0.08566666666666667
Maximum Fitness: 0.3
Average Pen Distance: 0.48981668112328586
Maximum Pen Distance: 0.8435259602965101
Average Dog Distance: 0.4866816473791984
Maximum Dog Distance: 0.8971317462995025
Average Sheep Distance: 0.3844380762711691
Maximum Sheep Distance: 0.517081550432625
Elapsed Time: 5m 5s
********** 33 **********
Average Fitness: 0.08733333333333332
Maximum Fitness: 0.26666666666666666
Average Pen Distance: 0.4955054905676443
Maximum Pen Distance: 0.8435259602965101
Average Dog Distance: 0.48919052725486073
Maximum Dog Distance: 0.8971317462995025
Average Sheep Distance: 0.3868259464372911
Maximum Sheep Distance: 0.5426696616765521
Elapsed Time: 5m 4s
********** 34 **********
Average Fitness: 0.08566666666666664
Maximum Fitness: 0.26666666666666666
Average Pen Distance: 0.49001951901105234
Maximum Pen Distance: 0.8435259602965101
Average Dog Distance: 0.47175601470400946
Maximum Dog Distance: 0.8971317462995025
Average Sheep Distance: 0.38626758828587376
Maximum Sheep Distance: 0.5426696616765521
Elapsed Time: 5m 3s
********** 35 **********
Average Fitness: 0.09066666666666666
Maximum Fitness: 0.43333333333333335
Average Pen Distance: 0.5071271773902307
Maximum Pen Distance: 0.8435259602965101
Average Dog Distance: 0.49783557440139103
Maximum Dog Distance: 0.8971317462995025
Average Sheep Distance: 0.3875369536586163
Maximum Sheep Distance: 0.5426696616765521
Elapsed Time: 5m 7s
********** 36 **********
Average Fitness: 0.08766666666666666
Maximum Fitness: 0.43333333333333335
Average Pen Distance: 0.4969384156971213
Maximum Pen Distance: 0.8435259602965101
Average Dog Distance: 0.46651901938023677
Maximum Dog Distance: 0.8971317462995025
Average Sheep Distance: 0.38358114945708094
Maximum Sheep Distance: 0.5426696616765521
Elapsed Time: 5m 4s
********** 37 **********
Average Fitness: 0.088
Maximum Fitness: 0.43333333333333335
Average Pen Distance: 0.505920762985289
Maximum Pen Distance: 0.8435259602965101
Average Dog Distance: 0.4886252960284611
Maximum Dog Distance: 0.8971317462995025
Average Sheep Distance: 0.3875433916863165
Maximum Sheep Distance: 0.5426696616765521
Elapsed Time: 5m 8s
********** 38 **********
Average Fitness: 0.08433333333333332
Maximum Fitness: 0.43333333333333335
Average Pen Distance: 0.5011167566420817
Maximum Pen Distance: 0.8347494579152285
Average Dog Distance: 0.48411417520955924
Maximum Dog Distance: 0.8971317462995025
Average Sheep Distance: 0.3915536656359527
Maximum Sheep Distance: 0.5675123209177095
Elapsed Time: 5m 16s
********** 39 **********
Average Fitness: 0.09566666666666666
Maximum Fitness: 0.43333333333333335
Average Pen Distance: 0.4911191049140717
Maximum Pen Distance: 0.8347494579152285
Average Dog Distance: 0.4822846409893405
Maximum Dog Distance: 0.8971317462995025
Average Sheep Distance: 0.384055415282397
Maximum Sheep Distance: 0.5675123209177095
Elapsed Time: 5m 11s
********** 40 **********
Average Fitness: 0.095
Maximum Fitness: 0.43333333333333335
Average Pen Distance: 0.49186021142914255
Maximum Pen Distance: 0.8347494579152285
Average Dog Distance: 0.4700871064098346
Maximum Dog Distance: 0.8971317462995025
Average Sheep Distance: 0.3855233054342012
Maximum Sheep Distance: 0.5675123209177095
Elapsed Time: 5m 12s
********** 41 **********
Average Fitness: 0.09133333333333332
Maximum Fitness: 0.43333333333333335
Average Pen Distance: 0.5187364723284665
Maximum Pen Distance: 0.8347494579152285
Average Dog Distance: 0.5091210817425544
Maximum Dog Distance: 0.8971317462995025
Average Sheep Distance: 0.38471991234844743
Maximum Sheep Distance: 0.5675123209177095
Elapsed Time: 5m 11s
********** 42 **********
Average Fitness: 0.09299999999999999
Maximum Fitness: 0.43333333333333335
Average Pen Distance: 0.5018781931157746
Maximum Pen Distance: 0.8347494579152285
Average Dog Distance: 0.4756562290667429
Maximum Dog Distance: 0.8971317462995025
Average Sheep Distance: 0.3857542239323093
Maximum Sheep Distance: 0.5675123209177095
Elapsed Time: 5m 8s
********** 43 **********
Average Fitness: 0.092
Maximum Fitness: 0.3
Average Pen Distance: 0.49616031295726465
Maximum Pen Distance: 0.8347494579152285
Average Dog Distance: 0.4636922531485555
Maximum Dog Distance: 0.8971317462995025
Average Sheep Distance: 0.3837444327205415
Maximum Sheep Distance: 0.5675123209177095
Elapsed Time: 5m 5s
********** 44 **********
Average Fitness: 0.09166666666666665
Maximum Fitness: 0.3
Average Pen Distance: 0.5094077319552299
Maximum Pen Distance: 0.8347494579152285
Average Dog Distance: 0.4673048699717955
Maximum Dog Distance: 0.8971317462995025
Average Sheep Distance: 0.3861278318083789
Maximum Sheep Distance: 0.5675123209177095
Elapsed Time: 5m 8s
********** 45 **********
Average Fitness: 0.091
Maximum Fitness: 0.3
Average Pen Distance: 0.4894262098450958
Maximum Pen Distance: 0.8494100892963671
Average Dog Distance: 0.4839189297746788
Maximum Dog Distance: 0.8971317462995025
Average Sheep Distance: 0.38868430445816765
Maximum Sheep Distance: 0.5675123209177095
Elapsed Time: 5m 9s
********** 46 **********
Average Fitness: 0.08666666666666666
Maximum Fitness: 0.3
Average Pen Distance: 0.5303026630684837
Maximum Pen Distance: 0.8494100892963671
Average Dog Distance: 0.48533460660029104
Maximum Dog Distance: 0.8971317462995025
Average Sheep Distance: 0.39145857008812546
Maximum Sheep Distance: 0.5675123209177095
Elapsed Time: 5m 9s
********** 47 **********
Average Fitness: 0.08866666666666666
Maximum Fitness: 0.3
Average Pen Distance: 0.4994859511064863
Maximum Pen Distance: 0.8494100892963671
Average Dog Distance: 0.4632324234643852
Maximum Dog Distance: 0.8971317462995025
Average Sheep Distance: 0.3843769376621441
Maximum Sheep Distance: 0.5675123209177095
Elapsed Time: 5m 4s
********** 48 **********
Average Fitness: 0.09266666666666666
Maximum Fitness: 0.3
Average Pen Distance: 0.5120266977827458
Maximum Pen Distance: 0.8494100892963671
Average Dog Distance: 0.47271531400512623
Maximum Dog Distance: 0.8971317462995025
Average Sheep Distance: 0.386000874649546
Maximum Sheep Distance: 0.5675123209177095
Elapsed Time: 5m 8s
********** 49 **********
Average Fitness: 0.09333333333333332
Maximum Fitness: 0.3
Average Pen Distance: 0.5151285137248377
Maximum Pen Distance: 0.8494100892963671
Average Dog Distance: 0.4856177036363835
Maximum Dog Distance: 0.8971317462995025
Average Sheep Distance: 0.3871842273150145
Maximum Sheep Distance: 0.5675123209177095
Elapsed Time: 5m 9s
********** 50 **********
Average Fitness: 0.08866666666666666
Maximum Fitness: 0.3
Average Pen Distance: 0.5202298529643103
Maximum Pen Distance: 0.8494100892963671
Average Dog Distance: 0.48791994146082307
Maximum Dog Distance: 0.8971317462995025
Average Sheep Distance: 0.38637268834642546
Maximum Sheep Distance: 0.5675123209177095
Elapsed Time: 5m 6s
********** 51 **********
Average Fitness: 0.08766666666666664
Maximum Fitness: 0.3
Average Pen Distance: 0.4907778501486021
Maximum Pen Distance: 0.8494100892963671
Average Dog Distance: 0.4580055032187987
Maximum Dog Distance: 0.8971317462995025
Average Sheep Distance: 0.38269485556234967
Maximum Sheep Distance: 0.5675123209177095
Elapsed Time: 5m 9s
********** 52 **********
Average Fitness: 0.08533333333333332
Maximum Fitness: 0.3
Average Pen Distance: 0.5054051463541009
Maximum Pen Distance: 0.8494100892963671
Average Dog Distance: 0.4825916889458919
Maximum Dog Distance: 0.8971317462995025
Average Sheep Distance: 0.38174262031478484
Maximum Sheep Distance: 0.5675123209177095
Elapsed Time: 5m 10s
********** 53 **********
Average Fitness: 0.08466666666666668
Maximum Fitness: 0.3
Average Pen Distance: 0.4922115316467548
Maximum Pen Distance: 0.8527388802763456
Average Dog Distance: 0.4579873948194863
Maximum Dog Distance: 0.8971317462995025
Average Sheep Distance: 0.3843464672284456
Maximum Sheep Distance: 0.5675123209177095
Elapsed Time: 5m 10s
********** 54 **********
Average Fitness: 0.08933333333333332
Maximum Fitness: 0.3
Average Pen Distance: 0.4859320285412555
Maximum Pen Distance: 0.8527388802763456
Average Dog Distance: 0.4597256443095443
Maximum Dog Distance: 0.8971317462995025
Average Sheep Distance: 0.38607133794492177
Maximum Sheep Distance: 0.5675123209177095
Elapsed Time: 5m 11s
********** 55 **********
Average Fitness: 0.08466666666666665
Maximum Fitness: 0.3
Average Pen Distance: 0.4991100557569195
Maximum Pen Distance: 0.8527388802763456
Average Dog Distance: 0.4710387081359879
Maximum Dog Distance: 0.8971317462995025
Average Sheep Distance: 0.3888477413078986
Maximum Sheep Distance: 0.5675123209177095
Elapsed Time: 5m 10s
********** 56 **********
Average Fitness: 0.08499999999999998
Maximum Fitness: 0.3
Average Pen Distance: 0.4929722312713188
Maximum Pen Distance: 0.8527388802763456
Average Dog Distance: 0.46232561669568545
Maximum Dog Distance: 0.8971317462995025
Average Sheep Distance: 0.38024681204102734
Maximum Sheep Distance: 0.5675123209177095
Elapsed Time: 5m 2s
********** 57 **********
Average Fitness: 0.087
Maximum Fitness: 0.3
Average Pen Distance: 0.5068334779933991
Maximum Pen Distance: 0.8527388802763456
Average Dog Distance: 0.47685669157521515
Maximum Dog Distance: 0.8971317462995025
Average Sheep Distance: 0.38508141928651646
Maximum Sheep Distance: 0.5675123209177095
Elapsed Time: 5m 5s
********** 58 **********
Average Fitness: 0.09399999999999999
Maximum Fitness: 0.3
Average Pen Distance: 0.4915203290043298
Maximum Pen Distance: 0.8527388802763456
Average Dog Distance: 0.4604785555842884
Maximum Dog Distance: 0.8971317462995025
Average Sheep Distance: 0.3838567262158395
Maximum Sheep Distance: 0.5675123209177095
Elapsed Time: 5m 14s
********** 59 **********
Average Fitness: 0.09266666666666666
Maximum Fitness: 0.30000000000000004
Average Pen Distance: 0.49649265788551594
Maximum Pen Distance: 0.8527388802763456
Average Dog Distance: 0.45569811714923847
Maximum Dog Distance: 0.8971317462995025
Average Sheep Distance: 0.3842838000009738
Maximum Sheep Distance: 0.5675123209177095
Elapsed Time: 5m 9s
********** 60 **********
Average Fitness: 0.09066666666666666
Maximum Fitness: 0.30000000000000004
Average Pen Distance: 0.5206574798957048
Maximum Pen Distance: 0.8527388802763456
Average Dog Distance: 0.46451399818719574
Maximum Dog Distance: 0.8971317462995025
Average Sheep Distance: 0.382564812224532
Maximum Sheep Distance: 0.5675123209177095
Elapsed Time: 5m 9s
********** 61 **********
Average Fitness: 0.09066666666666666
Maximum Fitness: 0.30000000000000004
Average Pen Distance: 0.5211421860259218
Maximum Pen Distance: 0.8527388802763456
Average Dog Distance: 0.45430869545067837
Maximum Dog Distance: 0.8146080516023774
Average Sheep Distance: 0.39042552774172296
Maximum Sheep Distance: 0.5675123209177095
Elapsed Time: 5m 14s
********** 62 **********
Average Fitness: 0.09233333333333332
Maximum Fitness: 0.30000000000000004
Average Pen Distance: 0.5221458340961963
Maximum Pen Distance: 0.8527388802763456
Average Dog Distance: 0.4635667230289122
Maximum Dog Distance: 0.8368444201441646
Average Sheep Distance: 0.3869092448447702
Maximum Sheep Distance: 0.5675123209177095
Elapsed Time: 5m 6s
********** 63 **********
Average Fitness: 0.09066666666666665
Maximum Fitness: 0.30000000000000004
Average Pen Distance: 0.52021477362377
Maximum Pen Distance: 0.8527388802763456
Average Dog Distance: 0.4388016480284287
Maximum Dog Distance: 0.8368444201441646
Average Sheep Distance: 0.38523428981403457
Maximum Sheep Distance: 0.5675123209177095
Elapsed Time: 5m 9s
********** 64 **********
Average Fitness: 0.09133333333333331
Maximum Fitness: 0.30000000000000004
Average Pen Distance: 0.49667025075274696
Maximum Pen Distance: 0.8527388802763456
Average Dog Distance: 0.4430089313238251
Maximum Dog Distance: 0.8368444201441646
Average Sheep Distance: 0.38910498233240703
Maximum Sheep Distance: 0.5675123209177095
Elapsed Time: 5m 11s
********** 65 **********
Average Fitness: 0.094
Maximum Fitness: 0.30000000000000004
Average Pen Distance: 0.5155380206523849
Maximum Pen Distance: 0.8527388802763456
Average Dog Distance: 0.4317571647213142
Maximum Dog Distance: 0.8164798405448553
Average Sheep Distance: 0.3878675634025279
Maximum Sheep Distance: 0.5675123209177095
Elapsed Time: 5m 12s
********** 66 **********
Average Fitness: 0.09633333333333331
Maximum Fitness: 0.30000000000000004
Average Pen Distance: 0.5058957309560618
Maximum Pen Distance: 0.8527388802763456
Average Dog Distance: 0.4544143659564634
Maximum Dog Distance: 0.8164798405448553
Average Sheep Distance: 0.3864896763752917
Maximum Sheep Distance: 0.5675123209177095
Elapsed Time: 5m 4s
********** 67 **********
Average Fitness: 0.09366666666666665
Maximum Fitness: 0.30000000000000004
Average Pen Distance: 0.5038717422256547
Maximum Pen Distance: 0.8527388802763456
Average Dog Distance: 0.4587666134776122
Maximum Dog Distance: 0.8164798405448553
Average Sheep Distance: 0.3805323438173518
Maximum Sheep Distance: 0.5675123209177095
Elapsed Time: 5m 12s
********** 68 **********
Average Fitness: 0.08566666666666664
Maximum Fitness: 0.30000000000000004
Average Pen Distance: 0.5241883840380512
Maximum Pen Distance: 0.8527388802763456
Average Dog Distance: 0.45989480972331703
Maximum Dog Distance: 0.8188853348762271
Average Sheep Distance: 0.38704743529055846
Maximum Sheep Distance: 0.5675123209177095
Elapsed Time: 5m 5s
********** 69 **********
Average Fitness: 0.091
Maximum Fitness: 0.30000000000000004
Average Pen Distance: 0.5221769929453604
Maximum Pen Distance: 0.8527388802763456
Average Dog Distance: 0.4623903373315128
Maximum Dog Distance: 0.8188853348762271
Average Sheep Distance: 0.38635402606987784
Maximum Sheep Distance: 0.5675123209177095
Elapsed Time: 5m 11s
********** 70 **********
Average Fitness: 0.09266666666666666
Maximum Fitness: 0.30000000000000004
Average Pen Distance: 0.4967722349154723
Maximum Pen Distance: 0.8527388802763456
Average Dog Distance: 0.46076743478757903
Maximum Dog Distance: 0.8188853348762271
Average Sheep Distance: 0.3820028214640629
Maximum Sheep Distance: 0.5675123209177095
Elapsed Time: 5m 14s
********** 71 **********
Average Fitness: 0.08766666666666666
Maximum Fitness: 0.30000000000000004
Average Pen Distance: 0.5260154248648072
Maximum Pen Distance: 0.8527388802763456
Average Dog Distance: 0.45001630789241515
Maximum Dog Distance: 0.8164798405448553
Average Sheep Distance: 0.3832389889122846
Maximum Sheep Distance: 0.5675123209177095
Elapsed Time: 5m 7s
********** 72 **********
Average Fitness: 0.09066666666666666
Maximum Fitness: 0.3333333333333333
Average Pen Distance: 0.5003267762524056
Maximum Pen Distance: 0.8527388802763456
Average Dog Distance: 0.4637302219408883
Maximum Dog Distance: 0.8164798405448553
Average Sheep Distance: 0.38064105726124986
Maximum Sheep Distance: 0.5675123209177095
Elapsed Time: 5m 11s
********** 73 **********
Average Fitness: 0.09199999999999997
Maximum Fitness: 0.3333333333333333
Average Pen Distance: 0.5273541559923884
Maximum Pen Distance: 0.8527388802763456
Average Dog Distance: 0.4679332387419092
Maximum Dog Distance: 0.8178319498627812
Average Sheep Distance: 0.3829170666669628
Maximum Sheep Distance: 0.5675123209177095
Elapsed Time: 5m 4s
********** 74 **********
Average Fitness: 0.09899999999999999
Maximum Fitness: 0.3333333333333333
Average Pen Distance: 0.4967421796219626
Maximum Pen Distance: 0.8527388802763456
Average Dog Distance: 0.4516656285880902
Maximum Dog Distance: 0.7809557231709815
Average Sheep Distance: 0.3788086521482692
Maximum Sheep Distance: 0.5675123209177095
Elapsed Time: 5m 14s
********** 75 **********
Average Fitness: 0.094
Maximum Fitness: 0.3333333333333333
Average Pen Distance: 0.5068261261206761
Maximum Pen Distance: 0.8527388802763456
Average Dog Distance: 0.45942850222333154
Maximum Dog Distance: 0.7837726593731599
Average Sheep Distance: 0.3827996706532603
Maximum Sheep Distance: 0.5675123209177095
Elapsed Time: 5m 13s
********** 76 **********
Average Fitness: 0.091
Maximum Fitness: 0.3333333333333333
Average Pen Distance: 0.5207582590724864
Maximum Pen Distance: 0.8527388802763456
Average Dog Distance: 0.45259216266819813
Maximum Dog Distance: 0.7837726593731599
Average Sheep Distance: 0.38053887101269607
Maximum Sheep Distance: 0.5675123209177095
Elapsed Time: 5m 10s
********** 77 **********
Average Fitness: 0.09233333333333334
Maximum Fitness: 0.3333333333333333
Average Pen Distance: 0.5061342879130617
Maximum Pen Distance: 0.8527388802763456
Average Dog Distance: 0.4545688437360348
Maximum Dog Distance: 0.7837726593731599
Average Sheep Distance: 0.3832251957627498
Maximum Sheep Distance: 0.5675123209177095
Elapsed Time: 5m 13s
********** 78 **********
Average Fitness: 0.10633333333333331
Maximum Fitness: 0.3333333333333333
Average Pen Distance: 0.5046749159951467
Maximum Pen Distance: 0.8527388802763456
Average Dog Distance: 0.471986778406826
Maximum Dog Distance: 0.7891694558018401
Average Sheep Distance: 0.372672888662768
Maximum Sheep Distance: 0.5675123209177095
Elapsed Time: 5m 12s
********** 79 **********
Average Fitness: 0.10866666666666668
Maximum Fitness: 0.3333333333333333
Average Pen Distance: 0.5219869644335117
Maximum Pen Distance: 0.8527388802763456
Average Dog Distance: 0.48075504028584903
Maximum Dog Distance: 0.7891694558018401
Average Sheep Distance: 0.3720240495879221
Maximum Sheep Distance: 0.5675123209177095
Elapsed Time: 5m 8s
********** 80 **********
Average Fitness: 0.10866666666666668
Maximum Fitness: 0.3333333333333333
Average Pen Distance: 0.5193575277046871
Maximum Pen Distance: 0.8527388802763456
Average Dog Distance: 0.47557921486228116
Maximum Dog Distance: 0.7891694558018401
Average Sheep Distance: 0.374771322620846
Maximum Sheep Distance: 0.5675123209177095
Elapsed Time: 5m 19s
********** 81 **********
Average Fitness: 0.102
Maximum Fitness: 0.3333333333333333
Average Pen Distance: 0.5357617320261137
Maximum Pen Distance: 0.8527388802763456
Average Dog Distance: 0.4690485594570222
Maximum Dog Distance: 0.7891694558018401
Average Sheep Distance: 0.3785665142936857
Maximum Sheep Distance: 0.5675123209177095
Elapsed Time: 5m 9s
********** 82 **********
Average Fitness: 0.09999999999999998
Maximum Fitness: 0.3333333333333333
Average Pen Distance: 0.5038802573228675
Maximum Pen Distance: 0.8527388802763456
Average Dog Distance: 0.45546676750498494
Maximum Dog Distance: 0.8370703705010477
Average Sheep Distance: 0.38158719404598457
Maximum Sheep Distance: 0.5675123209177095
Elapsed Time: 5m 7s
********** 83 **********
Average Fitness: 0.105
Maximum Fitness: 0.3333333333333333
Average Pen Distance: 0.5164569534198011
Maximum Pen Distance: 0.8527388802763456
Average Dog Distance: 0.4603111787068449
Maximum Dog Distance: 0.8370703705010477
Average Sheep Distance: 0.3827592702716068
Maximum Sheep Distance: 0.5675123209177095
Elapsed Time: 5m 12s
********** 84 **********
Average Fitness: 0.105
Maximum Fitness: 0.3333333333333333
Average Pen Distance: 0.49660982814607124
Maximum Pen Distance: 0.8527388802763456
Average Dog Distance: 0.457906702668154
Maximum Dog Distance: 0.7891694558018401
Average Sheep Distance: 0.38287873397300304
Maximum Sheep Distance: 0.5675123209177095
Elapsed Time: 5m 4s
********** 85 **********
Average Fitness: 0.10066666666666664
Maximum Fitness: 0.3333333333333333
Average Pen Distance: 0.5242637506446922
Maximum Pen Distance: 0.8527388802763456
Average Dog Distance: 0.4570491812103544
Maximum Dog Distance: 0.7891694558018401
Average Sheep Distance: 0.3908948358688489
Maximum Sheep Distance: 0.5675123209177095
Elapsed Time: 5m 6s
********** 86 **********
Average Fitness: 0.10066666666666667
Maximum Fitness: 0.3666666666666667
Average Pen Distance: 0.512392961067115
Maximum Pen Distance: 0.8527388802763456
Average Dog Distance: 0.45808118705520634
Maximum Dog Distance: 0.7891694558018401
Average Sheep Distance: 0.385758944216774
Maximum Sheep Distance: 0.5675123209177095
Elapsed Time: 5m 16s
********** 87 **********
Average Fitness: 0.09600000000000002
Maximum Fitness: 0.3666666666666667
Average Pen Distance: 0.5224879639339018
Maximum Pen Distance: 0.8527388802763456
Average Dog Distance: 0.4583820147479652
Maximum Dog Distance: 0.7891694558018401
Average Sheep Distance: 0.3919374991530401
Maximum Sheep Distance: 0.5675123209177095
Elapsed Time: 5m 18s
********** 88 **********
Average Fitness: 0.09133333333333331
Maximum Fitness: 0.3333333333333333
Average Pen Distance: 0.5121203014575029
Maximum Pen Distance: 0.8527388802763456
Average Dog Distance: 0.4432312376921631
Maximum Dog Distance: 0.7891694558018401
Average Sheep Distance: 0.38633319194649446
Maximum Sheep Distance: 0.5675123209177095
Elapsed Time: 5m 20s
********** 89 **********
Average Fitness: 0.09666666666666666
Maximum Fitness: 0.3333333333333333
Average Pen Distance: 0.535695511193463
Maximum Pen Distance: 0.8527388802763456
Average Dog Distance: 0.45876695996836775
Maximum Dog Distance: 0.7918522579779896
Average Sheep Distance: 0.38476222972517554
Maximum Sheep Distance: 0.5675123209177095
Elapsed Time: 5m 15s
********** 90 **********
Average Fitness: 0.09766666666666665
Maximum Fitness: 0.36666666666666664
Average Pen Distance: 0.4982256959512881
Maximum Pen Distance: 0.8527388802763456
Average Dog Distance: 0.43212550979552267
Maximum Dog Distance: 0.7966601055788458
Average Sheep Distance: 0.3857136692541869
Maximum Sheep Distance: 0.5675123209177095
Elapsed Time: 5m 1s
********** 91 **********
Average Fitness: 0.09066666666666666
Maximum Fitness: 0.3
Average Pen Distance: 0.5440900129694962
Maximum Pen Distance: 0.8527388802763456
Average Dog Distance: 0.47096922650343404
Maximum Dog Distance: 0.7966601055788458
Average Sheep Distance: 0.39034004133210565
Maximum Sheep Distance: 0.5675123209177095
Elapsed Time: 5m 6s
********** 92 **********
Average Fitness: 0.09766666666666668
Maximum Fitness: 0.3666666666666667
Average Pen Distance: 0.5005466970230001
Maximum Pen Distance: 0.8527388802763456
Average Dog Distance: 0.4448283992645895
Maximum Dog Distance: 0.7918522579779896
Average Sheep Distance: 0.37849986977823513
Maximum Sheep Distance: 0.5675123209177095
Elapsed Time: 5m 10s
********** 93 **********
Average Fitness: 0.09133333333333332
Maximum Fitness: 0.3
Average Pen Distance: 0.5146213808541884
Maximum Pen Distance: 0.8527388802763456
Average Dog Distance: 0.4769210056992205
Maximum Dog Distance: 0.7958853885640195
Average Sheep Distance: 0.3877504319254818
Maximum Sheep Distance: 0.5675123209177095
Elapsed Time: 5m 10s
********** 94 **********
Average Fitness: 0.09633333333333334
Maximum Fitness: 0.3
Average Pen Distance: 0.505109468978605
Maximum Pen Distance: 0.8527388802763456
Average Dog Distance: 0.45394058482706284
Maximum Dog Distance: 0.7958853885640195
Average Sheep Distance: 0.3880015877174517
Maximum Sheep Distance: 0.5675123209177095
Elapsed Time: 5m 8s
********** 95 **********
Average Fitness: 0.09566666666666665
Maximum Fitness: 0.3
Average Pen Distance: 0.5220634360700387
Maximum Pen Distance: 0.8527388802763456
Average Dog Distance: 0.44902124542337946
Maximum Dog Distance: 0.7918522579779896
Average Sheep Distance: 0.3941286185733617
Maximum Sheep Distance: 0.5675123209177095
Elapsed Time: 5m 9s
********** 96 **********
Average Fitness: 0.09866666666666665
Maximum Fitness: 0.3
Average Pen Distance: 0.4957617345999308
Maximum Pen Distance: 0.8527388802763456
Average Dog Distance: 0.44730841917314024
Maximum Dog Distance: 0.7918522579779896
Average Sheep Distance: 0.38704587532106366
Maximum Sheep Distance: 0.5675123209177095
Elapsed Time: 5m 13s
********** 97 **********
Average Fitness: 0.09566666666666666
Maximum Fitness: 0.3
Average Pen Distance: 0.5342374105215925
Maximum Pen Distance: 0.8527388802763456
Average Dog Distance: 0.4554809291179867
Maximum Dog Distance: 0.7918522579779896
Average Sheep Distance: 0.3877196808422466
Maximum Sheep Distance: 0.5675123209177095
Elapsed Time: 5m 4s
********** 98 **********
Average Fitness: 0.09899999999999996
Maximum Fitness: 0.3
Average Pen Distance: 0.5151236013835283
Maximum Pen Distance: 0.8527388802763456
Average Dog Distance: 0.46076973498117896
Maximum Dog Distance: 0.7918522579779896
Average Sheep Distance: 0.3858778836749898
Maximum Sheep Distance: 0.5675123209177095
Elapsed Time: 5m 9s
********** 99 **********
Average Fitness: 0.09566666666666666
Maximum Fitness: 0.3
Average Pen Distance: 0.5077962515394847
Maximum Pen Distance: 0.8527388802763456
Average Dog Distance: 0.4531913864316487
Maximum Dog Distance: 0.7918522579779896
Average Sheep Distance: 0.38195926854727974
Maximum Sheep Distance: 0.5426696616765521
Elapsed Time: 5m 9s
********** 100 **********
Average Fitness: 0.10266666666666664
Maximum Fitness: 0.39999999999999997
Average Pen Distance: 0.5151059486469574
Maximum Pen Distance: 0.8527388802763456
Average Dog Distance: 0.46609472183543793
Maximum Dog Distance: 0.7918522579779896
Average Sheep Distance: 0.38213427401904726
Maximum Sheep Distance: 0.5426696616765521
Elapsed Time: 5m 10s
********** 1 **********
Average Fitness: 0.06766666666666667
Maximum Fitness: 0.3
Average Pen Distance: 0.5026359440781356
Maximum Pen Distance: 0.7498856806362255
Average Dog Distance: 0.5843845544116455
Maximum Dog Distance: 0.7607514181238293
Average Sheep Distance: 0.3582484492491636
Maximum Sheep Distance: 0.5095669471848536
Elapsed Time: 10m 4s
********** 2 **********
Average Fitness: 0.07199999999999998
Maximum Fitness: 0.3
Average Pen Distance: 0.5064804881662553
Maximum Pen Distance: 0.7498856806362255
Average Dog Distance: 0.5612345128081384
Maximum Dog Distance: 0.808633870819072
Average Sheep Distance: 0.364327765354163
Maximum Sheep Distance: 0.5095669471848536
Elapsed Time: 5m 13s
********** 3 **********
Average Fitness: 0.06933333333333332
Maximum Fitness: 0.3
Average Pen Distance: 0.5168754766277572
Maximum Pen Distance: 0.7716001376305744
Average Dog Distance: 0.5643601289580391
Maximum Dog Distance: 0.808633870819072
Average Sheep Distance: 0.3680552528336228
Maximum Sheep Distance: 0.5095669471848536
Elapsed Time: 5m 5s
********** 4 **********
Average Fitness: 0.078
Maximum Fitness: 0.3
Average Pen Distance: 0.5182364676251108
Maximum Pen Distance: 0.7716001376305744
Average Dog Distance: 0.5682147148696096
Maximum Dog Distance: 0.808633870819072
Average Sheep Distance: 0.37162359914178966
Maximum Sheep Distance: 0.5095669471848536
Elapsed Time: 5m 5s
********** 5 **********
Average Fitness: 0.07200000000000001
Maximum Fitness: 0.3
Average Pen Distance: 0.5199255030540074
Maximum Pen Distance: 0.7854739844984019
Average Dog Distance: 0.5519288893873742
Maximum Dog Distance: 0.808633870819072
Average Sheep Distance: 0.37095441943978197
Maximum Sheep Distance: 0.5095669471848536
Elapsed Time: 5m 6s
********** 6 **********
Average Fitness: 0.06933333333333333
Maximum Fitness: 0.3
Average Pen Distance: 0.5316577314577962
Maximum Pen Distance: 0.7854739844984019
Average Dog Distance: 0.5442606848762129
Maximum Dog Distance: 0.808633870819072
Average Sheep Distance: 0.3737929894216204
Maximum Sheep Distance: 0.5095669471848536
Elapsed Time: 5m 4s
********** 7 **********
Average Fitness: 0.07066666666666667
Maximum Fitness: 0.3
Average Pen Distance: 0.5260465186303586
Maximum Pen Distance: 0.8049256529587424
Average Dog Distance: 0.5470576893450615
Maximum Dog Distance: 0.821481709278233
Average Sheep Distance: 0.37663393334422
Maximum Sheep Distance: 0.5095669471848536
Elapsed Time: 5m 7s
********** 8 **********
Average Fitness: 0.07666666666666666
Maximum Fitness: 0.3
Average Pen Distance: 0.511993710545013
Maximum Pen Distance: 0.8049256529587424
Average Dog Distance: 0.5533745599433739
Maximum Dog Distance: 0.821481709278233
Average Sheep Distance: 0.3794354219284651
Maximum Sheep Distance: 0.5126343028903358
Elapsed Time: 5m 10s
********** 9 **********
Average Fitness: 0.07366666666666667
Maximum Fitness: 0.3
Average Pen Distance: 0.5311089620632825
Maximum Pen Distance: 0.8049256529587424
Average Dog Distance: 0.564542760341063
Maximum Dog Distance: 0.821481709278233
Average Sheep Distance: 0.3841426501358503
Maximum Sheep Distance: 0.5126343028903358
Elapsed Time: 5m 10s
********** 10 **********
Average Fitness: 0.075
Maximum Fitness: 0.3
Average Pen Distance: 0.5010733729962387
Maximum Pen Distance: 0.8049256529587424
Average Dog Distance: 0.5370262258005889
Maximum Dog Distance: 0.8295870216459346
Average Sheep Distance: 0.3797829169641625
Maximum Sheep Distance: 0.5126343028903358
Elapsed Time: 5m 8s
********** 11 **********
Average Fitness: 0.07366666666666666
Maximum Fitness: 0.3
Average Pen Distance: 0.5150699459030356
Maximum Pen Distance: 0.8049256529587424
Average Dog Distance: 0.5455413181114193
Maximum Dog Distance: 0.8712744093079672
Average Sheep Distance: 0.37943506712685937
Maximum Sheep Distance: 0.5126343028903358
Elapsed Time: 5m 6s
********** 12 **********
Average Fitness: 0.073
Maximum Fitness: 0.26666666666666666
Average Pen Distance: 0.5274842760562032
Maximum Pen Distance: 0.8209303721470492
Average Dog Distance: 0.5311480752426015
Maximum Dog Distance: 0.8712744093079672
Average Sheep Distance: 0.37982331111154366
Maximum Sheep Distance: 0.5126343028903358
Elapsed Time: 5m 6s
********** 13 **********
Average Fitness: 0.08266666666666665
Maximum Fitness: 0.30000000000000004
Average Pen Distance: 0.5016441191380422
Maximum Pen Distance: 0.8209303721470492
Average Dog Distance: 0.5444381735496102
Maximum Dog Distance: 0.8712744093079672
Average Sheep Distance: 0.37717729003226635
Maximum Sheep Distance: 0.5126343028903358
Elapsed Time: 5m 10s
********** 14 **********
Average Fitness: 0.08366666666666665
Maximum Fitness: 0.30000000000000004
Average Pen Distance: 0.5050838020265389
Maximum Pen Distance: 0.8209303721470492
Average Dog Distance: 0.5370469835741747
Maximum Dog Distance: 0.8712744093079672
Average Sheep Distance: 0.3794220557796024
Maximum Sheep Distance: 0.5126343028903358
Elapsed Time: 5m 4s
********** 15 **********
Average Fitness: 0.07533333333333334
Maximum Fitness: 0.30000000000000004
Average Pen Distance: 0.5281273187365312
Maximum Pen Distance: 0.8209303721470492
Average Dog Distance: 0.5267665198130298
Maximum Dog Distance: 0.8712744093079672
Average Sheep Distance: 0.38004409291971486
Maximum Sheep Distance: 0.5126343028903358
Elapsed Time: 5m 7s
********** 16 **********
Average Fitness: 0.08133333333333333
Maximum Fitness: 0.30000000000000004
Average Pen Distance: 0.5079299365483848
Maximum Pen Distance: 0.8210800869403615
Average Dog Distance: 0.5341900805005431
Maximum Dog Distance: 0.8712744093079672
Average Sheep Distance: 0.37695661482636666
Maximum Sheep Distance: 0.5126343028903358
Elapsed Time: 5m 15s
********** 17 **********
Average Fitness: 0.07833333333333331
Maximum Fitness: 0.30000000000000004
Average Pen Distance: 0.5049740499570512
Maximum Pen Distance: 0.8210800869403615
Average Dog Distance: 0.5199044838169727
Maximum Dog Distance: 0.8712744093079672
Average Sheep Distance: 0.3738140634833285
Maximum Sheep Distance: 0.5126343028903358
Elapsed Time: 5m 5s
********** 18 **********
Average Fitness: 0.07066666666666667
Maximum Fitness: 0.30000000000000004
Average Pen Distance: 0.5220973208456915
Maximum Pen Distance: 0.8210800869403615
Average Dog Distance: 0.5187970896160429
Maximum Dog Distance: 0.8712744093079672
Average Sheep Distance: 0.37689463493574754
Maximum Sheep Distance: 0.5204772187777724
Elapsed Time: 5m 14s
********** 19 **********
Average Fitness: 0.07166666666666666
Maximum Fitness: 0.30000000000000004
Average Pen Distance: 0.4985550617829261
Maximum Pen Distance: 0.8210800869403615
Average Dog Distance: 0.5064335608376986
Maximum Dog Distance: 0.8712744093079672
Average Sheep Distance: 0.3758972899473847
Maximum Sheep Distance: 0.5204772187777724
Elapsed Time: 5m 8s
********** 20 **********
Average Fitness: 0.07200000000000001
Maximum Fitness: 0.26666666666666666
Average Pen Distance: 0.5044865961007361
Maximum Pen Distance: 0.8210800869403615
Average Dog Distance: 0.5012630723813128
Maximum Dog Distance: 0.8639471395249189
Average Sheep Distance: 0.3787941637247627
Maximum Sheep Distance: 0.5404765641486006
Elapsed Time: 5m 6s
********** 21 **********
Average Fitness: 0.07633333333333332
Maximum Fitness: 0.3666666666666667
Average Pen Distance: 0.5161311103137589
Maximum Pen Distance: 0.8210800869403615
Average Dog Distance: 0.5139018737493473
Maximum Dog Distance: 0.8639471395249189
Average Sheep Distance: 0.3759360264280719
Maximum Sheep Distance: 0.5404765641486006
Elapsed Time: 5m 9s
********** 22 **********
Average Fitness: 0.079
Maximum Fitness: 0.26666666666666666
Average Pen Distance: 0.5077723203431526
Maximum Pen Distance: 0.8404365915775435
Average Dog Distance: 0.5096356909121242
Maximum Dog Distance: 0.8639471395249189
Average Sheep Distance: 0.375982406837177
Maximum Sheep Distance: 0.5404765641486006
Elapsed Time: 5m 9s
********** 23 **********
Average Fitness: 0.08333333333333331
Maximum Fitness: 0.26666666666666666
Average Pen Distance: 0.5110809860921797
Maximum Pen Distance: 0.8404365915775435
Average Dog Distance: 0.5121586051578105
Maximum Dog Distance: 0.8639471395249189
Average Sheep Distance: 0.3775971018540792
Maximum Sheep Distance: 0.5404765641486006
Elapsed Time: 5m 9s
********** 24 **********
Average Fitness: 0.07899999999999999
Maximum Fitness: 0.26666666666666666
Average Pen Distance: 0.5180402484403263
Maximum Pen Distance: 0.8550778659038892
Average Dog Distance: 0.4954072221368992
Maximum Dog Distance: 0.8639471395249189
Average Sheep Distance: 0.3803180657635842
Maximum Sheep Distance: 0.5404765641486006
Elapsed Time: 5m 4s
********** 25 **********
Average Fitness: 0.08299999999999998
Maximum Fitness: 0.26666666666666666
Average Pen Distance: 0.5059549869500198
Maximum Pen Distance: 0.8550778659038892
Average Dog Distance: 0.4887421147180856
Maximum Dog Distance: 0.8639471395249189
Average Sheep Distance: 0.38103546960922635
Maximum Sheep Distance: 0.5404765641486006
Elapsed Time: 5m 10s
********** 26 **********
Average Fitness: 0.08099999999999997
Maximum Fitness: 0.26666666666666666
Average Pen Distance: 0.5175756336283102
Maximum Pen Distance: 0.8550778659038892
Average Dog Distance: 0.520454036823164
Maximum Dog Distance: 0.8639471395249189
Average Sheep Distance: 0.37745809961584337
Maximum Sheep Distance: 0.5404765641486006
Elapsed Time: 5m 11s
********** 27 **********
Average Fitness: 0.08266666666666665
Maximum Fitness: 0.3
Average Pen Distance: 0.5139690214178665
Maximum Pen Distance: 0.8550778659038892
Average Dog Distance: 0.5055090445622138
Maximum Dog Distance: 0.8639471395249189
Average Sheep Distance: 0.3790825727374919
Maximum Sheep Distance: 0.5404765641486006
Elapsed Time: 5m 4s
********** 28 **********
Average Fitness: 0.08566666666666667
Maximum Fitness: 0.3
Average Pen Distance: 0.50274628864179
Maximum Pen Distance: 0.8550778659038892
Average Dog Distance: 0.5039177835408281
Maximum Dog Distance: 0.8639471395249189
Average Sheep Distance: 0.3835297492530848
Maximum Sheep Distance: 0.5404765641486006
Elapsed Time: 5m 15s
********** 29 **********
Average Fitness: 0.08033333333333333
Maximum Fitness: 0.3
Average Pen Distance: 0.5113297313616493
Maximum Pen Distance: 0.8550778659038892
Average Dog Distance: 0.5025417742104314
Maximum Dog Distance: 0.8639471395249189
Average Sheep Distance: 0.38236799553550044
Maximum Sheep Distance: 0.5404765641486006
Elapsed Time: 5m 10s
********** 30 **********
Average Fitness: 0.086
Maximum Fitness: 0.3
Average Pen Distance: 0.4987366988456044
Maximum Pen Distance: 0.8550778659038892
Average Dog Distance: 0.5110816337166173
Maximum Dog Distance: 0.8639471395249189
Average Sheep Distance: 0.3791481838782805
Maximum Sheep Distance: 0.5638365888890291
Elapsed Time: 5m 8s
********** 31 **********
Average Fitness: 0.08433333333333332
Maximum Fitness: 0.3333333333333333
Average Pen Distance: 0.5077359933309222
Maximum Pen Distance: 0.8550778659038892
Average Dog Distance: 0.499401179632819
Maximum Dog Distance: 0.8639471395249189
Average Sheep Distance: 0.3859504826496282
Maximum Sheep Distance: 0.5638365888890291
Elapsed Time: 5m 4s
********** 32 **********
Average Fitness: 0.08633333333333333
Maximum Fitness: 0.3333333333333333
Average Pen Distance: 0.5007494186739677
Maximum Pen Distance: 0.8550778659038892
Average Dog Distance: 0.5130734696920998
Maximum Dog Distance: 0.8639471395249189
Average Sheep Distance: 0.38067584893396555
Maximum Sheep Distance: 0.5638365888890291
Elapsed Time: 5m 7s
********** 33 **********
Average Fitness: 0.08366666666666665
Maximum Fitness: 0.3
Average Pen Distance: 0.510132524850843
Maximum Pen Distance: 0.8550778659038892
Average Dog Distance: 0.4885368638239029
Maximum Dog Distance: 0.8639471395249189
Average Sheep Distance: 0.3851100611938129
Maximum Sheep Distance: 0.5638365888890291
Elapsed Time: 5m 9s
********** 34 **********
Average Fitness: 0.084
Maximum Fitness: 0.3
Average Pen Distance: 0.5065029668184625
Maximum Pen Distance: 0.8550778659038892
Average Dog Distance: 0.5095865214637307
Maximum Dog Distance: 0.8639471395249189
Average Sheep Distance: 0.3790538487956845
Maximum Sheep Distance: 0.5638365888890291
Elapsed Time: 5m 7s
********** 35 **********
Average Fitness: 0.08433333333333333
Maximum Fitness: 0.3
Average Pen Distance: 0.4901087245726336
Maximum Pen Distance: 0.8550778659038892
Average Dog Distance: 0.4839568359571977
Maximum Dog Distance: 0.8729031434927434
Average Sheep Distance: 0.3764958335832147
Maximum Sheep Distance: 0.5638365888890291
Elapsed Time: 5m 6s
********** 36 **********
Average Fitness: 0.08633333333333333
Maximum Fitness: 0.3
Average Pen Distance: 0.49682723619473346
Maximum Pen Distance: 0.8550778659038892
Average Dog Distance: 0.4818993458164725
Maximum Dog Distance: 0.8729031434927434
Average Sheep Distance: 0.37595698647122644
Maximum Sheep Distance: 0.5638365888890291
Elapsed Time: 5m 6s
********** 37 **********
Average Fitness: 0.084
Maximum Fitness: 0.3
Average Pen Distance: 0.5097216026005501
Maximum Pen Distance: 0.8550778659038892
Average Dog Distance: 0.49845349590425797
Maximum Dog Distance: 0.8729031434927434
Average Sheep Distance: 0.38096331134738715
Maximum Sheep Distance: 0.5638365888890291
Elapsed Time: 5m 10s
********** 38 **********
Average Fitness: 0.09566666666666665
Maximum Fitness: 0.3
Average Pen Distance: 0.5075138176389448
Maximum Pen Distance: 0.8550778659038892
Average Dog Distance: 0.5053199964884297
Maximum Dog Distance: 0.863338436957141
Average Sheep Distance: 0.3781773993243569
Maximum Sheep Distance: 0.5422187562203492
Elapsed Time: 5m 8s
********** 39 **********
Average Fitness: 0.08533333333333333
Maximum Fitness: 0.3
Average Pen Distance: 0.5088926096886682
Maximum Pen Distance: 0.8653302955153954
Average Dog Distance: 0.4807284809027225
Maximum Dog Distance: 0.863338436957141
Average Sheep Distance: 0.3837508455675316
Maximum Sheep Distance: 0.5422187562203492
Elapsed Time: 5m 9s
********** 40 **********
Average Fitness: 0.08133333333333333
Maximum Fitness: 0.3
Average Pen Distance: 0.5198070217370835
Maximum Pen Distance: 0.8653302955153954
Average Dog Distance: 0.509697304373835
Maximum Dog Distance: 0.863338436957141
Average Sheep Distance: 0.3802362781287747
Maximum Sheep Distance: 0.5422187562203492
Elapsed Time: 5m 9s
********** 41 **********
Average Fitness: 0.08533333333333333
Maximum Fitness: 0.3
Average Pen Distance: 0.5183217018551316
Maximum Pen Distance: 0.8653302955153954
Average Dog Distance: 0.5026608936067998
Maximum Dog Distance: 0.863338436957141
Average Sheep Distance: 0.3800632925260247
Maximum Sheep Distance: 0.5422187562203492
Elapsed Time: 5m 7s
********** 42 **********
Average Fitness: 0.08966666666666664
Maximum Fitness: 0.3
Average Pen Distance: 0.5029767727541501
Maximum Pen Distance: 0.8653302955153954
Average Dog Distance: 0.4968547634391831
Maximum Dog Distance: 0.8705636159428449
Average Sheep Distance: 0.38163677109189753
Maximum Sheep Distance: 0.5422187562203492
Elapsed Time: 5m 12s
********** 43 **********
Average Fitness: 0.08899999999999998
Maximum Fitness: 0.3
Average Pen Distance: 0.5128407992866572
Maximum Pen Distance: 0.8653302955153954
Average Dog Distance: 0.5031240194749198
Maximum Dog Distance: 0.8705636159428449
Average Sheep Distance: 0.3757170666047784
Maximum Sheep Distance: 0.5422187562203492
Elapsed Time: 5m 12s
********** 44 **********
Average Fitness: 0.08999999999999998
Maximum Fitness: 0.3
Average Pen Distance: 0.5059159690113736
Maximum Pen Distance: 0.8653302955153954
Average Dog Distance: 0.493723585971139
Maximum Dog Distance: 0.872991564825761
Average Sheep Distance: 0.3784524981904051
Maximum Sheep Distance: 0.5422187562203492
Elapsed Time: 5m 12s
********** 45 **********
Average Fitness: 0.087
Maximum Fitness: 0.3
Average Pen Distance: 0.49356777773532257
Maximum Pen Distance: 0.8653302955153954
Average Dog Distance: 0.48847046657833365
Maximum Dog Distance: 0.8765527342568804
Average Sheep Distance: 0.37702982551074343
Maximum Sheep Distance: 0.5422187562203492
Elapsed Time: 5m 14s
********** 46 **********
Average Fitness: 0.08999999999999998
Maximum Fitness: 0.3
Average Pen Distance: 0.4935934241412058
Maximum Pen Distance: 0.8653302955153954
Average Dog Distance: 0.49675669279886037
Maximum Dog Distance: 0.872991564825761
Average Sheep Distance: 0.3785792960469951
Maximum Sheep Distance: 0.5685861051901161
Elapsed Time: 5m 3s
********** 47 **********
Average Fitness: 0.08433333333333332
Maximum Fitness: 0.3
Average Pen Distance: 0.5150051889009543
Maximum Pen Distance: 0.8653302955153954
Average Dog Distance: 0.48388286130169006
Maximum Dog Distance: 0.872991564825761
Average Sheep Distance: 0.38573148558756865
Maximum Sheep Distance: 0.5685861051901161
Elapsed Time: 5m 9s
********** 48 **********
Average Fitness: 0.08533333333333332
Maximum Fitness: 0.3
Average Pen Distance: 0.49244644275288507
Maximum Pen Distance: 0.8653302955153954
Average Dog Distance: 0.4995962690730751
Maximum Dog Distance: 0.872991564825761
Average Sheep Distance: 0.3837606201512468
Maximum Sheep Distance: 0.5685861051901161
Elapsed Time: 5m 6s
********** 49 **********
Average Fitness: 0.08399999999999999
Maximum Fitness: 0.3
Average Pen Distance: 0.510064161480382
Maximum Pen Distance: 0.8653302955153954
Average Dog Distance: 0.4816172382020103
Maximum Dog Distance: 0.8705636159428449
Average Sheep Distance: 0.3915377994356051
Maximum Sheep Distance: 0.5685861051901161
Elapsed Time: 5m 5s
********** 50 **********
Average Fitness: 0.08833333333333333
Maximum Fitness: 0.3
Average Pen Distance: 0.48574196141954934
Maximum Pen Distance: 0.8432085553353629
Average Dog Distance: 0.489046299112118
Maximum Dog Distance: 0.8705636159428449
Average Sheep Distance: 0.3776302531507596
Maximum Sheep Distance: 0.5685861051901161
Elapsed Time: 5m 8s
********** 51 **********
Average Fitness: 0.08566666666666664
Maximum Fitness: 0.3
Average Pen Distance: 0.5050568202672616
Maximum Pen Distance: 0.8432085553353629
Average Dog Distance: 0.5000324723620624
Maximum Dog Distance: 0.8705636159428449
Average Sheep Distance: 0.38279275169114585
Maximum Sheep Distance: 0.6039614234754095
Elapsed Time: 5m 2s
********** 52 **********
Average Fitness: 0.08533333333333333
Maximum Fitness: 0.23333333333333336
Average Pen Distance: 0.48994679312575357
Maximum Pen Distance: 0.8432085553353629
Average Dog Distance: 0.4831257208156028
Maximum Dog Distance: 0.8705636159428449
Average Sheep Distance: 0.38106413068504397
Maximum Sheep Distance: 0.6039614234754095
Elapsed Time: 5m 10s
********** 53 **********
Average Fitness: 0.08633333333333332
Maximum Fitness: 0.23333333333333336
Average Pen Distance: 0.4806723227309624
Maximum Pen Distance: 0.8432085553353629
Average Dog Distance: 0.49675622060353414
Maximum Dog Distance: 0.8705636159428449
Average Sheep Distance: 0.3794523092370674
Maximum Sheep Distance: 0.6039614234754095
Elapsed Time: 5m 10s
********** 54 **********
Average Fitness: 0.08299999999999999
Maximum Fitness: 0.30000000000000004
Average Pen Distance: 0.4931070439564232
Maximum Pen Distance: 0.8432085553353629
Average Dog Distance: 0.48564926786680884
Maximum Dog Distance: 0.8739043243825719
Average Sheep Distance: 0.37814097871935554
Maximum Sheep Distance: 0.6039614234754095
Elapsed Time: 5m 18s
********** 55 **********
Average Fitness: 0.08899999999999998
Maximum Fitness: 0.30000000000000004
Average Pen Distance: 0.47999449375156944
Maximum Pen Distance: 0.8432085553353629
Average Dog Distance: 0.4800916665575628
Maximum Dog Distance: 0.8739043243825719
Average Sheep Distance: 0.3780146076918829
Maximum Sheep Distance: 0.6039614234754095
Elapsed Time: 5m 7s
********** 56 **********
Average Fitness: 0.09433333333333332
Maximum Fitness: 0.3666666666666667
Average Pen Distance: 0.5069298270808283
Maximum Pen Distance: 0.8432085553353629
Average Dog Distance: 0.492564084208804
Maximum Dog Distance: 0.8739043243825719
Average Sheep Distance: 0.37764187219168327
Maximum Sheep Distance: 0.6039614234754095
Elapsed Time: 5m 16s
********** 57 **********
Average Fitness: 0.08566666666666667
Maximum Fitness: 0.3666666666666667
Average Pen Distance: 0.5221818883985285
Maximum Pen Distance: 0.8432085553353629
Average Dog Distance: 0.4879601607216372
Maximum Dog Distance: 0.8739043243825719
Average Sheep Distance: 0.3805504769209269
Maximum Sheep Distance: 0.6039614234754095
Elapsed Time: 5m 11s
********** 58 **********
Average Fitness: 0.092
Maximum Fitness: 0.30000000000000004
Average Pen Distance: 0.48118561496029544
Maximum Pen Distance: 0.8432085553353629
Average Dog Distance: 0.48282929590660734
Maximum Dog Distance: 0.8739043243825719
Average Sheep Distance: 0.3712075217620129
Maximum Sheep Distance: 0.6039614234754095
Elapsed Time: 5m 10s
********** 59 **********
Average Fitness: 0.08833333333333332
Maximum Fitness: 0.3
Average Pen Distance: 0.5136714725335466
Maximum Pen Distance: 0.8432085553353629
Average Dog Distance: 0.49812687082912704
Maximum Dog Distance: 0.8739043243825719
Average Sheep Distance: 0.37430720574042964
Maximum Sheep Distance: 0.6039614234754095
Elapsed Time: 5m 12s
********** 60 **********
Average Fitness: 0.09699999999999998
Maximum Fitness: 0.4666666666666666
Average Pen Distance: 0.49316363703387267
Maximum Pen Distance: 0.8432085553353629
Average Dog Distance: 0.4817126880130975
Maximum Dog Distance: 0.8739043243825719
Average Sheep Distance: 0.3772199850099003
Maximum Sheep Distance: 0.6039614234754095
Elapsed Time: 5m 8s
********** 61 **********
Average Fitness: 0.09366666666666665
Maximum Fitness: 0.4666666666666666
Average Pen Distance: 0.4965526326148819
Maximum Pen Distance: 0.8432085553353629
Average Dog Distance: 0.49518224871842237
Maximum Dog Distance: 0.8739043243825719
Average Sheep Distance: 0.37313846052413135
Maximum Sheep Distance: 0.6039614234754095
Elapsed Time: 5m 2s
********** 62 **********
Average Fitness: 0.09199999999999997
Maximum Fitness: 0.4666666666666666
Average Pen Distance: 0.49775039911067026
Maximum Pen Distance: 0.8432085553353629
Average Dog Distance: 0.4765689373079604
Maximum Dog Distance: 0.8739043243825719
Average Sheep Distance: 0.37435839734445603
Maximum Sheep Distance: 0.6039614234754095
Elapsed Time: 5m 6s
********** 63 **********
Average Fitness: 0.09533333333333333
Maximum Fitness: 0.4666666666666666
Average Pen Distance: 0.48714362070528217
Maximum Pen Distance: 0.8432085553353629
Average Dog Distance: 0.4860643265829739
Maximum Dog Distance: 0.8739043243825719
Average Sheep Distance: 0.37701130968475355
Maximum Sheep Distance: 0.6039614234754095
Elapsed Time: 5m 14s
********** 64 **********
Average Fitness: 0.088
Maximum Fitness: 0.3
Average Pen Distance: 0.48724853662088013
Maximum Pen Distance: 0.8432085553353629
Average Dog Distance: 0.4961283019799276
Maximum Dog Distance: 0.8739043243825719
Average Sheep Distance: 0.37430893502255036
Maximum Sheep Distance: 0.6039614234754095
Elapsed Time: 5m 7s
********** 65 **********
Average Fitness: 0.09166666666666666
Maximum Fitness: 0.3
Average Pen Distance: 0.49867589153421155
Maximum Pen Distance: 0.8432085553353629
Average Dog Distance: 0.4898955029823748
Maximum Dog Distance: 0.8739043243825719
Average Sheep Distance: 0.3766036244860652
Maximum Sheep Distance: 0.6039614234754095
Elapsed Time: 5m 10s
********** 66 **********
Average Fitness: 0.096
Maximum Fitness: 0.3
Average Pen Distance: 0.49276762319378575
Maximum Pen Distance: 0.8432085553353629
Average Dog Distance: 0.5194556126016016
Maximum Dog Distance: 0.8739043243825719
Average Sheep Distance: 0.37607525581886475
Maximum Sheep Distance: 0.6039614234754095
Elapsed Time: 5m 7s
********** 67 **********
Average Fitness: 0.098
Maximum Fitness: 0.3
Average Pen Distance: 0.4968524179450802
Maximum Pen Distance: 0.8432085553353629
Average Dog Distance: 0.46462307752576704
Maximum Dog Distance: 0.8739043243825719
Average Sheep Distance: 0.37149813118829983
Maximum Sheep Distance: 0.6039614234754095
Elapsed Time: 5m 12s
********** 68 **********
Average Fitness: 0.10666666666666666
Maximum Fitness: 0.3666666666666667
Average Pen Distance: 0.4868966470613552
Maximum Pen Distance: 0.8306651804952923
Average Dog Distance: 0.48970331984184867
Maximum Dog Distance: 0.8739043243825719
Average Sheep Distance: 0.3670741026100447
Maximum Sheep Distance: 0.6039614234754095
Elapsed Time: 5m 6s
********** 69 **********
Average Fitness: 0.105
Maximum Fitness: 0.3666666666666667
Average Pen Distance: 0.49142548683043125
Maximum Pen Distance: 0.8306651804952923
Average Dog Distance: 0.47514062402009494
Maximum Dog Distance: 0.8739043243825719
Average Sheep Distance: 0.37000889739640414
Maximum Sheep Distance: 0.6039614234754095
Elapsed Time: 5m 8s
********** 70 **********
Average Fitness: 0.09999999999999998
Maximum Fitness: 0.5333333333333333
Average Pen Distance: 0.5030907505474942
Maximum Pen Distance: 0.8306651804952923
Average Dog Distance: 0.48001037844447664
Maximum Dog Distance: 0.8739043243825719
Average Sheep Distance: 0.3733560324833413
Maximum Sheep Distance: 0.6039614234754095
Elapsed Time: 5m 7s
********** 71 **********
Average Fitness: 0.10400000000000001
Maximum Fitness: 0.3666666666666667
Average Pen Distance: 0.4891804469769213
Maximum Pen Distance: 0.8506544382007148
Average Dog Distance: 0.4632207239886293
Maximum Dog Distance: 0.8739043243825719
Average Sheep Distance: 0.3675422424801576
Maximum Sheep Distance: 0.6039614234754095
Elapsed Time: 5m 15s
********** 72 **********
Average Fitness: 0.105
Maximum Fitness: 0.3666666666666667
Average Pen Distance: 0.4930944480319762
Maximum Pen Distance: 0.8306651804952923
Average Dog Distance: 0.4805028822725545
Maximum Dog Distance: 0.8739043243825719
Average Sheep Distance: 0.36911160972649226
Maximum Sheep Distance: 0.6039614234754095
Elapsed Time: 5m 4s
********** 73 **********
Average Fitness: 0.09866666666666667
Maximum Fitness: 0.3666666666666667
Average Pen Distance: 0.5054670329973325
Maximum Pen Distance: 0.8306651804952923
Average Dog Distance: 0.4827656338552713
Maximum Dog Distance: 0.8739043243825719
Average Sheep Distance: 0.3728266471452975
Maximum Sheep Distance: 0.6039614234754095
Elapsed Time: 5m 5s
********** 74 **********
Average Fitness: 0.09766666666666665
Maximum Fitness: 0.3666666666666667
Average Pen Distance: 0.5159708883342513
Maximum Pen Distance: 0.8306651804952923
Average Dog Distance: 0.49826873616013967
Maximum Dog Distance: 0.8795041030206208
Average Sheep Distance: 0.3730326190350685
Maximum Sheep Distance: 0.6039614234754095
Elapsed Time: 5m 8s
********** 75 **********
Average Fitness: 0.10233333333333333
Maximum Fitness: 0.3666666666666667
Average Pen Distance: 0.5050826850909478
Maximum Pen Distance: 0.8306651804952923
Average Dog Distance: 0.47669112907189004
Maximum Dog Distance: 0.8739043243825719
Average Sheep Distance: 0.3694006303900452
Maximum Sheep Distance: 0.6039614234754095
Elapsed Time: 5m 11s
********** 76 **********
Average Fitness: 0.10766666666666663
Maximum Fitness: 0.3666666666666667
Average Pen Distance: 0.4932031029998787
Maximum Pen Distance: 0.835609316635387
Average Dog Distance: 0.4923384661173313
Maximum Dog Distance: 0.8739043243825719
Average Sheep Distance: 0.3665398627694688
Maximum Sheep Distance: 0.6039614234754095
Elapsed Time: 5m 8s
********** 77 **********
Average Fitness: 0.10600000000000001
Maximum Fitness: 0.3666666666666667
Average Pen Distance: 0.48197884614138287
Maximum Pen Distance: 0.835609316635387
Average Dog Distance: 0.48435027743480674
Maximum Dog Distance: 0.8739043243825719
Average Sheep Distance: 0.3677225872759297
Maximum Sheep Distance: 0.6039614234754095
Elapsed Time: 5m 7s
********** 78 **********
Average Fitness: 0.10466666666666664
Maximum Fitness: 0.3666666666666667
Average Pen Distance: 0.49246522591557707
Maximum Pen Distance: 0.835609316635387
Average Dog Distance: 0.47438172199902817
Maximum Dog Distance: 0.8739043243825719
Average Sheep Distance: 0.36358691184275366
Maximum Sheep Distance: 0.6039614234754095
Elapsed Time: 5m 8s
********** 79 **********
Average Fitness: 0.105
Maximum Fitness: 0.3666666666666667
Average Pen Distance: 0.4932287064646216
Maximum Pen Distance: 0.835609316635387
Average Dog Distance: 0.4855004965664855
Maximum Dog Distance: 0.8739043243825719
Average Sheep Distance: 0.36908142278827394
Maximum Sheep Distance: 0.6039614234754095
Elapsed Time: 5m 13s
********** 80 **********
Average Fitness: 0.10233333333333333
Maximum Fitness: 0.3666666666666667
Average Pen Distance: 0.49376497702944355
Maximum Pen Distance: 0.835609316635387
Average Dog Distance: 0.47549727525826635
Maximum Dog Distance: 0.8739043243825719
Average Sheep Distance: 0.37491495465496605
Maximum Sheep Distance: 0.6039614234754095
Elapsed Time: 5m 10s
********** 81 **********
Average Fitness: 0.10833333333333332
Maximum Fitness: 0.3666666666666667
Average Pen Distance: 0.47746328266319366
Maximum Pen Distance: 0.835609316635387
Average Dog Distance: 0.46199500582973824
Maximum Dog Distance: 0.8739043243825719
Average Sheep Distance: 0.37844993596549664
Maximum Sheep Distance: 0.6039614234754095
Elapsed Time: 5m 14s
********** 82 **********
Average Fitness: 0.11166666666666666
Maximum Fitness: 0.3333333333333333
Average Pen Distance: 0.4833952977435287
Maximum Pen Distance: 0.8457880664999303
Average Dog Distance: 0.4876305607078066
Maximum Dog Distance: 0.8739043243825719
Average Sheep Distance: 0.36854778877919203
Maximum Sheep Distance: 0.6039614234754095
Elapsed Time: 5m 7s
********** 83 **********
Average Fitness: 0.11599999999999999
Maximum Fitness: 0.3333333333333333
Average Pen Distance: 0.4791114824176944
Maximum Pen Distance: 0.8457880664999303
Average Dog Distance: 0.4771968462088703
Maximum Dog Distance: 0.8739043243825719
Average Sheep Distance: 0.36466620792462584
Maximum Sheep Distance: 0.6039614234754095
Elapsed Time: 5m 8s
********** 84 **********
Average Fitness: 0.11166666666666666
Maximum Fitness: 0.39999999999999997
Average Pen Distance: 0.49310054701796036
Maximum Pen Distance: 0.8457880664999303
Average Dog Distance: 0.48202139752337375
Maximum Dog Distance: 0.8739043243825719
Average Sheep Distance: 0.36677333728297185
Maximum Sheep Distance: 0.6039614234754095
Elapsed Time: 5m 9s
********** 85 **********
Average Fitness: 0.11199999999999997
Maximum Fitness: 0.3666666666666667
Average Pen Distance: 0.5090742417553344
Maximum Pen Distance: 0.8457880664999303
Average Dog Distance: 0.47608181275795836
Maximum Dog Distance: 0.8739043243825719
Average Sheep Distance: 0.3656027272719845
Maximum Sheep Distance: 0.6039614234754095
Elapsed Time: 5m 9s
********** 86 **********
Average Fitness: 0.11866666666666666
Maximum Fitness: 0.3666666666666667
Average Pen Distance: 0.4890667022653611
Maximum Pen Distance: 0.8457880664999303
Average Dog Distance: 0.4799239960917581
Maximum Dog Distance: 0.8739043243825719
Average Sheep Distance: 0.36899471026063624
Maximum Sheep Distance: 0.6039614234754095
Elapsed Time: 5m 11s
********** 87 **********
Average Fitness: 0.10666666666666665
Maximum Fitness: 0.3333333333333333
Average Pen Distance: 0.4858636876873228
Maximum Pen Distance: 0.8457880664999303
Average Dog Distance: 0.4677217787004885
Maximum Dog Distance: 0.8739043243825719
Average Sheep Distance: 0.3679663532982131
Maximum Sheep Distance: 0.6039614234754095
Elapsed Time: 5m 5s
********** 88 **********
Average Fitness: 0.10766666666666663
Maximum Fitness: 0.3333333333333333
Average Pen Distance: 0.4969785946655921
Maximum Pen Distance: 0.8457880664999303
Average Dog Distance: 0.4826559776156678
Maximum Dog Distance: 0.8739043243825719
Average Sheep Distance: 0.36333793904098444
Maximum Sheep Distance: 0.6039614234754095
Elapsed Time: 5m 6s
********** 89 **********
Average Fitness: 0.10633333333333334
Maximum Fitness: 0.3333333333333333
Average Pen Distance: 0.5054378210837708
Maximum Pen Distance: 0.8457880664999303
Average Dog Distance: 0.46555897207651303
Maximum Dog Distance: 0.8739043243825719
Average Sheep Distance: 0.3674272432547835
Maximum Sheep Distance: 0.6039614234754095
Elapsed Time: 5m 8s
********** 90 **********
Average Fitness: 0.10333333333333332
Maximum Fitness: 0.3333333333333333
Average Pen Distance: 0.5037470327879017
Maximum Pen Distance: 0.8457880664999303
Average Dog Distance: 0.501201874819252
Maximum Dog Distance: 0.8739043243825719
Average Sheep Distance: 0.3713734211652052
Maximum Sheep Distance: 0.6039614234754095
Elapsed Time: 5m 14s
********** 91 **********
Average Fitness: 0.1023333333333333
Maximum Fitness: 0.3333333333333333
Average Pen Distance: 0.508429694593393
Maximum Pen Distance: 0.8457880664999303
Average Dog Distance: 0.4771201881561851
Maximum Dog Distance: 0.8987361901253741
Average Sheep Distance: 0.3780682004493463
Maximum Sheep Distance: 0.6039614234754095
Elapsed Time: 5m 7s
********** 92 **********
Average Fitness: 0.10066666666666667
Maximum Fitness: 0.3333333333333333
Average Pen Distance: 0.5173270447422559
Maximum Pen Distance: 0.8457880664999303
Average Dog Distance: 0.49298645612114045
Maximum Dog Distance: 0.8987361901253741
Average Sheep Distance: 0.3697334235119306
Maximum Sheep Distance: 0.6039614234754095
Elapsed Time: 5m 17s
********** 93 **********
Average Fitness: 0.10666666666666666
Maximum Fitness: 0.3333333333333333
Average Pen Distance: 0.4593318957494448
Maximum Pen Distance: 0.8457880664999303
Average Dog Distance: 0.4679446438655349
Maximum Dog Distance: 0.8987361901253741
Average Sheep Distance: 0.3679686416167446
Maximum Sheep Distance: 0.6039614234754095
Elapsed Time: 5m 13s
********** 94 **********
Average Fitness: 0.10233333333333333
Maximum Fitness: 0.3333333333333333
Average Pen Distance: 0.4973026794110329
Maximum Pen Distance: 0.8476727781375182
Average Dog Distance: 0.4842291733247734
Maximum Dog Distance: 0.8987361901253741
Average Sheep Distance: 0.36973138161336006
Maximum Sheep Distance: 0.6039614234754095
Elapsed Time: 5m 13s
********** 95 **********
Average Fitness: 0.11866666666666664
Maximum Fitness: 0.49999999999999994
Average Pen Distance: 0.49371709479448056
Maximum Pen Distance: 0.8555142506657316
Average Dog Distance: 0.4794467076444853
Maximum Dog Distance: 0.8987361901253741
Average Sheep Distance: 0.37722264355252816
Maximum Sheep Distance: 0.6039614234754095
Elapsed Time: 5m 7s
********** 96 **********
Average Fitness: 0.11866666666666667
Maximum Fitness: 0.49999999999999994
Average Pen Distance: 0.49053436471712963
Maximum Pen Distance: 0.8555142506657316
Average Dog Distance: 0.48083379179368824
Maximum Dog Distance: 0.8987361901253741
Average Sheep Distance: 0.3720068896089104
Maximum Sheep Distance: 0.6039614234754095
Elapsed Time: 5m 5s
********** 97 **********
Average Fitness: 0.11566666666666664
Maximum Fitness: 0.49999999999999994
Average Pen Distance: 0.5005346349223725
Maximum Pen Distance: 0.8555142506657316
Average Dog Distance: 0.49908841401983733
Maximum Dog Distance: 0.8987361901253741
Average Sheep Distance: 0.37356518187634513
Maximum Sheep Distance: 0.6039614234754095
Elapsed Time: 5m 8s
********** 98 **********
Average Fitness: 0.11399999999999999
Maximum Fitness: 0.49999999999999994
Average Pen Distance: 0.4977616194677863
Maximum Pen Distance: 0.8555142506657316
Average Dog Distance: 0.469748209415256
Maximum Dog Distance: 0.8987361901253741
Average Sheep Distance: 0.37543331403921515
Maximum Sheep Distance: 0.6039614234754095
Elapsed Time: 5m 11s
********** 99 **********
Average Fitness: 0.11433333333333334
Maximum Fitness: 0.49999999999999994
Average Pen Distance: 0.49628596162520466
Maximum Pen Distance: 0.8555142506657316
Average Dog Distance: 0.49539726960868785
Maximum Dog Distance: 0.8987361901253741
Average Sheep Distance: 0.37357295326527257
Maximum Sheep Distance: 0.6039614234754095
Elapsed Time: 5m 9s
********** 100 **********
Average Fitness: 0.10933333333333334
Maximum Fitness: 0.49999999999999994
Average Pen Distance: 0.514948735422105
Maximum Pen Distance: 0.8555142506657316
Average Dog Distance: 0.4742586305190997
Maximum Dog Distance: 0.8987361901253741
Average Sheep Distance: 0.38011348017172575
Maximum Sheep Distance: 0.6039614234754095
Elapsed Time: 5m 10s
