nproc is 1
cnode0572.cm.cluster
********** 1 **********
Average Fitness: 0.06466666666666666
Maximum Fitness: 0.3
Average Pen Distance: 0.5289411898749496
Maximum Pen Distance: 0.7263945264469168
Average Dog Distance: 0.6183700121055182
Maximum Dog Distance: 0.8095368618730165
Average Sheep Distance: 0.3588681576136467
Maximum Sheep Distance: 0.41795340722934843
Elapsed Time: 10m 20s
********** 2 **********
Average Fitness: 0.074
Maximum Fitness: 0.3
Average Pen Distance: 0.5192785649529292
Maximum Pen Distance: 0.7346807030935919
Average Dog Distance: 0.6091939061484102
Maximum Dog Distance: 0.8095368618730165
Average Sheep Distance: 0.35704837042312676
Maximum Sheep Distance: 0.43433716026590297
Elapsed Time: 5m 2s
********** 3 **********
Average Fitness: 0.075
Maximum Fitness: 0.3
Average Pen Distance: 0.5124620957320893
Maximum Pen Distance: 0.7458662690348388
Average Dog Distance: 0.5988758115512357
Maximum Dog Distance: 0.8290678161484433
Average Sheep Distance: 0.35938546142884625
Maximum Sheep Distance: 0.4647691447867377
Elapsed Time: 5m 11s
********** 4 **********
Average Fitness: 0.07633333333333332
Maximum Fitness: 0.3
Average Pen Distance: 0.5199252548327471
Maximum Pen Distance: 0.7532995268409035
Average Dog Distance: 0.5838505381780378
Maximum Dog Distance: 0.8301233599154055
Average Sheep Distance: 0.3621428025216439
Maximum Sheep Distance: 0.4647691447867377
Elapsed Time: 5m 8s
********** 5 **********
Average Fitness: 0.079
Maximum Fitness: 0.3
Average Pen Distance: 0.5155196749584762
Maximum Pen Distance: 0.7797119695728472
Average Dog Distance: 0.5638229614756267
Maximum Dog Distance: 0.8394394229946225
Average Sheep Distance: 0.3606290744912365
Maximum Sheep Distance: 0.48509589909233336
Elapsed Time: 5m 11s
********** 6 **********
Average Fitness: 0.081
Maximum Fitness: 0.3
Average Pen Distance: 0.5347758167214571
Maximum Pen Distance: 0.8149457891618811
Average Dog Distance: 0.5690792363144672
Maximum Dog Distance: 0.8394394229946225
Average Sheep Distance: 0.37005006768406823
Maximum Sheep Distance: 0.48509589909233336
Elapsed Time: 5m 5s
********** 7 **********
Average Fitness: 0.078
Maximum Fitness: 0.3
Average Pen Distance: 0.5467699730621667
Maximum Pen Distance: 0.8149457891618811
Average Dog Distance: 0.5525831704243886
Maximum Dog Distance: 0.8568996750201401
Average Sheep Distance: 0.37479967700515443
Maximum Sheep Distance: 0.5263323346780976
Elapsed Time: 5m 14s
********** 8 **********
Average Fitness: 0.07533333333333334
Maximum Fitness: 0.3
Average Pen Distance: 0.5425128478788809
Maximum Pen Distance: 0.8149457891618811
Average Dog Distance: 0.5301127820069952
Maximum Dog Distance: 0.8568996750201401
Average Sheep Distance: 0.3727323250077804
Maximum Sheep Distance: 0.5263323346780976
Elapsed Time: 5m 13s
********** 9 **********
Average Fitness: 0.08133333333333333
Maximum Fitness: 0.3
Average Pen Distance: 0.5499393263083168
Maximum Pen Distance: 0.8149457891618811
Average Dog Distance: 0.5428606217065943
Maximum Dog Distance: 0.8568996750201401
Average Sheep Distance: 0.37439895520427413
Maximum Sheep Distance: 0.5263323346780976
Elapsed Time: 5m 24s
********** 10 **********
Average Fitness: 0.08066666666666666
Maximum Fitness: 0.3
Average Pen Distance: 0.5464529200379399
Maximum Pen Distance: 0.8149457891618811
Average Dog Distance: 0.522281496457165
Maximum Dog Distance: 0.8568996750201401
Average Sheep Distance: 0.3759075644312532
Maximum Sheep Distance: 0.5263323346780976
Elapsed Time: 5m 7s
********** 11 **********
Average Fitness: 0.08466666666666667
Maximum Fitness: 0.3
Average Pen Distance: 0.5307430361249234
Maximum Pen Distance: 0.8149457891618811
Average Dog Distance: 0.5268258908486748
Maximum Dog Distance: 0.8568996750201401
Average Sheep Distance: 0.37268330168349906
Maximum Sheep Distance: 0.5263323346780976
Elapsed Time: 5m 11s
********** 12 **********
Average Fitness: 0.07666666666666665
Maximum Fitness: 0.2333333333333333
Average Pen Distance: 0.5547609015927764
Maximum Pen Distance: 0.8149457891618811
Average Dog Distance: 0.5232737324894704
Maximum Dog Distance: 0.8568996750201401
Average Sheep Distance: 0.37902289535047073
Maximum Sheep Distance: 0.5330297646293092
Elapsed Time: 5m 11s
********** 13 **********
Average Fitness: 0.08466666666666665
Maximum Fitness: 0.23333333333333336
Average Pen Distance: 0.5335098777796482
Maximum Pen Distance: 0.8149457891618811
Average Dog Distance: 0.5255142151071589
Maximum Dog Distance: 0.8568996750201401
Average Sheep Distance: 0.38041784080254126
Maximum Sheep Distance: 0.5330297646293092
Elapsed Time: 5m 6s
********** 14 **********
Average Fitness: 0.087
Maximum Fitness: 0.23333333333333336
Average Pen Distance: 0.5263145299403348
Maximum Pen Distance: 0.8149457891618811
Average Dog Distance: 0.5186520498123195
Maximum Dog Distance: 0.8568996750201401
Average Sheep Distance: 0.38148991007957017
Maximum Sheep Distance: 0.5330297646293092
Elapsed Time: 5m 5s
********** 15 **********
Average Fitness: 0.08033333333333333
Maximum Fitness: 0.23333333333333336
Average Pen Distance: 0.534302425886105
Maximum Pen Distance: 0.8149457891618811
Average Dog Distance: 0.5139343802793265
Maximum Dog Distance: 0.8568996750201401
Average Sheep Distance: 0.3841734080629637
Maximum Sheep Distance: 0.5330297646293092
Elapsed Time: 5m 10s
********** 16 **********
Average Fitness: 0.07933333333333334
Maximum Fitness: 0.23333333333333336
Average Pen Distance: 0.5197319907023157
Maximum Pen Distance: 0.8149457891618811
Average Dog Distance: 0.5178564578156732
Maximum Dog Distance: 0.8568996750201401
Average Sheep Distance: 0.3822759057166622
Maximum Sheep Distance: 0.5330297646293092
Elapsed Time: 5m 7s
********** 17 **********
Average Fitness: 0.07633333333333332
Maximum Fitness: 0.23333333333333336
Average Pen Distance: 0.5398189745464927
Maximum Pen Distance: 0.8149457891618811
Average Dog Distance: 0.5076092172164803
Maximum Dog Distance: 0.8568996750201401
Average Sheep Distance: 0.38344602313961945
Maximum Sheep Distance: 0.5330297646293092
Elapsed Time: 5m 23s
********** 18 **********
Average Fitness: 0.07433333333333333
Maximum Fitness: 0.23333333333333336
Average Pen Distance: 0.5440245535544276
Maximum Pen Distance: 0.8149457891618811
Average Dog Distance: 0.506786823884346
Maximum Dog Distance: 0.8568996750201401
Average Sheep Distance: 0.3838215837128519
Maximum Sheep Distance: 0.5330297646293092
Elapsed Time: 5m 9s
********** 19 **********
Average Fitness: 0.07966666666666666
Maximum Fitness: 0.23333333333333336
Average Pen Distance: 0.5261645352529725
Maximum Pen Distance: 0.8232186404689328
Average Dog Distance: 0.5018977225898825
Maximum Dog Distance: 0.8568996750201401
Average Sheep Distance: 0.37917060443727485
Maximum Sheep Distance: 0.5330297646293092
Elapsed Time: 5m 13s
********** 20 **********
Average Fitness: 0.07966666666666668
Maximum Fitness: 0.3333333333333333
Average Pen Distance: 0.5355913387635988
Maximum Pen Distance: 0.8232186404689328
Average Dog Distance: 0.4934282689524048
Maximum Dog Distance: 0.8568996750201401
Average Sheep Distance: 0.37932131316629397
Maximum Sheep Distance: 0.5330297646293092
Elapsed Time: 5m 16s
********** 21 **********
Average Fitness: 0.08199999999999999
Maximum Fitness: 0.3333333333333333
Average Pen Distance: 0.5317484744356638
Maximum Pen Distance: 0.8232186404689328
Average Dog Distance: 0.5024064243940639
Maximum Dog Distance: 0.8575463876340771
Average Sheep Distance: 0.38488924038743005
Maximum Sheep Distance: 0.5392956053029895
Elapsed Time: 5m 10s
********** 22 **********
Average Fitness: 0.08
Maximum Fitness: 0.23333333333333336
Average Pen Distance: 0.524472370426654
Maximum Pen Distance: 0.8336539907796663
Average Dog Distance: 0.5012955079738388
Maximum Dog Distance: 0.8575463876340771
Average Sheep Distance: 0.3824056946709519
Maximum Sheep Distance: 0.5392956053029895
Elapsed Time: 5m 14s
********** 23 **********
Average Fitness: 0.08000000000000002
Maximum Fitness: 0.23333333333333336
Average Pen Distance: 0.5421605927253821
Maximum Pen Distance: 0.8532014214692607
Average Dog Distance: 0.49531881483378115
Maximum Dog Distance: 0.8575463876340771
Average Sheep Distance: 0.38409223918153257
Maximum Sheep Distance: 0.5392956053029895
Elapsed Time: 5m 14s
********** 24 **********
Average Fitness: 0.08133333333333333
Maximum Fitness: 0.23333333333333336
Average Pen Distance: 0.5355972238762979
Maximum Pen Distance: 0.8532014214692607
Average Dog Distance: 0.4920826924781599
Maximum Dog Distance: 0.8575463876340771
Average Sheep Distance: 0.384038355281061
Maximum Sheep Distance: 0.5392956053029895
Elapsed Time: 5m 11s
********** 25 **********
Average Fitness: 0.08333333333333331
Maximum Fitness: 0.3
Average Pen Distance: 0.518904245064189
Maximum Pen Distance: 0.8532014214692607
Average Dog Distance: 0.49096601766781206
Maximum Dog Distance: 0.8575463876340771
Average Sheep Distance: 0.38440217501073803
Maximum Sheep Distance: 0.5392956053029895
Elapsed Time: 5m 17s
********** 26 **********
Average Fitness: 0.08733333333333332
Maximum Fitness: 0.3
Average Pen Distance: 0.5222085941446472
Maximum Pen Distance: 0.8532014214692607
Average Dog Distance: 0.5028088915202036
Maximum Dog Distance: 0.8575463876340771
Average Sheep Distance: 0.38633329415998846
Maximum Sheep Distance: 0.5392956053029895
Elapsed Time: 5m 17s
********** 27 **********
Average Fitness: 0.08799999999999997
Maximum Fitness: 0.3
Average Pen Distance: 0.5120164273165498
Maximum Pen Distance: 0.8532014214692607
Average Dog Distance: 0.49403278261084166
Maximum Dog Distance: 0.8575463876340771
Average Sheep Distance: 0.38277730967588414
Maximum Sheep Distance: 0.5392956053029895
Elapsed Time: 5m 20s
********** 28 **********
Average Fitness: 0.088
Maximum Fitness: 0.3
Average Pen Distance: 0.5282856745128414
Maximum Pen Distance: 0.8532014214692607
Average Dog Distance: 0.5054120956068253
Maximum Dog Distance: 0.8575463876340771
Average Sheep Distance: 0.3872649823068776
Maximum Sheep Distance: 0.5392956053029895
Elapsed Time: 5m 13s
********** 29 **********
Average Fitness: 0.09166666666666666
Maximum Fitness: 0.3333333333333333
Average Pen Distance: 0.5182824664825576
Maximum Pen Distance: 0.869290606112886
Average Dog Distance: 0.494480658027277
Maximum Dog Distance: 0.8755328576783775
Average Sheep Distance: 0.3869545393853967
Maximum Sheep Distance: 0.5392956053029895
Elapsed Time: 5m 19s
********** 30 **********
Average Fitness: 0.088
Maximum Fitness: 0.23333333333333336
Average Pen Distance: 0.5199112520223561
Maximum Pen Distance: 0.869290606112886
Average Dog Distance: 0.4912273624841028
Maximum Dog Distance: 0.8755328576783775
Average Sheep Distance: 0.3866812429837382
Maximum Sheep Distance: 0.5392956053029895
Elapsed Time: 5m 20s
********** 31 **********
Average Fitness: 0.08599999999999998
Maximum Fitness: 0.23333333333333336
Average Pen Distance: 0.5290699194831736
Maximum Pen Distance: 0.869290606112886
Average Dog Distance: 0.5046754787699846
Maximum Dog Distance: 0.8755328576783775
Average Sheep Distance: 0.3892137446367672
Maximum Sheep Distance: 0.5392956053029895
Elapsed Time: 5m 18s
********** 32 **********
Average Fitness: 0.08966666666666667
Maximum Fitness: 0.23333333333333336
Average Pen Distance: 0.531999848066264
Maximum Pen Distance: 0.869290606112886
Average Dog Distance: 0.4949786390990236
Maximum Dog Distance: 0.8755328576783775
Average Sheep Distance: 0.38500788437902317
Maximum Sheep Distance: 0.5392956053029895
Elapsed Time: 5m 18s
********** 33 **********
Average Fitness: 0.09299999999999997
Maximum Fitness: 0.26666666666666666
Average Pen Distance: 0.5265341300447536
Maximum Pen Distance: 0.869290606112886
Average Dog Distance: 0.47650196478870604
Maximum Dog Distance: 0.8755328576783775
Average Sheep Distance: 0.38770123550413355
Maximum Sheep Distance: 0.5392956053029895
Elapsed Time: 5m 26s
********** 34 **********
Average Fitness: 0.08566666666666667
Maximum Fitness: 0.26666666666666666
Average Pen Distance: 0.4969484959514084
Maximum Pen Distance: 0.869290606112886
Average Dog Distance: 0.4687492433420259
Maximum Dog Distance: 0.8755328576783775
Average Sheep Distance: 0.3777616778900253
Maximum Sheep Distance: 0.5392956053029895
Elapsed Time: 5m 21s
********** 35 **********
Average Fitness: 0.08366666666666665
Maximum Fitness: 0.3
Average Pen Distance: 0.5130095673542998
Maximum Pen Distance: 0.869290606112886
Average Dog Distance: 0.4718376038704457
Maximum Dog Distance: 0.8755328576783775
Average Sheep Distance: 0.38520158676896143
Maximum Sheep Distance: 0.5392956053029895
Elapsed Time: 5m 18s
********** 36 **********
Average Fitness: 0.083
Maximum Fitness: 0.26666666666666666
Average Pen Distance: 0.5128720057044083
Maximum Pen Distance: 0.869290606112886
Average Dog Distance: 0.4665731820666635
Maximum Dog Distance: 0.8782999425474193
Average Sheep Distance: 0.3826608921592821
Maximum Sheep Distance: 0.5392956053029895
Elapsed Time: 5m 14s
********** 37 **********
Average Fitness: 0.08199999999999999
Maximum Fitness: 0.26666666666666666
Average Pen Distance: 0.5241403095484357
Maximum Pen Distance: 0.8696213360850885
Average Dog Distance: 0.46838405025024504
Maximum Dog Distance: 0.8782999425474193
Average Sheep Distance: 0.3833790189710541
Maximum Sheep Distance: 0.5392956053029895
Elapsed Time: 5m 24s
********** 38 **********
Average Fitness: 0.08366666666666665
Maximum Fitness: 0.23333333333333336
Average Pen Distance: 0.521105325159786
Maximum Pen Distance: 0.8696213360850885
Average Dog Distance: 0.48012391841165636
Maximum Dog Distance: 0.8782999425474193
Average Sheep Distance: 0.3847792179427911
Maximum Sheep Distance: 0.5392956053029895
Elapsed Time: 5m 23s
********** 39 **********
Average Fitness: 0.07466666666666666
Maximum Fitness: 0.23333333333333336
Average Pen Distance: 0.5196461784455354
Maximum Pen Distance: 0.8696213360850885
Average Dog Distance: 0.4504646582592665
Maximum Dog Distance: 0.7793235630449672
Average Sheep Distance: 0.3802241875207756
Maximum Sheep Distance: 0.5392956053029895
Elapsed Time: 5m 20s
********** 40 **********
Average Fitness: 0.078
Maximum Fitness: 0.23333333333333336
Average Pen Distance: 0.5328374123601107
Maximum Pen Distance: 0.8696213360850885
Average Dog Distance: 0.45941707223626493
Maximum Dog Distance: 0.8305584340923783
Average Sheep Distance: 0.38939720301577685
Maximum Sheep Distance: 0.5392956053029895
Elapsed Time: 5m 18s
********** 41 **********
Average Fitness: 0.08366666666666665
Maximum Fitness: 0.3333333333333333
Average Pen Distance: 0.5250764615899837
Maximum Pen Distance: 0.8696213360850885
Average Dog Distance: 0.47163008668373585
Maximum Dog Distance: 0.8602078891368482
Average Sheep Distance: 0.38522281292570243
Maximum Sheep Distance: 0.5392956053029895
Elapsed Time: 5m 18s
********** 42 **********
Average Fitness: 0.07933333333333334
Maximum Fitness: 0.23333333333333336
Average Pen Distance: 0.521796505443391
Maximum Pen Distance: 0.8696213360850885
Average Dog Distance: 0.47758379068479484
Maximum Dog Distance: 0.8602078891368482
Average Sheep Distance: 0.3875636666647499
Maximum Sheep Distance: 0.5392956053029895
Elapsed Time: 5m 22s
********** 43 **********
Average Fitness: 0.07866666666666665
Maximum Fitness: 0.23333333333333336
Average Pen Distance: 0.5299875517501533
Maximum Pen Distance: 0.8696213360850885
Average Dog Distance: 0.46850644009053555
Maximum Dog Distance: 0.8422971994594856
Average Sheep Distance: 0.3887722371331738
Maximum Sheep Distance: 0.5392956053029895
Elapsed Time: 5m 18s
********** 44 **********
Average Fitness: 0.08
Maximum Fitness: 0.23333333333333336
Average Pen Distance: 0.5232849740857922
Maximum Pen Distance: 0.8696213360850885
Average Dog Distance: 0.47233702768839125
Maximum Dog Distance: 0.8422971994594856
Average Sheep Distance: 0.3811386532685793
Maximum Sheep Distance: 0.5392956053029895
Elapsed Time: 5m 28s
********** 45 **********
Average Fitness: 0.08133333333333333
Maximum Fitness: 0.26666666666666666
Average Pen Distance: 0.522585005630199
Maximum Pen Distance: 0.8696213360850885
Average Dog Distance: 0.49379732238825286
Maximum Dog Distance: 0.8422971994594856
Average Sheep Distance: 0.38509011827262946
Maximum Sheep Distance: 0.5392956053029895
Elapsed Time: 5m 19s
********** 46 **********
Average Fitness: 0.08299999999999998
Maximum Fitness: 0.26666666666666666
Average Pen Distance: 0.5303664415368005
Maximum Pen Distance: 0.8696213360850885
Average Dog Distance: 0.46993625399690364
Maximum Dog Distance: 0.8422971994594856
Average Sheep Distance: 0.38316075421220414
Maximum Sheep Distance: 0.5392956053029895
Elapsed Time: 5m 20s
********** 47 **********
Average Fitness: 0.08466666666666667
Maximum Fitness: 0.26666666666666666
Average Pen Distance: 0.5128587589798717
Maximum Pen Distance: 0.8696213360850885
Average Dog Distance: 0.4551900927370571
Maximum Dog Distance: 0.8422971994594856
Average Sheep Distance: 0.3818939161828155
Maximum Sheep Distance: 0.5392956053029895
Elapsed Time: 5m 18s
********** 48 **********
Average Fitness: 0.07966666666666666
Maximum Fitness: 0.26666666666666666
Average Pen Distance: 0.5133270704755035
Maximum Pen Distance: 0.8696213360850885
Average Dog Distance: 0.48175320694947366
Maximum Dog Distance: 0.8422971994594856
Average Sheep Distance: 0.3789097419940736
Maximum Sheep Distance: 0.5392956053029895
Elapsed Time: 5m 28s
********** 49 **********
Average Fitness: 0.07899999999999999
Maximum Fitness: 0.26666666666666666
Average Pen Distance: 0.5319775248280095
Maximum Pen Distance: 0.8696213360850885
Average Dog Distance: 0.48157754025633287
Maximum Dog Distance: 0.8422971994594856
Average Sheep Distance: 0.37758314659069314
Maximum Sheep Distance: 0.5392956053029895
Elapsed Time: 5m 17s
********** 50 **********
Average Fitness: 0.07899999999999999
Maximum Fitness: 0.23333333333333336
Average Pen Distance: 0.5082970893543746
Maximum Pen Distance: 0.9002544483878654
Average Dog Distance: 0.468106131901305
Maximum Dog Distance: 0.8422971994594856
Average Sheep Distance: 0.3818140093904786
Maximum Sheep Distance: 0.5392956053029895
Elapsed Time: 5m 23s
********** 51 **********
Average Fitness: 0.07566666666666666
Maximum Fitness: 0.23333333333333336
Average Pen Distance: 0.5266776260104858
Maximum Pen Distance: 0.9002544483878654
Average Dog Distance: 0.480239274997569
Maximum Dog Distance: 0.8813596616905167
Average Sheep Distance: 0.37968066113372245
Maximum Sheep Distance: 0.5392956053029895
Elapsed Time: 5m 20s
********** 52 **********
Average Fitness: 0.078
Maximum Fitness: 0.2333333333333333
Average Pen Distance: 0.5372378853698141
Maximum Pen Distance: 0.9002544483878654
Average Dog Distance: 0.47531002914642506
Maximum Dog Distance: 0.8813596616905167
Average Sheep Distance: 0.38679244113903555
Maximum Sheep Distance: 0.5392956053029895
Elapsed Time: 5m 20s
********** 53 **********
Average Fitness: 0.07833333333333332
Maximum Fitness: 0.2333333333333333
Average Pen Distance: 0.5035199594174731
Maximum Pen Distance: 0.9002544483878654
Average Dog Distance: 0.44782281626486864
Maximum Dog Distance: 0.8813596616905167
Average Sheep Distance: 0.3790585617325102
Maximum Sheep Distance: 0.5392956053029895
Elapsed Time: 5m 18s
********** 54 **********
Average Fitness: 0.07466666666666666
Maximum Fitness: 0.2333333333333333
Average Pen Distance: 0.5325629660340901
Maximum Pen Distance: 0.9002544483878654
Average Dog Distance: 0.5049079376190029
Maximum Dog Distance: 0.8813596616905167
Average Sheep Distance: 0.3846324454468489
Maximum Sheep Distance: 0.5392956053029895
Elapsed Time: 5m 19s
********** 55 **********
Average Fitness: 0.078
Maximum Fitness: 0.4000000000000001
Average Pen Distance: 0.5112094193872503
Maximum Pen Distance: 0.9002544483878654
Average Dog Distance: 0.4552683941011604
Maximum Dog Distance: 0.8813596616905167
Average Sheep Distance: 0.38146528184868445
Maximum Sheep Distance: 0.5392956053029895
Elapsed Time: 5m 14s
********** 56 **********
Average Fitness: 0.07666666666666666
Maximum Fitness: 0.2333333333333333
Average Pen Distance: 0.5152282218309077
Maximum Pen Distance: 0.8696213360850885
Average Dog Distance: 0.49501821155637854
Maximum Dog Distance: 0.8813596616905167
Average Sheep Distance: 0.38335802847505845
Maximum Sheep Distance: 0.5392956053029895
Elapsed Time: 5m 27s
********** 57 **********
Average Fitness: 0.07266666666666667
Maximum Fitness: 0.30000000000000004
Average Pen Distance: 0.5211695728972522
Maximum Pen Distance: 0.8696213360850885
Average Dog Distance: 0.4611866614401926
Maximum Dog Distance: 0.8813596616905167
Average Sheep Distance: 0.3844485270784279
Maximum Sheep Distance: 0.5392956053029895
Elapsed Time: 5m 15s
********** 58 **********
Average Fitness: 0.07766666666666666
Maximum Fitness: 0.30000000000000004
Average Pen Distance: 0.5061580436279741
Maximum Pen Distance: 0.8696213360850885
Average Dog Distance: 0.4761866755370589
Maximum Dog Distance: 0.8813596616905167
Average Sheep Distance: 0.3771182932796981
Maximum Sheep Distance: 0.5392956053029895
Elapsed Time: 5m 16s
********** 59 **********
Average Fitness: 0.07599999999999998
Maximum Fitness: 0.30000000000000004
Average Pen Distance: 0.5205864944676705
Maximum Pen Distance: 0.8803819843198081
Average Dog Distance: 0.4855864102190745
Maximum Dog Distance: 0.8813596616905167
Average Sheep Distance: 0.37928822731752143
Maximum Sheep Distance: 0.5392956053029895
Elapsed Time: 5m 21s
********** 60 **********
Average Fitness: 0.07433333333333332
Maximum Fitness: 0.26666666666666666
Average Pen Distance: 0.5281597168398758
Maximum Pen Distance: 0.8803819843198081
Average Dog Distance: 0.4738999269992532
Maximum Dog Distance: 0.8736840357913512
Average Sheep Distance: 0.38113347224157645
Maximum Sheep Distance: 0.5392956053029895
Elapsed Time: 5m 16s
********** 61 **********
Average Fitness: 0.07533333333333334
Maximum Fitness: 0.2333333333333333
Average Pen Distance: 0.5235018369728892
Maximum Pen Distance: 0.8803819843198081
Average Dog Distance: 0.478005443951131
Maximum Dog Distance: 0.8736840357913512
Average Sheep Distance: 0.3725465627643939
Maximum Sheep Distance: 0.5392956053029895
Elapsed Time: 5m 24s
********** 62 **********
Average Fitness: 0.07766666666666666
Maximum Fitness: 0.23333333333333336
Average Pen Distance: 0.5345944855043461
Maximum Pen Distance: 0.8803819843198081
Average Dog Distance: 0.46514103268401813
Maximum Dog Distance: 0.8736840357913512
Average Sheep Distance: 0.3819920383227168
Maximum Sheep Distance: 0.5392956053029895
Elapsed Time: 5m 19s
********** 63 **********
Average Fitness: 0.078
Maximum Fitness: 0.2333333333333333
Average Pen Distance: 0.5117107586462643
Maximum Pen Distance: 0.8803819843198081
Average Dog Distance: 0.48886239107738944
Maximum Dog Distance: 0.8736840357913512
Average Sheep Distance: 0.37666450532473833
Maximum Sheep Distance: 0.5392956053029895
Elapsed Time: 5m 26s
********** 64 **********
Average Fitness: 0.07266666666666666
Maximum Fitness: 0.3
Average Pen Distance: 0.5162348682161069
Maximum Pen Distance: 0.8803819843198081
Average Dog Distance: 0.47665753162952074
Maximum Dog Distance: 0.8638862480194615
Average Sheep Distance: 0.3831625513388614
Maximum Sheep Distance: 0.5392956053029895
Elapsed Time: 5m 21s
********** 65 **********
Average Fitness: 0.07533333333333332
Maximum Fitness: 0.2333333333333333
Average Pen Distance: 0.5189941635250791
Maximum Pen Distance: 0.8803819843198081
Average Dog Distance: 0.4763903404802932
Maximum Dog Distance: 0.8620283191850069
Average Sheep Distance: 0.3805207688983566
Maximum Sheep Distance: 0.5392956053029895
Elapsed Time: 5m 27s
********** 66 **********
Average Fitness: 0.07133333333333333
Maximum Fitness: 0.26666666666666666
Average Pen Distance: 0.5294869648168037
Maximum Pen Distance: 0.8803819843198081
Average Dog Distance: 0.47914852529159874
Maximum Dog Distance: 0.8620283191850069
Average Sheep Distance: 0.3779140816305278
Maximum Sheep Distance: 0.5392956053029895
Elapsed Time: 5m 18s
********** 67 **********
Average Fitness: 0.07666666666666666
Maximum Fitness: 0.26666666666666666
Average Pen Distance: 0.503900743534672
Maximum Pen Distance: 0.8803819843198081
Average Dog Distance: 0.47586017643063383
Maximum Dog Distance: 0.8620283191850069
Average Sheep Distance: 0.38609605832701077
Maximum Sheep Distance: 0.5522204854961809
Elapsed Time: 5m 13s
********** 68 **********
Average Fitness: 0.07733333333333332
Maximum Fitness: 0.26666666666666666
Average Pen Distance: 0.5289134571013078
Maximum Pen Distance: 0.8803819843198081
Average Dog Distance: 0.45769699637358047
Maximum Dog Distance: 0.8175944750417039
Average Sheep Distance: 0.3894723499116393
Maximum Sheep Distance: 0.5522204854961809
Elapsed Time: 5m 21s
********** 69 **********
Average Fitness: 0.079
Maximum Fitness: 0.26666666666666666
Average Pen Distance: 0.5069017078427863
Maximum Pen Distance: 0.8803819843198081
Average Dog Distance: 0.47809279530408944
Maximum Dog Distance: 0.8175944750417039
Average Sheep Distance: 0.38971881595680863
Maximum Sheep Distance: 0.5522204854961809
Elapsed Time: 5m 24s
********** 70 **********
Average Fitness: 0.071
Maximum Fitness: 0.2333333333333333
Average Pen Distance: 0.5345425730148636
Maximum Pen Distance: 0.8803819843198081
Average Dog Distance: 0.4617715996009295
Maximum Dog Distance: 0.8778121730579563
Average Sheep Distance: 0.39100760815911756
Maximum Sheep Distance: 0.5522204854961809
Elapsed Time: 5m 27s
********** 71 **********
Average Fitness: 0.07633333333333332
Maximum Fitness: 0.2333333333333333
Average Pen Distance: 0.5166048081993284
Maximum Pen Distance: 0.8803819843198081
Average Dog Distance: 0.4862337173674287
Maximum Dog Distance: 0.8778121730579563
Average Sheep Distance: 0.38856093676763565
Maximum Sheep Distance: 0.5522204854961809
Elapsed Time: 5m 22s
********** 72 **********
Average Fitness: 0.078
Maximum Fitness: 0.2333333333333333
Average Pen Distance: 0.5151754793893445
Maximum Pen Distance: 0.8803819843198081
Average Dog Distance: 0.4654372785104021
Maximum Dog Distance: 0.8778121730579563
Average Sheep Distance: 0.3861815102819661
Maximum Sheep Distance: 0.5522204854961809
Elapsed Time: 5m 22s
********** 73 **********
Average Fitness: 0.08133333333333333
Maximum Fitness: 0.2333333333333333
Average Pen Distance: 0.49606735738193103
Maximum Pen Distance: 0.8803819843198081
Average Dog Distance: 0.48689819259257705
Maximum Dog Distance: 0.8778121730579563
Average Sheep Distance: 0.38914584139821295
Maximum Sheep Distance: 0.5522204854961809
Elapsed Time: 5m 19s
********** 74 **********
Average Fitness: 0.08333333333333331
Maximum Fitness: 0.2333333333333333
Average Pen Distance: 0.523238492216301
Maximum Pen Distance: 0.8803819843198081
Average Dog Distance: 0.4753944601615045
Maximum Dog Distance: 0.868190089324949
Average Sheep Distance: 0.39652392793617997
Maximum Sheep Distance: 0.5522204854961809
Elapsed Time: 5m 20s
********** 75 **********
Average Fitness: 0.08599999999999998
Maximum Fitness: 0.2333333333333333
Average Pen Distance: 0.49095144046827727
Maximum Pen Distance: 0.8803819843198081
Average Dog Distance: 0.47762957832968994
Maximum Dog Distance: 0.868190089324949
Average Sheep Distance: 0.3887510450707683
Maximum Sheep Distance: 0.5522204854961809
Elapsed Time: 5m 17s
********** 76 **********
Average Fitness: 0.08599999999999998
Maximum Fitness: 0.23333333333333336
Average Pen Distance: 0.4883725480925268
Maximum Pen Distance: 0.8803819843198081
Average Dog Distance: 0.48677349683724325
Maximum Dog Distance: 0.868190089324949
Average Sheep Distance: 0.38739995099230184
Maximum Sheep Distance: 0.5522204854961809
Elapsed Time: 5m 18s
********** 77 **********
Average Fitness: 0.076
Maximum Fitness: 0.2333333333333333
Average Pen Distance: 0.5247579885981071
Maximum Pen Distance: 0.8803819843198081
Average Dog Distance: 0.46528980775120937
Maximum Dog Distance: 0.8060292377181177
Average Sheep Distance: 0.39301800390198194
Maximum Sheep Distance: 0.5522204854961809
Elapsed Time: 5m 26s
********** 78 **********
Average Fitness: 0.07666666666666665
Maximum Fitness: 0.2333333333333333
Average Pen Distance: 0.5072944215522296
Maximum Pen Distance: 0.8803819843198081
Average Dog Distance: 0.46087838679406234
Maximum Dog Distance: 0.8060292377181177
Average Sheep Distance: 0.38618013366911513
Maximum Sheep Distance: 0.5522204854961809
Elapsed Time: 5m 25s
********** 79 **********
Average Fitness: 0.07933333333333333
Maximum Fitness: 0.2333333333333333
Average Pen Distance: 0.5120577659758755
Maximum Pen Distance: 0.8803819843198081
Average Dog Distance: 0.48846457078033917
Maximum Dog Distance: 0.851302798390428
Average Sheep Distance: 0.39201098211200913
Maximum Sheep Distance: 0.5522204854961809
Elapsed Time: 5m 21s
********** 80 **********
Average Fitness: 0.08366666666666665
Maximum Fitness: 0.3
Average Pen Distance: 0.4992502523339202
Maximum Pen Distance: 0.8803819843198081
Average Dog Distance: 0.4587094752394832
Maximum Dog Distance: 0.851302798390428
Average Sheep Distance: 0.3890225701210552
Maximum Sheep Distance: 0.5522204854961809
Elapsed Time: 5m 18s
********** 81 **********
Average Fitness: 0.079
Maximum Fitness: 0.3
Average Pen Distance: 0.5198285873260947
Maximum Pen Distance: 0.8803819843198081
Average Dog Distance: 0.46475179754462176
Maximum Dog Distance: 0.851302798390428
Average Sheep Distance: 0.3927453481228542
Maximum Sheep Distance: 0.5522204854961809
Elapsed Time: 5m 22s
********** 82 **********
Average Fitness: 0.08166666666666667
Maximum Fitness: 0.3
Average Pen Distance: 0.502487484359815
Maximum Pen Distance: 0.8803819843198081
Average Dog Distance: 0.47764016234961965
Maximum Dog Distance: 0.851302798390428
Average Sheep Distance: 0.38739848876561467
Maximum Sheep Distance: 0.5522204854961809
Elapsed Time: 5m 16s
********** 83 **********
Average Fitness: 0.07433333333333332
Maximum Fitness: 0.3
Average Pen Distance: 0.5094325913384513
Maximum Pen Distance: 0.8803819843198081
Average Dog Distance: 0.45548715207953017
Maximum Dog Distance: 0.851302798390428
Average Sheep Distance: 0.3860436436591806
Maximum Sheep Distance: 0.5522204854961809
Elapsed Time: 5m 24s
********** 84 **********
Average Fitness: 0.08466666666666667
Maximum Fitness: 0.3
Average Pen Distance: 0.498072204002033
Maximum Pen Distance: 0.8803819843198081
Average Dog Distance: 0.4836315335983434
Maximum Dog Distance: 0.851302798390428
Average Sheep Distance: 0.38628207208509396
Maximum Sheep Distance: 0.5522204854961809
Elapsed Time: 5m 19s
********** 85 **********
Average Fitness: 0.08266666666666665
Maximum Fitness: 0.3
Average Pen Distance: 0.5111060531797773
Maximum Pen Distance: 0.8803819843198081
Average Dog Distance: 0.47396088727699726
Maximum Dog Distance: 0.8497953334891584
Average Sheep Distance: 0.38801929073375013
Maximum Sheep Distance: 0.5522204854961809
Elapsed Time: 5m 20s
********** 86 **********
Average Fitness: 0.08099999999999997
Maximum Fitness: 0.3
Average Pen Distance: 0.504681001861844
Maximum Pen Distance: 0.8803819843198081
Average Dog Distance: 0.474637017952773
Maximum Dog Distance: 0.8608051575502563
Average Sheep Distance: 0.3919736231631284
Maximum Sheep Distance: 0.5522204854961809
Elapsed Time: 5m 26s
********** 87 **********
Average Fitness: 0.07800000000000001
Maximum Fitness: 0.3
Average Pen Distance: 0.5026318708563815
Maximum Pen Distance: 0.8803819843198081
Average Dog Distance: 0.4672977846247241
Maximum Dog Distance: 0.885564991834726
Average Sheep Distance: 0.3879476006799647
Maximum Sheep Distance: 0.5522204854961809
Elapsed Time: 5m 20s
********** 88 **********
Average Fitness: 0.08299999999999999
Maximum Fitness: 0.3666666666666667
Average Pen Distance: 0.5193532262926128
Maximum Pen Distance: 0.8803819843198081
Average Dog Distance: 0.4755078711667398
Maximum Dog Distance: 0.8303475555142961
Average Sheep Distance: 0.39114431836947644
Maximum Sheep Distance: 0.5522204854961809
Elapsed Time: 5m 25s
********** 89 **********
Average Fitness: 0.07766666666666666
Maximum Fitness: 0.3333333333333333
Average Pen Distance: 0.515314226432332
Maximum Pen Distance: 0.8803819843198081
Average Dog Distance: 0.467695816894606
Maximum Dog Distance: 0.8303475555142961
Average Sheep Distance: 0.39062600100529016
Maximum Sheep Distance: 0.5522204854961809
Elapsed Time: 5m 25s
********** 90 **********
Average Fitness: 0.08566666666666667
Maximum Fitness: 0.3333333333333333
Average Pen Distance: 0.5099324196356267
Maximum Pen Distance: 0.8803819843198081
Average Dog Distance: 0.4604716648932319
Maximum Dog Distance: 0.8303475555142961
Average Sheep Distance: 0.3907412167571476
Maximum Sheep Distance: 0.5522204854961809
Elapsed Time: 5m 24s
********** 91 **********
Average Fitness: 0.08366666666666665
Maximum Fitness: 0.3333333333333333
Average Pen Distance: 0.5079844415219056
Maximum Pen Distance: 0.8803819843198081
Average Dog Distance: 0.47012184570476756
Maximum Dog Distance: 0.8714613153305741
Average Sheep Distance: 0.3863119922857862
Maximum Sheep Distance: 0.5522204854961809
Elapsed Time: 5m 26s
********** 92 **********
Average Fitness: 0.07733333333333334
Maximum Fitness: 0.3
Average Pen Distance: 0.5203273648417166
Maximum Pen Distance: 0.8803819843198081
Average Dog Distance: 0.4805818683999392
Maximum Dog Distance: 0.8714613153305741
Average Sheep Distance: 0.3918391329011265
Maximum Sheep Distance: 0.5522204854961809
Elapsed Time: 5m 25s
********** 93 **********
Average Fitness: 0.086
Maximum Fitness: 0.3
Average Pen Distance: 0.5220291593080365
Maximum Pen Distance: 0.8803819843198081
Average Dog Distance: 0.48883514591309685
Maximum Dog Distance: 0.8303475555142961
Average Sheep Distance: 0.39588277878025224
Maximum Sheep Distance: 0.5580766096786279
Elapsed Time: 5m 21s
********** 94 **********
Average Fitness: 0.08066666666666665
Maximum Fitness: 0.3
Average Pen Distance: 0.5084251006328868
Maximum Pen Distance: 0.8803819843198081
Average Dog Distance: 0.48115393243985444
Maximum Dog Distance: 0.8303475555142961
Average Sheep Distance: 0.39376530145744837
Maximum Sheep Distance: 0.5580766096786279
Elapsed Time: 5m 14s
********** 95 **********
Average Fitness: 0.07866666666666668
Maximum Fitness: 0.3
Average Pen Distance: 0.5169070181931444
Maximum Pen Distance: 0.8803819843198081
Average Dog Distance: 0.4658063698840557
Maximum Dog Distance: 0.8528810248941235
Average Sheep Distance: 0.39297398198414724
Maximum Sheep Distance: 0.5580766096786279
Elapsed Time: 5m 22s
********** 96 **********
Average Fitness: 0.08100000000000002
Maximum Fitness: 0.3
Average Pen Distance: 0.5267140512716635
Maximum Pen Distance: 0.8803819843198081
Average Dog Distance: 0.4750367411945271
Maximum Dog Distance: 0.8303475555142961
Average Sheep Distance: 0.39077686360947683
Maximum Sheep Distance: 0.5580766096786279
Elapsed Time: 5m 22s
********** 97 **********
Average Fitness: 0.08866666666666666
Maximum Fitness: 0.3
Average Pen Distance: 0.4920034585981128
Maximum Pen Distance: 0.8803819843198081
Average Dog Distance: 0.45695550244515315
Maximum Dog Distance: 0.8395868632113491
Average Sheep Distance: 0.3897021714138468
Maximum Sheep Distance: 0.5580766096786279
Elapsed Time: 5m 19s
********** 98 **********
Average Fitness: 0.08166666666666667
Maximum Fitness: 0.3
Average Pen Distance: 0.5296608462092697
Maximum Pen Distance: 0.8803819843198081
Average Dog Distance: 0.4824060675966733
Maximum Dog Distance: 0.8453862103242568
Average Sheep Distance: 0.39750607166186924
Maximum Sheep Distance: 0.5580766096786279
Elapsed Time: 5m 22s
********** 99 **********
Average Fitness: 0.08633333333333333
Maximum Fitness: 0.3
Average Pen Distance: 0.5038245196913478
Maximum Pen Distance: 0.8803819843198081
Average Dog Distance: 0.4682650935826661
Maximum Dog Distance: 0.8330711574470131
Average Sheep Distance: 0.3866119394989692
Maximum Sheep Distance: 0.5580766096786279
Elapsed Time: 5m 14s
********** 100 **********
Average Fitness: 0.08333333333333334
Maximum Fitness: 0.3
Average Pen Distance: 0.5179523202184542
Maximum Pen Distance: 0.8803819843198081
Average Dog Distance: 0.4834918245861046
Maximum Dog Distance: 0.8588138124474428
Average Sheep Distance: 0.3890680772695795
Maximum Sheep Distance: 0.5580766096786279
Elapsed Time: 5m 19s
********** 1 **********
Average Fitness: 0.07033333333333333
Maximum Fitness: 0.3333333333333333
Average Pen Distance: 0.5307196643990695
Maximum Pen Distance: 0.7627986773411797
Average Dog Distance: 0.5812756109958002
Maximum Dog Distance: 0.8224568884702655
Average Sheep Distance: 0.3603043303767188
Maximum Sheep Distance: 0.44257290242940117
Elapsed Time: 10m 30s
********** 2 **********
Average Fitness: 0.07433333333333333
Maximum Fitness: 0.3333333333333333
Average Pen Distance: 0.519975025663348
Maximum Pen Distance: 0.7627986773411797
Average Dog Distance: 0.5643205305274744
Maximum Dog Distance: 0.8224568884702655
Average Sheep Distance: 0.3637531161386911
Maximum Sheep Distance: 0.4750661405123651
Elapsed Time: 5m 20s
********** 3 **********
Average Fitness: 0.07333333333333333
Maximum Fitness: 0.3333333333333333
Average Pen Distance: 0.5048519137331293
Maximum Pen Distance: 0.7627986773411797
Average Dog Distance: 0.5505377697470769
Maximum Dog Distance: 0.8224568884702655
Average Sheep Distance: 0.3640438470445838
Maximum Sheep Distance: 0.4750661405123651
Elapsed Time: 5m 18s
********** 4 **********
Average Fitness: 0.07766666666666666
Maximum Fitness: 0.3333333333333333
Average Pen Distance: 0.5150862522012837
Maximum Pen Distance: 0.7627986773411797
Average Dog Distance: 0.5473669597079405
Maximum Dog Distance: 0.8224568884702655
Average Sheep Distance: 0.36770856794213286
Maximum Sheep Distance: 0.4750661405123651
Elapsed Time: 5m 16s
********** 5 **********
Average Fitness: 0.08033333333333333
Maximum Fitness: 0.3333333333333333
Average Pen Distance: 0.49645486788216403
Maximum Pen Distance: 0.7627986773411797
Average Dog Distance: 0.5305397083882706
Maximum Dog Distance: 0.8224568884702655
Average Sheep Distance: 0.36558647095156344
Maximum Sheep Distance: 0.4750661405123651
Elapsed Time: 5m 11s
********** 6 **********
Average Fitness: 0.07633333333333332
Maximum Fitness: 0.3333333333333333
Average Pen Distance: 0.5086311764123242
Maximum Pen Distance: 0.8369954515144409
Average Dog Distance: 0.5310544475199621
Maximum Dog Distance: 0.8224568884702655
Average Sheep Distance: 0.3665395224276531
Maximum Sheep Distance: 0.4750661405123651
Elapsed Time: 5m 23s
********** 7 **********
Average Fitness: 0.06899999999999999
Maximum Fitness: 0.3333333333333333
Average Pen Distance: 0.5186494113022512
Maximum Pen Distance: 0.8369954515144409
Average Dog Distance: 0.49817188739232826
Maximum Dog Distance: 0.8224568884702655
Average Sheep Distance: 0.37595479833281326
Maximum Sheep Distance: 0.5350676018920867
Elapsed Time: 5m 16s
********** 8 **********
Average Fitness: 0.077
Maximum Fitness: 0.3333333333333333
Average Pen Distance: 0.48495709732675985
Maximum Pen Distance: 0.8369954515144409
Average Dog Distance: 0.5148975947046199
Maximum Dog Distance: 0.8224568884702655
Average Sheep Distance: 0.37622129683798766
Maximum Sheep Distance: 0.5350676018920867
Elapsed Time: 5m 27s
********** 9 **********
Average Fitness: 0.07733333333333334
Maximum Fitness: 0.3333333333333333
Average Pen Distance: 0.5235185518597778
Maximum Pen Distance: 0.8369954515144409
Average Dog Distance: 0.5116962546038806
Maximum Dog Distance: 0.8224568884702655
Average Sheep Distance: 0.3779438660782594
Maximum Sheep Distance: 0.5350676018920867
Elapsed Time: 5m 17s
********** 10 **********
Average Fitness: 0.07799999999999999
Maximum Fitness: 0.3333333333333333
Average Pen Distance: 0.4931673342614416
Maximum Pen Distance: 0.8369954515144409
Average Dog Distance: 0.5413567831927242
Maximum Dog Distance: 0.8224568884702655
Average Sheep Distance: 0.3679649190936341
Maximum Sheep Distance: 0.5350676018920867
Elapsed Time: 5m 20s
********** 11 **********
Average Fitness: 0.07733333333333332
Maximum Fitness: 0.3333333333333333
Average Pen Distance: 0.500837733462911
Maximum Pen Distance: 0.8369954515144409
Average Dog Distance: 0.5100244608454134
Maximum Dog Distance: 0.8501636871663033
Average Sheep Distance: 0.3725309233668856
Maximum Sheep Distance: 0.5350676018920867
Elapsed Time: 5m 15s
********** 12 **********
Average Fitness: 0.07266666666666666
Maximum Fitness: 0.3333333333333333
Average Pen Distance: 0.5058140597683188
Maximum Pen Distance: 0.8373119368367558
Average Dog Distance: 0.5225560658729304
Maximum Dog Distance: 0.8501636871663033
Average Sheep Distance: 0.3705097290065799
Maximum Sheep Distance: 0.5350676018920867
Elapsed Time: 5m 17s
********** 13 **********
Average Fitness: 0.07633333333333331
Maximum Fitness: 0.3333333333333333
Average Pen Distance: 0.5139280733146333
Maximum Pen Distance: 0.8373119368367558
Average Dog Distance: 0.5113255713469579
Maximum Dog Distance: 0.8501636871663033
Average Sheep Distance: 0.36787597568410824
Maximum Sheep Distance: 0.5350676018920867
Elapsed Time: 5m 17s
********** 14 **********
Average Fitness: 0.08166666666666667
Maximum Fitness: 0.3333333333333333
Average Pen Distance: 0.49613557531118113
Maximum Pen Distance: 0.8373119368367558
Average Dog Distance: 0.5312379980069184
Maximum Dog Distance: 0.8501636871663033
Average Sheep Distance: 0.3666964882908573
Maximum Sheep Distance: 0.5392563179090929
Elapsed Time: 5m 27s
********** 15 **********
Average Fitness: 0.08066666666666666
Maximum Fitness: 0.3333333333333333
Average Pen Distance: 0.4983859657152999
Maximum Pen Distance: 0.8373119368367558
Average Dog Distance: 0.5223324848666324
Maximum Dog Distance: 0.8495910895008048
Average Sheep Distance: 0.37201129636721597
Maximum Sheep Distance: 0.5392563179090929
Elapsed Time: 5m 12s
********** 16 **********
Average Fitness: 0.07566666666666666
Maximum Fitness: 0.3333333333333333
Average Pen Distance: 0.5151951734583112
Maximum Pen Distance: 0.8373119368367558
Average Dog Distance: 0.5286295362304597
Maximum Dog Distance: 0.8495910895008048
Average Sheep Distance: 0.3715051468785795
Maximum Sheep Distance: 0.5392563179090929
Elapsed Time: 5m 15s
********** 17 **********
Average Fitness: 0.08066666666666666
Maximum Fitness: 0.3333333333333333
Average Pen Distance: 0.5009297134714045
Maximum Pen Distance: 0.8373119368367558
Average Dog Distance: 0.5244074519829419
Maximum Dog Distance: 0.8495910895008048
Average Sheep Distance: 0.3665439250060916
Maximum Sheep Distance: 0.5392563179090929
Elapsed Time: 5m 16s
********** 18 **********
Average Fitness: 0.07766666666666666
Maximum Fitness: 0.3333333333333333
Average Pen Distance: 0.5072050557169736
Maximum Pen Distance: 0.8373119368367558
Average Dog Distance: 0.5119074850760966
Maximum Dog Distance: 0.8495910895008048
Average Sheep Distance: 0.3693780908626894
Maximum Sheep Distance: 0.5392563179090929
Elapsed Time: 5m 21s
********** 19 **********
Average Fitness: 0.07966666666666666
Maximum Fitness: 0.3333333333333333
Average Pen Distance: 0.5200362006969386
Maximum Pen Distance: 0.8373119368367558
Average Dog Distance: 0.51265611189265
Maximum Dog Distance: 0.8495910895008048
Average Sheep Distance: 0.37166718908255064
Maximum Sheep Distance: 0.5392563179090929
Elapsed Time: 5m 22s
********** 20 **********
Average Fitness: 0.086
Maximum Fitness: 0.3333333333333333
Average Pen Distance: 0.49179507342845336
Maximum Pen Distance: 0.8373119368367558
Average Dog Distance: 0.5211657526143201
Maximum Dog Distance: 0.8495910895008048
Average Sheep Distance: 0.3671156000667126
Maximum Sheep Distance: 0.5392563179090929
Elapsed Time: 5m 21s
********** 21 **********
Average Fitness: 0.07866666666666666
Maximum Fitness: 0.3333333333333333
Average Pen Distance: 0.5126919312226693
Maximum Pen Distance: 0.8373119368367558
Average Dog Distance: 0.5156198330131029
Maximum Dog Distance: 0.8619081341711041
Average Sheep Distance: 0.37290455299930414
Maximum Sheep Distance: 0.5392563179090929
Elapsed Time: 5m 14s
********** 22 **********
Average Fitness: 0.07933333333333333
Maximum Fitness: 0.26666666666666666
Average Pen Distance: 0.5038280705090239
Maximum Pen Distance: 0.8373119368367558
Average Dog Distance: 0.519073284113286
Maximum Dog Distance: 0.8626233601154012
Average Sheep Distance: 0.3730945715867644
Maximum Sheep Distance: 0.5392563179090929
Elapsed Time: 5m 14s
********** 23 **********
Average Fitness: 0.08133333333333333
Maximum Fitness: 0.26666666666666666
Average Pen Distance: 0.49498181554832316
Maximum Pen Distance: 0.8373119368367558
Average Dog Distance: 0.5123890090392514
Maximum Dog Distance: 0.8626233601154012
Average Sheep Distance: 0.3684812291464318
Maximum Sheep Distance: 0.5392563179090929
Elapsed Time: 5m 19s
********** 24 **********
Average Fitness: 0.08166666666666667
Maximum Fitness: 0.26666666666666666
Average Pen Distance: 0.5202808243053414
Maximum Pen Distance: 0.8373119368367558
Average Dog Distance: 0.5105514075084903
Maximum Dog Distance: 0.8619081341711041
Average Sheep Distance: 0.3731551991741368
Maximum Sheep Distance: 0.5392563179090929
Elapsed Time: 5m 18s
********** 25 **********
Average Fitness: 0.08699999999999998
Maximum Fitness: 0.3
Average Pen Distance: 0.5096831404492665
Maximum Pen Distance: 0.8373119368367558
Average Dog Distance: 0.5168821003942657
Maximum Dog Distance: 0.8619081341711041
Average Sheep Distance: 0.3747723828724554
Maximum Sheep Distance: 0.5392563179090929
Elapsed Time: 5m 14s
********** 26 **********
Average Fitness: 0.08466666666666665
Maximum Fitness: 0.26666666666666666
Average Pen Distance: 0.5068747773536785
Maximum Pen Distance: 0.8373119368367558
Average Dog Distance: 0.5311413926148612
Maximum Dog Distance: 0.8619081341711041
Average Sheep Distance: 0.37643752930667956
Maximum Sheep Distance: 0.5392563179090929
Elapsed Time: 5m 19s
********** 27 **********
Average Fitness: 0.08366666666666665
Maximum Fitness: 0.26666666666666666
Average Pen Distance: 0.5142171328811509
Maximum Pen Distance: 0.8373119368367558
Average Dog Distance: 0.5186121889847738
Maximum Dog Distance: 0.8614208326414038
Average Sheep Distance: 0.3764076779770332
Maximum Sheep Distance: 0.5392563179090929
Elapsed Time: 5m 15s
********** 28 **********
Average Fitness: 0.08366666666666665
Maximum Fitness: 0.30000000000000004
Average Pen Distance: 0.5113795296462605
Maximum Pen Distance: 0.8373119368367558
Average Dog Distance: 0.5135162335128558
Maximum Dog Distance: 0.8614208326414038
Average Sheep Distance: 0.37446952712981485
Maximum Sheep Distance: 0.5392563179090929
Elapsed Time: 5m 20s
********** 29 **********
Average Fitness: 0.09300000000000001
Maximum Fitness: 0.30000000000000004
Average Pen Distance: 0.5072862286286273
Maximum Pen Distance: 0.8373119368367558
Average Dog Distance: 0.5174893069687542
Maximum Dog Distance: 0.8701741442495962
Average Sheep Distance: 0.3777248381396911
Maximum Sheep Distance: 0.5392563179090929
Elapsed Time: 5m 16s
********** 30 **********
Average Fitness: 0.09466666666666666
Maximum Fitness: 0.30000000000000004
Average Pen Distance: 0.49618014259410687
Maximum Pen Distance: 0.8373119368367558
Average Dog Distance: 0.5049561523294335
Maximum Dog Distance: 0.8701741442495962
Average Sheep Distance: 0.3693964312679709
Maximum Sheep Distance: 0.5392563179090929
Elapsed Time: 5m 15s
********** 31 **********
Average Fitness: 0.08666666666666664
Maximum Fitness: 0.3
Average Pen Distance: 0.49932837258834056
Maximum Pen Distance: 0.8373119368367558
Average Dog Distance: 0.509526608470123
Maximum Dog Distance: 0.8701741442495962
Average Sheep Distance: 0.37662906127013507
Maximum Sheep Distance: 0.5392563179090929
Elapsed Time: 5m 20s
********** 32 **********
Average Fitness: 0.08333333333333331
Maximum Fitness: 0.26666666666666666
Average Pen Distance: 0.5014677778589056
Maximum Pen Distance: 0.8373119368367558
Average Dog Distance: 0.5085165117663015
Maximum Dog Distance: 0.8701741442495962
Average Sheep Distance: 0.3734222240377524
Maximum Sheep Distance: 0.5392563179090929
Elapsed Time: 5m 26s
********** 33 **********
Average Fitness: 0.08033333333333333
Maximum Fitness: 0.26666666666666666
Average Pen Distance: 0.49914719234432875
Maximum Pen Distance: 0.8409956578260469
Average Dog Distance: 0.5094368147546775
Maximum Dog Distance: 0.8701741442495962
Average Sheep Distance: 0.37058789165234257
Maximum Sheep Distance: 0.5392563179090929
Elapsed Time: 5m 16s
********** 34 **********
Average Fitness: 0.08266666666666665
Maximum Fitness: 0.26666666666666666
Average Pen Distance: 0.5233417432874145
Maximum Pen Distance: 0.8409956578260469
Average Dog Distance: 0.5016281799215455
Maximum Dog Distance: 0.8635829964994909
Average Sheep Distance: 0.37781072189542597
Maximum Sheep Distance: 0.5392563179090929
Elapsed Time: 5m 24s
********** 35 **********
Average Fitness: 0.08499999999999998
Maximum Fitness: 0.26666666666666666
Average Pen Distance: 0.5087649597227669
Maximum Pen Distance: 0.8409956578260469
Average Dog Distance: 0.5016323393325937
Maximum Dog Distance: 0.8635829964994909
Average Sheep Distance: 0.3709047422979442
Maximum Sheep Distance: 0.5392563179090929
Elapsed Time: 5m 14s
********** 36 **********
Average Fitness: 0.08666666666666664
Maximum Fitness: 0.26666666666666666
Average Pen Distance: 0.5092235843244247
Maximum Pen Distance: 0.8409956578260469
Average Dog Distance: 0.4971927246836661
Maximum Dog Distance: 0.8635829964994909
Average Sheep Distance: 0.37511306510363396
Maximum Sheep Distance: 0.5392563179090929
Elapsed Time: 5m 17s
********** 37 **********
Average Fitness: 0.08866666666666666
Maximum Fitness: 0.26666666666666666
Average Pen Distance: 0.5067009704436646
Maximum Pen Distance: 0.8409956578260469
Average Dog Distance: 0.5033014294544573
Maximum Dog Distance: 0.8763214389237158
Average Sheep Distance: 0.3727230786834406
Maximum Sheep Distance: 0.5392563179090929
Elapsed Time: 5m 20s
********** 38 **********
Average Fitness: 0.08466666666666665
Maximum Fitness: 0.26666666666666666
Average Pen Distance: 0.5255988851097623
Maximum Pen Distance: 0.8409956578260469
Average Dog Distance: 0.5052560025473553
Maximum Dog Distance: 0.8763214389237158
Average Sheep Distance: 0.3766971148719389
Maximum Sheep Distance: 0.5392563179090929
Elapsed Time: 5m 17s
********** 39 **********
Average Fitness: 0.08633333333333333
Maximum Fitness: 0.26666666666666666
Average Pen Distance: 0.5208285615802358
Maximum Pen Distance: 0.8409956578260469
Average Dog Distance: 0.5017052910941652
Maximum Dog Distance: 0.8763214389237158
Average Sheep Distance: 0.37667485875348733
Maximum Sheep Distance: 0.5392563179090929
Elapsed Time: 5m 28s
********** 40 **********
Average Fitness: 0.08633333333333333
Maximum Fitness: 0.26666666666666666
Average Pen Distance: 0.5334051741826235
Maximum Pen Distance: 0.8409956578260469
Average Dog Distance: 0.5028880513151678
Maximum Dog Distance: 0.8763214389237158
Average Sheep Distance: 0.3799726585483335
Maximum Sheep Distance: 0.5392563179090929
Elapsed Time: 5m 16s
********** 41 **********
Average Fitness: 0.09133333333333332
Maximum Fitness: 0.3
Average Pen Distance: 0.517158731577278
Maximum Pen Distance: 0.8409956578260469
Average Dog Distance: 0.5119252996242372
Maximum Dog Distance: 0.8763214389237158
Average Sheep Distance: 0.38164691421722435
Maximum Sheep Distance: 0.5392563179090929
Elapsed Time: 5m 17s
********** 42 **********
Average Fitness: 0.09033333333333332
Maximum Fitness: 0.3
Average Pen Distance: 0.5210893211771854
Maximum Pen Distance: 0.8409956578260469
Average Dog Distance: 0.5064401391397655
Maximum Dog Distance: 0.8763214389237158
Average Sheep Distance: 0.37639284499058673
Maximum Sheep Distance: 0.5392563179090929
Elapsed Time: 5m 16s
********** 43 **********
Average Fitness: 0.09266666666666666
Maximum Fitness: 0.3
Average Pen Distance: 0.5500233634873783
Maximum Pen Distance: 0.8409956578260469
Average Dog Distance: 0.5179075420798407
Maximum Dog Distance: 0.8776428617578841
Average Sheep Distance: 0.37106053321065685
Maximum Sheep Distance: 0.5392563179090929
Elapsed Time: 5m 21s
********** 44 **********
Average Fitness: 0.09566666666666666
Maximum Fitness: 0.3
Average Pen Distance: 0.5085306267749187
Maximum Pen Distance: 0.8409956578260469
Average Dog Distance: 0.5115143739076106
Maximum Dog Distance: 0.8776428617578841
Average Sheep Distance: 0.3687806755666693
Maximum Sheep Distance: 0.5392563179090929
Elapsed Time: 5m 14s
********** 45 **********
Average Fitness: 0.09399999999999999
Maximum Fitness: 0.3
Average Pen Distance: 0.524262343748194
Maximum Pen Distance: 0.8490225062072306
Average Dog Distance: 0.5231679543074474
Maximum Dog Distance: 0.8776428617578841
Average Sheep Distance: 0.3710292638954887
Maximum Sheep Distance: 0.5392563179090929
Elapsed Time: 5m 27s
********** 46 **********
Average Fitness: 0.09333333333333332
Maximum Fitness: 0.26666666666666666
Average Pen Distance: 0.5276295467620223
Maximum Pen Distance: 0.8490225062072306
Average Dog Distance: 0.502287917294488
Maximum Dog Distance: 0.8776428617578841
Average Sheep Distance: 0.37196845635347264
Maximum Sheep Distance: 0.5392563179090929
Elapsed Time: 5m 20s
********** 47 **********
Average Fitness: 0.08633333333333333
Maximum Fitness: 0.26666666666666666
Average Pen Distance: 0.5345118386070977
Maximum Pen Distance: 0.8409956578260469
Average Dog Distance: 0.499905788720461
Maximum Dog Distance: 0.8763214389237158
Average Sheep Distance: 0.3747525870885157
Maximum Sheep Distance: 0.5392563179090929
Elapsed Time: 5m 19s
********** 48 **********
Average Fitness: 0.09466666666666666
Maximum Fitness: 0.30000000000000004
Average Pen Distance: 0.5106352331880264
Maximum Pen Distance: 0.8084877353519149
Average Dog Distance: 0.5081342015178767
Maximum Dog Distance: 0.8763214389237158
Average Sheep Distance: 0.3663159768444767
Maximum Sheep Distance: 0.5392563179090929
Elapsed Time: 5m 25s
********** 49 **********
Average Fitness: 0.09399999999999999
Maximum Fitness: 0.30000000000000004
Average Pen Distance: 0.5361711265834069
Maximum Pen Distance: 0.8084877353519149
Average Dog Distance: 0.5105120396608832
Maximum Dog Distance: 0.8763214389237158
Average Sheep Distance: 0.3710303658569667
Maximum Sheep Distance: 0.5392563179090929
Elapsed Time: 5m 19s
********** 50 **********
Average Fitness: 0.09966666666666667
Maximum Fitness: 0.30000000000000004
Average Pen Distance: 0.5144998177034013
Maximum Pen Distance: 0.8084877353519149
Average Dog Distance: 0.5288936119351613
Maximum Dog Distance: 0.8763214389237158
Average Sheep Distance: 0.36735258009078764
Maximum Sheep Distance: 0.5392563179090929
Elapsed Time: 5m 15s
********** 51 **********
Average Fitness: 0.09433333333333332
Maximum Fitness: 0.30000000000000004
Average Pen Distance: 0.5257368708575715
Maximum Pen Distance: 0.8084877353519149
Average Dog Distance: 0.5044794185451789
Maximum Dog Distance: 0.8763214389237158
Average Sheep Distance: 0.37348543312597554
Maximum Sheep Distance: 0.5392563179090929
Elapsed Time: 5m 21s
********** 52 **********
Average Fitness: 0.09566666666666665
Maximum Fitness: 0.30000000000000004
Average Pen Distance: 0.5198584027581484
Maximum Pen Distance: 0.8084877353519149
Average Dog Distance: 0.5056860313420208
Maximum Dog Distance: 0.8763214389237158
Average Sheep Distance: 0.37017408489121967
Maximum Sheep Distance: 0.5392563179090929
Elapsed Time: 5m 19s
********** 53 **********
Average Fitness: 0.09033333333333333
Maximum Fitness: 0.30000000000000004
Average Pen Distance: 0.5217000344722763
Maximum Pen Distance: 0.8084877353519149
Average Dog Distance: 0.48538455445725404
Maximum Dog Distance: 0.870713581968131
Average Sheep Distance: 0.3763891853642105
Maximum Sheep Distance: 0.5392563179090929
Elapsed Time: 5m 25s
********** 54 **********
Average Fitness: 0.09499999999999999
Maximum Fitness: 0.3333333333333333
Average Pen Distance: 0.5366585152543718
Maximum Pen Distance: 0.8084877353519149
Average Dog Distance: 0.49214189350898246
Maximum Dog Distance: 0.870713581968131
Average Sheep Distance: 0.3756502599746019
Maximum Sheep Distance: 0.5392563179090929
Elapsed Time: 5m 17s
********** 55 **********
Average Fitness: 0.09633333333333333
Maximum Fitness: 0.3333333333333333
Average Pen Distance: 0.5206707991300822
Maximum Pen Distance: 0.8084877353519149
Average Dog Distance: 0.5072129080212562
Maximum Dog Distance: 0.870713581968131
Average Sheep Distance: 0.37458825429228654
Maximum Sheep Distance: 0.5392563179090929
Elapsed Time: 5m 17s
********** 56 **********
Average Fitness: 0.08899999999999998
Maximum Fitness: 0.3333333333333333
Average Pen Distance: 0.5212923689144264
Maximum Pen Distance: 0.8084877353519149
Average Dog Distance: 0.4904501285230477
Maximum Dog Distance: 0.870713581968131
Average Sheep Distance: 0.36778474803422107
Maximum Sheep Distance: 0.5392563179090929
Elapsed Time: 5m 18s
********** 57 **********
Average Fitness: 0.09299999999999999
Maximum Fitness: 0.3333333333333333
Average Pen Distance: 0.53875715802355
Maximum Pen Distance: 0.8110790400615847
Average Dog Distance: 0.5055860734169557
Maximum Dog Distance: 0.870713581968131
Average Sheep Distance: 0.3744536964337353
Maximum Sheep Distance: 0.5392563179090929
Elapsed Time: 5m 26s
********** 58 **********
Average Fitness: 0.08966666666666667
Maximum Fitness: 0.26666666666666666
Average Pen Distance: 0.5300422377767195
Maximum Pen Distance: 0.8110790400615847
Average Dog Distance: 0.4752860187272521
Maximum Dog Distance: 0.870713581968131
Average Sheep Distance: 0.3739469346949155
Maximum Sheep Distance: 0.5392563179090929
Elapsed Time: 5m 15s
********** 59 **********
Average Fitness: 0.09133333333333332
Maximum Fitness: 0.26666666666666666
Average Pen Distance: 0.5338380989088598
Maximum Pen Distance: 0.8110790400615847
Average Dog Distance: 0.5130794462602979
Maximum Dog Distance: 0.870713581968131
Average Sheep Distance: 0.3728045464999887
Maximum Sheep Distance: 0.5392563179090929
Elapsed Time: 5m 15s
********** 60 **********
Average Fitness: 0.09366666666666668
Maximum Fitness: 0.26666666666666666
Average Pen Distance: 0.5342042292961223
Maximum Pen Distance: 0.8412118562323733
Average Dog Distance: 0.48648279640506076
Maximum Dog Distance: 0.870713581968131
Average Sheep Distance: 0.3673574026546194
Maximum Sheep Distance: 0.5392563179090929
Elapsed Time: 5m 15s
********** 61 **********
Average Fitness: 0.09666666666666664
Maximum Fitness: 0.26666666666666666
Average Pen Distance: 0.5234534982078097
Maximum Pen Distance: 0.8376774328168617
Average Dog Distance: 0.4988236857081674
Maximum Dog Distance: 0.870713581968131
Average Sheep Distance: 0.3699315478743637
Maximum Sheep Distance: 0.5392563179090929
Elapsed Time: 5m 24s
********** 62 **********
Average Fitness: 0.09499999999999999
Maximum Fitness: 0.26666666666666666
Average Pen Distance: 0.5493660341871817
Maximum Pen Distance: 0.8376774328168617
Average Dog Distance: 0.5079365160837479
Maximum Dog Distance: 0.870713581968131
Average Sheep Distance: 0.37553640487833684
Maximum Sheep Distance: 0.5392563179090929
Elapsed Time: 5m 21s
********** 63 **********
Average Fitness: 0.09666666666666666
Maximum Fitness: 0.26666666666666666
Average Pen Distance: 0.5075392486312552
Maximum Pen Distance: 0.8420117109502582
Average Dog Distance: 0.4965298172582912
Maximum Dog Distance: 0.870713581968131
Average Sheep Distance: 0.3773049487421911
Maximum Sheep Distance: 0.5392563179090929
Elapsed Time: 5m 20s
********** 64 **********
Average Fitness: 0.08499999999999998
Maximum Fitness: 0.26666666666666666
Average Pen Distance: 0.526225090699106
Maximum Pen Distance: 0.8420117109502582
Average Dog Distance: 0.490273247601438
Maximum Dog Distance: 0.870713581968131
Average Sheep Distance: 0.37793689147823395
Maximum Sheep Distance: 0.5392563179090929
Elapsed Time: 5m 22s
********** 65 **********
Average Fitness: 0.09033333333333333
Maximum Fitness: 0.26666666666666666
Average Pen Distance: 0.5212075387597642
Maximum Pen Distance: 0.8420117109502582
Average Dog Distance: 0.5049439621707947
Maximum Dog Distance: 0.870713581968131
Average Sheep Distance: 0.3756231931642816
Maximum Sheep Distance: 0.5392563179090929
Elapsed Time: 5m 18s
********** 66 **********
Average Fitness: 0.09099999999999998
Maximum Fitness: 0.26666666666666666
Average Pen Distance: 0.5210627892644599
Maximum Pen Distance: 0.8420117109502582
Average Dog Distance: 0.5147958176028936
Maximum Dog Distance: 0.8696636248602001
Average Sheep Distance: 0.3696736607641077
Maximum Sheep Distance: 0.5392563179090929
Elapsed Time: 5m 15s
********** 67 **********
Average Fitness: 0.09066666666666665
Maximum Fitness: 0.26666666666666666
Average Pen Distance: 0.5288177678700827
Maximum Pen Distance: 0.8420117109502582
Average Dog Distance: 0.4903963901676021
Maximum Dog Distance: 0.8696636248602001
Average Sheep Distance: 0.3714929868694622
Maximum Sheep Distance: 0.5392563179090929
Elapsed Time: 5m 23s
********** 68 **********
Average Fitness: 0.088
Maximum Fitness: 0.26666666666666666
Average Pen Distance: 0.5318277598595018
Maximum Pen Distance: 0.8420117109502582
Average Dog Distance: 0.49928317634667235
Maximum Dog Distance: 0.8748356128533397
Average Sheep Distance: 0.38128965880352345
Maximum Sheep Distance: 0.5392563179090929
Elapsed Time: 5m 23s
********** 69 **********
Average Fitness: 0.08533333333333332
Maximum Fitness: 0.3666666666666667
Average Pen Distance: 0.5270077650982299
Maximum Pen Distance: 0.8420117109502582
Average Dog Distance: 0.4866476901041987
Maximum Dog Distance: 0.8696636248602001
Average Sheep Distance: 0.37625107534872654
Maximum Sheep Distance: 0.5392563179090929
Elapsed Time: 5m 17s
********** 70 **********
Average Fitness: 0.085
Maximum Fitness: 0.3666666666666667
Average Pen Distance: 0.5435194242546617
Maximum Pen Distance: 0.8420117109502582
Average Dog Distance: 0.5033201578142246
Maximum Dog Distance: 0.8696636248602001
Average Sheep Distance: 0.38042397849150156
Maximum Sheep Distance: 0.5392563179090929
Elapsed Time: 5m 13s
********** 71 **********
Average Fitness: 0.08966666666666664
Maximum Fitness: 0.26666666666666666
Average Pen Distance: 0.5055094694301622
Maximum Pen Distance: 0.8420117109502582
Average Dog Distance: 0.49718315623152454
Maximum Dog Distance: 0.8696636248602001
Average Sheep Distance: 0.37608014963535114
Maximum Sheep Distance: 0.5392563179090929
Elapsed Time: 5m 14s
********** 72 **********
Average Fitness: 0.08666666666666664
Maximum Fitness: 0.26666666666666666
Average Pen Distance: 0.5288577749477518
Maximum Pen Distance: 0.8420117109502582
Average Dog Distance: 0.5123165175787117
Maximum Dog Distance: 0.8718863399281537
Average Sheep Distance: 0.38047552528813805
Maximum Sheep Distance: 0.5392563179090929
Elapsed Time: 5m 17s
********** 73 **********
Average Fitness: 0.09033333333333332
Maximum Fitness: 0.26666666666666666
Average Pen Distance: 0.5230690842696
Maximum Pen Distance: 0.8420117109502582
Average Dog Distance: 0.5021526497357592
Maximum Dog Distance: 0.8929460570641555
Average Sheep Distance: 0.3765017377575068
Maximum Sheep Distance: 0.5392563179090929
Elapsed Time: 5m 18s
********** 74 **********
Average Fitness: 0.08899999999999998
Maximum Fitness: 0.26666666666666666
Average Pen Distance: 0.5157523928698803
Maximum Pen Distance: 0.8420117109502582
Average Dog Distance: 0.4908710656661672
Maximum Dog Distance: 0.8696636248602001
Average Sheep Distance: 0.3778327574635987
Maximum Sheep Distance: 0.5392563179090929
Elapsed Time: 5m 21s
********** 75 **********
Average Fitness: 0.09066666666666665
Maximum Fitness: 0.26666666666666666
Average Pen Distance: 0.5392815942040396
Maximum Pen Distance: 0.8420117109502582
Average Dog Distance: 0.5114020653767796
Maximum Dog Distance: 0.9159366212788375
Average Sheep Distance: 0.3815614342891442
Maximum Sheep Distance: 0.5392563179090929
Elapsed Time: 5m 22s
********** 76 **********
Average Fitness: 0.08699999999999998
Maximum Fitness: 0.26666666666666666
Average Pen Distance: 0.5227029395517341
Maximum Pen Distance: 0.8420117109502582
Average Dog Distance: 0.4883221392735882
Maximum Dog Distance: 0.9159366212788375
Average Sheep Distance: 0.377935843143987
Maximum Sheep Distance: 0.5392563179090929
Elapsed Time: 5m 17s
********** 77 **********
Average Fitness: 0.09299999999999999
Maximum Fitness: 0.26666666666666666
Average Pen Distance: 0.5256502733603571
Maximum Pen Distance: 0.8420117109502582
Average Dog Distance: 0.5217988755280154
Maximum Dog Distance: 0.9159366212788375
Average Sheep Distance: 0.37342576938371463
Maximum Sheep Distance: 0.5392563179090929
Elapsed Time: 5m 20s
********** 78 **********
Average Fitness: 0.09233333333333331
Maximum Fitness: 0.26666666666666666
Average Pen Distance: 0.5053438828077197
Maximum Pen Distance: 0.8420117109502582
Average Dog Distance: 0.5112706320417714
Maximum Dog Distance: 0.9159366212788375
Average Sheep Distance: 0.3744976032700001
Maximum Sheep Distance: 0.5392563179090929
Elapsed Time: 5m 19s
********** 79 **********
Average Fitness: 0.086
Maximum Fitness: 0.26666666666666666
Average Pen Distance: 0.52577982550406
Maximum Pen Distance: 0.8420117109502582
Average Dog Distance: 0.5097168661250862
Maximum Dog Distance: 0.9159366212788375
Average Sheep Distance: 0.3780030736983136
Maximum Sheep Distance: 0.5392563179090929
Elapsed Time: 5m 17s
********** 80 **********
Average Fitness: 0.09466666666666665
Maximum Fitness: 0.26666666666666666
Average Pen Distance: 0.5023994640057868
Maximum Pen Distance: 0.8420117109502582
Average Dog Distance: 0.5180724692731934
Maximum Dog Distance: 0.9159366212788375
Average Sheep Distance: 0.37407740826427227
Maximum Sheep Distance: 0.5392563179090929
Elapsed Time: 5m 17s
********** 81 **********
Average Fitness: 0.09066666666666665
Maximum Fitness: 0.26666666666666666
Average Pen Distance: 0.5182437838563783
Maximum Pen Distance: 0.8420117109502582
Average Dog Distance: 0.5175036214068849
Maximum Dog Distance: 0.9159366212788375
Average Sheep Distance: 0.37593391272295335
Maximum Sheep Distance: 0.5392563179090929
Elapsed Time: 5m 13s
********** 82 **********
Average Fitness: 0.08433333333333333
Maximum Fitness: 0.26666666666666666
Average Pen Distance: 0.5310291094088633
Maximum Pen Distance: 0.8473435697454894
Average Dog Distance: 0.5061538946638044
Maximum Dog Distance: 0.9159366212788375
Average Sheep Distance: 0.380265852496261
Maximum Sheep Distance: 0.5392563179090929
Elapsed Time: 5m 15s
********** 83 **********
Average Fitness: 0.08933333333333333
Maximum Fitness: 0.26666666666666666
Average Pen Distance: 0.5065974444389479
Maximum Pen Distance: 0.8473435697454894
Average Dog Distance: 0.5267287483280573
Maximum Dog Distance: 0.9159366212788375
Average Sheep Distance: 0.3746541565625253
Maximum Sheep Distance: 0.5392563179090929
Elapsed Time: 5m 15s
********** 84 **********
Average Fitness: 0.08633333333333332
Maximum Fitness: 0.26666666666666666
Average Pen Distance: 0.5174608037864697
Maximum Pen Distance: 0.8473435697454894
Average Dog Distance: 0.512092220544828
Maximum Dog Distance: 0.9159366212788375
Average Sheep Distance: 0.38078350216317963
Maximum Sheep Distance: 0.5392563179090929
Elapsed Time: 5m 14s
********** 85 **********
Average Fitness: 0.08133333333333333
Maximum Fitness: 0.26666666666666666
Average Pen Distance: 0.5224226768926514
Maximum Pen Distance: 0.8473435697454894
Average Dog Distance: 0.5274457271847686
Maximum Dog Distance: 0.9159366212788375
Average Sheep Distance: 0.3787590334294888
Maximum Sheep Distance: 0.5392563179090929
Elapsed Time: 5m 15s
********** 86 **********
Average Fitness: 0.08266666666666665
Maximum Fitness: 0.26666666666666666
Average Pen Distance: 0.5125606957316508
Maximum Pen Distance: 0.8473435697454894
Average Dog Distance: 0.5081880600566772
Maximum Dog Distance: 0.9159366212788375
Average Sheep Distance: 0.3848495197654651
Maximum Sheep Distance: 0.5392563179090929
Elapsed Time: 5m 24s
********** 87 **********
Average Fitness: 0.079
Maximum Fitness: 0.26666666666666666
Average Pen Distance: 0.5377736629699169
Maximum Pen Distance: 0.8473435697454894
Average Dog Distance: 0.49926623456345465
Maximum Dog Distance: 0.9159366212788375
Average Sheep Distance: 0.3847699800403283
Maximum Sheep Distance: 0.5392563179090929
Elapsed Time: 5m 15s
********** 88 **********
Average Fitness: 0.085
Maximum Fitness: 0.26666666666666666
Average Pen Distance: 0.5151186748786966
Maximum Pen Distance: 0.8473435697454894
Average Dog Distance: 0.520652952675396
Maximum Dog Distance: 0.9159366212788375
Average Sheep Distance: 0.3753396612198777
Maximum Sheep Distance: 0.5392563179090929
Elapsed Time: 5m 23s
********** 89 **********
Average Fitness: 0.08866666666666666
Maximum Fitness: 0.3333333333333333
Average Pen Distance: 0.5068845164934447
Maximum Pen Distance: 0.8473435697454894
Average Dog Distance: 0.505008482399363
Maximum Dog Distance: 0.8594333348967322
Average Sheep Distance: 0.3840555388155852
Maximum Sheep Distance: 0.5392563179090929
Elapsed Time: 5m 21s
********** 90 **********
Average Fitness: 0.08866666666666666
Maximum Fitness: 0.26666666666666666
Average Pen Distance: 0.5170561998355064
Maximum Pen Distance: 0.8473435697454894
Average Dog Distance: 0.5153027469437448
Maximum Dog Distance: 0.8594333348967322
Average Sheep Distance: 0.3847848227388952
Maximum Sheep Distance: 0.5392563179090929
Elapsed Time: 5m 24s
********** 91 **********
Average Fitness: 0.08833333333333332
Maximum Fitness: 0.26666666666666666
Average Pen Distance: 0.5065288286080353
Maximum Pen Distance: 0.8473435697454894
Average Dog Distance: 0.5142621633537819
Maximum Dog Distance: 0.8594333348967322
Average Sheep Distance: 0.38479814777949917
Maximum Sheep Distance: 0.5392563179090929
Elapsed Time: 5m 19s
********** 92 **********
Average Fitness: 0.08399999999999999
Maximum Fitness: 0.26666666666666666
Average Pen Distance: 0.5221996946108156
Maximum Pen Distance: 0.8473435697454894
Average Dog Distance: 0.5250982901732799
Maximum Dog Distance: 0.8765479991098714
Average Sheep Distance: 0.38528437740739
Maximum Sheep Distance: 0.5392563179090929
Elapsed Time: 5m 23s
********** 93 **********
Average Fitness: 0.08399999999999999
Maximum Fitness: 0.26666666666666666
Average Pen Distance: 0.4854062294468548
Maximum Pen Distance: 0.8473435697454894
Average Dog Distance: 0.4892315044657652
Maximum Dog Distance: 0.8594333348967322
Average Sheep Distance: 0.37894056583414515
Maximum Sheep Distance: 0.5392563179090929
Elapsed Time: 5m 17s
********** 94 **********
Average Fitness: 0.081
Maximum Fitness: 0.26666666666666666
Average Pen Distance: 0.5069952071537842
Maximum Pen Distance: 0.8473435697454894
Average Dog Distance: 0.5131164604604449
Maximum Dog Distance: 0.881114412897627
Average Sheep Distance: 0.384442597717742
Maximum Sheep Distance: 0.5392563179090929
Elapsed Time: 5m 19s
********** 95 **********
Average Fitness: 0.07766666666666666
Maximum Fitness: 0.2333333333333333
Average Pen Distance: 0.5131826069310638
Maximum Pen Distance: 0.8473435697454894
Average Dog Distance: 0.479174587208493
Maximum Dog Distance: 0.8594333348967322
Average Sheep Distance: 0.3799679576581814
Maximum Sheep Distance: 0.5392563179090929
Elapsed Time: 5m 20s
********** 96 **********
Average Fitness: 0.08066666666666665
Maximum Fitness: 0.2333333333333333
Average Pen Distance: 0.5136094406290198
Maximum Pen Distance: 0.8473435697454894
Average Dog Distance: 0.49137609906727575
Maximum Dog Distance: 0.8741146390621902
Average Sheep Distance: 0.3811602398911215
Maximum Sheep Distance: 0.5392563179090929
Elapsed Time: 5m 20s
********** 97 **********
Average Fitness: 0.08366666666666665
Maximum Fitness: 0.2333333333333333
Average Pen Distance: 0.512709937946578
Maximum Pen Distance: 0.8473435697454894
Average Dog Distance: 0.5034102010096696
Maximum Dog Distance: 0.8594333348967322
Average Sheep Distance: 0.3838020963601504
Maximum Sheep Distance: 0.5392563179090929
Elapsed Time: 5m 19s
********** 98 **********
Average Fitness: 0.08233333333333333
Maximum Fitness: 0.2333333333333333
Average Pen Distance: 0.5112493652696071
Maximum Pen Distance: 0.8473435697454894
Average Dog Distance: 0.4848263126937898
Maximum Dog Distance: 0.8594333348967322
Average Sheep Distance: 0.38528861583528234
Maximum Sheep Distance: 0.5392563179090929
Elapsed Time: 5m 20s
********** 99 **********
Average Fitness: 0.08433333333333332
Maximum Fitness: 0.2333333333333333
Average Pen Distance: 0.5004265851989441
Maximum Pen Distance: 0.8473435697454894
Average Dog Distance: 0.49486810682230037
Maximum Dog Distance: 0.8594333348967322
Average Sheep Distance: 0.38625477611649955
Maximum Sheep Distance: 0.5392563179090929
Elapsed Time: 5m 17s
********** 100 **********
Average Fitness: 0.07533333333333334
Maximum Fitness: 0.2333333333333333
Average Pen Distance: 0.5367577120347271
Maximum Pen Distance: 0.8473435697454894
Average Dog Distance: 0.5103989441985398
Maximum Dog Distance: 0.8594333348967322
Average Sheep Distance: 0.3922786549873287
Maximum Sheep Distance: 0.5392563179090929
Elapsed Time: 5m 25s
********** 1 **********
Average Fitness: 0.059
Maximum Fitness: 0.26666666666666666
Average Pen Distance: 0.5254330904932822
Maximum Pen Distance: 0.7978441728025425
Average Dog Distance: 0.5978697098054319
Maximum Dog Distance: 0.7762706619593637
Average Sheep Distance: 0.3694847337495623
Maximum Sheep Distance: 0.48115442358807137
Elapsed Time: 10m 24s
********** 2 **********
Average Fitness: 0.06533333333333333
Maximum Fitness: 0.26666666666666666
Average Pen Distance: 0.5176658933119789
Maximum Pen Distance: 0.7978441728025425
Average Dog Distance: 0.5718587680021329
Maximum Dog Distance: 0.8060166445777311
Average Sheep Distance: 0.3685665105806736
Maximum Sheep Distance: 0.48115442358807137
Elapsed Time: 5m 16s
********** 3 **********
Average Fitness: 0.06999999999999999
Maximum Fitness: 0.26666666666666666
Average Pen Distance: 0.5174886091517521
Maximum Pen Distance: 0.7978441728025425
Average Dog Distance: 0.5505027675859947
Maximum Dog Distance: 0.8047948397675944
Average Sheep Distance: 0.37095163596742436
Maximum Sheep Distance: 0.48115442358807137
Elapsed Time: 5m 14s
********** 4 **********
Average Fitness: 0.073
Maximum Fitness: 0.26666666666666666
Average Pen Distance: 0.5323717639072205
Maximum Pen Distance: 0.7978441728025425
Average Dog Distance: 0.5509722956742337
Maximum Dog Distance: 0.8047948397675944
Average Sheep Distance: 0.37014219252281455
Maximum Sheep Distance: 0.48115442358807137
Elapsed Time: 5m 14s
********** 5 **********
Average Fitness: 0.07733333333333332
Maximum Fitness: 0.26666666666666666
Average Pen Distance: 0.5303585004788435
Maximum Pen Distance: 0.8014571180789369
Average Dog Distance: 0.5511260719410189
Maximum Dog Distance: 0.8047948397675944
Average Sheep Distance: 0.37324433263570733
Maximum Sheep Distance: 0.49769410746852794
Elapsed Time: 5m 22s
********** 6 **********
Average Fitness: 0.07333333333333333
Maximum Fitness: 0.2333333333333333
Average Pen Distance: 0.5378949514030374
Maximum Pen Distance: 0.8014571180789369
Average Dog Distance: 0.542648916347163
Maximum Dog Distance: 0.8047948397675944
Average Sheep Distance: 0.37689201625902774
Maximum Sheep Distance: 0.49769410746852794
Elapsed Time: 5m 10s
********** 7 **********
Average Fitness: 0.07200000000000001
Maximum Fitness: 0.2333333333333333
Average Pen Distance: 0.5290254761015787
Maximum Pen Distance: 0.8014571180789369
Average Dog Distance: 0.5498094810858152
Maximum Dog Distance: 0.8047948397675944
Average Sheep Distance: 0.3784970634294662
Maximum Sheep Distance: 0.49769410746852794
Elapsed Time: 5m 20s
********** 8 **********
Average Fitness: 0.07733333333333331
Maximum Fitness: 0.2333333333333333
Average Pen Distance: 0.5082652609756184
Maximum Pen Distance: 0.8014571180789369
Average Dog Distance: 0.5391989212487676
Maximum Dog Distance: 0.8140071319815033
Average Sheep Distance: 0.3733091237414332
Maximum Sheep Distance: 0.49769410746852794
Elapsed Time: 5m 12s
********** 9 **********
Average Fitness: 0.07733333333333332
Maximum Fitness: 0.2333333333333333
Average Pen Distance: 0.5202809678813272
Maximum Pen Distance: 0.8014571180789369
Average Dog Distance: 0.5544386329494911
Maximum Dog Distance: 0.8140071319815033
Average Sheep Distance: 0.3721367230467905
Maximum Sheep Distance: 0.49769410746852794
Elapsed Time: 5m 13s
********** 10 **********
Average Fitness: 0.08033333333333331
Maximum Fitness: 0.2333333333333333
Average Pen Distance: 0.5168682921566543
Maximum Pen Distance: 0.8014571180789369
Average Dog Distance: 0.5381783219396915
Maximum Dog Distance: 0.8144651454304087
Average Sheep Distance: 0.37357030319976625
Maximum Sheep Distance: 0.49769410746852794
Elapsed Time: 5m 18s
********** 11 **********
Average Fitness: 0.075
Maximum Fitness: 0.2333333333333333
Average Pen Distance: 0.5252547159873509
Maximum Pen Distance: 0.8014571180789369
Average Dog Distance: 0.5286788798399349
Maximum Dog Distance: 0.8144651454304087
Average Sheep Distance: 0.3736638427763743
Maximum Sheep Distance: 0.49769410746852794
Elapsed Time: 5m 13s
********** 12 **********
Average Fitness: 0.07800000000000001
Maximum Fitness: 0.3
Average Pen Distance: 0.5258987023660866
Maximum Pen Distance: 0.8016843932765912
Average Dog Distance: 0.5484471201832307
Maximum Dog Distance: 0.8144651454304087
Average Sheep Distance: 0.3766467596061325
Maximum Sheep Distance: 0.5258364220432376
Elapsed Time: 5m 16s
********** 13 **********
Average Fitness: 0.07566666666666666
Maximum Fitness: 0.3
Average Pen Distance: 0.5251261293942597
Maximum Pen Distance: 0.8046578994842596
Average Dog Distance: 0.5216541778360857
Maximum Dog Distance: 0.8140071319815033
Average Sheep Distance: 0.37708211338310405
Maximum Sheep Distance: 0.5258364220432376
Elapsed Time: 5m 15s
********** 14 **********
Average Fitness: 0.07366666666666666
Maximum Fitness: 0.2333333333333333
Average Pen Distance: 0.5207763567470007
Maximum Pen Distance: 0.8046578994842596
Average Dog Distance: 0.5417258960605341
Maximum Dog Distance: 0.8140071319815033
Average Sheep Distance: 0.3748507940363549
Maximum Sheep Distance: 0.5258364220432376
Elapsed Time: 5m 19s
********** 15 **********
Average Fitness: 0.07733333333333332
Maximum Fitness: 0.3
Average Pen Distance: 0.5427166598988216
Maximum Pen Distance: 0.8063349943590762
Average Dog Distance: 0.5273651029823424
Maximum Dog Distance: 0.8364165319847539
Average Sheep Distance: 0.3868097463108681
Maximum Sheep Distance: 0.5258364220432376
Elapsed Time: 5m 16s
********** 16 **********
Average Fitness: 0.08
Maximum Fitness: 0.3
Average Pen Distance: 0.5020559776207338
Maximum Pen Distance: 0.8046578994842596
Average Dog Distance: 0.5377836762453935
Maximum Dog Distance: 0.8364165319847539
Average Sheep Distance: 0.38145707721704286
Maximum Sheep Distance: 0.5258364220432376
Elapsed Time: 5m 10s
********** 17 **********
Average Fitness: 0.07266666666666664
Maximum Fitness: 0.3
Average Pen Distance: 0.5404150455969964
Maximum Pen Distance: 0.8046578994842596
Average Dog Distance: 0.5303889119754709
Maximum Dog Distance: 0.8364165319847539
Average Sheep Distance: 0.3836024124299868
Maximum Sheep Distance: 0.5258364220432376
Elapsed Time: 5m 9s
********** 18 **********
Average Fitness: 0.079
Maximum Fitness: 0.3
Average Pen Distance: 0.522966235116987
Maximum Pen Distance: 0.8478271583711555
Average Dog Distance: 0.5132980405664657
Maximum Dog Distance: 0.8364165319847539
Average Sheep Distance: 0.383028718361733
Maximum Sheep Distance: 0.5258364220432376
Elapsed Time: 5m 22s
********** 19 **********
Average Fitness: 0.078
Maximum Fitness: 0.3
Average Pen Distance: 0.529726609933617
Maximum Pen Distance: 0.8478271583711555
Average Dog Distance: 0.5387582639308072
Maximum Dog Distance: 0.8364165319847539
Average Sheep Distance: 0.38355875018502095
Maximum Sheep Distance: 0.5258364220432376
Elapsed Time: 5m 19s
********** 20 **********
Average Fitness: 0.08033333333333333
Maximum Fitness: 0.3
Average Pen Distance: 0.5183917018020516
Maximum Pen Distance: 0.8478271583711555
Average Dog Distance: 0.5287775017253008
Maximum Dog Distance: 0.8364165319847539
Average Sheep Distance: 0.3779991117202421
Maximum Sheep Distance: 0.5258364220432376
Elapsed Time: 5m 15s
********** 21 **********
Average Fitness: 0.07966666666666666
Maximum Fitness: 0.26666666666666666
Average Pen Distance: 0.5257935399343584
Maximum Pen Distance: 0.8478271583711555
Average Dog Distance: 0.5156958040619165
Maximum Dog Distance: 0.8385918998985492
Average Sheep Distance: 0.37749409657680466
Maximum Sheep Distance: 0.5258364220432376
Elapsed Time: 5m 15s
********** 22 **********
Average Fitness: 0.07766666666666666
Maximum Fitness: 0.2333333333333333
Average Pen Distance: 0.525957588875546
Maximum Pen Distance: 0.8478271583711555
Average Dog Distance: 0.5204770328582553
Maximum Dog Distance: 0.8406551365394969
Average Sheep Distance: 0.3808761188962995
Maximum Sheep Distance: 0.5258364220432376
Elapsed Time: 5m 27s
********** 23 **********
Average Fitness: 0.08499999999999998
Maximum Fitness: 0.2333333333333333
Average Pen Distance: 0.5285591114208973
Maximum Pen Distance: 0.8478271583711555
Average Dog Distance: 0.5239660112113265
Maximum Dog Distance: 0.8684732449817112
Average Sheep Distance: 0.3799437598441095
Maximum Sheep Distance: 0.5258364220432376
Elapsed Time: 5m 11s
********** 24 **********
Average Fitness: 0.08899999999999998
Maximum Fitness: 0.3
Average Pen Distance: 0.5171985821312224
Maximum Pen Distance: 0.8478271583711555
Average Dog Distance: 0.537906170044534
Maximum Dog Distance: 0.8684732449817112
Average Sheep Distance: 0.37614492369878383
Maximum Sheep Distance: 0.5258364220432376
Elapsed Time: 5m 17s
********** 25 **********
Average Fitness: 0.085
Maximum Fitness: 0.3
Average Pen Distance: 0.5124961706114817
Maximum Pen Distance: 0.8478271583711555
Average Dog Distance: 0.5131250202853818
Maximum Dog Distance: 0.8684732449817112
Average Sheep Distance: 0.3791396235368601
Maximum Sheep Distance: 0.5258364220432376
Elapsed Time: 5m 9s
********** 26 **********
Average Fitness: 0.07733333333333334
Maximum Fitness: 0.26666666666666666
Average Pen Distance: 0.5293855154947289
Maximum Pen Distance: 0.8478271583711555
Average Dog Distance: 0.5501259634503541
Maximum Dog Distance: 0.8684732449817112
Average Sheep Distance: 0.3821410767976785
Maximum Sheep Distance: 0.5258364220432376
Elapsed Time: 5m 17s
********** 27 **********
Average Fitness: 0.075
Maximum Fitness: 0.26666666666666666
Average Pen Distance: 0.518972211806662
Maximum Pen Distance: 0.8478271583711555
Average Dog Distance: 0.5292865045851167
Maximum Dog Distance: 0.8684732449817112
Average Sheep Distance: 0.37323233883988755
Maximum Sheep Distance: 0.5258364220432376
Elapsed Time: 5m 13s
********** 28 **********
Average Fitness: 0.07966666666666666
Maximum Fitness: 0.26666666666666666
Average Pen Distance: 0.5179008231730304
Maximum Pen Distance: 0.8478271583711555
Average Dog Distance: 0.543183370496283
Maximum Dog Distance: 0.8684732449817112
Average Sheep Distance: 0.3797528840174318
Maximum Sheep Distance: 0.5258364220432376
Elapsed Time: 5m 29s
********** 29 **********
Average Fitness: 0.08166666666666667
Maximum Fitness: 0.2333333333333333
Average Pen Distance: 0.5114177209748837
Maximum Pen Distance: 0.8147588836821891
Average Dog Distance: 0.5031937673268386
Maximum Dog Distance: 0.8684732449817112
Average Sheep Distance: 0.3809093579326292
Maximum Sheep Distance: 0.5258364220432376
Elapsed Time: 5m 14s
********** 30 **********
Average Fitness: 0.07966666666666666
Maximum Fitness: 0.26666666666666666
Average Pen Distance: 0.5294528547901738
Maximum Pen Distance: 0.8147588836821891
Average Dog Distance: 0.5387892978695622
Maximum Dog Distance: 0.8684732449817112
Average Sheep Distance: 0.38553412630404293
Maximum Sheep Distance: 0.5269905843110686
Elapsed Time: 5m 17s
********** 31 **********
Average Fitness: 0.08233333333333331
Maximum Fitness: 0.26666666666666666
Average Pen Distance: 0.5177023765838396
Maximum Pen Distance: 0.8147588836821891
Average Dog Distance: 0.5214261943547334
Maximum Dog Distance: 0.8684732449817112
Average Sheep Distance: 0.3846369820570034
Maximum Sheep Distance: 0.5269905843110686
Elapsed Time: 5m 13s
********** 32 **********
Average Fitness: 0.07799999999999999
Maximum Fitness: 0.26666666666666666
Average Pen Distance: 0.5277709089040904
Maximum Pen Distance: 0.8147588836821891
Average Dog Distance: 0.5365112513482984
Maximum Dog Distance: 0.8684732449817112
Average Sheep Distance: 0.38937144058348744
Maximum Sheep Distance: 0.5269905843110686
Elapsed Time: 5m 29s
********** 33 **********
Average Fitness: 0.07999999999999999
Maximum Fitness: 0.26666666666666666
Average Pen Distance: 0.49754650059862593
Maximum Pen Distance: 0.8247728690438221
Average Dog Distance: 0.5164559099237193
Maximum Dog Distance: 0.8684732449817112
Average Sheep Distance: 0.37890684990436957
Maximum Sheep Distance: 0.5269905843110686
Elapsed Time: 5m 17s
********** 34 **********
Average Fitness: 0.072
Maximum Fitness: 0.26666666666666666
Average Pen Distance: 0.5315388805010136
Maximum Pen Distance: 0.8147588836821891
Average Dog Distance: 0.5023354737548091
Maximum Dog Distance: 0.8684732449817112
Average Sheep Distance: 0.3892009697177184
Maximum Sheep Distance: 0.5386722619595431
Elapsed Time: 5m 17s
********** 35 **********
Average Fitness: 0.07433333333333332
Maximum Fitness: 0.26666666666666666
Average Pen Distance: 0.5329098895315116
Maximum Pen Distance: 0.8147588836821891
Average Dog Distance: 0.5096157502141719
Maximum Dog Distance: 0.8684732449817112
Average Sheep Distance: 0.38873708660899575
Maximum Sheep Distance: 0.5386722619595431
Elapsed Time: 5m 19s
********** 36 **********
Average Fitness: 0.07233333333333332
Maximum Fitness: 0.26666666666666666
Average Pen Distance: 0.5262841804535188
Maximum Pen Distance: 0.8147588836821891
Average Dog Distance: 0.5230893487702648
Maximum Dog Distance: 0.8684732449817112
Average Sheep Distance: 0.3844571404022312
Maximum Sheep Distance: 0.5386722619595431
Elapsed Time: 5m 27s
********** 37 **********
Average Fitness: 0.08233333333333331
Maximum Fitness: 0.26666666666666666
Average Pen Distance: 0.5003537117429283
Maximum Pen Distance: 0.8147588836821891
Average Dog Distance: 0.5100737204911856
Maximum Dog Distance: 0.8684732449817112
Average Sheep Distance: 0.3840518432034448
Maximum Sheep Distance: 0.5386722619595431
Elapsed Time: 5m 18s
********** 38 **********
Average Fitness: 0.08166666666666667
Maximum Fitness: 0.26666666666666666
Average Pen Distance: 0.5229069965958923
Maximum Pen Distance: 0.8147588836821891
Average Dog Distance: 0.5177348343385288
Maximum Dog Distance: 0.8684732449817112
Average Sheep Distance: 0.3884283471856867
Maximum Sheep Distance: 0.5386722619595431
Elapsed Time: 5m 23s
********** 39 **********
Average Fitness: 0.08166666666666667
Maximum Fitness: 0.26666666666666666
Average Pen Distance: 0.5180224095259747
Maximum Pen Distance: 0.8147588836821891
Average Dog Distance: 0.5181664847617573
Maximum Dog Distance: 0.8684732449817112
Average Sheep Distance: 0.3926163882395013
Maximum Sheep Distance: 0.5386722619595431
Elapsed Time: 5m 15s
********** 40 **********
Average Fitness: 0.08233333333333331
Maximum Fitness: 0.26666666666666666
Average Pen Distance: 0.506776760756404
Maximum Pen Distance: 0.8147588836821891
Average Dog Distance: 0.5178524525715954
Maximum Dog Distance: 0.8684732449817112
Average Sheep Distance: 0.3855656675607738
Maximum Sheep Distance: 0.5386722619595431
Elapsed Time: 5m 15s
********** 41 **********
Average Fitness: 0.07866666666666665
Maximum Fitness: 0.26666666666666666
Average Pen Distance: 0.5266354327727893
Maximum Pen Distance: 0.8147588836821891
Average Dog Distance: 0.5126553780665323
Maximum Dog Distance: 0.8773400773804026
Average Sheep Distance: 0.3862285110021667
Maximum Sheep Distance: 0.5386722619595431
Elapsed Time: 5m 16s
********** 42 **********
Average Fitness: 0.075
Maximum Fitness: 0.26666666666666666
Average Pen Distance: 0.5170615383148841
Maximum Pen Distance: 0.8287347905766621
Average Dog Distance: 0.5013610115377535
Maximum Dog Distance: 0.826307757393853
Average Sheep Distance: 0.38651303985918006
Maximum Sheep Distance: 0.5386722619595431
Elapsed Time: 5m 15s
********** 43 **********
Average Fitness: 0.07866666666666668
Maximum Fitness: 0.26666666666666666
Average Pen Distance: 0.521935426506312
Maximum Pen Distance: 0.8363384394970831
Average Dog Distance: 0.5156643326881025
Maximum Dog Distance: 0.826307757393853
Average Sheep Distance: 0.3876494632928864
Maximum Sheep Distance: 0.5386722619595431
Elapsed Time: 5m 19s
********** 44 **********
Average Fitness: 0.08233333333333333
Maximum Fitness: 0.26666666666666666
Average Pen Distance: 0.5382717873756022
Maximum Pen Distance: 0.8363384394970831
Average Dog Distance: 0.5254439441440902
Maximum Dog Distance: 0.8456730924474004
Average Sheep Distance: 0.39170214433307715
Maximum Sheep Distance: 0.5386722619595431
Elapsed Time: 5m 16s
********** 45 **********
Average Fitness: 0.08199999999999999
Maximum Fitness: 0.26666666666666666
Average Pen Distance: 0.5120411695803871
Maximum Pen Distance: 0.8363384394970831
Average Dog Distance: 0.5194707851288737
Maximum Dog Distance: 0.8499938194481335
Average Sheep Distance: 0.38337956183398253
Maximum Sheep Distance: 0.5386722619595431
Elapsed Time: 5m 15s
********** 46 **********
Average Fitness: 0.07833333333333332
Maximum Fitness: 0.26666666666666666
Average Pen Distance: 0.5574804415695698
Maximum Pen Distance: 0.8363384394970831
Average Dog Distance: 0.5303449568527309
Maximum Dog Distance: 0.8499938194481335
Average Sheep Distance: 0.38984156223492983
Maximum Sheep Distance: 0.5386722619595431
Elapsed Time: 5m 15s
********** 47 **********
Average Fitness: 0.08033333333333333
Maximum Fitness: 0.26666666666666666
Average Pen Distance: 0.5398351426901635
Maximum Pen Distance: 0.8363384394970831
Average Dog Distance: 0.5315751770933068
Maximum Dog Distance: 0.8499938194481335
Average Sheep Distance: 0.3937829680467075
Maximum Sheep Distance: 0.5386722619595431
Elapsed Time: 5m 14s
********** 48 **********
Average Fitness: 0.07999999999999999
Maximum Fitness: 0.26666666666666666
Average Pen Distance: 0.5461245691132229
Maximum Pen Distance: 0.8363384394970831
Average Dog Distance: 0.518920536762019
Maximum Dog Distance: 0.8499938194481335
Average Sheep Distance: 0.3897226696106493
Maximum Sheep Distance: 0.5386722619595431
Elapsed Time: 5m 11s
********** 49 **********
Average Fitness: 0.08766666666666666
Maximum Fitness: 0.26666666666666666
Average Pen Distance: 0.5432662055656013
Maximum Pen Distance: 0.8363384394970831
Average Dog Distance: 0.5077055020259104
Maximum Dog Distance: 0.8499938194481335
Average Sheep Distance: 0.3932814899147423
Maximum Sheep Distance: 0.5386722619595431
Elapsed Time: 5m 21s
********** 50 **********
Average Fitness: 0.08466666666666665
Maximum Fitness: 0.26666666666666666
Average Pen Distance: 0.5318202703921905
Maximum Pen Distance: 0.8363384394970831
Average Dog Distance: 0.539314967403632
Maximum Dog Distance: 0.8499938194481335
Average Sheep Distance: 0.3898865063991665
Maximum Sheep Distance: 0.5386722619595431
Elapsed Time: 5m 17s
********** 51 **********
Average Fitness: 0.08199999999999999
Maximum Fitness: 0.26666666666666666
Average Pen Distance: 0.5468270133598634
Maximum Pen Distance: 0.8363384394970831
Average Dog Distance: 0.5043834711000184
Maximum Dog Distance: 0.8499938194481335
Average Sheep Distance: 0.39121105402013356
Maximum Sheep Distance: 0.5386722619595431
Elapsed Time: 5m 16s
********** 52 **********
Average Fitness: 0.07966666666666665
Maximum Fitness: 0.26666666666666666
Average Pen Distance: 0.5472401075753998
Maximum Pen Distance: 0.8363384394970831
Average Dog Distance: 0.5075060570917788
Maximum Dog Distance: 0.8499938194481335
Average Sheep Distance: 0.39021828028862254
Maximum Sheep Distance: 0.5386722619595431
Elapsed Time: 5m 16s
********** 53 **********
Average Fitness: 0.08499999999999998
Maximum Fitness: 0.26666666666666666
Average Pen Distance: 0.5344176458483825
Maximum Pen Distance: 0.8363384394970831
Average Dog Distance: 0.5212394219774257
Maximum Dog Distance: 0.826307757393853
Average Sheep Distance: 0.3933572463565414
Maximum Sheep Distance: 0.5386722619595431
Elapsed Time: 5m 12s
********** 54 **********
Average Fitness: 0.08766666666666664
Maximum Fitness: 0.26666666666666666
Average Pen Distance: 0.5101792152195195
Maximum Pen Distance: 0.8363384394970831
Average Dog Distance: 0.4917082083090905
Maximum Dog Distance: 0.826307757393853
Average Sheep Distance: 0.38430954978809295
Maximum Sheep Distance: 0.5386722619595431
Elapsed Time: 5m 13s
********** 55 **********
Average Fitness: 0.08066666666666665
Maximum Fitness: 0.3333333333333333
Average Pen Distance: 0.5314084121569119
Maximum Pen Distance: 0.8363384394970831
Average Dog Distance: 0.5068618361430358
Maximum Dog Distance: 0.826307757393853
Average Sheep Distance: 0.38639560596180256
Maximum Sheep Distance: 0.5386722619595431
Elapsed Time: 5m 24s
********** 56 **********
Average Fitness: 0.08633333333333332
Maximum Fitness: 0.3333333333333333
Average Pen Distance: 0.5232635628926223
Maximum Pen Distance: 0.8287347905766621
Average Dog Distance: 0.5136113985649938
Maximum Dog Distance: 0.826307757393853
Average Sheep Distance: 0.38737558015754664
Maximum Sheep Distance: 0.5386722619595431
Elapsed Time: 5m 17s
********** 57 **********
Average Fitness: 0.08399999999999999
Maximum Fitness: 0.3333333333333333
Average Pen Distance: 0.533765098337565
Maximum Pen Distance: 0.8287347905766621
Average Dog Distance: 0.5018786564498395
Maximum Dog Distance: 0.8475892828876027
Average Sheep Distance: 0.3918754338625773
Maximum Sheep Distance: 0.5386722619595431
Elapsed Time: 5m 17s
********** 58 **********
Average Fitness: 0.08433333333333333
Maximum Fitness: 0.3333333333333333
Average Pen Distance: 0.536220969196204
Maximum Pen Distance: 0.8287347905766621
Average Dog Distance: 0.5163524291136121
Maximum Dog Distance: 0.8475892828876027
Average Sheep Distance: 0.38876626366416267
Maximum Sheep Distance: 0.5386722619595431
Elapsed Time: 5m 19s
********** 59 **********
Average Fitness: 0.08233333333333331
Maximum Fitness: 0.3333333333333333
Average Pen Distance: 0.5346181907683482
Maximum Pen Distance: 0.8287347905766621
Average Dog Distance: 0.5100231891673488
Maximum Dog Distance: 0.8475892828876027
Average Sheep Distance: 0.39190890551012086
Maximum Sheep Distance: 0.5386722619595431
Elapsed Time: 5m 13s
********** 60 **********
Average Fitness: 0.08399999999999999
Maximum Fitness: 0.3333333333333333
Average Pen Distance: 0.5181111542237672
Maximum Pen Distance: 0.8287347905766621
Average Dog Distance: 0.516639660234061
Maximum Dog Distance: 0.8247167133006053
Average Sheep Distance: 0.3944047366335446
Maximum Sheep Distance: 0.5386722619595431
Elapsed Time: 5m 15s
********** 61 **********
Average Fitness: 0.08533333333333333
Maximum Fitness: 0.3333333333333333
Average Pen Distance: 0.5384699235900324
Maximum Pen Distance: 0.8287347905766621
Average Dog Distance: 0.5215333394064835
Maximum Dog Distance: 0.8381480504526907
Average Sheep Distance: 0.3902619757694194
Maximum Sheep Distance: 0.5386722619595431
Elapsed Time: 5m 10s
********** 62 **********
Average Fitness: 0.08633333333333332
Maximum Fitness: 0.3333333333333333
Average Pen Distance: 0.5031100160878402
Maximum Pen Distance: 0.8287347905766621
Average Dog Distance: 0.5150103988540962
Maximum Dog Distance: 0.8381480504526907
Average Sheep Distance: 0.38334869013203365
Maximum Sheep Distance: 0.5386722619595431
Elapsed Time: 5m 13s
********** 63 **********
Average Fitness: 0.08933333333333332
Maximum Fitness: 0.26666666666666666
Average Pen Distance: 0.5221763633307939
Maximum Pen Distance: 0.8287347905766621
Average Dog Distance: 0.5173684173569163
Maximum Dog Distance: 0.8381480504526907
Average Sheep Distance: 0.38999868719369357
Maximum Sheep Distance: 0.5386722619595431
Elapsed Time: 5m 15s
********** 64 **********
Average Fitness: 0.09433333333333332
Maximum Fitness: 0.26666666666666666
Average Pen Distance: 0.5142520504541802
Maximum Pen Distance: 0.8287347905766621
Average Dog Distance: 0.4982809879291842
Maximum Dog Distance: 0.8468397800962432
Average Sheep Distance: 0.3859719625120389
Maximum Sheep Distance: 0.5386722619595431
Elapsed Time: 5m 21s
********** 65 **********
Average Fitness: 0.08099999999999997
Maximum Fitness: 0.26666666666666666
Average Pen Distance: 0.5350488116844841
Maximum Pen Distance: 0.8287347905766621
Average Dog Distance: 0.5304344454698693
Maximum Dog Distance: 0.8468397800962432
Average Sheep Distance: 0.3856337145439681
Maximum Sheep Distance: 0.5386722619595431
Elapsed Time: 5m 14s
********** 66 **********
Average Fitness: 0.08633333333333332
Maximum Fitness: 0.26666666666666666
Average Pen Distance: 0.5145225883855652
Maximum Pen Distance: 0.8287347905766621
Average Dog Distance: 0.5003300471688317
Maximum Dog Distance: 0.8239873705601596
Average Sheep Distance: 0.3832589884717791
Maximum Sheep Distance: 0.5386722619595431
Elapsed Time: 5m 14s
********** 67 **********
Average Fitness: 0.07566666666666666
Maximum Fitness: 0.26666666666666666
Average Pen Distance: 0.5407029450575371
Maximum Pen Distance: 0.8287347905766621
Average Dog Distance: 0.5073559308141914
Maximum Dog Distance: 0.8245318929600455
Average Sheep Distance: 0.3865820431460297
Maximum Sheep Distance: 0.5386722619595431
Elapsed Time: 5m 16s
********** 68 **********
Average Fitness: 0.081
Maximum Fitness: 0.3
Average Pen Distance: 0.5177365991383992
Maximum Pen Distance: 0.8289051592793637
Average Dog Distance: 0.5291468190836546
Maximum Dog Distance: 0.849456723123781
Average Sheep Distance: 0.3843401044578359
Maximum Sheep Distance: 0.5386722619595431
Elapsed Time: 5m 14s
********** 69 **********
Average Fitness: 0.08133333333333333
Maximum Fitness: 0.3
Average Pen Distance: 0.5199029441487645
Maximum Pen Distance: 0.8287347905766621
Average Dog Distance: 0.49666212644203583
Maximum Dog Distance: 0.849456723123781
Average Sheep Distance: 0.3831774869227982
Maximum Sheep Distance: 0.5386722619595431
Elapsed Time: 5m 16s
********** 70 **********
Average Fitness: 0.07966666666666666
Maximum Fitness: 0.26666666666666666
Average Pen Distance: 0.5396947933611695
Maximum Pen Distance: 0.8287347905766621
Average Dog Distance: 0.5304921449651512
Maximum Dog Distance: 0.8588680101393164
Average Sheep Distance: 0.3882131617478118
Maximum Sheep Distance: 0.5386722619595431
Elapsed Time: 5m 19s
********** 71 **********
Average Fitness: 0.08433333333333332
Maximum Fitness: 0.26666666666666666
Average Pen Distance: 0.5084281685453476
Maximum Pen Distance: 0.8287347905766621
Average Dog Distance: 0.4984827140922
Maximum Dog Distance: 0.7856523088112835
Average Sheep Distance: 0.38451417153590634
Maximum Sheep Distance: 0.5386722619595431
Elapsed Time: 5m 17s
********** 72 **********
Average Fitness: 0.07733333333333334
Maximum Fitness: 0.26666666666666666
Average Pen Distance: 0.5207276258752987
Maximum Pen Distance: 0.8287347905766621
Average Dog Distance: 0.49313896466352103
Maximum Dog Distance: 0.8156344578594455
Average Sheep Distance: 0.3857426560123723
Maximum Sheep Distance: 0.5386722619595431
Elapsed Time: 5m 13s
********** 73 **********
Average Fitness: 0.07266666666666667
Maximum Fitness: 0.26666666666666666
Average Pen Distance: 0.5389175672725982
Maximum Pen Distance: 0.8315087154045214
Average Dog Distance: 0.4940834738385296
Maximum Dog Distance: 0.8108181611389517
Average Sheep Distance: 0.38510582278420913
Maximum Sheep Distance: 0.5386722619595431
Elapsed Time: 5m 12s
********** 74 **********
Average Fitness: 0.08233333333333333
Maximum Fitness: 0.26666666666666666
Average Pen Distance: 0.5372157795985882
Maximum Pen Distance: 0.8315087154045214
Average Dog Distance: 0.48940501280909915
Maximum Dog Distance: 0.8108181611389517
Average Sheep Distance: 0.39054823815581086
Maximum Sheep Distance: 0.5386722619595431
Elapsed Time: 5m 21s
********** 75 **********
Average Fitness: 0.08666666666666666
Maximum Fitness: 0.26666666666666666
Average Pen Distance: 0.5304765330885621
Maximum Pen Distance: 0.8315087154045214
Average Dog Distance: 0.4965900277113004
Maximum Dog Distance: 0.8108181611389517
Average Sheep Distance: 0.3855894912193292
Maximum Sheep Distance: 0.5386722619595431
Elapsed Time: 5m 14s
********** 76 **********
Average Fitness: 0.091
Maximum Fitness: 0.3333333333333333
Average Pen Distance: 0.5252069558756397
Maximum Pen Distance: 0.8315087154045214
Average Dog Distance: 0.4878522579625003
Maximum Dog Distance: 0.8108181611389517
Average Sheep Distance: 0.38460887558245427
Maximum Sheep Distance: 0.5386722619595431
Elapsed Time: 5m 13s
********** 77 **********
Average Fitness: 0.08699999999999998
Maximum Fitness: 0.26666666666666666
Average Pen Distance: 0.5439860350609645
Maximum Pen Distance: 0.8315087154045214
Average Dog Distance: 0.5001805047352414
Maximum Dog Distance: 0.8108181611389517
Average Sheep Distance: 0.3864844011992396
Maximum Sheep Distance: 0.5386722619595431
Elapsed Time: 5m 9s
********** 78 **********
Average Fitness: 0.08299999999999999
Maximum Fitness: 0.26666666666666666
Average Pen Distance: 0.5483532779299867
Maximum Pen Distance: 0.8315087154045214
Average Dog Distance: 0.48695450204830515
Maximum Dog Distance: 0.8533616654172138
Average Sheep Distance: 0.39428390119232615
Maximum Sheep Distance: 0.5386722619595431
Elapsed Time: 5m 12s
********** 79 **********
Average Fitness: 0.09266666666666666
Maximum Fitness: 0.26666666666666666
Average Pen Distance: 0.5258344196469615
Maximum Pen Distance: 0.8315087154045214
Average Dog Distance: 0.4901849961530218
Maximum Dog Distance: 0.8533616654172138
Average Sheep Distance: 0.3897366135224404
Maximum Sheep Distance: 0.5386722619595431
Elapsed Time: 5m 14s
********** 80 **********
Average Fitness: 0.08466666666666665
Maximum Fitness: 0.26666666666666666
Average Pen Distance: 0.5278648345292676
Maximum Pen Distance: 0.8315087154045214
Average Dog Distance: 0.4894278085143196
Maximum Dog Distance: 0.8533616654172138
Average Sheep Distance: 0.3927826430114588
Maximum Sheep Distance: 0.5386722619595431
Elapsed Time: 5m 10s
********** 81 **********
Average Fitness: 0.08333333333333334
Maximum Fitness: 0.23333333333333336
Average Pen Distance: 0.5391697845442641
Maximum Pen Distance: 0.8585331019049537
Average Dog Distance: 0.4882100277124255
Maximum Dog Distance: 0.8533616654172138
Average Sheep Distance: 0.38660758868960876
Maximum Sheep Distance: 0.5386722619595431
Elapsed Time: 5m 14s
********** 82 **********
Average Fitness: 0.09766666666666665
Maximum Fitness: 0.3
Average Pen Distance: 0.5239064808599132
Maximum Pen Distance: 0.8585331019049537
Average Dog Distance: 0.4962207392836709
Maximum Dog Distance: 0.8168345510160234
Average Sheep Distance: 0.3883089738591577
Maximum Sheep Distance: 0.5386722619595431
Elapsed Time: 5m 12s
********** 83 **********
Average Fitness: 0.09366666666666665
Maximum Fitness: 0.26666666666666666
Average Pen Distance: 0.5396572623572164
Maximum Pen Distance: 0.8585331019049537
Average Dog Distance: 0.49536803754198727
Maximum Dog Distance: 0.8168345510160234
Average Sheep Distance: 0.3893616832093565
Maximum Sheep Distance: 0.5386722619595431
Elapsed Time: 5m 26s
********** 84 **********
Average Fitness: 0.088
Maximum Fitness: 0.26666666666666666
Average Pen Distance: 0.5333878762624364
Maximum Pen Distance: 0.8585331019049537
Average Dog Distance: 0.5064970374658373
Maximum Dog Distance: 0.8168345510160234
Average Sheep Distance: 0.38590543395355675
Maximum Sheep Distance: 0.5386722619595431
Elapsed Time: 5m 17s
********** 85 **********
Average Fitness: 0.08766666666666666
Maximum Fitness: 0.26666666666666666
Average Pen Distance: 0.5321672719179323
Maximum Pen Distance: 0.8585331019049537
Average Dog Distance: 0.49783629065801094
Maximum Dog Distance: 0.8168345510160234
Average Sheep Distance: 0.386125215649614
Maximum Sheep Distance: 0.5386722619595431
Elapsed Time: 5m 13s
********** 86 **********
Average Fitness: 0.09199999999999997
Maximum Fitness: 0.26666666666666666
Average Pen Distance: 0.5301692109795672
Maximum Pen Distance: 0.8507051486296536
Average Dog Distance: 0.5002045240188271
Maximum Dog Distance: 0.8283552626251108
Average Sheep Distance: 0.3881956122865673
Maximum Sheep Distance: 0.5386722619595431
Elapsed Time: 5m 10s
********** 87 **********
Average Fitness: 0.09166666666666666
Maximum Fitness: 0.26666666666666666
Average Pen Distance: 0.5346572370981384
Maximum Pen Distance: 0.8507051486296536
Average Dog Distance: 0.48914044413846547
Maximum Dog Distance: 0.8283552626251108
Average Sheep Distance: 0.3912124826387961
Maximum Sheep Distance: 0.5386722619595431
Elapsed Time: 5m 9s
********** 88 **********
Average Fitness: 0.09066666666666665
Maximum Fitness: 0.43333333333333335
Average Pen Distance: 0.5215381228417312
Maximum Pen Distance: 0.8507051486296536
Average Dog Distance: 0.49759971571134665
Maximum Dog Distance: 0.8283552626251108
Average Sheep Distance: 0.39204962724034886
Maximum Sheep Distance: 0.5386722619595431
Elapsed Time: 5m 5s
********** 89 **********
Average Fitness: 0.096
Maximum Fitness: 0.43333333333333335
Average Pen Distance: 0.5351837287949378
Maximum Pen Distance: 0.8507051486296536
Average Dog Distance: 0.5118209174314603
Maximum Dog Distance: 0.8283552626251108
Average Sheep Distance: 0.3866433008238153
Maximum Sheep Distance: 0.5386722619595431
Elapsed Time: 5m 14s
********** 90 **********
Average Fitness: 0.09300000000000001
Maximum Fitness: 0.43333333333333335
Average Pen Distance: 0.545920247833218
Maximum Pen Distance: 0.8507051486296536
Average Dog Distance: 0.49426157624563144
Maximum Dog Distance: 0.8283552626251108
Average Sheep Distance: 0.39669171774894074
Maximum Sheep Distance: 0.5386722619595431
Elapsed Time: 5m 9s
********** 91 **********
Average Fitness: 0.09899999999999999
Maximum Fitness: 0.43333333333333335
Average Pen Distance: 0.5248419318438166
Maximum Pen Distance: 0.8507051486296536
Average Dog Distance: 0.5068438545532804
Maximum Dog Distance: 0.8283552626251108
Average Sheep Distance: 0.38671954236590095
Maximum Sheep Distance: 0.5386722619595431
Elapsed Time: 5m 6s
********** 92 **********
Average Fitness: 0.08999999999999998
Maximum Fitness: 0.26666666666666666
Average Pen Distance: 0.5401321449424394
Maximum Pen Distance: 0.8507051486296536
Average Dog Distance: 0.48219040651334083
Maximum Dog Distance: 0.8283552626251108
Average Sheep Distance: 0.39012633242567046
Maximum Sheep Distance: 0.5386722619595431
Elapsed Time: 5m 4s
********** 93 **********
Average Fitness: 0.09299999999999999
Maximum Fitness: 0.3
Average Pen Distance: 0.5404989074189348
Maximum Pen Distance: 0.8507051486296536
Average Dog Distance: 0.4995120687041317
Maximum Dog Distance: 0.8283552626251108
Average Sheep Distance: 0.38482292171797916
Maximum Sheep Distance: 0.5386722619595431
Elapsed Time: 5m 7s
********** 94 **********
Average Fitness: 0.08666666666666666
Maximum Fitness: 0.26666666666666666
Average Pen Distance: 0.5250719319633668
Maximum Pen Distance: 0.8507051486296536
Average Dog Distance: 0.47917245837135186
Maximum Dog Distance: 0.7981804462037988
Average Sheep Distance: 0.38895245356446023
Maximum Sheep Distance: 0.5386722619595431
Elapsed Time: 5m 15s
********** 95 **********
Average Fitness: 0.09
Maximum Fitness: 0.3
Average Pen Distance: 0.5244657011974698
Maximum Pen Distance: 0.8507051486296536
Average Dog Distance: 0.4695092779469517
Maximum Dog Distance: 0.7981804462037988
Average Sheep Distance: 0.3904298375102479
Maximum Sheep Distance: 0.5386722619595431
Elapsed Time: 5m 14s
********** 96 **********
Average Fitness: 0.08766666666666666
Maximum Fitness: 0.3
Average Pen Distance: 0.5227139503780096
Maximum Pen Distance: 0.8507051486296536
Average Dog Distance: 0.510840973228812
Maximum Dog Distance: 0.8323572602717105
Average Sheep Distance: 0.3841044280401596
Maximum Sheep Distance: 0.5386722619595431
Elapsed Time: 5m 5s
********** 97 **********
Average Fitness: 0.09299999999999999
Maximum Fitness: 0.3
Average Pen Distance: 0.529095378930763
Maximum Pen Distance: 0.8507051486296536
Average Dog Distance: 0.47741478927829006
Maximum Dog Distance: 0.8323572602717105
Average Sheep Distance: 0.3883368106832116
Maximum Sheep Distance: 0.5386722619595431
Elapsed Time: 5m 5s
********** 98 **********
Average Fitness: 0.08733333333333332
Maximum Fitness: 0.3
Average Pen Distance: 0.531927228288871
Maximum Pen Distance: 0.8507051486296536
Average Dog Distance: 0.4901451793073609
Maximum Dog Distance: 0.8323572602717105
Average Sheep Distance: 0.386998554300691
Maximum Sheep Distance: 0.5386722619595431
Elapsed Time: 5m 7s
********** 99 **********
Average Fitness: 0.09666666666666668
Maximum Fitness: 0.30000000000000004
Average Pen Distance: 0.5117785727157576
Maximum Pen Distance: 0.8507051486296536
Average Dog Distance: 0.47519851859531737
Maximum Dog Distance: 0.8323572602717105
Average Sheep Distance: 0.38398154373115223
Maximum Sheep Distance: 0.5386722619595431
Elapsed Time: 5m 3s
********** 100 **********
Average Fitness: 0.09166666666666666
Maximum Fitness: 0.3
Average Pen Distance: 0.5077625600728476
Maximum Pen Distance: 0.8507051486296536
Average Dog Distance: 0.4968540766285014
Maximum Dog Distance: 0.8323572602717105
Average Sheep Distance: 0.38267314877365116
Maximum Sheep Distance: 0.5386722619595431
Elapsed Time: 5m 17s
********** 1 **********
Average Fitness: 0.06199999999999999
Maximum Fitness: 0.23333333333333336
Average Pen Distance: 0.5027145132359445
Maximum Pen Distance: 0.7198052520054891
Average Dog Distance: 0.5785436000200583
Maximum Dog Distance: 0.8402656323020001
Average Sheep Distance: 0.3571798372924919
Maximum Sheep Distance: 0.43964908209381703
Elapsed Time: 10m 14s
********** 2 **********
Average Fitness: 0.07566666666666666
Maximum Fitness: 0.23333333333333336
Average Pen Distance: 0.49207073130426365
Maximum Pen Distance: 0.7815579757590854
Average Dog Distance: 0.574782119724047
Maximum Dog Distance: 0.8402656323020001
Average Sheep Distance: 0.3604353642613271
Maximum Sheep Distance: 0.4765457996540732
Elapsed Time: 5m 18s
********** 3 **********
Average Fitness: 0.08
Maximum Fitness: 0.23333333333333336
Average Pen Distance: 0.4805614181663713
Maximum Pen Distance: 0.7815579757590854
Average Dog Distance: 0.5616399827021685
Maximum Dog Distance: 0.8586886801154178
Average Sheep Distance: 0.35801723413550657
Maximum Sheep Distance: 0.4765457996540732
Elapsed Time: 5m 14s
********** 4 **********
Average Fitness: 0.08499999999999998
Maximum Fitness: 0.3333333333333333
Average Pen Distance: 0.5027816422727098
Maximum Pen Distance: 0.7815579757590854
Average Dog Distance: 0.5647643198672061
Maximum Dog Distance: 0.8586886801154178
Average Sheep Distance: 0.3626688911399482
Maximum Sheep Distance: 0.4765457996540732
Elapsed Time: 5m 21s
********** 5 **********
Average Fitness: 0.08199999999999999
Maximum Fitness: 0.3333333333333333
Average Pen Distance: 0.49020815319658523
Maximum Pen Distance: 0.7815579757590854
Average Dog Distance: 0.5524182716153135
Maximum Dog Distance: 0.8586886801154178
Average Sheep Distance: 0.36540298031679846
Maximum Sheep Distance: 0.4765457996540732
Elapsed Time: 5m 21s
********** 6 **********
Average Fitness: 0.08999999999999998
Maximum Fitness: 0.3333333333333333
Average Pen Distance: 0.48533277124845825
Maximum Pen Distance: 0.7815579757590854
Average Dog Distance: 0.564417850152431
Maximum Dog Distance: 0.8586886801154178
Average Sheep Distance: 0.3670680359585971
Maximum Sheep Distance: 0.4791817035422614
Elapsed Time: 5m 17s
********** 7 **********
Average Fitness: 0.08900000000000001
Maximum Fitness: 0.3333333333333333
Average Pen Distance: 0.4775413433249976
Maximum Pen Distance: 0.7815579757590854
Average Dog Distance: 0.5357412158439255
Maximum Dog Distance: 0.8377849342316203
Average Sheep Distance: 0.36902970740425944
Maximum Sheep Distance: 0.4817357296909545
Elapsed Time: 5m 17s
********** 8 **********
Average Fitness: 0.08766666666666664
Maximum Fitness: 0.3333333333333333
Average Pen Distance: 0.492368596061417
Maximum Pen Distance: 0.7815579757590854
Average Dog Distance: 0.5606790740143031
Maximum Dog Distance: 0.8377849342316203
Average Sheep Distance: 0.3676472160647596
Maximum Sheep Distance: 0.4817357296909545
Elapsed Time: 5m 16s
********** 9 **********
Average Fitness: 0.08899999999999998
Maximum Fitness: 0.3333333333333333
Average Pen Distance: 0.4963128220865977
Maximum Pen Distance: 0.7815579757590854
Average Dog Distance: 0.5509764174841686
Maximum Dog Distance: 0.8377849342316203
Average Sheep Distance: 0.3704610006130244
Maximum Sheep Distance: 0.5193575429245444
Elapsed Time: 5m 18s
********** 10 **********
Average Fitness: 0.07966666666666666
Maximum Fitness: 0.3333333333333333
Average Pen Distance: 0.4850593126348791
Maximum Pen Distance: 0.7815579757590854
Average Dog Distance: 0.5409833107422338
Maximum Dog Distance: 0.8468572534894129
Average Sheep Distance: 0.3700322299539216
Maximum Sheep Distance: 0.5356682167930358
Elapsed Time: 5m 16s
********** 11 **********
Average Fitness: 0.08699999999999998
Maximum Fitness: 0.3333333333333333
Average Pen Distance: 0.48594869215191766
Maximum Pen Distance: 0.7815579757590854
Average Dog Distance: 0.5448885367378086
Maximum Dog Distance: 0.8468572534894129
Average Sheep Distance: 0.36997481553567246
Maximum Sheep Distance: 0.5356682167930358
Elapsed Time: 5m 14s
********** 12 **********
Average Fitness: 0.08666666666666664
Maximum Fitness: 0.3333333333333333
Average Pen Distance: 0.47859114380257445
Maximum Pen Distance: 0.7815579757590854
Average Dog Distance: 0.528338616880114
Maximum Dog Distance: 0.8468572534894129
Average Sheep Distance: 0.36803477870499
Maximum Sheep Distance: 0.5356682167930358
Elapsed Time: 5m 16s
********** 13 **********
Average Fitness: 0.08099999999999997
Maximum Fitness: 0.3333333333333333
Average Pen Distance: 0.4933345396001814
Maximum Pen Distance: 0.7815579757590854
Average Dog Distance: 0.5269118512919835
Maximum Dog Distance: 0.8468572534894129
Average Sheep Distance: 0.3716849657315205
Maximum Sheep Distance: 0.5356682167930358
Elapsed Time: 5m 15s
********** 14 **********
Average Fitness: 0.08033333333333333
Maximum Fitness: 0.3333333333333333
Average Pen Distance: 0.5074228289454734
Maximum Pen Distance: 0.7815579757590854
Average Dog Distance: 0.5418979089138404
Maximum Dog Distance: 0.8468572534894129
Average Sheep Distance: 0.37421025246422973
Maximum Sheep Distance: 0.5356682167930358
Elapsed Time: 5m 15s
********** 15 **********
Average Fitness: 0.08899999999999998
Maximum Fitness: 0.3333333333333333
Average Pen Distance: 0.5002589670850288
Maximum Pen Distance: 0.7815579757590854
Average Dog Distance: 0.5279932143850141
Maximum Dog Distance: 0.8468572534894129
Average Sheep Distance: 0.3731259696595833
Maximum Sheep Distance: 0.5356682167930358
Elapsed Time: 5m 19s
********** 16 **********
Average Fitness: 0.08633333333333333
Maximum Fitness: 0.3333333333333333
Average Pen Distance: 0.4951524279992764
Maximum Pen Distance: 0.7865377921700429
Average Dog Distance: 0.5366094566851638
Maximum Dog Distance: 0.8483775165632669
Average Sheep Distance: 0.37221658154047055
Maximum Sheep Distance: 0.5356682167930358
Elapsed Time: 5m 17s
********** 17 **********
Average Fitness: 0.08933333333333332
Maximum Fitness: 0.3333333333333333
Average Pen Distance: 0.49091504151889864
Maximum Pen Distance: 0.7865377921700429
Average Dog Distance: 0.5316337108728104
Maximum Dog Distance: 0.8406031319411325
Average Sheep Distance: 0.3736139744080511
Maximum Sheep Distance: 0.5356682167930358
Elapsed Time: 5m 23s
********** 18 **********
Average Fitness: 0.09699999999999998
Maximum Fitness: 0.3333333333333333
Average Pen Distance: 0.48425923691380446
Maximum Pen Distance: 0.7865198965908101
Average Dog Distance: 0.5305129829825161
Maximum Dog Distance: 0.8406031319411325
Average Sheep Distance: 0.375240504318644
Maximum Sheep Distance: 0.5356682167930358
Elapsed Time: 5m 15s
********** 19 **********
Average Fitness: 0.10166666666666666
Maximum Fitness: 0.3666666666666667
Average Pen Distance: 0.48858732500052676
Maximum Pen Distance: 0.7865198965908101
Average Dog Distance: 0.5426426009009192
Maximum Dog Distance: 0.8419894307803077
Average Sheep Distance: 0.3790605347964994
Maximum Sheep Distance: 0.5356682167930358
Elapsed Time: 5m 20s
********** 20 **********
Average Fitness: 0.09166666666666666
Maximum Fitness: 0.3666666666666667
Average Pen Distance: 0.4903757966909894
Maximum Pen Distance: 0.8648639455528788
Average Dog Distance: 0.5198566180933372
Maximum Dog Distance: 0.8406031319411325
Average Sheep Distance: 0.37602620299834105
Maximum Sheep Distance: 0.5356682167930358
Elapsed Time: 5m 25s
********** 21 **********
Average Fitness: 0.08666666666666666
Maximum Fitness: 0.3666666666666667
Average Pen Distance: 0.5031386178195619
Maximum Pen Distance: 0.8648639455528788
Average Dog Distance: 0.5239169425137689
Maximum Dog Distance: 0.8406031319411325
Average Sheep Distance: 0.3754741145783563
Maximum Sheep Distance: 0.5356682167930358
Elapsed Time: 5m 19s
********** 22 **********
Average Fitness: 0.08866666666666666
Maximum Fitness: 0.3666666666666667
Average Pen Distance: 0.48964293864288533
Maximum Pen Distance: 0.8648639455528788
Average Dog Distance: 0.5381375715282367
Maximum Dog Distance: 0.8406031319411325
Average Sheep Distance: 0.3751596020893951
Maximum Sheep Distance: 0.5356682167930358
Elapsed Time: 5m 14s
********** 23 **********
Average Fitness: 0.08933333333333332
Maximum Fitness: 0.3666666666666667
Average Pen Distance: 0.49455039929332045
Maximum Pen Distance: 0.8648639455528788
Average Dog Distance: 0.5296885801235248
Maximum Dog Distance: 0.8377849342316203
Average Sheep Distance: 0.37288763162050403
Maximum Sheep Distance: 0.5356682167930358
Elapsed Time: 5m 17s
********** 24 **********
Average Fitness: 0.08833333333333332
Maximum Fitness: 0.3666666666666667
Average Pen Distance: 0.48723196582501105
Maximum Pen Distance: 0.8648639455528788
Average Dog Distance: 0.5293084472992873
Maximum Dog Distance: 0.8377849342316203
Average Sheep Distance: 0.37833249464486285
Maximum Sheep Distance: 0.5356682167930358
Elapsed Time: 5m 12s
********** 25 **********
Average Fitness: 0.09233333333333332
Maximum Fitness: 0.3666666666666667
Average Pen Distance: 0.48439258800287666
Maximum Pen Distance: 0.8648639455528788
Average Dog Distance: 0.5375542344659602
Maximum Dog Distance: 0.8413238216205832
Average Sheep Distance: 0.3761443560025966
Maximum Sheep Distance: 0.5356682167930358
Elapsed Time: 5m 21s
********** 26 **********
Average Fitness: 0.09033333333333332
Maximum Fitness: 0.3666666666666667
Average Pen Distance: 0.49368190406628565
Maximum Pen Distance: 0.8648639455528788
Average Dog Distance: 0.5194821944991609
Maximum Dog Distance: 0.8413238216205832
Average Sheep Distance: 0.3801797461877314
Maximum Sheep Distance: 0.5356682167930358
Elapsed Time: 5m 17s
********** 27 **********
Average Fitness: 0.08866666666666666
Maximum Fitness: 0.3333333333333333
Average Pen Distance: 0.49000521183711804
Maximum Pen Distance: 0.8648639455528788
Average Dog Distance: 0.5143573645247106
Maximum Dog Distance: 0.8413238216205832
Average Sheep Distance: 0.3770543177456176
Maximum Sheep Distance: 0.5356682167930358
Elapsed Time: 5m 15s
********** 28 **********
Average Fitness: 0.08266666666666665
Maximum Fitness: 0.3333333333333333
Average Pen Distance: 0.5111219586911
Maximum Pen Distance: 0.8648639455528788
Average Dog Distance: 0.53085060718378
Maximum Dog Distance: 0.8413238216205832
Average Sheep Distance: 0.38078704010392544
Maximum Sheep Distance: 0.5356682167930358
Elapsed Time: 5m 23s
********** 29 **********
Average Fitness: 0.08733333333333332
Maximum Fitness: 0.3333333333333333
Average Pen Distance: 0.505171094708174
Maximum Pen Distance: 0.8648639455528788
Average Dog Distance: 0.5244532150467368
Maximum Dog Distance: 0.8413238216205832
Average Sheep Distance: 0.38362556547965226
Maximum Sheep Distance: 0.5356682167930358
Elapsed Time: 5m 17s
********** 30 **********
Average Fitness: 0.09266666666666663
Maximum Fitness: 0.3333333333333333
Average Pen Distance: 0.4919363326421759
Maximum Pen Distance: 0.8648639455528788
Average Dog Distance: 0.5207830559812657
Maximum Dog Distance: 0.8413238216205832
Average Sheep Distance: 0.38284002258560357
Maximum Sheep Distance: 0.5356682167930358
Elapsed Time: 5m 22s
********** 31 **********
Average Fitness: 0.09199999999999997
Maximum Fitness: 0.3333333333333333
Average Pen Distance: 0.5045732536965845
Maximum Pen Distance: 0.8648639455528788
Average Dog Distance: 0.5128052813787644
Maximum Dog Distance: 0.820303388954852
Average Sheep Distance: 0.381806669125261
Maximum Sheep Distance: 0.5356682167930358
Elapsed Time: 5m 14s
********** 32 **********
Average Fitness: 0.09333333333333332
Maximum Fitness: 0.3333333333333333
Average Pen Distance: 0.4767476636023694
Maximum Pen Distance: 0.8648639455528788
Average Dog Distance: 0.5021000264887665
Maximum Dog Distance: 0.820303388954852
Average Sheep Distance: 0.3734790338541811
Maximum Sheep Distance: 0.5193575429245444
Elapsed Time: 5m 19s
********** 33 **********
Average Fitness: 0.09333333333333332
Maximum Fitness: 0.39999999999999997
Average Pen Distance: 0.4983773914772027
Maximum Pen Distance: 0.8648639455528788
Average Dog Distance: 0.5159703028209137
Maximum Dog Distance: 0.8454787492172788
Average Sheep Distance: 0.37487578316225656
Maximum Sheep Distance: 0.5193575429245444
Elapsed Time: 5m 26s
********** 34 **********
Average Fitness: 0.09533333333333331
Maximum Fitness: 0.39999999999999997
Average Pen Distance: 0.4922054477057082
Maximum Pen Distance: 0.8648639455528788
Average Dog Distance: 0.5032296950595808
Maximum Dog Distance: 0.820303388954852
Average Sheep Distance: 0.37427656434221424
Maximum Sheep Distance: 0.5193575429245444
Elapsed Time: 5m 21s
********** 35 **********
Average Fitness: 0.09499999999999999
Maximum Fitness: 0.39999999999999997
Average Pen Distance: 0.47715179820004117
Maximum Pen Distance: 0.8648639455528788
Average Dog Distance: 0.5088518707180171
Maximum Dog Distance: 0.8720157498428914
Average Sheep Distance: 0.3775906364639436
Maximum Sheep Distance: 0.5193575429245444
Elapsed Time: 5m 21s
********** 36 **********
Average Fitness: 0.08966666666666664
Maximum Fitness: 0.3333333333333333
Average Pen Distance: 0.4876991999542781
Maximum Pen Distance: 0.8648639455528788
Average Dog Distance: 0.5049872960791362
Maximum Dog Distance: 0.8720157498428914
Average Sheep Distance: 0.37664745710336817
Maximum Sheep Distance: 0.5193575429245444
Elapsed Time: 5m 19s
********** 37 **********
Average Fitness: 0.09366666666666665
Maximum Fitness: 0.3333333333333333
Average Pen Distance: 0.4766608082066235
Maximum Pen Distance: 0.8648639455528788
Average Dog Distance: 0.49568923926236397
Maximum Dog Distance: 0.8720157498428914
Average Sheep Distance: 0.37463422573932453
Maximum Sheep Distance: 0.5193575429245444
Elapsed Time: 5m 19s
********** 38 **********
Average Fitness: 0.09799999999999999
Maximum Fitness: 0.3333333333333333
Average Pen Distance: 0.4758763214978853
Maximum Pen Distance: 0.8648639455528788
Average Dog Distance: 0.514446858557528
Maximum Dog Distance: 0.8720157498428914
Average Sheep Distance: 0.37621762061678105
Maximum Sheep Distance: 0.5193575429245444
Elapsed Time: 5m 19s
********** 39 **********
Average Fitness: 0.09899999999999999
Maximum Fitness: 0.3333333333333333
Average Pen Distance: 0.4554471315607182
Maximum Pen Distance: 0.8648639455528788
Average Dog Distance: 0.4985637697034733
Maximum Dog Distance: 0.8720157498428914
Average Sheep Distance: 0.3767542454837999
Maximum Sheep Distance: 0.5193575429245444
Elapsed Time: 5m 20s
********** 40 **********
Average Fitness: 0.09966666666666665
Maximum Fitness: 0.3333333333333333
Average Pen Distance: 0.47224839118136386
Maximum Pen Distance: 0.8648639455528788
Average Dog Distance: 0.5005287997608117
Maximum Dog Distance: 0.8720157498428914
Average Sheep Distance: 0.3723198959814672
Maximum Sheep Distance: 0.5193575429245444
Elapsed Time: 5m 19s
********** 41 **********
Average Fitness: 0.09833333333333333
Maximum Fitness: 0.3333333333333333
Average Pen Distance: 0.47219578417815244
Maximum Pen Distance: 0.8648639455528788
Average Dog Distance: 0.5163733244547191
Maximum Dog Distance: 0.8720157498428914
Average Sheep Distance: 0.3759860798405241
Maximum Sheep Distance: 0.5285928516370315
Elapsed Time: 5m 20s
********** 42 **********
Average Fitness: 0.09599999999999997
Maximum Fitness: 0.3333333333333333
Average Pen Distance: 0.48571429094356683
Maximum Pen Distance: 0.8648639455528788
Average Dog Distance: 0.5180737387147425
Maximum Dog Distance: 0.8720157498428914
Average Sheep Distance: 0.3770467240190104
Maximum Sheep Distance: 0.5285928516370315
Elapsed Time: 5m 29s
********** 43 **********
Average Fitness: 0.09266666666666666
Maximum Fitness: 0.3333333333333333
Average Pen Distance: 0.48261161756198745
Maximum Pen Distance: 0.8254854399642495
Average Dog Distance: 0.5023644415184313
Maximum Dog Distance: 0.8720157498428914
Average Sheep Distance: 0.37766341825612953
Maximum Sheep Distance: 0.5285928516370315
Elapsed Time: 5m 15s
********** 44 **********
Average Fitness: 0.096
Maximum Fitness: 0.3333333333333333
Average Pen Distance: 0.48131104186419127
Maximum Pen Distance: 0.8374762077248956
Average Dog Distance: 0.5054304749977464
Maximum Dog Distance: 0.8720157498428914
Average Sheep Distance: 0.3763659681801263
Maximum Sheep Distance: 0.5285928516370315
Elapsed Time: 5m 16s
********** 45 **********
Average Fitness: 0.08966666666666667
Maximum Fitness: 0.3333333333333333
Average Pen Distance: 0.4920408785526293
Maximum Pen Distance: 0.8374762077248956
Average Dog Distance: 0.5068701172574879
Maximum Dog Distance: 0.8720157498428914
Average Sheep Distance: 0.37778957125600904
Maximum Sheep Distance: 0.5285928516370315
Elapsed Time: 5m 16s
********** 46 **********
Average Fitness: 0.087
Maximum Fitness: 0.3333333333333333
Average Pen Distance: 0.49612067814323124
Maximum Pen Distance: 0.8520616056272329
Average Dog Distance: 0.5148898565774767
Maximum Dog Distance: 0.8720157498428914
Average Sheep Distance: 0.37719435725265377
Maximum Sheep Distance: 0.5285928516370315
Elapsed Time: 5m 23s
********** 47 **********
Average Fitness: 0.08599999999999998
Maximum Fitness: 0.3333333333333333
Average Pen Distance: 0.49768474636739646
Maximum Pen Distance: 0.8520616056272329
Average Dog Distance: 0.5038939803764394
Maximum Dog Distance: 0.8720157498428914
Average Sheep Distance: 0.3736237844100123
Maximum Sheep Distance: 0.5285928516370315
Elapsed Time: 5m 13s
********** 48 **********
Average Fitness: 0.08433333333333332
Maximum Fitness: 0.3333333333333333
Average Pen Distance: 0.4892820167008709
Maximum Pen Distance: 0.8520616056272329
Average Dog Distance: 0.49586345400873844
Maximum Dog Distance: 0.8720157498428914
Average Sheep Distance: 0.3720993318329133
Maximum Sheep Distance: 0.5285928516370315
Elapsed Time: 5m 16s
********** 49 **********
Average Fitness: 0.09033333333333332
Maximum Fitness: 0.3333333333333333
Average Pen Distance: 0.49410660983104504
Maximum Pen Distance: 0.8520616056272329
Average Dog Distance: 0.5023415219928613
Maximum Dog Distance: 0.8720157498428914
Average Sheep Distance: 0.37817712737637454
Maximum Sheep Distance: 0.5285928516370315
Elapsed Time: 5m 21s
********** 50 **********
Average Fitness: 0.09033333333333333
Maximum Fitness: 0.26666666666666666
Average Pen Distance: 0.48406758669470046
Maximum Pen Distance: 0.8520616056272329
Average Dog Distance: 0.4919348266093712
Maximum Dog Distance: 0.860819481986162
Average Sheep Distance: 0.37709980046721925
Maximum Sheep Distance: 0.5285928516370315
Elapsed Time: 5m 20s
********** 51 **********
Average Fitness: 0.09666666666666666
Maximum Fitness: 0.26666666666666666
Average Pen Distance: 0.48256216998336127
Maximum Pen Distance: 0.8520616056272329
Average Dog Distance: 0.5032106257154014
Maximum Dog Distance: 0.860819481986162
Average Sheep Distance: 0.3819641686718161
Maximum Sheep Distance: 0.5285928516370315
Elapsed Time: 5m 24s
********** 52 **********
Average Fitness: 0.08799999999999997
Maximum Fitness: 0.26666666666666666
Average Pen Distance: 0.48937910346831126
Maximum Pen Distance: 0.8520616056272329
Average Dog Distance: 0.47978207296869024
Maximum Dog Distance: 0.860819481986162
Average Sheep Distance: 0.3799269010621397
Maximum Sheep Distance: 0.5285928516370315
Elapsed Time: 5m 25s
********** 53 **********
Average Fitness: 0.08666666666666664
Maximum Fitness: 0.26666666666666666
Average Pen Distance: 0.49955049623231496
Maximum Pen Distance: 0.8520616056272329
Average Dog Distance: 0.4851275605482543
Maximum Dog Distance: 0.860819481986162
Average Sheep Distance: 0.3831474623474391
Maximum Sheep Distance: 0.5285928516370315
Elapsed Time: 5m 19s
********** 54 **********
Average Fitness: 0.08966666666666664
Maximum Fitness: 0.26666666666666666
Average Pen Distance: 0.489618390019664
Maximum Pen Distance: 0.8520616056272329
Average Dog Distance: 0.4991403321910927
Maximum Dog Distance: 0.860819481986162
Average Sheep Distance: 0.3812463781912816
Maximum Sheep Distance: 0.5285928516370315
Elapsed Time: 5m 24s
********** 55 **********
Average Fitness: 0.09233333333333332
Maximum Fitness: 0.26666666666666666
Average Pen Distance: 0.4670264913898674
Maximum Pen Distance: 0.8520616056272329
Average Dog Distance: 0.48942596215774714
Maximum Dog Distance: 0.860819481986162
Average Sheep Distance: 0.3769864309982629
Maximum Sheep Distance: 0.5285928516370315
Elapsed Time: 5m 19s
********** 56 **********
Average Fitness: 0.08766666666666667
Maximum Fitness: 0.3
Average Pen Distance: 0.5005223197531214
Maximum Pen Distance: 0.8520616056272329
Average Dog Distance: 0.4970516604176315
Maximum Dog Distance: 0.860819481986162
Average Sheep Distance: 0.3821884577149634
Maximum Sheep Distance: 0.5285928516370315
Elapsed Time: 5m 20s
********** 57 **********
Average Fitness: 0.08933333333333333
Maximum Fitness: 0.3
Average Pen Distance: 0.4737791871975866
Maximum Pen Distance: 0.8520616056272329
Average Dog Distance: 0.4755065047482858
Maximum Dog Distance: 0.860819481986162
Average Sheep Distance: 0.3758501709876985
Maximum Sheep Distance: 0.5285928516370315
Elapsed Time: 5m 19s
********** 58 **********
Average Fitness: 0.09133333333333332
Maximum Fitness: 0.3
Average Pen Distance: 0.4854974938439156
Maximum Pen Distance: 0.8520616056272329
Average Dog Distance: 0.500829377687088
Maximum Dog Distance: 0.860819481986162
Average Sheep Distance: 0.37849335584718885
Maximum Sheep Distance: 0.5285928516370315
Elapsed Time: 5m 15s
********** 59 **********
Average Fitness: 0.09766666666666665
Maximum Fitness: 0.4000000000000001
Average Pen Distance: 0.49118844728257727
Maximum Pen Distance: 0.8520616056272329
Average Dog Distance: 0.48186917489018605
Maximum Dog Distance: 0.860819481986162
Average Sheep Distance: 0.38115046236814626
Maximum Sheep Distance: 0.5285928516370315
Elapsed Time: 5m 13s
********** 60 **********
Average Fitness: 0.08833333333333332
Maximum Fitness: 0.4000000000000001
Average Pen Distance: 0.4942266638735015
Maximum Pen Distance: 0.8520616056272329
Average Dog Distance: 0.4834517340009292
Maximum Dog Distance: 0.860819481986162
Average Sheep Distance: 0.3808020790057825
Maximum Sheep Distance: 0.5285928516370315
Elapsed Time: 5m 22s
********** 61 **********
Average Fitness: 0.08966666666666667
Maximum Fitness: 0.4000000000000001
Average Pen Distance: 0.4932165001013065
Maximum Pen Distance: 0.8520616056272329
Average Dog Distance: 0.5077300296786746
Maximum Dog Distance: 0.860819481986162
Average Sheep Distance: 0.3796778678766883
Maximum Sheep Distance: 0.5285928516370315
Elapsed Time: 5m 16s
********** 62 **********
Average Fitness: 0.09033333333333333
Maximum Fitness: 0.4000000000000001
Average Pen Distance: 0.49476953034046134
Maximum Pen Distance: 0.8520616056272329
Average Dog Distance: 0.49136754829070617
Maximum Dog Distance: 0.860819481986162
Average Sheep Distance: 0.3796779014371655
Maximum Sheep Distance: 0.5285928516370315
Elapsed Time: 5m 18s
********** 63 **********
Average Fitness: 0.08866666666666666
Maximum Fitness: 0.4000000000000001
Average Pen Distance: 0.49957539532549794
Maximum Pen Distance: 0.8520616056272329
Average Dog Distance: 0.49619285540514524
Maximum Dog Distance: 0.860819481986162
Average Sheep Distance: 0.37952922230538233
Maximum Sheep Distance: 0.5238374444035551
Elapsed Time: 5m 23s
********** 64 **********
Average Fitness: 0.088
Maximum Fitness: 0.4000000000000001
Average Pen Distance: 0.47335927403353817
Maximum Pen Distance: 0.8520616056272329
Average Dog Distance: 0.48809391235078076
Maximum Dog Distance: 0.860819481986162
Average Sheep Distance: 0.377357603922885
Maximum Sheep Distance: 0.5238374444035551
Elapsed Time: 5m 18s
********** 65 **********
Average Fitness: 0.08633333333333332
Maximum Fitness: 0.4000000000000001
Average Pen Distance: 0.4871593065590597
Maximum Pen Distance: 0.8520616056272329
Average Dog Distance: 0.49088414414460296
Maximum Dog Distance: 0.860819481986162
Average Sheep Distance: 0.38097597675587147
Maximum Sheep Distance: 0.5238374444035551
Elapsed Time: 5m 22s
********** 66 **********
Average Fitness: 0.09333333333333334
Maximum Fitness: 0.4000000000000001
Average Pen Distance: 0.47605861948700656
Maximum Pen Distance: 0.8520616056272329
Average Dog Distance: 0.503657352013075
Maximum Dog Distance: 0.860819481986162
Average Sheep Distance: 0.3772669045305645
Maximum Sheep Distance: 0.5308106766961208
Elapsed Time: 5m 24s
********** 67 **********
Average Fitness: 0.08899999999999998
Maximum Fitness: 0.4000000000000001
Average Pen Distance: 0.49876010089668676
Maximum Pen Distance: 0.8520616056272329
Average Dog Distance: 0.4847944542324381
Maximum Dog Distance: 0.8654479733381204
Average Sheep Distance: 0.37856838495563894
Maximum Sheep Distance: 0.5308106766961208
Elapsed Time: 5m 19s
********** 68 **********
Average Fitness: 0.08766666666666666
Maximum Fitness: 0.4000000000000001
Average Pen Distance: 0.48322349198793046
Maximum Pen Distance: 0.8520616056272329
Average Dog Distance: 0.5198058513760775
Maximum Dog Distance: 0.8654479733381204
Average Sheep Distance: 0.3734683291704616
Maximum Sheep Distance: 0.5308106766961208
Elapsed Time: 5m 19s
********** 69 **********
Average Fitness: 0.08399999999999999
Maximum Fitness: 0.4000000000000001
Average Pen Distance: 0.5100127570600582
Maximum Pen Distance: 0.8520616056272329
Average Dog Distance: 0.5020753347442423
Maximum Dog Distance: 0.8654479733381204
Average Sheep Distance: 0.3811922062232261
Maximum Sheep Distance: 0.5308106766961208
Elapsed Time: 5m 11s
********** 70 **********
Average Fitness: 0.09066666666666666
Maximum Fitness: 0.4000000000000001
Average Pen Distance: 0.4838557726984389
Maximum Pen Distance: 0.8520616056272329
Average Dog Distance: 0.5114991278704661
Maximum Dog Distance: 0.8654479733381204
Average Sheep Distance: 0.3781420197254417
Maximum Sheep Distance: 0.5308106766961208
Elapsed Time: 5m 17s
********** 71 **********
Average Fitness: 0.08399999999999999
Maximum Fitness: 0.3333333333333333
Average Pen Distance: 0.49346834933970185
Maximum Pen Distance: 0.8522681902497324
Average Dog Distance: 0.49881928052921887
Maximum Dog Distance: 0.8654479733381204
Average Sheep Distance: 0.37546263055412055
Maximum Sheep Distance: 0.5308106766961208
Elapsed Time: 5m 11s
********** 72 **********
Average Fitness: 0.08566666666666667
Maximum Fitness: 0.3333333333333333
Average Pen Distance: 0.5005179028938338
Maximum Pen Distance: 0.8522681902497324
Average Dog Distance: 0.505397972008161
Maximum Dog Distance: 0.8672181301957606
Average Sheep Distance: 0.3771553199604372
Maximum Sheep Distance: 0.5308106766961208
Elapsed Time: 5m 24s
********** 73 **********
Average Fitness: 0.09033333333333332
Maximum Fitness: 0.3333333333333333
Average Pen Distance: 0.49808556004854965
Maximum Pen Distance: 0.8522681902497324
Average Dog Distance: 0.48665259978104186
Maximum Dog Distance: 0.8654479733381204
Average Sheep Distance: 0.3792212929126081
Maximum Sheep Distance: 0.5308106766961208
Elapsed Time: 5m 15s
********** 74 **********
Average Fitness: 0.09033333333333333
Maximum Fitness: 0.3333333333333333
Average Pen Distance: 0.5000566634393084
Maximum Pen Distance: 0.8522681902497324
Average Dog Distance: 0.505844250800249
Maximum Dog Distance: 0.8654479733381204
Average Sheep Distance: 0.3742282889468108
Maximum Sheep Distance: 0.5308106766961208
Elapsed Time: 5m 12s
********** 75 **********
Average Fitness: 0.08533333333333333
Maximum Fitness: 0.3333333333333333
Average Pen Distance: 0.4955359795734322
Maximum Pen Distance: 0.8522681902497324
Average Dog Distance: 0.49576748994847253
Maximum Dog Distance: 0.860819481986162
Average Sheep Distance: 0.37637044568035344
Maximum Sheep Distance: 0.5308106766961208
Elapsed Time: 5m 19s
********** 76 **********
Average Fitness: 0.08766666666666666
Maximum Fitness: 0.3333333333333333
Average Pen Distance: 0.5196127522178045
Maximum Pen Distance: 0.8659109025073771
Average Dog Distance: 0.4958305368579545
Maximum Dog Distance: 0.860819481986162
Average Sheep Distance: 0.37775494708681534
Maximum Sheep Distance: 0.5308106766961208
Elapsed Time: 5m 15s
********** 77 **********
Average Fitness: 0.092
Maximum Fitness: 0.3333333333333333
Average Pen Distance: 0.5187033009233524
Maximum Pen Distance: 0.8659109025073771
Average Dog Distance: 0.49661648595673435
Maximum Dog Distance: 0.860819481986162
Average Sheep Distance: 0.3865468735456555
Maximum Sheep Distance: 0.5308106766961208
Elapsed Time: 5m 17s
********** 78 **********
Average Fitness: 0.08366666666666665
Maximum Fitness: 0.3
Average Pen Distance: 0.498711702423704
Maximum Pen Distance: 0.8659109025073771
Average Dog Distance: 0.47920244932029055
Maximum Dog Distance: 0.860819481986162
Average Sheep Distance: 0.3755185895342897
Maximum Sheep Distance: 0.5308106766961208
Elapsed Time: 5m 17s
********** 79 **********
Average Fitness: 0.08099999999999997
Maximum Fitness: 0.3
Average Pen Distance: 0.5325315963973969
Maximum Pen Distance: 0.8659109025073771
Average Dog Distance: 0.5078993026344304
Maximum Dog Distance: 0.860819481986162
Average Sheep Distance: 0.3764498858618564
Maximum Sheep Distance: 0.5308106766961208
Elapsed Time: 5m 18s
********** 80 **********
Average Fitness: 0.08233333333333333
Maximum Fitness: 0.3
Average Pen Distance: 0.5089490151102651
Maximum Pen Distance: 0.8659109025073771
Average Dog Distance: 0.4862109755481345
Maximum Dog Distance: 0.860819481986162
Average Sheep Distance: 0.3730402188503794
Maximum Sheep Distance: 0.5308106766961208
Elapsed Time: 5m 20s
********** 81 **********
Average Fitness: 0.08733333333333332
Maximum Fitness: 0.3
Average Pen Distance: 0.5280553970541785
Maximum Pen Distance: 0.8659109025073771
Average Dog Distance: 0.49328373791083413
Maximum Dog Distance: 0.860819481986162
Average Sheep Distance: 0.3777813352650083
Maximum Sheep Distance: 0.5308106766961208
Elapsed Time: 5m 15s
********** 82 **********
Average Fitness: 0.091
Maximum Fitness: 0.3
Average Pen Distance: 0.5189473827355396
Maximum Pen Distance: 0.8659109025073771
Average Dog Distance: 0.47455038523117793
Maximum Dog Distance: 0.860819481986162
Average Sheep Distance: 0.3792082533278495
Maximum Sheep Distance: 0.5414445747159801
Elapsed Time: 5m 12s
********** 83 **********
Average Fitness: 0.09233333333333332
Maximum Fitness: 0.3
Average Pen Distance: 0.5075782607296204
Maximum Pen Distance: 0.8638469657021589
Average Dog Distance: 0.4838273562086633
Maximum Dog Distance: 0.860819481986162
Average Sheep Distance: 0.3765572360923086
Maximum Sheep Distance: 0.5414445747159801
Elapsed Time: 5m 21s
********** 84 **********
Average Fitness: 0.102
Maximum Fitness: 0.3
Average Pen Distance: 0.49260157820947725
Maximum Pen Distance: 0.8638469657021589
Average Dog Distance: 0.5057454793657816
Maximum Dog Distance: 0.860819481986162
Average Sheep Distance: 0.3734899650791318
Maximum Sheep Distance: 0.5414445747159801
Elapsed Time: 5m 25s
********** 85 **********
Average Fitness: 0.10099999999999999
Maximum Fitness: 0.3666666666666667
Average Pen Distance: 0.5022381924774637
Maximum Pen Distance: 0.8638469657021589
Average Dog Distance: 0.4996266832328009
Maximum Dog Distance: 0.860819481986162
Average Sheep Distance: 0.37592107686466514
Maximum Sheep Distance: 0.5414445747159801
Elapsed Time: 5m 15s
********** 86 **********
Average Fitness: 0.09433333333333332
Maximum Fitness: 0.3666666666666667
Average Pen Distance: 0.4980341406103287
Maximum Pen Distance: 0.8638469657021589
Average Dog Distance: 0.4958965979813691
Maximum Dog Distance: 0.860819481986162
Average Sheep Distance: 0.37384064925486643
Maximum Sheep Distance: 0.5414445747159801
Elapsed Time: 5m 19s
********** 87 **********
Average Fitness: 0.09233333333333332
Maximum Fitness: 0.3666666666666667
Average Pen Distance: 0.5165926479042905
Maximum Pen Distance: 0.8638469657021589
Average Dog Distance: 0.5077078004013705
Maximum Dog Distance: 0.860819481986162
Average Sheep Distance: 0.37909339502405115
Maximum Sheep Distance: 0.5414445747159801
Elapsed Time: 5m 18s
********** 88 **********
Average Fitness: 0.08966666666666664
Maximum Fitness: 0.3333333333333333
Average Pen Distance: 0.5065561777648974
Maximum Pen Distance: 0.8638469657021589
Average Dog Distance: 0.4821968435102395
Maximum Dog Distance: 0.860819481986162
Average Sheep Distance: 0.3797434940570044
Maximum Sheep Distance: 0.5414445747159801
Elapsed Time: 5m 18s
********** 89 **********
Average Fitness: 0.092
Maximum Fitness: 0.46666666666666673
Average Pen Distance: 0.5174785180855086
Maximum Pen Distance: 0.8638469657021589
Average Dog Distance: 0.5172363030311713
Maximum Dog Distance: 0.8352656046830008
Average Sheep Distance: 0.3810931537093387
Maximum Sheep Distance: 0.5414445747159801
Elapsed Time: 5m 22s
********** 90 **********
Average Fitness: 0.091
Maximum Fitness: 0.46666666666666673
Average Pen Distance: 0.5022059311046433
Maximum Pen Distance: 0.8638469657021589
Average Dog Distance: 0.5167295677488588
Maximum Dog Distance: 0.8352656046830008
Average Sheep Distance: 0.37891613670502805
Maximum Sheep Distance: 0.5414445747159801
Elapsed Time: 5m 24s
********** 91 **********
Average Fitness: 0.08133333333333333
Maximum Fitness: 0.3333333333333333
Average Pen Distance: 0.5175890422373122
Maximum Pen Distance: 0.8746108315931614
Average Dog Distance: 0.48922662277869294
Maximum Dog Distance: 0.8352656046830008
Average Sheep Distance: 0.3814937924497381
Maximum Sheep Distance: 0.5414445747159801
Elapsed Time: 5m 22s
********** 92 **********
Average Fitness: 0.08399999999999999
Maximum Fitness: 0.3333333333333333
Average Pen Distance: 0.5182810511831116
Maximum Pen Distance: 0.8746108315931614
Average Dog Distance: 0.5097019501414721
Maximum Dog Distance: 0.8352656046830008
Average Sheep Distance: 0.38323739879183927
Maximum Sheep Distance: 0.5414445747159801
Elapsed Time: 5m 23s
********** 93 **********
Average Fitness: 0.08966666666666664
Maximum Fitness: 0.3333333333333333
Average Pen Distance: 0.49533064883880895
Maximum Pen Distance: 0.8746108315931614
Average Dog Distance: 0.4873806411269441
Maximum Dog Distance: 0.7883225617636797
Average Sheep Distance: 0.38222147366518816
Maximum Sheep Distance: 0.5457845868463481
Elapsed Time: 5m 18s
********** 94 **********
Average Fitness: 0.08933333333333333
Maximum Fitness: 0.3333333333333333
Average Pen Distance: 0.511263188026071
Maximum Pen Distance: 0.8749579928015695
Average Dog Distance: 0.5121357386335589
Maximum Dog Distance: 0.8186636731386412
Average Sheep Distance: 0.3796101883674751
Maximum Sheep Distance: 0.5414445747159801
Elapsed Time: 5m 15s
********** 95 **********
Average Fitness: 0.08900000000000001
Maximum Fitness: 0.3333333333333333
Average Pen Distance: 0.5060482891614267
Maximum Pen Distance: 0.8749579928015695
Average Dog Distance: 0.4923624736238844
Maximum Dog Distance: 0.7883225617636797
Average Sheep Distance: 0.3770162893426418
Maximum Sheep Distance: 0.5414445747159801
Elapsed Time: 5m 20s
********** 96 **********
Average Fitness: 0.08433333333333332
Maximum Fitness: 0.3333333333333333
Average Pen Distance: 0.5198977725339524
Maximum Pen Distance: 0.8749579928015695
Average Dog Distance: 0.4984361976304504
Maximum Dog Distance: 0.7883225617636797
Average Sheep Distance: 0.38539182487266965
Maximum Sheep Distance: 0.552659882004935
Elapsed Time: 5m 18s
********** 97 **********
Average Fitness: 0.09233333333333332
Maximum Fitness: 0.3333333333333333
Average Pen Distance: 0.49060853547439487
Maximum Pen Distance: 0.8638469657021589
Average Dog Distance: 0.4967663053063436
Maximum Dog Distance: 0.8116317134120722
Average Sheep Distance: 0.38177191079576367
Maximum Sheep Distance: 0.552659882004935
Elapsed Time: 5m 13s
********** 98 **********
Average Fitness: 0.08799999999999997
Maximum Fitness: 0.3333333333333333
Average Pen Distance: 0.5103717885803225
Maximum Pen Distance: 0.8638469657021589
Average Dog Distance: 0.5039406399317089
Maximum Dog Distance: 0.7883225617636797
Average Sheep Distance: 0.38020097611414216
Maximum Sheep Distance: 0.552659882004935
Elapsed Time: 5m 14s
********** 99 **********
Average Fitness: 0.08533333333333333
Maximum Fitness: 0.3333333333333333
Average Pen Distance: 0.4943743850754676
Maximum Pen Distance: 0.8638469657021589
Average Dog Distance: 0.4939411873760429
Maximum Dog Distance: 0.8210357278038045
Average Sheep Distance: 0.38598238062313656
Maximum Sheep Distance: 0.552659882004935
Elapsed Time: 5m 14s
********** 100 **********
Average Fitness: 0.09233333333333332
Maximum Fitness: 0.3333333333333333
Average Pen Distance: 0.479077123205763
Maximum Pen Distance: 0.8638469657021589
Average Dog Distance: 0.5022162528558949
Maximum Dog Distance: 0.8565070509258453
Average Sheep Distance: 0.38213926247431884
Maximum Sheep Distance: 0.552659882004935
Elapsed Time: 5m 13s
********** 1 **********
Average Fitness: 0.06899999999999999
Maximum Fitness: 0.26666666666666666
Average Pen Distance: 0.514780382953002
Maximum Pen Distance: 0.7169737958036588
Average Dog Distance: 0.6004154640719073
Maximum Dog Distance: 0.8283337453084956
Average Sheep Distance: 0.3613282065886294
Maximum Sheep Distance: 0.4555057135292997
Elapsed Time: 10m 41s
********** 2 **********
Average Fitness: 0.06666666666666667
Maximum Fitness: 0.26666666666666666
Average Pen Distance: 0.505070899781173
Maximum Pen Distance: 0.7169737958036588
Average Dog Distance: 0.574140117532896
Maximum Dog Distance: 0.8283337453084956
Average Sheep Distance: 0.35914660818499106
Maximum Sheep Distance: 0.45927175787258373
Elapsed Time: 5m 16s
********** 3 **********
Average Fitness: 0.06833333333333332
Maximum Fitness: 0.26666666666666666
Average Pen Distance: 0.4984505135131364
Maximum Pen Distance: 0.7513955167757406
Average Dog Distance: 0.5585565812239077
Maximum Dog Distance: 0.8283337453084956
Average Sheep Distance: 0.3606660627916953
Maximum Sheep Distance: 0.4916024034426965
Elapsed Time: 5m 17s
********** 4 **********
Average Fitness: 0.06899999999999999
Maximum Fitness: 0.26666666666666666
Average Pen Distance: 0.5086258044805819
Maximum Pen Distance: 0.7825354827890675
Average Dog Distance: 0.5499958889914724
Maximum Dog Distance: 0.8923123414050821
Average Sheep Distance: 0.36248867076080843
Maximum Sheep Distance: 0.4916024034426965
Elapsed Time: 5m 18s
********** 5 **********
Average Fitness: 0.068
Maximum Fitness: 0.26666666666666666
Average Pen Distance: 0.5061288749979432
Maximum Pen Distance: 0.7825354827890675
Average Dog Distance: 0.5620952824647615
Maximum Dog Distance: 0.8923123414050821
Average Sheep Distance: 0.3661554196744342
Maximum Sheep Distance: 0.5079640184189445
Elapsed Time: 5m 14s
********** 6 **********
Average Fitness: 0.072
Maximum Fitness: 0.26666666666666666
Average Pen Distance: 0.5057848059520947
Maximum Pen Distance: 0.7825354827890675
Average Dog Distance: 0.5373266381092044
Maximum Dog Distance: 0.8923123414050821
Average Sheep Distance: 0.36532252589827235
Maximum Sheep Distance: 0.5079640184189445
Elapsed Time: 5m 10s
********** 7 **********
Average Fitness: 0.075
Maximum Fitness: 0.26666666666666666
Average Pen Distance: 0.5068644255301495
Maximum Pen Distance: 0.7812882517165161
Average Dog Distance: 0.5618508318365807
Maximum Dog Distance: 0.8923123414050821
Average Sheep Distance: 0.3676612964022876
Maximum Sheep Distance: 0.5079640184189445
Elapsed Time: 5m 18s
********** 8 **********
Average Fitness: 0.09066666666666665
Maximum Fitness: 0.26666666666666666
Average Pen Distance: 0.4949830868088834
Maximum Pen Distance: 0.7812882517165161
Average Dog Distance: 0.553932586195906
Maximum Dog Distance: 0.8923123414050821
Average Sheep Distance: 0.36622472138833745
Maximum Sheep Distance: 0.5079640184189445
Elapsed Time: 5m 16s
********** 9 **********
Average Fitness: 0.088
Maximum Fitness: 0.26666666666666666
Average Pen Distance: 0.5064221322975652
Maximum Pen Distance: 0.7812882517165161
Average Dog Distance: 0.5454603951866738
Maximum Dog Distance: 0.8931469651468067
Average Sheep Distance: 0.37168368152518283
Maximum Sheep Distance: 0.5079640184189445
Elapsed Time: 5m 14s
********** 10 **********
Average Fitness: 0.08633333333333333
Maximum Fitness: 0.26666666666666666
Average Pen Distance: 0.5018344542844196
Maximum Pen Distance: 0.7812882517165161
Average Dog Distance: 0.5367217580986482
Maximum Dog Distance: 0.8931469651468067
Average Sheep Distance: 0.36871422234513745
Maximum Sheep Distance: 0.5079640184189445
Elapsed Time: 5m 15s
********** 11 **********
Average Fitness: 0.08299999999999999
Maximum Fitness: 0.26666666666666666
Average Pen Distance: 0.5107903536237286
Maximum Pen Distance: 0.7998545996657612
Average Dog Distance: 0.5547986130480365
Maximum Dog Distance: 0.8648632686939709
Average Sheep Distance: 0.36844637506674127
Maximum Sheep Distance: 0.5079640184189445
Elapsed Time: 5m 16s
********** 12 **********
Average Fitness: 0.08866666666666666
Maximum Fitness: 0.39999999999999997
Average Pen Distance: 0.5097127827039069
Maximum Pen Distance: 0.7998545996657612
Average Dog Distance: 0.5374740905295511
Maximum Dog Distance: 0.8769148841460469
Average Sheep Distance: 0.3725893480373694
Maximum Sheep Distance: 0.5079640184189445
Elapsed Time: 5m 16s
********** 13 **********
Average Fitness: 0.08399999999999999
Maximum Fitness: 0.39999999999999997
Average Pen Distance: 0.5019881215179273
Maximum Pen Distance: 0.7998545996657612
Average Dog Distance: 0.5582331836765125
Maximum Dog Distance: 0.8769148841460469
Average Sheep Distance: 0.372948894642652
Maximum Sheep Distance: 0.5079640184189445
Elapsed Time: 5m 18s
********** 14 **********
Average Fitness: 0.08866666666666666
Maximum Fitness: 0.39999999999999997
Average Pen Distance: 0.5025784437860624
Maximum Pen Distance: 0.7998545996657612
Average Dog Distance: 0.5725141379349152
Maximum Dog Distance: 0.8968036580124067
Average Sheep Distance: 0.3710979914857198
Maximum Sheep Distance: 0.5079640184189445
Elapsed Time: 5m 19s
********** 15 **********
Average Fitness: 0.08866666666666667
Maximum Fitness: 0.39999999999999997
Average Pen Distance: 0.4816439033356761
Maximum Pen Distance: 0.7998545996657612
Average Dog Distance: 0.5426150979309106
Maximum Dog Distance: 0.8968036580124067
Average Sheep Distance: 0.3688318309427599
Maximum Sheep Distance: 0.5079640184189445
Elapsed Time: 5m 11s
********** 16 **********
Average Fitness: 0.08333333333333331
Maximum Fitness: 0.39999999999999997
Average Pen Distance: 0.48924702073635323
Maximum Pen Distance: 0.7998545996657612
Average Dog Distance: 0.5607245734535738
Maximum Dog Distance: 0.8968036580124067
Average Sheep Distance: 0.36566329810995785
Maximum Sheep Distance: 0.5079640184189445
Elapsed Time: 5m 20s
********** 17 **********
Average Fitness: 0.08966666666666667
Maximum Fitness: 0.39999999999999997
Average Pen Distance: 0.4904307715270406
Maximum Pen Distance: 0.7998545996657612
Average Dog Distance: 0.5365071343497544
Maximum Dog Distance: 0.8968036580124067
Average Sheep Distance: 0.369106590563014
Maximum Sheep Distance: 0.5079640184189445
Elapsed Time: 5m 18s
********** 18 **********
Average Fitness: 0.08866666666666666
Maximum Fitness: 0.39999999999999997
Average Pen Distance: 0.49082883559601115
Maximum Pen Distance: 0.7865617971823213
Average Dog Distance: 0.5651518268814962
Maximum Dog Distance: 0.8945290046216187
Average Sheep Distance: 0.36678476801344895
Maximum Sheep Distance: 0.5079640184189445
Elapsed Time: 5m 22s
********** 19 **********
Average Fitness: 0.09433333333333332
Maximum Fitness: 0.39999999999999997
Average Pen Distance: 0.4769985845291813
Maximum Pen Distance: 0.7865617971823213
Average Dog Distance: 0.5468599292111294
Maximum Dog Distance: 0.8985742416280164
Average Sheep Distance: 0.3707098658254281
Maximum Sheep Distance: 0.5079640184189445
Elapsed Time: 5m 17s
********** 20 **********
Average Fitness: 0.10133333333333332
Maximum Fitness: 0.39999999999999997
Average Pen Distance: 0.47638503527386566
Maximum Pen Distance: 0.7865617971823213
Average Dog Distance: 0.5700147897413619
Maximum Dog Distance: 0.8985742416280164
Average Sheep Distance: 0.36398227415780826
Maximum Sheep Distance: 0.5079640184189445
Elapsed Time: 5m 21s
********** 21 **********
Average Fitness: 0.09033333333333333
Maximum Fitness: 0.39999999999999997
Average Pen Distance: 0.4987096170872334
Maximum Pen Distance: 0.788522767872054
Average Dog Distance: 0.5412249155296455
Maximum Dog Distance: 0.8985742416280164
Average Sheep Distance: 0.37037222604986225
Maximum Sheep Distance: 0.5079640184189445
Elapsed Time: 5m 14s
********** 22 **********
Average Fitness: 0.10433333333333333
Maximum Fitness: 0.39999999999999997
Average Pen Distance: 0.47033140745193314
Maximum Pen Distance: 0.7865617971823213
Average Dog Distance: 0.5509779297506457
Maximum Dog Distance: 0.8985742416280164
Average Sheep Distance: 0.36992983949491515
Maximum Sheep Distance: 0.5079640184189445
Elapsed Time: 5m 19s
********** 23 **********
Average Fitness: 0.087
Maximum Fitness: 0.3333333333333333
Average Pen Distance: 0.5012272748251981
Maximum Pen Distance: 0.7916227134720278
Average Dog Distance: 0.5457859940962709
Maximum Dog Distance: 0.8985742416280164
Average Sheep Distance: 0.37746155660743524
Maximum Sheep Distance: 0.5079640184189445
Elapsed Time: 5m 21s
********** 24 **********
Average Fitness: 0.09099999999999998
Maximum Fitness: 0.3333333333333333
Average Pen Distance: 0.4940521312754068
Maximum Pen Distance: 0.7916227134720278
Average Dog Distance: 0.5479504866021004
Maximum Dog Distance: 0.8945290046216187
Average Sheep Distance: 0.37645668815917493
Maximum Sheep Distance: 0.5079640184189445
Elapsed Time: 5m 15s
********** 25 **********
Average Fitness: 0.09133333333333332
Maximum Fitness: 0.3333333333333333
Average Pen Distance: 0.4940664649223943
Maximum Pen Distance: 0.7865617971823213
Average Dog Distance: 0.5500014194984411
Maximum Dog Distance: 0.8945290046216187
Average Sheep Distance: 0.3763807224704262
Maximum Sheep Distance: 0.513760112707796
Elapsed Time: 5m 17s
********** 26 **********
Average Fitness: 0.088
Maximum Fitness: 0.3333333333333333
Average Pen Distance: 0.5045145522473924
Maximum Pen Distance: 0.8173232430634724
Average Dog Distance: 0.5387532583333295
Maximum Dog Distance: 0.8945290046216187
Average Sheep Distance: 0.38048579169654884
Maximum Sheep Distance: 0.5396837661017616
Elapsed Time: 5m 16s
********** 27 **********
Average Fitness: 0.08733333333333332
Maximum Fitness: 0.3333333333333333
Average Pen Distance: 0.5138778454058958
Maximum Pen Distance: 0.8173232430634724
Average Dog Distance: 0.5505882829477258
Maximum Dog Distance: 0.8945290046216187
Average Sheep Distance: 0.38277525928259687
Maximum Sheep Distance: 0.5396837661017616
Elapsed Time: 5m 17s
********** 28 **********
Average Fitness: 0.09699999999999999
Maximum Fitness: 0.3333333333333333
Average Pen Distance: 0.4906677584260203
Maximum Pen Distance: 0.8153945338539349
Average Dog Distance: 0.5406070325261756
Maximum Dog Distance: 0.9133539452839129
Average Sheep Distance: 0.38292242443173274
Maximum Sheep Distance: 0.5396837661017616
Elapsed Time: 5m 20s
********** 29 **********
Average Fitness: 0.09
Maximum Fitness: 0.3333333333333333
Average Pen Distance: 0.5144561694177725
Maximum Pen Distance: 0.8153945338539349
Average Dog Distance: 0.528895510865379
Maximum Dog Distance: 0.8945290046216187
Average Sheep Distance: 0.3841299917358084
Maximum Sheep Distance: 0.5396837661017616
Elapsed Time: 5m 18s
********** 30 **********
Average Fitness: 0.09566666666666666
Maximum Fitness: 0.3333333333333333
Average Pen Distance: 0.4976404216661512
Maximum Pen Distance: 0.8153945338539349
Average Dog Distance: 0.533637864946463
Maximum Dog Distance: 0.8945290046216187
Average Sheep Distance: 0.3836129623423675
Maximum Sheep Distance: 0.5396837661017616
Elapsed Time: 5m 18s
********** 31 **********
Average Fitness: 0.09233333333333331
Maximum Fitness: 0.3333333333333333
Average Pen Distance: 0.5068507315168351
Maximum Pen Distance: 0.857445151788561
Average Dog Distance: 0.5420793950275781
Maximum Dog Distance: 0.8945290046216187
Average Sheep Distance: 0.38682138870561067
Maximum Sheep Distance: 0.5396837661017616
Elapsed Time: 5m 27s
********** 32 **********
Average Fitness: 0.09566666666666665
Maximum Fitness: 0.3333333333333333
Average Pen Distance: 0.4991116108916229
Maximum Pen Distance: 0.857445151788561
Average Dog Distance: 0.5361359446733984
Maximum Dog Distance: 0.8945290046216187
Average Sheep Distance: 0.3828517669850757
Maximum Sheep Distance: 0.5396837661017616
Elapsed Time: 5m 17s
********** 33 **********
Average Fitness: 0.09899999999999999
Maximum Fitness: 0.3333333333333333
Average Pen Distance: 0.4933705361349837
Maximum Pen Distance: 0.857445151788561
Average Dog Distance: 0.5433432472846291
Maximum Dog Distance: 0.8945290046216187
Average Sheep Distance: 0.38327630323399675
Maximum Sheep Distance: 0.513760112707796
Elapsed Time: 5m 17s
********** 34 **********
Average Fitness: 0.09633333333333333
Maximum Fitness: 0.3333333333333333
Average Pen Distance: 0.5019747638724773
Maximum Pen Distance: 0.857445151788561
Average Dog Distance: 0.5470036511554013
Maximum Dog Distance: 0.8945290046216187
Average Sheep Distance: 0.38771069165432714
Maximum Sheep Distance: 0.513760112707796
Elapsed Time: 5m 18s
********** 35 **********
Average Fitness: 0.1
Maximum Fitness: 0.3333333333333333
Average Pen Distance: 0.5056178159619982
Maximum Pen Distance: 0.857445151788561
Average Dog Distance: 0.5483737135392738
Maximum Dog Distance: 0.8945290046216187
Average Sheep Distance: 0.3863574048482466
Maximum Sheep Distance: 0.513760112707796
Elapsed Time: 5m 21s
********** 36 **********
Average Fitness: 0.09733333333333333
Maximum Fitness: 0.3333333333333333
Average Pen Distance: 0.49402322801458604
Maximum Pen Distance: 0.857445151788561
Average Dog Distance: 0.5453862745113011
Maximum Dog Distance: 0.8945290046216187
Average Sheep Distance: 0.38897584021184267
Maximum Sheep Distance: 0.513760112707796
Elapsed Time: 5m 17s
********** 37 **********
Average Fitness: 0.09933333333333332
Maximum Fitness: 0.3333333333333333
Average Pen Distance: 0.5069651743381988
Maximum Pen Distance: 0.857445151788561
Average Dog Distance: 0.5431824464775958
Maximum Dog Distance: 0.8992717663226607
Average Sheep Distance: 0.3856496443693656
Maximum Sheep Distance: 0.5079640184189445
Elapsed Time: 5m 19s
********** 38 **********
Average Fitness: 0.106
Maximum Fitness: 0.3333333333333333
Average Pen Distance: 0.4851457112199074
Maximum Pen Distance: 0.857445151788561
Average Dog Distance: 0.5445878128726107
Maximum Dog Distance: 0.8945290046216187
Average Sheep Distance: 0.3821752501290311
Maximum Sheep Distance: 0.5079640184189445
Elapsed Time: 5m 13s
********** 39 **********
Average Fitness: 0.10599999999999998
Maximum Fitness: 0.3666666666666667
Average Pen Distance: 0.5002544721368213
Maximum Pen Distance: 0.857445151788561
Average Dog Distance: 0.5496517695852107
Maximum Dog Distance: 0.8945290046216187
Average Sheep Distance: 0.38668037527652593
Maximum Sheep Distance: 0.5079640184189445
Elapsed Time: 5m 17s
********** 40 **********
Average Fitness: 0.11199999999999997
Maximum Fitness: 0.3666666666666667
Average Pen Distance: 0.4783963471063915
Maximum Pen Distance: 0.857445151788561
Average Dog Distance: 0.5361038147400693
Maximum Dog Distance: 0.8945290046216187
Average Sheep Distance: 0.38199799153461866
Maximum Sheep Distance: 0.5079640184189445
Elapsed Time: 5m 20s
********** 41 **********
Average Fitness: 0.11366666666666664
Maximum Fitness: 0.3666666666666667
Average Pen Distance: 0.485994006562837
Maximum Pen Distance: 0.857445151788561
Average Dog Distance: 0.5540308542825902
Maximum Dog Distance: 0.8945290046216187
Average Sheep Distance: 0.37919366404049704
Maximum Sheep Distance: 0.5079640184189445
Elapsed Time: 5m 13s
********** 42 **********
Average Fitness: 0.09533333333333333
Maximum Fitness: 0.3666666666666667
Average Pen Distance: 0.5137609087677415
Maximum Pen Distance: 0.857445151788561
Average Dog Distance: 0.5466346612613354
Maximum Dog Distance: 0.8945290046216187
Average Sheep Distance: 0.3860872201604489
Maximum Sheep Distance: 0.5079640184189445
Elapsed Time: 5m 18s
********** 43 **********
Average Fitness: 0.10366666666666667
Maximum Fitness: 0.3666666666666667
Average Pen Distance: 0.4936942392265506
Maximum Pen Distance: 0.857445151788561
Average Dog Distance: 0.5518527182127209
Maximum Dog Distance: 0.895424417245141
Average Sheep Distance: 0.3805969282173717
Maximum Sheep Distance: 0.5079640184189445
Elapsed Time: 5m 15s
********** 44 **********
Average Fitness: 0.10433333333333333
Maximum Fitness: 0.3666666666666667
Average Pen Distance: 0.4877066710799081
Maximum Pen Distance: 0.857445151788561
Average Dog Distance: 0.5343260933014968
Maximum Dog Distance: 0.8945290046216187
Average Sheep Distance: 0.38101976930763565
Maximum Sheep Distance: 0.5079640184189445
Elapsed Time: 5m 17s
********** 45 **********
Average Fitness: 0.09399999999999999
Maximum Fitness: 0.3666666666666667
Average Pen Distance: 0.5016974150888922
Maximum Pen Distance: 0.857445151788561
Average Dog Distance: 0.5470045562433437
Maximum Dog Distance: 0.8955850165306795
Average Sheep Distance: 0.37929708001548645
Maximum Sheep Distance: 0.5079640184189445
Elapsed Time: 5m 19s
********** 46 **********
Average Fitness: 0.09799999999999999
Maximum Fitness: 0.3666666666666667
Average Pen Distance: 0.48402341339454197
Maximum Pen Distance: 0.857445151788561
Average Dog Distance: 0.5497511675484558
Maximum Dog Distance: 0.8955850165306795
Average Sheep Distance: 0.3788975393826256
Maximum Sheep Distance: 0.5079640184189445
Elapsed Time: 5m 18s
********** 47 **********
Average Fitness: 0.09766666666666665
Maximum Fitness: 0.3333333333333333
Average Pen Distance: 0.49343417319272503
Maximum Pen Distance: 0.857445151788561
Average Dog Distance: 0.5506559356150877
Maximum Dog Distance: 0.8945290046216187
Average Sheep Distance: 0.37938243346115563
Maximum Sheep Distance: 0.5079640184189445
Elapsed Time: 5m 15s
********** 48 **********
Average Fitness: 0.09699999999999998
Maximum Fitness: 0.3333333333333333
Average Pen Distance: 0.4937224552145974
Maximum Pen Distance: 0.857445151788561
Average Dog Distance: 0.5476779778031682
Maximum Dog Distance: 0.8945290046216187
Average Sheep Distance: 0.3826181931100572
Maximum Sheep Distance: 0.5079640184189445
Elapsed Time: 5m 22s
********** 49 **********
Average Fitness: 0.10099999999999999
Maximum Fitness: 0.3333333333333333
Average Pen Distance: 0.4783929035676124
Maximum Pen Distance: 0.857445151788561
Average Dog Distance: 0.5539540425905571
Maximum Dog Distance: 0.8945290046216187
Average Sheep Distance: 0.38528026282944305
Maximum Sheep Distance: 0.5079640184189445
Elapsed Time: 5m 29s
********** 50 **********
Average Fitness: 0.09399999999999999
Maximum Fitness: 0.3333333333333333
Average Pen Distance: 0.4982499962688231
Maximum Pen Distance: 0.857445151788561
Average Dog Distance: 0.540250574722695
Maximum Dog Distance: 0.8945290046216187
Average Sheep Distance: 0.3890064279410725
Maximum Sheep Distance: 0.5079640184189445
Elapsed Time: 5m 19s
********** 51 **********
Average Fitness: 0.10199999999999998
Maximum Fitness: 0.3333333333333333
Average Pen Distance: 0.47984072295431746
Maximum Pen Distance: 0.857445151788561
Average Dog Distance: 0.5418582308975182
Maximum Dog Distance: 0.9034622133445221
Average Sheep Distance: 0.3835833197675874
Maximum Sheep Distance: 0.5079640184189445
Elapsed Time: 5m 22s
********** 52 **********
Average Fitness: 0.10666666666666665
Maximum Fitness: 0.3333333333333333
Average Pen Distance: 0.4873410904391426
Maximum Pen Distance: 0.857445151788561
Average Dog Distance: 0.5424700256416284
Maximum Dog Distance: 0.9122234010399038
Average Sheep Distance: 0.38810869492359573
Maximum Sheep Distance: 0.5079640184189445
Elapsed Time: 5m 17s
********** 53 **********
Average Fitness: 0.10333333333333332
Maximum Fitness: 0.3333333333333333
Average Pen Distance: 0.4818743850923975
Maximum Pen Distance: 0.857445151788561
Average Dog Distance: 0.5288491658941763
Maximum Dog Distance: 0.8945290046216187
Average Sheep Distance: 0.38891705549732813
Maximum Sheep Distance: 0.5079640184189445
Elapsed Time: 5m 16s
********** 54 **********
Average Fitness: 0.10099999999999999
Maximum Fitness: 0.3333333333333333
Average Pen Distance: 0.48274918727303967
Maximum Pen Distance: 0.857445151788561
Average Dog Distance: 0.5447060719640064
Maximum Dog Distance: 0.8945290046216187
Average Sheep Distance: 0.39143215862091474
Maximum Sheep Distance: 0.5079640184189445
Elapsed Time: 5m 19s
********** 55 **********
Average Fitness: 0.10266666666666667
Maximum Fitness: 0.3333333333333333
Average Pen Distance: 0.48508882640704526
Maximum Pen Distance: 0.857445151788561
Average Dog Distance: 0.5345976739325553
Maximum Dog Distance: 0.8945290046216187
Average Sheep Distance: 0.3818656290304835
Maximum Sheep Distance: 0.5341910289981918
Elapsed Time: 5m 14s
********** 56 **********
Average Fitness: 0.09699999999999998
Maximum Fitness: 0.3333333333333333
Average Pen Distance: 0.5084494496586206
Maximum Pen Distance: 0.857445151788561
Average Dog Distance: 0.5312318360132824
Maximum Dog Distance: 0.8945290046216187
Average Sheep Distance: 0.3903844903212987
Maximum Sheep Distance: 0.5341910289981918
Elapsed Time: 5m 19s
********** 57 **********
Average Fitness: 0.10233333333333335
Maximum Fitness: 0.3333333333333333
Average Pen Distance: 0.49151790618137237
Maximum Pen Distance: 0.857445151788561
Average Dog Distance: 0.5468377578987534
Maximum Dog Distance: 0.8945290046216187
Average Sheep Distance: 0.3882129843476331
Maximum Sheep Distance: 0.5341910289981918
Elapsed Time: 5m 20s
********** 58 **********
Average Fitness: 0.10133333333333332
Maximum Fitness: 0.3333333333333333
Average Pen Distance: 0.4941339682410175
Maximum Pen Distance: 0.857445151788561
Average Dog Distance: 0.5394342545247613
Maximum Dog Distance: 0.8945290046216187
Average Sheep Distance: 0.3888856441972762
Maximum Sheep Distance: 0.5341910289981918
Elapsed Time: 5m 18s
********** 59 **********
Average Fitness: 0.10599999999999998
Maximum Fitness: 0.5333333333333333
Average Pen Distance: 0.4866501339314777
Maximum Pen Distance: 0.857445151788561
Average Dog Distance: 0.5490815262287054
Maximum Dog Distance: 0.8945290046216187
Average Sheep Distance: 0.38417520751674766
Maximum Sheep Distance: 0.5341910289981918
Elapsed Time: 5m 26s
********** 60 **********
Average Fitness: 0.10566666666666666
Maximum Fitness: 0.5333333333333333
Average Pen Distance: 0.5066216020935258
Maximum Pen Distance: 0.857445151788561
Average Dog Distance: 0.5336107686962136
Maximum Dog Distance: 0.8945290046216187
Average Sheep Distance: 0.3922340225729279
Maximum Sheep Distance: 0.5341910289981918
Elapsed Time: 5m 16s
********** 61 **********
Average Fitness: 0.10833333333333332
Maximum Fitness: 0.5333333333333333
Average Pen Distance: 0.4685799932863645
Maximum Pen Distance: 0.8195721724112274
Average Dog Distance: 0.5538458936026267
Maximum Dog Distance: 0.8945290046216187
Average Sheep Distance: 0.3848460941223791
Maximum Sheep Distance: 0.5341910289981918
Elapsed Time: 5m 15s
********** 62 **********
Average Fitness: 0.10266666666666667
Maximum Fitness: 0.5333333333333333
Average Pen Distance: 0.4923954814799489
Maximum Pen Distance: 0.8214345024317713
Average Dog Distance: 0.5586069728950177
Maximum Dog Distance: 0.8945290046216187
Average Sheep Distance: 0.3883217737787802
Maximum Sheep Distance: 0.5341910289981918
Elapsed Time: 5m 20s
********** 63 **********
Average Fitness: 0.10899999999999999
Maximum Fitness: 0.5333333333333333
Average Pen Distance: 0.4873347407125457
Maximum Pen Distance: 0.8214345024317713
Average Dog Distance: 0.5477786847450907
Maximum Dog Distance: 0.8945290046216187
Average Sheep Distance: 0.3934827923407683
Maximum Sheep Distance: 0.5341910289981918
Elapsed Time: 5m 17s
********** 64 **********
Average Fitness: 0.10833333333333334
Maximum Fitness: 0.5333333333333333
Average Pen Distance: 0.4897490852693149
Maximum Pen Distance: 0.8214345024317713
Average Dog Distance: 0.54090204710296
Maximum Dog Distance: 0.8945290046216187
Average Sheep Distance: 0.3927193335084194
Maximum Sheep Distance: 0.5341910289981918
Elapsed Time: 5m 22s
********** 65 **********
Average Fitness: 0.10466666666666667
Maximum Fitness: 0.5333333333333333
Average Pen Distance: 0.4930573888675269
Maximum Pen Distance: 0.8214345024317713
Average Dog Distance: 0.5533170320106108
Maximum Dog Distance: 0.8827582586022595
Average Sheep Distance: 0.38642420913217346
Maximum Sheep Distance: 0.5341910289981918
Elapsed Time: 5m 16s
********** 66 **********
Average Fitness: 0.10766666666666666
Maximum Fitness: 0.5333333333333333
Average Pen Distance: 0.4960903718449557
Maximum Pen Distance: 0.8214345024317713
Average Dog Distance: 0.5517302372449299
Maximum Dog Distance: 0.8860977541532961
Average Sheep Distance: 0.39156816837701114
Maximum Sheep Distance: 0.5341910289981918
Elapsed Time: 5m 17s
********** 67 **********
Average Fitness: 0.099
Maximum Fitness: 0.5333333333333333
Average Pen Distance: 0.5128386134315825
Maximum Pen Distance: 0.8214345024317713
Average Dog Distance: 0.5401292973309773
Maximum Dog Distance: 0.9001500361759845
Average Sheep Distance: 0.3912353614134442
Maximum Sheep Distance: 0.5341910289981918
Elapsed Time: 5m 20s
********** 68 **********
Average Fitness: 0.10066666666666664
Maximum Fitness: 0.5333333333333333
Average Pen Distance: 0.4939150177885468
Maximum Pen Distance: 0.8214345024317713
Average Dog Distance: 0.5405706122138629
Maximum Dog Distance: 0.9001500361759845
Average Sheep Distance: 0.38379766988577785
Maximum Sheep Distance: 0.5341910289981918
Elapsed Time: 5m 16s
********** 69 **********
Average Fitness: 0.09466666666666666
Maximum Fitness: 0.5333333333333333
Average Pen Distance: 0.5131254972305632
Maximum Pen Distance: 0.8214345024317713
Average Dog Distance: 0.5448020738526
Maximum Dog Distance: 0.9064255357343639
Average Sheep Distance: 0.38781695685864614
Maximum Sheep Distance: 0.5341910289981918
Elapsed Time: 5m 14s
********** 70 **********
Average Fitness: 0.09699999999999999
Maximum Fitness: 0.5333333333333333
Average Pen Distance: 0.4964141708924601
Maximum Pen Distance: 0.8214345024317713
Average Dog Distance: 0.5466481277378115
Maximum Dog Distance: 0.8827582586022595
Average Sheep Distance: 0.3830672897839895
Maximum Sheep Distance: 0.5341910289981918
Elapsed Time: 5m 10s
********** 71 **********
Average Fitness: 0.09533333333333333
Maximum Fitness: 0.5333333333333333
Average Pen Distance: 0.5060212267362586
Maximum Pen Distance: 0.8214345024317713
Average Dog Distance: 0.5301024744134083
Maximum Dog Distance: 0.8827582586022595
Average Sheep Distance: 0.3863622038467789
Maximum Sheep Distance: 0.5341910289981918
Elapsed Time: 5m 6s
********** 72 **********
Average Fitness: 0.09933333333333332
Maximum Fitness: 0.5333333333333333
Average Pen Distance: 0.5127860844509118
Maximum Pen Distance: 0.8214345024317713
Average Dog Distance: 0.539216152355226
Maximum Dog Distance: 0.9114312354919907
Average Sheep Distance: 0.3864659170896342
Maximum Sheep Distance: 0.5341910289981918
Elapsed Time: 5m 7s
********** 73 **********
Average Fitness: 0.09766666666666665
Maximum Fitness: 0.5333333333333333
Average Pen Distance: 0.5121196584469374
Maximum Pen Distance: 0.8214345024317713
Average Dog Distance: 0.5409231011785177
Maximum Dog Distance: 0.9114312354919907
Average Sheep Distance: 0.388596024616716
Maximum Sheep Distance: 0.5341910289981918
Elapsed Time: 5m 9s
********** 74 **********
Average Fitness: 0.098
Maximum Fitness: 0.5333333333333333
Average Pen Distance: 0.49350726381232496
Maximum Pen Distance: 0.8214345024317713
Average Dog Distance: 0.5333653103730617
Maximum Dog Distance: 0.8912479218497453
Average Sheep Distance: 0.3840598231963564
Maximum Sheep Distance: 0.5341910289981918
Elapsed Time: 5m 13s
********** 75 **********
Average Fitness: 0.09766666666666668
Maximum Fitness: 0.5333333333333333
Average Pen Distance: 0.5093087723739418
Maximum Pen Distance: 0.8214345024317713
Average Dog Distance: 0.5423841798341829
Maximum Dog Distance: 0.8912479218497453
Average Sheep Distance: 0.3912434077744603
Maximum Sheep Distance: 0.5341910289981918
Elapsed Time: 5m 19s
********** 76 **********
Average Fitness: 0.10566666666666666
Maximum Fitness: 0.5333333333333333
Average Pen Distance: 0.5044861629127068
Maximum Pen Distance: 0.8214345024317713
Average Dog Distance: 0.5502472389511771
Maximum Dog Distance: 0.8912479218497453
Average Sheep Distance: 0.38730333966439373
Maximum Sheep Distance: 0.5341910289981918
Elapsed Time: 5m 6s
********** 77 **********
Average Fitness: 0.10400000000000001
Maximum Fitness: 0.5333333333333333
Average Pen Distance: 0.49213626284726897
Maximum Pen Distance: 0.8214345024317713
Average Dog Distance: 0.5450441165213916
Maximum Dog Distance: 0.8977042625887934
Average Sheep Distance: 0.3899326071446675
Maximum Sheep Distance: 0.5341910289981918
Elapsed Time: 5m 9s
********** 78 **********
Average Fitness: 0.10133333333333334
Maximum Fitness: 0.5333333333333333
Average Pen Distance: 0.5077476030973633
Maximum Pen Distance: 0.8214345024317713
Average Dog Distance: 0.5452094587673519
Maximum Dog Distance: 0.8977042625887934
Average Sheep Distance: 0.3924060306723507
Maximum Sheep Distance: 0.5341910289981918
Elapsed Time: 5m 12s
********** 79 **********
Average Fitness: 0.10566666666666666
Maximum Fitness: 0.5333333333333333
Average Pen Distance: 0.48230904714008865
Maximum Pen Distance: 0.8214345024317713
Average Dog Distance: 0.5430029349721935
Maximum Dog Distance: 0.8977042625887934
Average Sheep Distance: 0.39092483663316785
Maximum Sheep Distance: 0.5341910289981918
Elapsed Time: 5m 8s
********** 80 **********
Average Fitness: 0.10066666666666667
Maximum Fitness: 0.5333333333333333
Average Pen Distance: 0.5084017884298754
Maximum Pen Distance: 0.8214345024317713
Average Dog Distance: 0.5393149048414795
Maximum Dog Distance: 0.9030982031545584
Average Sheep Distance: 0.3904806655724251
Maximum Sheep Distance: 0.5341910289981918
Elapsed Time: 5m 3s
********** 81 **********
Average Fitness: 0.10400000000000001
Maximum Fitness: 0.5333333333333333
Average Pen Distance: 0.49019247013547884
Maximum Pen Distance: 0.836972465618091
Average Dog Distance: 0.5502990953295636
Maximum Dog Distance: 0.9030982031545584
Average Sheep Distance: 0.391082301760733
Maximum Sheep Distance: 0.5341910289981918
Elapsed Time: 5m 7s
********** 82 **********
Average Fitness: 0.10533333333333335
Maximum Fitness: 0.5333333333333333
Average Pen Distance: 0.5065280091600038
Maximum Pen Distance: 0.8214345024317713
Average Dog Distance: 0.5489234570567149
Maximum Dog Distance: 0.9030982031545584
Average Sheep Distance: 0.39580783722866236
Maximum Sheep Distance: 0.5341910289981918
Elapsed Time: 5m 10s
********** 83 **********
Average Fitness: 0.10566666666666664
Maximum Fitness: 0.5333333333333333
Average Pen Distance: 0.48304920252067973
Maximum Pen Distance: 0.8214345024317713
Average Dog Distance: 0.5316897948425513
Maximum Dog Distance: 0.9030982031545584
Average Sheep Distance: 0.38815901550749915
Maximum Sheep Distance: 0.5341910289981918
Elapsed Time: 5m 21s
********** 84 **********
Average Fitness: 0.10633333333333334
Maximum Fitness: 0.5333333333333333
Average Pen Distance: 0.5060387413342844
Maximum Pen Distance: 0.8214345024317713
Average Dog Distance: 0.5579241206860289
Maximum Dog Distance: 0.9083966781461852
Average Sheep Distance: 0.3921503873991876
Maximum Sheep Distance: 0.5341910289981918
Elapsed Time: 5m 10s
********** 85 **********
Average Fitness: 0.10066666666666668
Maximum Fitness: 0.5333333333333333
Average Pen Distance: 0.5087827750942416
Maximum Pen Distance: 0.8224923646655654
Average Dog Distance: 0.5458428880633834
Maximum Dog Distance: 0.9083966781461852
Average Sheep Distance: 0.39509243156045826
Maximum Sheep Distance: 0.5341910289981918
Elapsed Time: 5m 11s
********** 86 **********
Average Fitness: 0.10533333333333332
Maximum Fitness: 0.5333333333333333
Average Pen Distance: 0.4877366635824555
Maximum Pen Distance: 0.84727319229995
Average Dog Distance: 0.5304116529721018
Maximum Dog Distance: 0.9134986661989629
Average Sheep Distance: 0.39047851073220596
Maximum Sheep Distance: 0.5341910289981918
Elapsed Time: 5m 6s
********** 87 **********
Average Fitness: 0.10633333333333334
Maximum Fitness: 0.5333333333333333
Average Pen Distance: 0.5036032256990388
Maximum Pen Distance: 0.84727319229995
Average Dog Distance: 0.5361766163296594
Maximum Dog Distance: 0.9083966781461852
Average Sheep Distance: 0.3941385661853611
Maximum Sheep Distance: 0.5341910289981918
Elapsed Time: 5m 14s
********** 88 **********
Average Fitness: 0.10566666666666666
Maximum Fitness: 0.5333333333333333
Average Pen Distance: 0.5066964086085332
Maximum Pen Distance: 0.84727319229995
Average Dog Distance: 0.5443784522754185
Maximum Dog Distance: 0.9083966781461852
Average Sheep Distance: 0.3978573241805918
Maximum Sheep Distance: 0.5341910289981918
Elapsed Time: 5m 11s
********** 89 **********
Average Fitness: 0.10366666666666666
Maximum Fitness: 0.5333333333333333
Average Pen Distance: 0.5015389358004494
Maximum Pen Distance: 0.84727319229995
Average Dog Distance: 0.5386481977831212
Maximum Dog Distance: 0.9083966781461852
Average Sheep Distance: 0.3967628653646195
Maximum Sheep Distance: 0.5341910289981918
Elapsed Time: 5m 14s
********** 90 **********
Average Fitness: 0.10233333333333335
Maximum Fitness: 0.5333333333333333
Average Pen Distance: 0.5038079411936062
Maximum Pen Distance: 0.8214345024317713
Average Dog Distance: 0.557705487989566
Maximum Dog Distance: 0.9083966781461852
Average Sheep Distance: 0.39521620140939917
Maximum Sheep Distance: 0.5341910289981918
Elapsed Time: 5m 10s
********** 91 **********
Average Fitness: 0.099
Maximum Fitness: 0.5333333333333333
Average Pen Distance: 0.5188205088749386
Maximum Pen Distance: 0.8430429306747534
Average Dog Distance: 0.5399249650920825
Maximum Dog Distance: 0.9083966781461852
Average Sheep Distance: 0.39656710185341526
Maximum Sheep Distance: 0.5341910289981918
Elapsed Time: 5m 8s
********** 92 **********
Average Fitness: 0.114
Maximum Fitness: 0.5333333333333333
Average Pen Distance: 0.48364923389065095
Maximum Pen Distance: 0.8214345024317713
Average Dog Distance: 0.5218319011474128
Maximum Dog Distance: 0.9083966781461852
Average Sheep Distance: 0.3889946381049729
Maximum Sheep Distance: 0.5341910289981918
Elapsed Time: 5m 7s
********** 93 **********
Average Fitness: 0.111
Maximum Fitness: 0.5333333333333333
Average Pen Distance: 0.5045736541813922
Maximum Pen Distance: 0.8214345024317713
Average Dog Distance: 0.5327988005400806
Maximum Dog Distance: 0.9083966781461852
Average Sheep Distance: 0.39641852308256115
Maximum Sheep Distance: 0.5341910289981918
Elapsed Time: 5m 16s
********** 94 **********
Average Fitness: 0.10833333333333334
Maximum Fitness: 0.5333333333333333
Average Pen Distance: 0.5091567133746939
Maximum Pen Distance: 0.8214345024317713
Average Dog Distance: 0.53218634083523
Maximum Dog Distance: 0.9263686337437206
Average Sheep Distance: 0.39390125202659937
Maximum Sheep Distance: 0.5513496451544889
Elapsed Time: 5m 12s
********** 95 **********
Average Fitness: 0.10800000000000001
Maximum Fitness: 0.5333333333333333
Average Pen Distance: 0.4969422016453639
Maximum Pen Distance: 0.8214345024317713
Average Dog Distance: 0.5305281530875924
Maximum Dog Distance: 0.9263686337437206
Average Sheep Distance: 0.3936626952098934
Maximum Sheep Distance: 0.5513496451544889
Elapsed Time: 5m 15s
********** 96 **********
Average Fitness: 0.11299999999999999
Maximum Fitness: 0.5333333333333333
Average Pen Distance: 0.49591739720567174
Maximum Pen Distance: 0.8214345024317713
Average Dog Distance: 0.5251615218311941
Maximum Dog Distance: 0.9263686337437206
Average Sheep Distance: 0.392673069095666
Maximum Sheep Distance: 0.5513496451544889
Elapsed Time: 5m 10s
********** 97 **********
Average Fitness: 0.10699999999999997
Maximum Fitness: 0.5333333333333333
Average Pen Distance: 0.4983318353598865
Maximum Pen Distance: 0.8214345024317713
Average Dog Distance: 0.5003228025358141
Maximum Dog Distance: 0.9263686337437206
Average Sheep Distance: 0.4000334688791144
Maximum Sheep Distance: 0.5513496451544889
Elapsed Time: 5m 9s
********** 98 **********
Average Fitness: 0.109
Maximum Fitness: 0.5333333333333333
Average Pen Distance: 0.4997606264048528
Maximum Pen Distance: 0.8254077466387266
Average Dog Distance: 0.516601687560135
Maximum Dog Distance: 0.9263686337437206
Average Sheep Distance: 0.39563398222993806
Maximum Sheep Distance: 0.5513496451544889
Elapsed Time: 5m 14s
********** 99 **********
Average Fitness: 0.10733333333333332
Maximum Fitness: 0.5333333333333333
Average Pen Distance: 0.4965877369547955
Maximum Pen Distance: 0.8254077466387266
Average Dog Distance: 0.5245289814154745
Maximum Dog Distance: 0.9263686337437206
Average Sheep Distance: 0.3931891811116467
Maximum Sheep Distance: 0.5513496451544889
Elapsed Time: 5m 7s
********** 100 **********
Average Fitness: 0.10633333333333331
Maximum Fitness: 0.5333333333333333
Average Pen Distance: 0.5145656743180255
Maximum Pen Distance: 0.8254077466387266
Average Dog Distance: 0.5212179017070863
Maximum Dog Distance: 0.9263686337437206
Average Sheep Distance: 0.39346059542475653
Maximum Sheep Distance: 0.5513496451544889
Elapsed Time: 5m 9s
