nproc is 1
cnode0381.cm.cluster
********** 1 **********
Average Fitness: 0.031999999999999994
Maximum Fitness: 0.11666666666666665
Average Pen Distance: 0.5078143339976853
Maximum Pen Distance: 0.7541252277970126
Average Dog Distance: 0.7917415630147743
Maximum Dog Distance: 0.9332314053793956
Average Sheep Distance: 0.25910024763313455
Maximum Sheep Distance: 0.33249039828948695
Elapsed Time: 5m 53s
********** 2 **********
Average Fitness: 0.0295
Maximum Fitness: 0.11666666666666668
Average Pen Distance: 0.5211594201534001
Maximum Pen Distance: 0.7748743053283004
Average Dog Distance: 0.7896690542420756
Maximum Dog Distance: 0.952596629992776
Average Sheep Distance: 0.2622448142437167
Maximum Sheep Distance: 0.3200702820494912
Elapsed Time: 5m 48s
********** 3 **********
Average Fitness: 0.037
Maximum Fitness: 0.16666666666666666
Average Pen Distance: 0.5066922586206347
Maximum Pen Distance: 0.7855488235253077
Average Dog Distance: 0.7756390990787629
Maximum Dog Distance: 0.9271554475334117
Average Sheep Distance: 0.2569443002195277
Maximum Sheep Distance: 0.34388624910942633
Elapsed Time: 5m 57s
********** 4 **********
Average Fitness: 0.03816666666666666
Maximum Fitness: 0.20000000000000004
Average Pen Distance: 0.509301629280211
Maximum Pen Distance: 0.7693069892290576
Average Dog Distance: 0.7689457647084786
Maximum Dog Distance: 0.9271244151090405
Average Sheep Distance: 0.26006494078646675
Maximum Sheep Distance: 0.31293182243636036
Elapsed Time: 5m 49s
********** 5 **********
Average Fitness: 0.03516666666666666
Maximum Fitness: 0.19999999999999998
Average Pen Distance: 0.507253813227775
Maximum Pen Distance: 0.7861475113519947
Average Dog Distance: 0.7812181720712441
Maximum Dog Distance: 0.9322921943415446
Average Sheep Distance: 0.25899223658664644
Maximum Sheep Distance: 0.32846688155415515
Elapsed Time: 5m 45s
********** 6 **********
Average Fitness: 0.04266666666666666
Maximum Fitness: 0.18333333333333335
Average Pen Distance: 0.4750808491590756
Maximum Pen Distance: 0.7910483486833076
Average Dog Distance: 0.781902772536094
Maximum Dog Distance: 0.9506673748280928
Average Sheep Distance: 0.2542536939113468
Maximum Sheep Distance: 0.3468901896030319
Elapsed Time: 5m 45s
********** 7 **********
Average Fitness: 0.045666666666666654
Maximum Fitness: 0.13333333333333333
Average Pen Distance: 0.44913671425511903
Maximum Pen Distance: 0.6652368195714705
Average Dog Distance: 0.7726332645867039
Maximum Dog Distance: 0.9502420563294129
Average Sheep Distance: 0.25255928759893514
Maximum Sheep Distance: 0.3217356536219287
Elapsed Time: 5m 52s
********** 8 **********
Average Fitness: 0.048666666666666664
Maximum Fitness: 0.21666666666666667
Average Pen Distance: 0.4562354889286835
Maximum Pen Distance: 0.7528874707413807
Average Dog Distance: 0.7602671165451755
Maximum Dog Distance: 0.939612892866235
Average Sheep Distance: 0.25422376753773557
Maximum Sheep Distance: 0.3459484665910355
Elapsed Time: 5m 45s
********** 9 **********
Average Fitness: 0.04649999999999999
Maximum Fitness: 0.16666666666666666
Average Pen Distance: 0.466683176449292
Maximum Pen Distance: 0.7651497787875514
Average Dog Distance: 0.7647299279753322
Maximum Dog Distance: 0.9556930240408822
Average Sheep Distance: 0.2545963905137976
Maximum Sheep Distance: 0.3095548433837911
Elapsed Time: 5m 43s
********** 10 **********
Average Fitness: 0.04499999999999999
Maximum Fitness: 0.18333333333333335
Average Pen Distance: 0.456975018213543
Maximum Pen Distance: 0.7206270447535922
Average Dog Distance: 0.7743075349769903
Maximum Dog Distance: 0.941194543564
Average Sheep Distance: 0.2529145974146933
Maximum Sheep Distance: 0.31167112883551545
Elapsed Time: 5m 46s
********** 11 **********
Average Fitness: 0.046
Maximum Fitness: 0.18333333333333335
Average Pen Distance: 0.4695054372641524
Maximum Pen Distance: 0.7300880743362029
Average Dog Distance: 0.7879936885100963
Maximum Dog Distance: 0.9505411658624956
Average Sheep Distance: 0.2554877021803326
Maximum Sheep Distance: 0.3105960469090437
Elapsed Time: 5m 46s
********** 12 **********
Average Fitness: 0.055
Maximum Fitness: 0.26666666666666666
Average Pen Distance: 0.46617498849852296
Maximum Pen Distance: 0.7898710147284658
Average Dog Distance: 0.7762212538552282
Maximum Dog Distance: 0.9566741573941289
Average Sheep Distance: 0.2530852539253585
Maximum Sheep Distance: 0.3268188292817777
Elapsed Time: 5m 49s
********** 13 **********
Average Fitness: 0.04366666666666665
Maximum Fitness: 0.16666666666666666
Average Pen Distance: 0.46823293081487977
Maximum Pen Distance: 0.791493411701043
Average Dog Distance: 0.7818228471729178
Maximum Dog Distance: 0.9220566705332697
Average Sheep Distance: 0.2522350114025383
Maximum Sheep Distance: 0.35816614452150075
Elapsed Time: 5m 47s
********** 14 **********
Average Fitness: 0.04533333333333332
Maximum Fitness: 0.15
Average Pen Distance: 0.4888424043796819
Maximum Pen Distance: 0.7424925248386747
Average Dog Distance: 0.7804235227195443
Maximum Dog Distance: 0.9385261780634183
Average Sheep Distance: 0.2528865508781818
Maximum Sheep Distance: 0.3110360935100536
Elapsed Time: 5m 48s
********** 15 **********
Average Fitness: 0.04433333333333333
Maximum Fitness: 0.13333333333333333
Average Pen Distance: 0.4689499613072155
Maximum Pen Distance: 0.7560206979476551
Average Dog Distance: 0.7861606741555959
Maximum Dog Distance: 0.9249825439580653
Average Sheep Distance: 0.2502167247950285
Maximum Sheep Distance: 0.3169784302366854
Elapsed Time: 5m 52s
********** 16 **********
Average Fitness: 0.047666666666666656
Maximum Fitness: 0.19999999999999998
Average Pen Distance: 0.4775836068617474
Maximum Pen Distance: 0.7718099404350848
Average Dog Distance: 0.7869629969118398
Maximum Dog Distance: 0.9370589871282989
Average Sheep Distance: 0.2523365588470716
Maximum Sheep Distance: 0.3463696228224946
Elapsed Time: 5m 44s
********** 17 **********
Average Fitness: 0.05766666666666667
Maximum Fitness: 0.16666666666666666
Average Pen Distance: 0.4230083476497392
Maximum Pen Distance: 0.730600996333224
Average Dog Distance: 0.7643615175482633
Maximum Dog Distance: 0.9473497864951227
Average Sheep Distance: 0.2510974296458183
Maximum Sheep Distance: 0.31799776206669533
Elapsed Time: 5m 43s
********** 18 **********
Average Fitness: 0.05233333333333332
Maximum Fitness: 0.15
Average Pen Distance: 0.4297153754444853
Maximum Pen Distance: 0.7713908409653012
Average Dog Distance: 0.7687457213933913
Maximum Dog Distance: 0.9216334153209192
Average Sheep Distance: 0.24922479903471748
Maximum Sheep Distance: 0.3223984264117086
Elapsed Time: 5m 51s
********** 19 **********
Average Fitness: 0.06083333333333333
Maximum Fitness: 0.21666666666666667
Average Pen Distance: 0.4471253847031479
Maximum Pen Distance: 0.712124536448921
Average Dog Distance: 0.786758270968393
Maximum Dog Distance: 0.9250880098752043
Average Sheep Distance: 0.2465295565732318
Maximum Sheep Distance: 0.3064354602854985
Elapsed Time: 5m 48s
********** 20 **********
Average Fitness: 0.05516666666666665
Maximum Fitness: 0.13333333333333333
Average Pen Distance: 0.43781329908059197
Maximum Pen Distance: 0.7408436656535136
Average Dog Distance: 0.7883123659474238
Maximum Dog Distance: 0.9092970603738623
Average Sheep Distance: 0.2480290885016511
Maximum Sheep Distance: 0.3266257094490697
Elapsed Time: 5m 46s
********** 21 **********
Average Fitness: 0.055333333333333325
Maximum Fitness: 0.21666666666666667
Average Pen Distance: 0.41854260043920183
Maximum Pen Distance: 0.7519206458370041
Average Dog Distance: 0.7786482527802622
Maximum Dog Distance: 0.9417682747360544
Average Sheep Distance: 0.24371855678849763
Maximum Sheep Distance: 0.298085482215034
Elapsed Time: 5m 46s
********** 22 **********
Average Fitness: 0.05566666666666666
Maximum Fitness: 0.18333333333333335
Average Pen Distance: 0.4016855025892779
Maximum Pen Distance: 0.7524100468560927
Average Dog Distance: 0.7799004264069903
Maximum Dog Distance: 0.934892546841242
Average Sheep Distance: 0.24323079254372584
Maximum Sheep Distance: 0.31151118562643815
Elapsed Time: 5m 43s
********** 23 **********
Average Fitness: 0.06416666666666666
Maximum Fitness: 0.2333333333333333
Average Pen Distance: 0.39176255369288504
Maximum Pen Distance: 0.6969035256120519
Average Dog Distance: 0.7736042831394424
Maximum Dog Distance: 0.9122309065714864
Average Sheep Distance: 0.2500227283848603
Maximum Sheep Distance: 0.30593742693641324
Elapsed Time: 5m 45s
********** 24 **********
Average Fitness: 0.06216666666666666
Maximum Fitness: 0.18333333333333335
Average Pen Distance: 0.3824485999452199
Maximum Pen Distance: 0.6590184980742483
Average Dog Distance: 0.7775193749281827
Maximum Dog Distance: 0.9284895988964753
Average Sheep Distance: 0.24953043077810555
Maximum Sheep Distance: 0.31290113795855773
Elapsed Time: 5m 50s
********** 25 **********
Average Fitness: 0.06833333333333333
Maximum Fitness: 0.2333333333333333
Average Pen Distance: 0.3644657808611976
Maximum Pen Distance: 0.6907429793420089
Average Dog Distance: 0.7520077361770443
Maximum Dog Distance: 0.8972862057858318
Average Sheep Distance: 0.2483180720320658
Maximum Sheep Distance: 0.3133508487922214
Elapsed Time: 5m 44s
********** 26 **********
Average Fitness: 0.07250000000000001
Maximum Fitness: 0.20000000000000004
Average Pen Distance: 0.36625671664354514
Maximum Pen Distance: 0.5792322142533014
Average Dog Distance: 0.7505664623469535
Maximum Dog Distance: 0.9194447958606524
Average Sheep Distance: 0.2493805177950126
Maximum Sheep Distance: 0.3116729367020417
Elapsed Time: 5m 59s
********** 27 **********
Average Fitness: 0.0675
Maximum Fitness: 0.18333333333333335
Average Pen Distance: 0.35920450502292034
Maximum Pen Distance: 0.6249979358328894
Average Dog Distance: 0.7591144054380544
Maximum Dog Distance: 0.9354516342502063
Average Sheep Distance: 0.24699297020151928
Maximum Sheep Distance: 0.2935673918068117
Elapsed Time: 5m 43s
********** 28 **********
Average Fitness: 0.07416666666666667
Maximum Fitness: 0.2333333333333333
Average Pen Distance: 0.3504170553757496
Maximum Pen Distance: 0.6606540883140608
Average Dog Distance: 0.7616731134530339
Maximum Dog Distance: 0.8917757544403889
Average Sheep Distance: 0.24707268446669226
Maximum Sheep Distance: 0.3129818140529574
Elapsed Time: 5m 42s
********** 29 **********
Average Fitness: 0.07266666666666666
Maximum Fitness: 0.25
Average Pen Distance: 0.3622182466388644
Maximum Pen Distance: 0.7397588465141544
Average Dog Distance: 0.7652374091604469
Maximum Dog Distance: 0.9137835797927232
Average Sheep Distance: 0.24552460885009883
Maximum Sheep Distance: 0.300103767113809
Elapsed Time: 5m 43s
********** 30 **********
Average Fitness: 0.07366666666666666
Maximum Fitness: 0.18333333333333335
Average Pen Distance: 0.3461745789021839
Maximum Pen Distance: 0.6125685909642183
Average Dog Distance: 0.7479187581048689
Maximum Dog Distance: 0.8823874079425327
Average Sheep Distance: 0.24158529994272954
Maximum Sheep Distance: 0.29166457987975686
Elapsed Time: 5m 41s
********** 31 **********
Average Fitness: 0.07516666666666666
Maximum Fitness: 0.31666666666666665
Average Pen Distance: 0.3417683417107175
Maximum Pen Distance: 0.751211963048667
Average Dog Distance: 0.745497583788144
Maximum Dog Distance: 0.9033172387889269
Average Sheep Distance: 0.24400555641601573
Maximum Sheep Distance: 0.2962857147726993
Elapsed Time: 5m 55s
********** 32 **********
Average Fitness: 0.0705
Maximum Fitness: 0.18333333333333335
Average Pen Distance: 0.3535269804186571
Maximum Pen Distance: 0.7106078938354085
Average Dog Distance: 0.7528490986459763
Maximum Dog Distance: 0.8961104942265323
Average Sheep Distance: 0.2399549590610325
Maximum Sheep Distance: 0.31209041812802124
Elapsed Time: 5m 43s
********** 33 **********
Average Fitness: 0.07383333333333333
Maximum Fitness: 0.21666666666666665
Average Pen Distance: 0.35052408847441563
Maximum Pen Distance: 0.7053636968982838
Average Dog Distance: 0.7416952984358626
Maximum Dog Distance: 0.9047380939116086
Average Sheep Distance: 0.24076678353221348
Maximum Sheep Distance: 0.3084699577386168
Elapsed Time: 5m 47s
********** 34 **********
Average Fitness: 0.07416666666666666
Maximum Fitness: 0.19999999999999998
Average Pen Distance: 0.3362724757814064
Maximum Pen Distance: 0.6548114304076064
Average Dog Distance: 0.7331608124783078
Maximum Dog Distance: 0.9148515013659958
Average Sheep Distance: 0.24264361400025827
Maximum Sheep Distance: 0.29426514285610456
Elapsed Time: 12m 40s
********** 35 **********
Average Fitness: 0.08816666666666668
Maximum Fitness: 0.20000000000000004
Average Pen Distance: 0.3231414879308626
Maximum Pen Distance: 0.6096505913276391
Average Dog Distance: 0.736749305773876
Maximum Dog Distance: 0.9069578256693961
Average Sheep Distance: 0.23579525933181755
Maximum Sheep Distance: 0.28433577268064963
Elapsed Time: 5m 48s
********** 36 **********
Average Fitness: 0.07716666666666666
Maximum Fitness: 0.18333333333333335
Average Pen Distance: 0.343653639943646
Maximum Pen Distance: 0.635707226204782
Average Dog Distance: 0.734402529343049
Maximum Dog Distance: 0.9187488984814106
Average Sheep Distance: 0.24436154390742473
Maximum Sheep Distance: 0.32254376476689456
Elapsed Time: 5m 45s
********** 37 **********
Average Fitness: 0.07733333333333332
Maximum Fitness: 0.25
Average Pen Distance: 0.34119572131251813
Maximum Pen Distance: 0.6950579674517726
Average Dog Distance: 0.7506650179395552
Maximum Dog Distance: 0.8829940959108834
Average Sheep Distance: 0.23981406235947095
Maximum Sheep Distance: 0.3097936259293383
Elapsed Time: 5m 44s
********** 38 **********
Average Fitness: 0.08583333333333334
Maximum Fitness: 0.26666666666666666
Average Pen Distance: 0.3249634876769344
Maximum Pen Distance: 0.7191820342423507
Average Dog Distance: 0.7465457701074514
Maximum Dog Distance: 0.8963508711615713
Average Sheep Distance: 0.2390395246522456
Maximum Sheep Distance: 0.3065140489252908
Elapsed Time: 5m 42s
********** 39 **********
Average Fitness: 0.08016666666666666
Maximum Fitness: 0.26666666666666666
Average Pen Distance: 0.3277675701429164
Maximum Pen Distance: 0.7336145574273081
Average Dog Distance: 0.739963891339345
Maximum Dog Distance: 0.8883003109417542
Average Sheep Distance: 0.24133182531550773
Maximum Sheep Distance: 0.3128697425280084
Elapsed Time: 5m 49s
********** 40 **********
Average Fitness: 0.08066666666666668
Maximum Fitness: 0.23333333333333336
Average Pen Distance: 0.329141603691034
Maximum Pen Distance: 0.7352440685933866
Average Dog Distance: 0.7402154372499501
Maximum Dog Distance: 0.8911840129435286
Average Sheep Distance: 0.24063013945992334
Maximum Sheep Distance: 0.31038911038684
Elapsed Time: 5m 46s
********** 41 **********
Average Fitness: 0.08083333333333335
Maximum Fitness: 0.25
Average Pen Distance: 0.3304632243813535
Maximum Pen Distance: 0.7401203418860388
Average Dog Distance: 0.732388679653928
Maximum Dog Distance: 0.9236599757156241
Average Sheep Distance: 0.23769838576861396
Maximum Sheep Distance: 0.315688536199213
Elapsed Time: 5m 44s
********** 42 **********
Average Fitness: 0.07233333333333332
Maximum Fitness: 0.20000000000000004
Average Pen Distance: 0.3667054175387971
Maximum Pen Distance: 0.7795175556548166
Average Dog Distance: 0.750213524684129
Maximum Dog Distance: 0.881642497535226
Average Sheep Distance: 0.2396875934779158
Maximum Sheep Distance: 0.3218436970147262
Elapsed Time: 5m 52s
********** 43 **********
Average Fitness: 0.08900000000000002
Maximum Fitness: 0.25
Average Pen Distance: 0.35933736650278436
Maximum Pen Distance: 0.6369210988071651
Average Dog Distance: 0.7557289593774569
Maximum Dog Distance: 0.8839726814134364
Average Sheep Distance: 0.23492609847171195
Maximum Sheep Distance: 0.30909965051383503
Elapsed Time: 5m 48s
********** 44 **********
Average Fitness: 0.0845
Maximum Fitness: 0.21666666666666667
Average Pen Distance: 0.3523008602367282
Maximum Pen Distance: 0.8309106784909611
Average Dog Distance: 0.7504277061726534
Maximum Dog Distance: 0.9178449244626398
Average Sheep Distance: 0.23947865172648658
Maximum Sheep Distance: 0.2996270293912549
Elapsed Time: 5m 43s
********** 45 **********
Average Fitness: 0.07716666666666666
Maximum Fitness: 0.20000000000000004
Average Pen Distance: 0.3346879461676743
Maximum Pen Distance: 0.6400252224860573
Average Dog Distance: 0.7395117337558471
Maximum Dog Distance: 0.8463463667714587
Average Sheep Distance: 0.2356599301311001
Maximum Sheep Distance: 0.28499457977229903
Elapsed Time: 5m 51s
********** 46 **********
Average Fitness: 0.08566666666666668
Maximum Fitness: 0.26666666666666666
Average Pen Distance: 0.31285338238548516
Maximum Pen Distance: 0.6348857213782985
Average Dog Distance: 0.7379456077100741
Maximum Dog Distance: 0.9115468887487683
Average Sheep Distance: 0.23622248655110054
Maximum Sheep Distance: 0.31381823316805246
Elapsed Time: 5m 41s
********** 47 **********
Average Fitness: 0.0845
Maximum Fitness: 0.2166666666666667
Average Pen Distance: 0.3273782093318968
Maximum Pen Distance: 0.6735040503688762
Average Dog Distance: 0.7420155020863356
Maximum Dog Distance: 0.8953845015035963
Average Sheep Distance: 0.23505055951809606
Maximum Sheep Distance: 0.31510762942178044
Elapsed Time: 5m 50s
********** 48 **********
Average Fitness: 0.08083333333333335
Maximum Fitness: 0.25
Average Pen Distance: 0.3375717207931073
Maximum Pen Distance: 0.7642694990497308
Average Dog Distance: 0.7343651910994056
Maximum Dog Distance: 0.8895191884222379
Average Sheep Distance: 0.23759453279848766
Maximum Sheep Distance: 0.3326965052120283
Elapsed Time: 5m 47s
********** 49 **********
Average Fitness: 0.08383333333333334
Maximum Fitness: 0.21666666666666667
Average Pen Distance: 0.33072332291400536
Maximum Pen Distance: 0.7194804600097195
Average Dog Distance: 0.7367153376981291
Maximum Dog Distance: 0.9056841053338768
Average Sheep Distance: 0.23519694696579205
Maximum Sheep Distance: 0.3337323664059501
Elapsed Time: 5m 50s
********** 50 **********
Average Fitness: 0.08750000000000002
Maximum Fitness: 0.20000000000000004
Average Pen Distance: 0.32738523665413816
Maximum Pen Distance: 0.708746227435062
Average Dog Distance: 0.7364688453051026
Maximum Dog Distance: 0.9145732184162881
Average Sheep Distance: 0.2365421287462448
Maximum Sheep Distance: 0.29197682362212235
Elapsed Time: 5m 58s
********** 51 **********
Average Fitness: 0.08149999999999999
Maximum Fitness: 0.16666666666666666
Average Pen Distance: 0.31987808984108257
Maximum Pen Distance: 0.6863684640140967
Average Dog Distance: 0.7279525757622074
Maximum Dog Distance: 0.8826144037655116
Average Sheep Distance: 0.23480022790740754
Maximum Sheep Distance: 0.2880593381444669
Elapsed Time: 5m 45s
********** 52 **********
Average Fitness: 0.08733333333333335
Maximum Fitness: 0.25
Average Pen Distance: 0.2990807758629589
Maximum Pen Distance: 0.7328714168081523
Average Dog Distance: 0.7210819405903678
Maximum Dog Distance: 0.894946172821704
Average Sheep Distance: 0.23558370828612696
Maximum Sheep Distance: 0.31988607413142167
Elapsed Time: 5m 45s
********** 53 **********
Average Fitness: 0.08416666666666667
Maximum Fitness: 0.25
Average Pen Distance: 0.2976011466849723
Maximum Pen Distance: 0.6749792791958247
Average Dog Distance: 0.7195927192060583
Maximum Dog Distance: 0.9116037342080975
Average Sheep Distance: 0.23392059666828022
Maximum Sheep Distance: 0.29971325366148055
Elapsed Time: 5m 47s
********** 54 **********
Average Fitness: 0.09666666666666666
Maximum Fitness: 0.23333333333333336
Average Pen Distance: 0.31376393026536176
Maximum Pen Distance: 0.8161642469896228
Average Dog Distance: 0.7239469990563699
Maximum Dog Distance: 0.8555736787170608
Average Sheep Distance: 0.22994509253178516
Maximum Sheep Distance: 0.3064934827245232
Elapsed Time: 5m 48s
********** 55 **********
Average Fitness: 0.08333333333333334
Maximum Fitness: 0.23333333333333336
Average Pen Distance: 0.3245253816257002
Maximum Pen Distance: 0.7524016819193521
Average Dog Distance: 0.7247392914900703
Maximum Dog Distance: 0.8959728898229322
Average Sheep Distance: 0.23472080518012026
Maximum Sheep Distance: 0.3429145599401997
Elapsed Time: 5m 43s
********** 56 **********
Average Fitness: 0.0845
Maximum Fitness: 0.21666666666666667
Average Pen Distance: 0.3285622580960591
Maximum Pen Distance: 0.7770899098093843
Average Dog Distance: 0.7207259777764122
Maximum Dog Distance: 0.9085046050772795
Average Sheep Distance: 0.2367201987178403
Maximum Sheep Distance: 0.3454830690719455
Elapsed Time: 5m 52s
********** 57 **********
Average Fitness: 0.07933333333333334
Maximum Fitness: 0.2333333333333333
Average Pen Distance: 0.30982778352408624
Maximum Pen Distance: 0.5804311364714637
Average Dog Distance: 0.7213144958185115
Maximum Dog Distance: 0.8766373734316626
Average Sheep Distance: 0.23462299550040772
Maximum Sheep Distance: 0.30769294037304373
Elapsed Time: 5m 38s
********** 58 **********
Average Fitness: 0.08616666666666668
Maximum Fitness: 0.21666666666666667
Average Pen Distance: 0.3157471176990608
Maximum Pen Distance: 0.59840680351074
Average Dog Distance: 0.7105865723399858
Maximum Dog Distance: 0.8532716988819739
Average Sheep Distance: 0.2281037475991131
Maximum Sheep Distance: 0.2811952562900755
Elapsed Time: 5m 40s
********** 59 **********
Average Fitness: 0.08366666666666665
Maximum Fitness: 0.21666666666666667
Average Pen Distance: 0.315607372512529
Maximum Pen Distance: 0.6690390008129921
Average Dog Distance: 0.7108980532561479
Maximum Dog Distance: 0.9775743696028331
Average Sheep Distance: 0.22636124009736566
Maximum Sheep Distance: 0.31642719327565333
Elapsed Time: 5m 43s
********** 60 **********
Average Fitness: 0.08716666666666668
Maximum Fitness: 0.20000000000000004
Average Pen Distance: 0.3563306579245382
Maximum Pen Distance: 0.7512756289952947
Average Dog Distance: 0.7329027209250454
Maximum Dog Distance: 0.9010334939195083
Average Sheep Distance: 0.22851251431355415
Maximum Sheep Distance: 0.30826350800308494
Elapsed Time: 5m 42s
********** 61 **********
Average Fitness: 0.08850000000000001
Maximum Fitness: 0.2166666666666667
Average Pen Distance: 0.33460344969447325
Maximum Pen Distance: 0.6399788431048326
Average Dog Distance: 0.7341339726938106
Maximum Dog Distance: 0.9259590389993478
Average Sheep Distance: 0.2325341328568671
Maximum Sheep Distance: 0.30509202271938346
Elapsed Time: 5m 45s
********** 62 **********
Average Fitness: 0.08883333333333335
Maximum Fitness: 0.26666666666666666
Average Pen Distance: 0.3139905247063806
Maximum Pen Distance: 0.6054167161058579
Average Dog Distance: 0.7341340552979372
Maximum Dog Distance: 0.9291344284650976
Average Sheep Distance: 0.22837503302675738
Maximum Sheep Distance: 0.3046871350687978
Elapsed Time: 5m 43s
********** 63 **********
Average Fitness: 0.08116666666666666
Maximum Fitness: 0.20000000000000004
Average Pen Distance: 0.30979381661332267
Maximum Pen Distance: 0.7131135339846256
Average Dog Distance: 0.7326702121838278
Maximum Dog Distance: 0.896768494743618
Average Sheep Distance: 0.22464642654218386
Maximum Sheep Distance: 0.29004954051486004
Elapsed Time: 5m 47s
********** 64 **********
Average Fitness: 0.09016666666666669
Maximum Fitness: 0.21666666666666667
Average Pen Distance: 0.30470315771955897
Maximum Pen Distance: 0.6475937119862522
Average Dog Distance: 0.7217242354554856
Maximum Dog Distance: 0.8783498317454846
Average Sheep Distance: 0.22927138243127854
Maximum Sheep Distance: 0.29619210008555036
Elapsed Time: 5m 48s
********** 65 **********
Average Fitness: 0.09000000000000002
Maximum Fitness: 0.25
Average Pen Distance: 0.3044256955139257
Maximum Pen Distance: 0.7493158082116874
Average Dog Distance: 0.7137608112761188
Maximum Dog Distance: 0.8599206342538025
Average Sheep Distance: 0.2247165946546619
Maximum Sheep Distance: 0.29749959165333045
Elapsed Time: 5m 42s
********** 66 **********
Average Fitness: 0.09816666666666668
Maximum Fitness: 0.3
Average Pen Distance: 0.2993716653625868
Maximum Pen Distance: 0.6472679340841246
Average Dog Distance: 0.7066437104862883
Maximum Dog Distance: 0.8571639233216352
Average Sheep Distance: 0.2264096068812109
Maximum Sheep Distance: 0.28601032041053703
Elapsed Time: 5m 38s
********** 67 **********
Average Fitness: 0.09033333333333335
Maximum Fitness: 0.2833333333333333
Average Pen Distance: 0.3144221033965121
Maximum Pen Distance: 0.6694503691390937
Average Dog Distance: 0.7247836833255715
Maximum Dog Distance: 0.9028198382687501
Average Sheep Distance: 0.23241968469488378
Maximum Sheep Distance: 0.2824508297581831
Elapsed Time: 5m 48s
********** 68 **********
Average Fitness: 0.1
Maximum Fitness: 0.2833333333333333
Average Pen Distance: 0.3023131769513999
Maximum Pen Distance: 0.5299791030197415
Average Dog Distance: 0.7230027251272573
Maximum Dog Distance: 0.8885804590116623
Average Sheep Distance: 0.22785687890023915
Maximum Sheep Distance: 0.30394411046903375
Elapsed Time: 5m 47s
********** 69 **********
Average Fitness: 0.09933333333333337
Maximum Fitness: 0.2833333333333334
Average Pen Distance: 0.3024705114877284
Maximum Pen Distance: 0.6607511892906075
Average Dog Distance: 0.7195335081005223
Maximum Dog Distance: 0.9181529794676782
Average Sheep Distance: 0.22545589626432552
Maximum Sheep Distance: 0.28379133438528203
Elapsed Time: 5m 49s
********** 70 **********
Average Fitness: 0.09033333333333335
Maximum Fitness: 0.26666666666666666
Average Pen Distance: 0.30215235976252985
Maximum Pen Distance: 0.5418840100142096
Average Dog Distance: 0.7211814636356414
Maximum Dog Distance: 0.9475176672253188
Average Sheep Distance: 0.22817305513782699
Maximum Sheep Distance: 0.28578933564533554
Elapsed Time: 5m 55s
********** 71 **********
Average Fitness: 0.09766666666666665
Maximum Fitness: 0.26666666666666666
Average Pen Distance: 0.3007523672616947
Maximum Pen Distance: 0.5085965834362183
Average Dog Distance: 0.7183807766615548
Maximum Dog Distance: 0.8851790629022674
Average Sheep Distance: 0.22549420627442232
Maximum Sheep Distance: 0.28330217452173945
Elapsed Time: 5m 46s
********** 72 **********
Average Fitness: 0.08850000000000001
Maximum Fitness: 0.26666666666666666
Average Pen Distance: 0.3241060863264888
Maximum Pen Distance: 0.6061622743402261
Average Dog Distance: 0.7238734499361422
Maximum Dog Distance: 0.9019831876638528
Average Sheep Distance: 0.22994335273290478
Maximum Sheep Distance: 0.3163483901093334
Elapsed Time: 5m 53s
********** 73 **********
Average Fitness: 0.08900000000000001
Maximum Fitness: 0.20000000000000004
Average Pen Distance: 0.3000397519986839
Maximum Pen Distance: 0.7225085270556643
Average Dog Distance: 0.7162025615473727
Maximum Dog Distance: 0.8297065784072286
Average Sheep Distance: 0.22267467795455956
Maximum Sheep Distance: 0.30377898382937246
Elapsed Time: 5m 45s
********** 74 **********
Average Fitness: 0.08966666666666669
Maximum Fitness: 0.21666666666666667
Average Pen Distance: 0.31351138531214834
Maximum Pen Distance: 0.6788296690191981
Average Dog Distance: 0.714082635769861
Maximum Dog Distance: 0.9128769469349721
Average Sheep Distance: 0.22603773258623597
Maximum Sheep Distance: 0.2917746164750648
Elapsed Time: 5m 49s
********** 75 **********
Average Fitness: 0.09366666666666665
Maximum Fitness: 0.2333333333333333
Average Pen Distance: 0.3132666751885507
Maximum Pen Distance: 0.6119923720370559
Average Dog Distance: 0.725279896506631
Maximum Dog Distance: 0.8742032569747286
Average Sheep Distance: 0.22677695530701467
Maximum Sheep Distance: 0.2943588302069239
Elapsed Time: 5m 50s
********** 76 **********
Average Fitness: 0.0805
Maximum Fitness: 0.26666666666666666
Average Pen Distance: 0.31141370493712145
Maximum Pen Distance: 0.6286937932425297
Average Dog Distance: 0.7151000275097976
Maximum Dog Distance: 0.8671903624465184
Average Sheep Distance: 0.22531344566932074
Maximum Sheep Distance: 0.29703483516782114
Elapsed Time: 5m 49s
********** 77 **********
Average Fitness: 0.08833333333333333
Maximum Fitness: 0.25
Average Pen Distance: 0.31012512150203264
Maximum Pen Distance: 0.6411195462917263
Average Dog Distance: 0.7242136186500338
Maximum Dog Distance: 0.9353965615375799
Average Sheep Distance: 0.23108536815372374
Maximum Sheep Distance: 0.3189453693429984
Elapsed Time: 5m 54s
********** 78 **********
Average Fitness: 0.08883333333333333
Maximum Fitness: 0.20000000000000004
Average Pen Distance: 0.30327624585182195
Maximum Pen Distance: 0.6400767800439673
Average Dog Distance: 0.7269833716717923
Maximum Dog Distance: 0.8959164194823019
Average Sheep Distance: 0.22722718597828373
Maximum Sheep Distance: 0.2978971481000695
Elapsed Time: 5m 42s
********** 79 **********
Average Fitness: 0.08216666666666668
Maximum Fitness: 0.23333333333333336
Average Pen Distance: 0.31440987166985834
Maximum Pen Distance: 0.7299459050720074
Average Dog Distance: 0.7191193645371432
Maximum Dog Distance: 0.8780226308092048
Average Sheep Distance: 0.22957727202069036
Maximum Sheep Distance: 0.30921413876467607
Elapsed Time: 5m 43s
********** 80 **********
Average Fitness: 0.09383333333333335
Maximum Fitness: 0.3
Average Pen Distance: 0.30197867332042116
Maximum Pen Distance: 0.5419861452449852
Average Dog Distance: 0.7117872424468814
Maximum Dog Distance: 0.9154847214835614
Average Sheep Distance: 0.22536048988419943
Maximum Sheep Distance: 0.2725091127748952
Elapsed Time: 5m 45s
********** 81 **********
Average Fitness: 0.08716666666666667
Maximum Fitness: 0.25
Average Pen Distance: 0.32015179061754745
Maximum Pen Distance: 0.7043138279144158
Average Dog Distance: 0.7181149245711357
Maximum Dog Distance: 0.922960723276017
Average Sheep Distance: 0.22668382695667824
Maximum Sheep Distance: 0.29582255007054786
Elapsed Time: 5m 49s
********** 82 **********
Average Fitness: 0.08833333333333333
Maximum Fitness: 0.23333333333333336
Average Pen Distance: 0.32349144018569054
Maximum Pen Distance: 0.7239124992771077
Average Dog Distance: 0.7145327914568483
Maximum Dog Distance: 0.8802762210073657
Average Sheep Distance: 0.2269264318834725
Maximum Sheep Distance: 0.3104294185735725
Elapsed Time: 5m 43s
********** 83 **********
Average Fitness: 0.0931666666666667
Maximum Fitness: 0.25
Average Pen Distance: 0.3320101292643497
Maximum Pen Distance: 0.7000250800444086
Average Dog Distance: 0.7067764842369597
Maximum Dog Distance: 0.882906404048148
Average Sheep Distance: 0.22440936548017987
Maximum Sheep Distance: 0.3453671142227828
Elapsed Time: 5m 45s
********** 84 **********
Average Fitness: 0.10616666666666669
Maximum Fitness: 0.3
Average Pen Distance: 0.33360568302362814
Maximum Pen Distance: 0.6512160855662796
Average Dog Distance: 0.7362221411404117
Maximum Dog Distance: 0.903822677493582
Average Sheep Distance: 0.2248333675749536
Maximum Sheep Distance: 0.3187645204575659
Elapsed Time: 5m 46s
********** 85 **********
Average Fitness: 0.1
Maximum Fitness: 0.21666666666666667
Average Pen Distance: 0.32084487630816616
Maximum Pen Distance: 0.7087389466616228
Average Dog Distance: 0.7187116977413247
Maximum Dog Distance: 0.919158269579197
Average Sheep Distance: 0.22643280181312778
Maximum Sheep Distance: 0.30846103886326554
Elapsed Time: 5m 43s
********** 86 **********
Average Fitness: 0.08950000000000001
Maximum Fitness: 0.2833333333333333
Average Pen Distance: 0.3293582861634327
Maximum Pen Distance: 0.5231385137481771
Average Dog Distance: 0.7261297436150346
Maximum Dog Distance: 0.9117328579629276
Average Sheep Distance: 0.2260997907057604
Maximum Sheep Distance: 0.29482040319824643
Elapsed Time: 5m 54s
********** 87 **********
Average Fitness: 0.1015
Maximum Fitness: 0.26666666666666666
Average Pen Distance: 0.32345523929807274
Maximum Pen Distance: 0.5833800560280347
Average Dog Distance: 0.7024784406431013
Maximum Dog Distance: 0.871913750698697
Average Sheep Distance: 0.22209260687112725
Maximum Sheep Distance: 0.2940202414841538
Elapsed Time: 5m 43s
********** 88 **********
Average Fitness: 0.09550000000000003
Maximum Fitness: 0.21666666666666665
Average Pen Distance: 0.3166451324064449
Maximum Pen Distance: 0.7403685514743786
Average Dog Distance: 0.7213856120206001
Maximum Dog Distance: 0.8800698630046594
Average Sheep Distance: 0.22847266480303843
Maximum Sheep Distance: 0.31158846635737053
Elapsed Time: 5m 41s
********** 89 **********
Average Fitness: 0.095
Maximum Fitness: 0.25
Average Pen Distance: 0.30990003239230957
Maximum Pen Distance: 0.5540777065379752
Average Dog Distance: 0.7155807073494981
Maximum Dog Distance: 0.8728316327940817
Average Sheep Distance: 0.22097316382528054
Maximum Sheep Distance: 0.29011850972907266
Elapsed Time: 5m 51s
********** 90 **********
Average Fitness: 0.10183333333333336
Maximum Fitness: 0.3
Average Pen Distance: 0.30352117167576403
Maximum Pen Distance: 0.5172361788349457
Average Dog Distance: 0.7075527591949341
Maximum Dog Distance: 0.8607260905559843
Average Sheep Distance: 0.2243201591014274
Maximum Sheep Distance: 0.2956096958346328
Elapsed Time: 5m 42s
********** 91 **********
Average Fitness: 0.09383333333333337
Maximum Fitness: 0.2333333333333333
Average Pen Distance: 0.32072832493264536
Maximum Pen Distance: 0.6001248316620601
Average Dog Distance: 0.7180877705289979
Maximum Dog Distance: 0.9677126590505947
Average Sheep Distance: 0.22856065100056142
Maximum Sheep Distance: 0.2823078318047082
Elapsed Time: 5m 42s
********** 92 **********
Average Fitness: 0.09533333333333335
Maximum Fitness: 0.25
Average Pen Distance: 0.32640598299615897
Maximum Pen Distance: 0.705926036514097
Average Dog Distance: 0.7270946165979661
Maximum Dog Distance: 0.8774353193592503
Average Sheep Distance: 0.2273969859636495
Maximum Sheep Distance: 0.29800081460801425
Elapsed Time: 5m 44s
********** 93 **********
Average Fitness: 0.09316666666666668
Maximum Fitness: 0.26666666666666666
Average Pen Distance: 0.3397602691629516
Maximum Pen Distance: 0.7637057071910226
Average Dog Distance: 0.7234956752851491
Maximum Dog Distance: 0.9407153497641297
Average Sheep Distance: 0.22916855789576804
Maximum Sheep Distance: 0.29780430600146296
Elapsed Time: 5m 58s
********** 94 **********
Average Fitness: 0.08916666666666667
Maximum Fitness: 0.3166666666666667
Average Pen Distance: 0.31646963131498806
Maximum Pen Distance: 0.6388426428370813
Average Dog Distance: 0.7085371421191775
Maximum Dog Distance: 0.89511745182383
Average Sheep Distance: 0.22843935623220443
Maximum Sheep Distance: 0.3052062770696908
Elapsed Time: 5m 52s
********** 95 **********
Average Fitness: 0.09516666666666666
Maximum Fitness: 0.31666666666666665
Average Pen Distance: 0.3047999273801447
Maximum Pen Distance: 0.723908388153132
Average Dog Distance: 0.7024700300788075
Maximum Dog Distance: 0.8908143060523498
Average Sheep Distance: 0.22338475266126795
Maximum Sheep Distance: 0.32165142312849543
Elapsed Time: 5m 43s
********** 96 **********
Average Fitness: 0.09650000000000002
Maximum Fitness: 0.26666666666666666
Average Pen Distance: 0.29536260752154303
Maximum Pen Distance: 0.7388792101191329
Average Dog Distance: 0.6964630209686352
Maximum Dog Distance: 0.9393468608148252
Average Sheep Distance: 0.2258655273681221
Maximum Sheep Distance: 0.28116026191551335
Elapsed Time: 5m 53s
********** 97 **********
Average Fitness: 0.09199999999999997
Maximum Fitness: 0.2333333333333333
Average Pen Distance: 0.30271642835579493
Maximum Pen Distance: 0.7519554785968703
Average Dog Distance: 0.6903230475306055
Maximum Dog Distance: 0.9119488582211535
Average Sheep Distance: 0.22714183756376805
Maximum Sheep Distance: 0.2866925513792424
Elapsed Time: 5m 53s
********** 98 **********
Average Fitness: 0.08933333333333333
Maximum Fitness: 0.21666666666666667
Average Pen Distance: 0.287016465005596
Maximum Pen Distance: 0.5125921380391617
Average Dog Distance: 0.6775702458512457
Maximum Dog Distance: 0.9277580726285893
Average Sheep Distance: 0.2283581176778009
Maximum Sheep Distance: 0.30004681562151475
Elapsed Time: 6m 3s
********** 99 **********
Average Fitness: 0.09616666666666668
Maximum Fitness: 0.26666666666666666
Average Pen Distance: 0.2887499025705785
Maximum Pen Distance: 0.6087618613513524
Average Dog Distance: 0.6857997919191702
Maximum Dog Distance: 0.9023885220088941
Average Sheep Distance: 0.22985554104253184
Maximum Sheep Distance: 0.2975237110544819
Elapsed Time: 5m 46s
********** 100 **********
Average Fitness: 0.0986666666666667
Maximum Fitness: 0.25
Average Pen Distance: 0.3077900902467533
Maximum Pen Distance: 0.6063307154239933
Average Dog Distance: 0.6956953209175913
Maximum Dog Distance: 0.9096200100192537
Average Sheep Distance: 0.22298754771553014
Maximum Sheep Distance: 0.280173459127487
Elapsed Time: 5m 50s
********** 1 **********
Average Fitness: 0.0385
Maximum Fitness: 0.13333333333333333
Average Pen Distance: 0.49409370128690666
Maximum Pen Distance: 0.7579038560732
Average Dog Distance: 0.773132177086987
Maximum Dog Distance: 0.909307456459405
Average Sheep Distance: 0.25968198087508515
Maximum Sheep Distance: 0.3529814324952422
Elapsed Time: 5m 50s
********** 2 **********
Average Fitness: 0.04433333333333333
Maximum Fitness: 0.18333333333333335
Average Pen Distance: 0.49908098603644807
Maximum Pen Distance: 0.7742352760158656
Average Dog Distance: 0.7817543635983197
Maximum Dog Distance: 0.9695705406142209
Average Sheep Distance: 0.25777769580696236
Maximum Sheep Distance: 0.3231740414351822
Elapsed Time: 5m 43s
********** 3 **********
Average Fitness: 0.033166666666666664
Maximum Fitness: 0.18333333333333335
Average Pen Distance: 0.4875132138233665
Maximum Pen Distance: 0.7114577169904063
Average Dog Distance: 0.7678463172718253
Maximum Dog Distance: 0.9260160769938711
Average Sheep Distance: 0.2527561111697299
Maximum Sheep Distance: 0.3175640156116291
Elapsed Time: 5m 49s
********** 4 **********
Average Fitness: 0.03899999999999999
Maximum Fitness: 0.11666666666666665
Average Pen Distance: 0.4646977985095746
Maximum Pen Distance: 0.7274047559013344
Average Dog Distance: 0.739981755599432
Maximum Dog Distance: 0.9293959320369067
Average Sheep Distance: 0.25373381568235714
Maximum Sheep Distance: 0.31962340058861216
Elapsed Time: 5m 45s
********** 5 **********
Average Fitness: 0.04616666666666666
Maximum Fitness: 0.16666666666666666
Average Pen Distance: 0.4612570670275869
Maximum Pen Distance: 0.6867695958569975
Average Dog Distance: 0.7427749943769288
Maximum Dog Distance: 0.921100436784899
Average Sheep Distance: 0.25487998662235806
Maximum Sheep Distance: 0.3190958743893824
Elapsed Time: 5m 41s
********** 6 **********
Average Fitness: 0.050666666666666665
Maximum Fitness: 0.15
Average Pen Distance: 0.45049548524920374
Maximum Pen Distance: 0.6827309273802683
Average Dog Distance: 0.7407910286089386
Maximum Dog Distance: 0.9794340646865631
Average Sheep Distance: 0.24995028740414177
Maximum Sheep Distance: 0.3257640883009629
Elapsed Time: 5m 47s
********** 7 **********
Average Fitness: 0.0525
Maximum Fitness: 0.2333333333333333
Average Pen Distance: 0.44908993893604476
Maximum Pen Distance: 0.714508666989509
Average Dog Distance: 0.7470741697318846
Maximum Dog Distance: 0.9080456225494484
Average Sheep Distance: 0.24829297298354094
Maximum Sheep Distance: 0.321143019423609
Elapsed Time: 5m 47s
********** 8 **********
Average Fitness: 0.047333333333333324
Maximum Fitness: 0.18333333333333335
Average Pen Distance: 0.45045091676653776
Maximum Pen Distance: 0.7348370560570587
Average Dog Distance: 0.7371861344389345
Maximum Dog Distance: 0.9075415072492284
Average Sheep Distance: 0.25126206032774845
Maximum Sheep Distance: 0.32560787769581045
Elapsed Time: 5m 48s
********** 9 **********
Average Fitness: 0.043333333333333314
Maximum Fitness: 0.18333333333333332
Average Pen Distance: 0.4472274641072553
Maximum Pen Distance: 0.7357980536372698
Average Dog Distance: 0.7620872210713674
Maximum Dog Distance: 0.9450239739333122
Average Sheep Distance: 0.255055247382823
Maximum Sheep Distance: 0.3199946303665671
Elapsed Time: 5m 50s
********** 10 **********
Average Fitness: 0.046999999999999986
Maximum Fitness: 0.21666666666666665
Average Pen Distance: 0.44789613239625514
Maximum Pen Distance: 0.6925470846019764
Average Dog Distance: 0.7703405243808175
Maximum Dog Distance: 0.9273801885484619
Average Sheep Distance: 0.25489010866743
Maximum Sheep Distance: 0.3083798485325702
Elapsed Time: 5m 43s
********** 11 **********
Average Fitness: 0.04283333333333332
Maximum Fitness: 0.13333333333333333
Average Pen Distance: 0.4533022672995928
Maximum Pen Distance: 0.679856220983499
Average Dog Distance: 0.7787604842499626
Maximum Dog Distance: 0.9394681921313177
Average Sheep Distance: 0.2514920469836151
Maximum Sheep Distance: 0.30980467405760037
Elapsed Time: 5m 48s
********** 12 **********
Average Fitness: 0.044500000000000005
Maximum Fitness: 0.15
Average Pen Distance: 0.4676722076932283
Maximum Pen Distance: 0.7089671074427946
Average Dog Distance: 0.7652721945383053
Maximum Dog Distance: 0.943880445147182
Average Sheep Distance: 0.2521550461085401
Maximum Sheep Distance: 0.3055929657241825
Elapsed Time: 5m 47s
********** 13 **********
Average Fitness: 0.04066666666666666
Maximum Fitness: 0.15
Average Pen Distance: 0.46614659392865454
Maximum Pen Distance: 0.7055783537107861
Average Dog Distance: 0.7679145764302576
Maximum Dog Distance: 0.9788788266841365
Average Sheep Distance: 0.24744487423241338
Maximum Sheep Distance: 0.29321207666286786
Elapsed Time: 5m 44s
********** 14 **********
Average Fitness: 0.04616666666666666
Maximum Fitness: 0.16666666666666666
Average Pen Distance: 0.49127316319790915
Maximum Pen Distance: 0.7072735172293941
Average Dog Distance: 0.7850049325119727
Maximum Dog Distance: 0.9600764675029442
Average Sheep Distance: 0.25283841367156
Maximum Sheep Distance: 0.32556832050082846
Elapsed Time: 5m 51s
********** 15 **********
Average Fitness: 0.04266666666666666
Maximum Fitness: 0.18333333333333332
Average Pen Distance: 0.47872028256188787
Maximum Pen Distance: 0.7076696005219546
Average Dog Distance: 0.7782132039339977
Maximum Dog Distance: 0.9370375773270907
Average Sheep Distance: 0.24950171072576757
Maximum Sheep Distance: 0.33805976053661596
Elapsed Time: 5m 48s
********** 16 **********
Average Fitness: 0.04616666666666666
Maximum Fitness: 0.16666666666666666
Average Pen Distance: 0.4545953794130021
Maximum Pen Distance: 0.7184151223128623
Average Dog Distance: 0.7652605733204431
Maximum Dog Distance: 0.9437698858558082
Average Sheep Distance: 0.24956170215050494
Maximum Sheep Distance: 0.29906801706480196
Elapsed Time: 5m 48s
********** 17 **********
Average Fitness: 0.05083333333333332
Maximum Fitness: 0.19999999999999998
Average Pen Distance: 0.44242385026727704
Maximum Pen Distance: 0.7137809883839125
Average Dog Distance: 0.7695205551007706
Maximum Dog Distance: 0.9204382170184666
Average Sheep Distance: 0.2503157118575307
Maximum Sheep Distance: 0.30346526536941926
Elapsed Time: 5m 45s
********** 18 **********
Average Fitness: 0.04516666666666666
Maximum Fitness: 0.16666666666666666
Average Pen Distance: 0.4607032286618134
Maximum Pen Distance: 0.675981272071322
Average Dog Distance: 0.7720739864189694
Maximum Dog Distance: 0.9442532660593185
Average Sheep Distance: 0.25275065935193164
Maximum Sheep Distance: 0.30535750124741284
Elapsed Time: 5m 43s
********** 19 **********
Average Fitness: 0.052000000000000005
Maximum Fitness: 0.21666666666666667
Average Pen Distance: 0.444204892231901
Maximum Pen Distance: 0.7893644180099657
Average Dog Distance: 0.7577634556859009
Maximum Dog Distance: 0.9500137873673511
Average Sheep Distance: 0.25175054976285605
Maximum Sheep Distance: 0.3281589508587727
Elapsed Time: 5m 44s
********** 20 **********
Average Fitness: 0.050499999999999996
Maximum Fitness: 0.18333333333333335
Average Pen Distance: 0.44991015563361636
Maximum Pen Distance: 0.7750073759104158
Average Dog Distance: 0.7755986557484836
Maximum Dog Distance: 0.967020401991539
Average Sheep Distance: 0.25162832381360617
Maximum Sheep Distance: 0.3037896685964371
Elapsed Time: 5m 48s
********** 21 **********
Average Fitness: 0.0425
Maximum Fitness: 0.19999999999999998
Average Pen Distance: 0.4318681603224535
Maximum Pen Distance: 0.7042682481071872
Average Dog Distance: 0.7518567513502087
Maximum Dog Distance: 0.9590709105895718
Average Sheep Distance: 0.25074627293863255
Maximum Sheep Distance: 0.3095733441328527
Elapsed Time: 5m 55s
********** 22 **********
Average Fitness: 0.04649999999999999
Maximum Fitness: 0.15000000000000002
Average Pen Distance: 0.44271618464254414
Maximum Pen Distance: 0.6884282747543384
Average Dog Distance: 0.7592234922286342
Maximum Dog Distance: 0.9686479515704892
Average Sheep Distance: 0.24805466232011425
Maximum Sheep Distance: 0.30063897619282925
Elapsed Time: 5m 48s
********** 23 **********
Average Fitness: 0.048999999999999995
Maximum Fitness: 0.18333333333333335
Average Pen Distance: 0.44747179414155036
Maximum Pen Distance: 0.7707049853996835
Average Dog Distance: 0.7507776251305927
Maximum Dog Distance: 0.9283904291778894
Average Sheep Distance: 0.24752425205728393
Maximum Sheep Distance: 0.32732470186034884
Elapsed Time: 5m 54s
********** 24 **********
Average Fitness: 0.05583333333333333
Maximum Fitness: 0.20000000000000004
Average Pen Distance: 0.4318511124903936
Maximum Pen Distance: 0.6918323214555878
Average Dog Distance: 0.7363713193671266
Maximum Dog Distance: 0.9710273334876498
Average Sheep Distance: 0.25117144466330255
Maximum Sheep Distance: 0.32721772464703575
Elapsed Time: 5m 51s
********** 25 **********
Average Fitness: 0.05966666666666666
Maximum Fitness: 0.25
Average Pen Distance: 0.41980061544475034
Maximum Pen Distance: 0.8196951476657572
Average Dog Distance: 0.742114268121611
Maximum Dog Distance: 0.9322392992214606
Average Sheep Distance: 0.24823819009032844
Maximum Sheep Distance: 0.31996390385877377
Elapsed Time: 5m 50s
********** 26 **********
Average Fitness: 0.061833333333333323
Maximum Fitness: 0.18333333333333335
Average Pen Distance: 0.4001241156080868
Maximum Pen Distance: 0.6503473370352746
Average Dog Distance: 0.7075564985406217
Maximum Dog Distance: 0.9015932886040217
Average Sheep Distance: 0.24296603523950341
Maximum Sheep Distance: 0.3105587302289697
Elapsed Time: 5m 57s
********** 27 **********
Average Fitness: 0.06699999999999999
Maximum Fitness: 0.18333333333333335
Average Pen Distance: 0.39624302268995426
Maximum Pen Distance: 0.587889622654404
Average Dog Distance: 0.6965156341480416
Maximum Dog Distance: 0.8936447350927706
Average Sheep Distance: 0.23815877234636715
Maximum Sheep Distance: 0.30230476782531057
Elapsed Time: 5m 46s
********** 28 **********
Average Fitness: 0.0635
Maximum Fitness: 0.18333333333333335
Average Pen Distance: 0.3920728359923873
Maximum Pen Distance: 0.6070736066746275
Average Dog Distance: 0.706010874855099
Maximum Dog Distance: 0.9369535204506905
Average Sheep Distance: 0.2360194106547448
Maximum Sheep Distance: 0.28437966541168297
Elapsed Time: 5m 46s
********** 29 **********
Average Fitness: 0.071
Maximum Fitness: 0.21666666666666667
Average Pen Distance: 0.38041754879261264
Maximum Pen Distance: 0.5948589759117797
Average Dog Distance: 0.707100313185926
Maximum Dog Distance: 0.8788686406187725
Average Sheep Distance: 0.2369302053291122
Maximum Sheep Distance: 0.2996299252963129
Elapsed Time: 5m 49s
********** 30 **********
Average Fitness: 0.06749999999999999
Maximum Fitness: 0.18333333333333335
Average Pen Distance: 0.3673658077185264
Maximum Pen Distance: 0.5646552985992733
Average Dog Distance: 0.693358882425262
Maximum Dog Distance: 0.9168486254190144
Average Sheep Distance: 0.2394651161591418
Maximum Sheep Distance: 0.2984543173945078
Elapsed Time: 5m 45s
********** 31 **********
Average Fitness: 0.06783333333333331
Maximum Fitness: 0.26666666666666666
Average Pen Distance: 0.36877360145152627
Maximum Pen Distance: 0.5847981228156355
Average Dog Distance: 0.6903963340675537
Maximum Dog Distance: 0.858035435680021
Average Sheep Distance: 0.2387421059089037
Maximum Sheep Distance: 0.32786382714660883
Elapsed Time: 5m 43s
********** 32 **********
Average Fitness: 0.08083333333333333
Maximum Fitness: 0.23333333333333336
Average Pen Distance: 0.3613867613867577
Maximum Pen Distance: 0.7517341763515534
Average Dog Distance: 0.6863810058762418
Maximum Dog Distance: 0.8649141769817071
Average Sheep Distance: 0.23752063154790967
Maximum Sheep Distance: 0.29147784997781917
Elapsed Time: 5m 45s
********** 33 **********
Average Fitness: 0.07383333333333333
Maximum Fitness: 0.2333333333333333
Average Pen Distance: 0.3648422853234938
Maximum Pen Distance: 0.7312666699756597
Average Dog Distance: 0.6693753950022583
Maximum Dog Distance: 0.8728478948292134
Average Sheep Distance: 0.24167597989170322
Maximum Sheep Distance: 0.2936398166257674
Elapsed Time: 5m 37s
********** 34 **********
Average Fitness: 0.0745
Maximum Fitness: 0.20000000000000004
Average Pen Distance: 0.3551719723383748
Maximum Pen Distance: 0.5914456025404713
Average Dog Distance: 0.6748312861282639
Maximum Dog Distance: 0.9007770930196651
Average Sheep Distance: 0.23763346296051782
Maximum Sheep Distance: 0.28569723365780153
Elapsed Time: 5m 50s
********** 35 **********
Average Fitness: 0.07633333333333332
Maximum Fitness: 0.20000000000000004
Average Pen Distance: 0.3672429930963789
Maximum Pen Distance: 0.6302283011609459
Average Dog Distance: 0.6745730295275562
Maximum Dog Distance: 0.840112383500931
Average Sheep Distance: 0.23510816862706085
Maximum Sheep Distance: 0.2951405173338833
Elapsed Time: 5m 50s
********** 36 **********
Average Fitness: 0.07183333333333333
Maximum Fitness: 0.21666666666666665
Average Pen Distance: 0.35058999843960564
Maximum Pen Distance: 0.6454706799415894
Average Dog Distance: 0.6847901980918593
Maximum Dog Distance: 0.8766364520889866
Average Sheep Distance: 0.2329840264018988
Maximum Sheep Distance: 0.2892983456067488
Elapsed Time: 5m 49s
********** 37 **********
Average Fitness: 0.08816666666666664
Maximum Fitness: 0.26666666666666666
Average Pen Distance: 0.3383135001201299
Maximum Pen Distance: 0.5670022065916944
Average Dog Distance: 0.6742535534593062
Maximum Dog Distance: 0.8697463411108401
Average Sheep Distance: 0.23172865130080422
Maximum Sheep Distance: 0.2958328548716746
Elapsed Time: 5m 57s
********** 38 **********
Average Fitness: 0.09783333333333333
Maximum Fitness: 0.2333333333333333
Average Pen Distance: 0.3313241331485724
Maximum Pen Distance: 0.538294872703911
Average Dog Distance: 0.6659490848341505
Maximum Dog Distance: 0.8605246607766425
Average Sheep Distance: 0.2318963934284652
Maximum Sheep Distance: 0.3025376910854054
Elapsed Time: 5m 44s
********** 39 **********
Average Fitness: 0.09933333333333332
Maximum Fitness: 0.2833333333333333
Average Pen Distance: 0.33951904720925397
Maximum Pen Distance: 0.639084517352737
Average Dog Distance: 0.6683541872805029
Maximum Dog Distance: 0.8717661678400382
Average Sheep Distance: 0.2321688065593242
Maximum Sheep Distance: 0.31134172333913357
Elapsed Time: 5m 42s
********** 40 **********
Average Fitness: 0.09216666666666669
Maximum Fitness: 0.25
Average Pen Distance: 0.3352402549861906
Maximum Pen Distance: 0.5386370420453814
Average Dog Distance: 0.6776430281578222
Maximum Dog Distance: 0.8379734760454364
Average Sheep Distance: 0.23204102368421237
Maximum Sheep Distance: 0.2860353619386433
Elapsed Time: 5m 34s
********** 41 **********
Average Fitness: 0.09683333333333334
Maximum Fitness: 0.3333333333333333
Average Pen Distance: 0.3399495220451485
Maximum Pen Distance: 0.6709485142569358
Average Dog Distance: 0.6777121046406713
Maximum Dog Distance: 0.8854838922307341
Average Sheep Distance: 0.22759793263475378
Maximum Sheep Distance: 0.31407053050697004
Elapsed Time: 5m 46s
********** 42 **********
Average Fitness: 0.10416666666666666
Maximum Fitness: 0.31666666666666665
Average Pen Distance: 0.3397585457955742
Maximum Pen Distance: 0.5790925954083112
Average Dog Distance: 0.688092616696294
Maximum Dog Distance: 0.9011480321720967
Average Sheep Distance: 0.22656560611416268
Maximum Sheep Distance: 0.28528079035406956
Elapsed Time: 5m 40s
********** 43 **********
Average Fitness: 0.1035
Maximum Fitness: 0.26666666666666666
Average Pen Distance: 0.32465805056080166
Maximum Pen Distance: 0.5294818295027092
Average Dog Distance: 0.6752081010244071
Maximum Dog Distance: 0.8478227466575704
Average Sheep Distance: 0.23334254123393322
Maximum Sheep Distance: 0.2986281877131651
Elapsed Time: 5m 39s
********** 44 **********
Average Fitness: 0.09583333333333333
Maximum Fitness: 0.24999999999999997
Average Pen Distance: 0.3487857962057227
Maximum Pen Distance: 0.8427020735448059
Average Dog Distance: 0.6772405948765315
Maximum Dog Distance: 0.8568580969945657
Average Sheep Distance: 0.23153428716357588
Maximum Sheep Distance: 0.31912629659173203
Elapsed Time: 5m 45s
********** 45 **********
Average Fitness: 0.09833333333333333
Maximum Fitness: 0.25
Average Pen Distance: 0.34530636665671155
Maximum Pen Distance: 0.6436178192095486
Average Dog Distance: 0.6815368954684553
Maximum Dog Distance: 0.9301326379261995
Average Sheep Distance: 0.2270139979856127
Maximum Sheep Distance: 0.29221459047253423
Elapsed Time: 5m 40s
********** 46 **********
Average Fitness: 0.10066666666666667
Maximum Fitness: 0.3
Average Pen Distance: 0.34554110300084223
Maximum Pen Distance: 0.6270766569096181
Average Dog Distance: 0.6996586645865421
Maximum Dog Distance: 0.8699366828573832
Average Sheep Distance: 0.22300968389036624
Maximum Sheep Distance: 0.2776814837181207
Elapsed Time: 5m 39s
********** 47 **********
Average Fitness: 0.11066666666666666
Maximum Fitness: 0.25
Average Pen Distance: 0.3352942321408572
Maximum Pen Distance: 0.4946206899749594
Average Dog Distance: 0.6961546973662763
Maximum Dog Distance: 0.9106894579666381
Average Sheep Distance: 0.2219718087162407
Maximum Sheep Distance: 0.2772485063991393
Elapsed Time: 5m 39s
********** 48 **********
Average Fitness: 0.1005
Maximum Fitness: 0.2833333333333333
Average Pen Distance: 0.3427022894568094
Maximum Pen Distance: 0.5304405322808315
Average Dog Distance: 0.6887489431353971
Maximum Dog Distance: 0.8289797752525844
Average Sheep Distance: 0.2240207089597887
Maximum Sheep Distance: 0.3136059727243527
Elapsed Time: 5m 43s
********** 49 **********
Average Fitness: 0.10583333333333336
Maximum Fitness: 0.2833333333333333
Average Pen Distance: 0.3316612492684886
Maximum Pen Distance: 0.49099555322201627
Average Dog Distance: 0.6891949162757924
Maximum Dog Distance: 0.8396529360792453
Average Sheep Distance: 0.22948776289246595
Maximum Sheep Distance: 0.3054850853540894
Elapsed Time: 5m 36s
********** 50 **********
Average Fitness: 0.1025
Maximum Fitness: 0.35000000000000003
Average Pen Distance: 0.3344555121293493
Maximum Pen Distance: 0.730629526287171
Average Dog Distance: 0.6984719198375021
Maximum Dog Distance: 0.8970225664119033
Average Sheep Distance: 0.22450919551036957
Maximum Sheep Distance: 0.3017883251478429
Elapsed Time: 5m 39s
********** 51 **********
Average Fitness: 0.1136666666666667
Maximum Fitness: 0.26666666666666666
Average Pen Distance: 0.3290283446158267
Maximum Pen Distance: 0.5753611914122163
Average Dog Distance: 0.6857955182485579
Maximum Dog Distance: 0.8016164167358664
Average Sheep Distance: 0.22195106299679726
Maximum Sheep Distance: 0.30369631734557695
Elapsed Time: 5m 45s
********** 52 **********
Average Fitness: 0.10916666666666666
Maximum Fitness: 0.2833333333333333
Average Pen Distance: 0.3392900072282943
Maximum Pen Distance: 0.6356177494492308
Average Dog Distance: 0.6887029802326036
Maximum Dog Distance: 0.9224073643737839
Average Sheep Distance: 0.22291208611214153
Maximum Sheep Distance: 0.36665955240310316
Elapsed Time: 5m 42s
********** 53 **********
Average Fitness: 0.11033333333333335
Maximum Fitness: 0.2833333333333333
Average Pen Distance: 0.34573654319105257
Maximum Pen Distance: 0.6843716449299698
Average Dog Distance: 0.6999976059631812
Maximum Dog Distance: 0.8595142445403846
Average Sheep Distance: 0.22257655593584322
Maximum Sheep Distance: 0.3084071802471889
Elapsed Time: 5m 38s
********** 54 **********
Average Fitness: 0.12050000000000001
Maximum Fitness: 0.35000000000000003
Average Pen Distance: 0.3354829995952895
Maximum Pen Distance: 0.5321672289433598
Average Dog Distance: 0.7025161239427318
Maximum Dog Distance: 0.8486694951672898
Average Sheep Distance: 0.2171707918150724
Maximum Sheep Distance: 0.3051056406014508
Elapsed Time: 5m 39s
********** 55 **********
Average Fitness: 0.11599999999999999
Maximum Fitness: 0.3333333333333333
Average Pen Distance: 0.34375527634194325
Maximum Pen Distance: 0.5162946845997086
Average Dog Distance: 0.7170004555080606
Maximum Dog Distance: 0.8724703324270543
Average Sheep Distance: 0.21502570948232974
Maximum Sheep Distance: 0.27786235922380703
Elapsed Time: 5m 39s
********** 56 **********
Average Fitness: 0.1285
Maximum Fitness: 0.3333333333333333
Average Pen Distance: 0.34385668260318775
Maximum Pen Distance: 0.6430341128511802
Average Dog Distance: 0.7127943360926694
Maximum Dog Distance: 0.8672073819674577
Average Sheep Distance: 0.2152698802877071
Maximum Sheep Distance: 0.2851123228924948
Elapsed Time: 5m 40s
********** 57 **********
Average Fitness: 0.11683333333333333
Maximum Fitness: 0.3
Average Pen Distance: 0.3589227709825611
Maximum Pen Distance: 0.627576835389145
Average Dog Distance: 0.7139684494688322
Maximum Dog Distance: 0.8577265474565401
Average Sheep Distance: 0.2070778058370322
Maximum Sheep Distance: 0.2751876859629765
Elapsed Time: 5m 39s
********** 58 **********
Average Fitness: 0.13316666666666666
Maximum Fitness: 0.2833333333333334
Average Pen Distance: 0.3686249961310775
Maximum Pen Distance: 0.5799154272697419
Average Dog Distance: 0.7400821240479426
Maximum Dog Distance: 0.854083473495014
Average Sheep Distance: 0.2025031614369008
Maximum Sheep Distance: 0.26744673212314035
Elapsed Time: 5m 37s
********** 59 **********
Average Fitness: 0.1368333333333333
Maximum Fitness: 0.3166666666666667
Average Pen Distance: 0.36144065370253914
Maximum Pen Distance: 0.5612688283589898
Average Dog Distance: 0.7392255548427777
Maximum Dog Distance: 0.8761944203227546
Average Sheep Distance: 0.20079189992122026
Maximum Sheep Distance: 0.28915187813860604
Elapsed Time: 5m 38s
********** 60 **********
Average Fitness: 0.13616666666666666
Maximum Fitness: 0.3833333333333333
Average Pen Distance: 0.36110183522378564
Maximum Pen Distance: 0.7154628214222587
Average Dog Distance: 0.7406326216150758
Maximum Dog Distance: 0.909626664977128
Average Sheep Distance: 0.20266233177884227
Maximum Sheep Distance: 0.29401767746876023
Elapsed Time: 5m 44s
********** 61 **********
Average Fitness: 0.13
Maximum Fitness: 0.31666666666666665
Average Pen Distance: 0.3668773279652513
Maximum Pen Distance: 0.7560174718927656
Average Dog Distance: 0.7407197420345277
Maximum Dog Distance: 0.857773358712722
Average Sheep Distance: 0.2078325957566724
Maximum Sheep Distance: 0.31136349975099603
Elapsed Time: 5m 45s
********** 62 **********
Average Fitness: 0.13566666666666666
Maximum Fitness: 0.31666666666666665
Average Pen Distance: 0.3547015185875278
Maximum Pen Distance: 0.5901929933343555
Average Dog Distance: 0.7233746141348756
Maximum Dog Distance: 0.8657756075268751
Average Sheep Distance: 0.20130422749654714
Maximum Sheep Distance: 0.28971127428682514
Elapsed Time: 5m 32s
********** 63 **********
Average Fitness: 0.13833333333333334
Maximum Fitness: 0.3333333333333333
Average Pen Distance: 0.36509986500032454
Maximum Pen Distance: 0.6355157028001942
Average Dog Distance: 0.7372217117557688
Maximum Dog Distance: 0.8493481742898888
Average Sheep Distance: 0.20347953006076883
Maximum Sheep Distance: 0.28096069174721405
Elapsed Time: 5m 35s
********** 64 **********
Average Fitness: 0.1486666666666667
Maximum Fitness: 0.3333333333333333
Average Pen Distance: 0.3752635470405628
Maximum Pen Distance: 0.5874165684228497
Average Dog Distance: 0.7390574758059778
Maximum Dog Distance: 0.8729285704802582
Average Sheep Distance: 0.19695991859520107
Maximum Sheep Distance: 0.2830997981912154
Elapsed Time: 5m 37s
********** 65 **********
Average Fitness: 0.13716666666666666
Maximum Fitness: 0.38333333333333336
Average Pen Distance: 0.38078475514476506
Maximum Pen Distance: 0.7038658931872203
Average Dog Distance: 0.7369570966813421
Maximum Dog Distance: 0.8375165418539154
Average Sheep Distance: 0.19661735695069196
Maximum Sheep Distance: 0.28754146753667004
Elapsed Time: 5m 35s
********** 66 **********
Average Fitness: 0.13883333333333334
Maximum Fitness: 0.35000000000000003
Average Pen Distance: 0.3738984129784369
Maximum Pen Distance: 0.7081866509413041
Average Dog Distance: 0.7388250693010906
Maximum Dog Distance: 0.8867295386024864
Average Sheep Distance: 0.19689807087465538
Maximum Sheep Distance: 0.26419587113039644
Elapsed Time: 5m 33s
********** 67 **********
Average Fitness: 0.135
Maximum Fitness: 0.3333333333333333
Average Pen Distance: 0.3882655091299461
Maximum Pen Distance: 0.6769796961260192
Average Dog Distance: 0.7454790198872487
Maximum Dog Distance: 0.8492699981509461
Average Sheep Distance: 0.19805131217015914
Maximum Sheep Distance: 0.2982433408817218
Elapsed Time: 5m 33s
********** 68 **********
Average Fitness: 0.15099999999999997
Maximum Fitness: 0.35000000000000003
Average Pen Distance: 0.39826474397493117
Maximum Pen Distance: 0.6574474565873272
Average Dog Distance: 0.7477218280956087
Maximum Dog Distance: 0.9256691597682934
Average Sheep Distance: 0.1993966285806557
Maximum Sheep Distance: 0.28287598898883703
Elapsed Time: 5m 44s
********** 69 **********
Average Fitness: 0.1405
Maximum Fitness: 0.3499999999999999
Average Pen Distance: 0.3959978483351977
Maximum Pen Distance: 0.6125908371339968
Average Dog Distance: 0.7510349488918603
Maximum Dog Distance: 0.8535599857968502
Average Sheep Distance: 0.19216442445272353
Maximum Sheep Distance: 0.2851070354377044
Elapsed Time: 5m 36s
********** 70 **********
Average Fitness: 0.14400000000000002
Maximum Fitness: 0.3499999999999999
Average Pen Distance: 0.4049163441670926
Maximum Pen Distance: 0.5799598451514972
Average Dog Distance: 0.7502569552439654
Maximum Dog Distance: 0.9298118463846814
Average Sheep Distance: 0.19104623257146183
Maximum Sheep Distance: 0.3290355024783567
Elapsed Time: 5m 37s
********** 71 **********
Average Fitness: 0.14750000000000002
Maximum Fitness: 0.31666666666666665
Average Pen Distance: 0.4077233784807725
Maximum Pen Distance: 0.573592092825814
Average Dog Distance: 0.7484068111557858
Maximum Dog Distance: 0.8673282487382622
Average Sheep Distance: 0.18923201818908772
Maximum Sheep Distance: 0.31162392227017716
Elapsed Time: 5m 34s
********** 72 **********
Average Fitness: 0.14233333333333334
Maximum Fitness: 0.31666666666666665
Average Pen Distance: 0.4174279560173819
Maximum Pen Distance: 0.6847337923184863
Average Dog Distance: 0.7507025390442321
Maximum Dog Distance: 0.8751530540819727
Average Sheep Distance: 0.18973754103846346
Maximum Sheep Distance: 0.3043214080390624
Elapsed Time: 5m 32s
********** 73 **********
Average Fitness: 0.16783333333333328
Maximum Fitness: 0.3666666666666667
Average Pen Distance: 0.4080560070925977
Maximum Pen Distance: 0.5451940376999588
Average Dog Distance: 0.7533620766413679
Maximum Dog Distance: 0.8806812223238799
Average Sheep Distance: 0.1846695370194381
Maximum Sheep Distance: 0.32170073825197854
Elapsed Time: 5m 33s
********** 74 **********
Average Fitness: 0.1643333333333333
Maximum Fitness: 0.3333333333333333
Average Pen Distance: 0.41247792937997735
Maximum Pen Distance: 0.621779461835349
Average Dog Distance: 0.7517219203766564
Maximum Dog Distance: 0.8712019140690578
Average Sheep Distance: 0.18110946618266868
Maximum Sheep Distance: 0.2921890666949705
Elapsed Time: 5m 35s
********** 75 **********
Average Fitness: 0.16166666666666668
Maximum Fitness: 0.3333333333333333
Average Pen Distance: 0.42278859850541395
Maximum Pen Distance: 0.6007879943894556
Average Dog Distance: 0.7565825817057272
Maximum Dog Distance: 0.896865939515398
Average Sheep Distance: 0.1785017892550293
Maximum Sheep Distance: 0.2854137844881646
Elapsed Time: 5m 38s
********** 76 **********
Average Fitness: 0.16
Maximum Fitness: 0.3833333333333333
Average Pen Distance: 0.4214344988529253
Maximum Pen Distance: 0.5681717596018269
Average Dog Distance: 0.7445063170895422
Maximum Dog Distance: 0.8393192343236154
Average Sheep Distance: 0.17913367264587432
Maximum Sheep Distance: 0.29668862639240223
Elapsed Time: 5m 36s
********** 77 **********
Average Fitness: 0.16449999999999998
Maximum Fitness: 0.3333333333333333
Average Pen Distance: 0.4308802458042696
Maximum Pen Distance: 0.709372936182258
Average Dog Distance: 0.7592841134622834
Maximum Dog Distance: 0.8922156534412125
Average Sheep Distance: 0.17858946104942836
Maximum Sheep Distance: 0.2761204449042059
Elapsed Time: 5m 39s
********** 78 **********
Average Fitness: 0.15983333333333336
Maximum Fitness: 0.3333333333333333
Average Pen Distance: 0.4178776315420788
Maximum Pen Distance: 0.5416157598747587
Average Dog Distance: 0.7511831959556017
Maximum Dog Distance: 0.8924841696513358
Average Sheep Distance: 0.17721582488550564
Maximum Sheep Distance: 0.28066314498284206
Elapsed Time: 5m 35s
********** 79 **********
Average Fitness: 0.171
Maximum Fitness: 0.3333333333333333
Average Pen Distance: 0.4374971235435012
Maximum Pen Distance: 0.6502879021332971
Average Dog Distance: 0.7619302406738752
Maximum Dog Distance: 0.8712750280634257
Average Sheep Distance: 0.1757674977899076
Maximum Sheep Distance: 0.2859529667909043
Elapsed Time: 5m 38s
********** 80 **********
Average Fitness: 0.154
Maximum Fitness: 0.31666666666666665
Average Pen Distance: 0.43767017879418013
Maximum Pen Distance: 0.7163413353109994
Average Dog Distance: 0.7612284631270831
Maximum Dog Distance: 0.8657269339938098
Average Sheep Distance: 0.17972406730174917
Maximum Sheep Distance: 0.28324769004173755
Elapsed Time: 5m 29s
********** 81 **********
Average Fitness: 0.14849999999999997
Maximum Fitness: 0.3666666666666667
Average Pen Distance: 0.43261046075712406
Maximum Pen Distance: 0.6958823344089322
Average Dog Distance: 0.7594032605198048
Maximum Dog Distance: 0.8614166086596559
Average Sheep Distance: 0.18065756903353364
Maximum Sheep Distance: 0.2849913613682794
Elapsed Time: 5m 40s
********** 82 **********
Average Fitness: 0.16449999999999998
Maximum Fitness: 0.31666666666666665
Average Pen Distance: 0.4335303186805325
Maximum Pen Distance: 0.60045977838203
Average Dog Distance: 0.7636292682571201
Maximum Dog Distance: 0.913740825880104
Average Sheep Distance: 0.17621376607601896
Maximum Sheep Distance: 0.30550693141392365
Elapsed Time: 5m 31s
********** 83 **********
Average Fitness: 0.17233333333333337
Maximum Fitness: 0.39999999999999997
Average Pen Distance: 0.4384526566381868
Maximum Pen Distance: 0.5763121420762789
Average Dog Distance: 0.7729993356926519
Maximum Dog Distance: 0.908377092816249
Average Sheep Distance: 0.16417775112508784
Maximum Sheep Distance: 0.26262116720041323
Elapsed Time: 5m 30s
********** 84 **********
Average Fitness: 0.1708333333333333
Maximum Fitness: 0.3333333333333333
Average Pen Distance: 0.43109088535417894
Maximum Pen Distance: 0.5924609257269157
Average Dog Distance: 0.7689396679530885
Maximum Dog Distance: 0.8674174479351572
Average Sheep Distance: 0.17150101973835016
Maximum Sheep Distance: 0.3518021742682708
Elapsed Time: 5m 30s
********** 85 **********
Average Fitness: 0.1775
Maximum Fitness: 0.3333333333333333
Average Pen Distance: 0.4260758017592957
Maximum Pen Distance: 0.6219380697867666
Average Dog Distance: 0.7658359382091454
Maximum Dog Distance: 0.8710165469602256
Average Sheep Distance: 0.17158984947775924
Maximum Sheep Distance: 0.26287678320810837
Elapsed Time: 5m 31s
********** 86 **********
Average Fitness: 0.17949999999999997
Maximum Fitness: 0.3666666666666667
Average Pen Distance: 0.41445091228073727
Maximum Pen Distance: 0.6823079627060823
Average Dog Distance: 0.7492133901888248
Maximum Dog Distance: 0.8553565359626766
Average Sheep Distance: 0.1679386144500684
Maximum Sheep Distance: 0.2857462356707792
Elapsed Time: 5m 33s
********** 87 **********
Average Fitness: 0.17716666666666664
Maximum Fitness: 0.39999999999999997
Average Pen Distance: 0.431259316756543
Maximum Pen Distance: 0.6788377499997099
Average Dog Distance: 0.7664601261505495
Maximum Dog Distance: 0.8717580818281228
Average Sheep Distance: 0.16998283523903454
Maximum Sheep Distance: 0.25283925701737053
Elapsed Time: 5m 30s
********** 88 **********
Average Fitness: 0.1746666666666667
Maximum Fitness: 0.3333333333333333
Average Pen Distance: 0.4338029407608845
Maximum Pen Distance: 0.6621589430552813
Average Dog Distance: 0.7564966788850579
Maximum Dog Distance: 0.8826091299519132
Average Sheep Distance: 0.1675728547260151
Maximum Sheep Distance: 0.24827763861694666
Elapsed Time: 5m 34s
********** 89 **********
Average Fitness: 0.1705
Maximum Fitness: 0.38333333333333336
Average Pen Distance: 0.4330219066090036
Maximum Pen Distance: 0.6505506006628466
Average Dog Distance: 0.7484952744034128
Maximum Dog Distance: 0.8630151727299634
Average Sheep Distance: 0.17224868067445523
Maximum Sheep Distance: 0.30341874770710464
Elapsed Time: 5m 37s
********** 90 **********
Average Fitness: 0.17583333333333337
Maximum Fitness: 0.3
Average Pen Distance: 0.44848287329238756
Maximum Pen Distance: 0.6536611007224057
Average Dog Distance: 0.7591151401522267
Maximum Dog Distance: 0.8591553883689437
Average Sheep Distance: 0.1699745976198799
Maximum Sheep Distance: 0.25311952852654485
Elapsed Time: 5m 29s
********** 91 **********
Average Fitness: 0.18716666666666673
Maximum Fitness: 0.4000000000000001
Average Pen Distance: 0.4394699848452487
Maximum Pen Distance: 0.6326646201161855
Average Dog Distance: 0.7689071578993933
Maximum Dog Distance: 0.8902912550272735
Average Sheep Distance: 0.165927268783643
Maximum Sheep Distance: 0.2523904325473484
Elapsed Time: 5m 32s
********** 92 **********
Average Fitness: 0.17099999999999999
Maximum Fitness: 0.3333333333333333
Average Pen Distance: 0.44023003758779544
Maximum Pen Distance: 0.6035281433261903
Average Dog Distance: 0.7604412357908217
Maximum Dog Distance: 0.8859038000725005
Average Sheep Distance: 0.16840117085890774
Maximum Sheep Distance: 0.29273679348288084
Elapsed Time: 5m 36s
********** 93 **********
Average Fitness: 0.17200000000000004
Maximum Fitness: 0.3833333333333333
Average Pen Distance: 0.4444422239750758
Maximum Pen Distance: 0.5635057224275739
Average Dog Distance: 0.7523875454907573
Maximum Dog Distance: 0.8754208418208581
Average Sheep Distance: 0.16644015607372695
Maximum Sheep Distance: 0.2606322234365874
Elapsed Time: 5m 39s
********** 94 **********
Average Fitness: 0.16733333333333333
Maximum Fitness: 0.3666666666666667
Average Pen Distance: 0.4454415192628729
Maximum Pen Distance: 0.7410729245376556
Average Dog Distance: 0.7665770965014247
Maximum Dog Distance: 0.9151797502608106
Average Sheep Distance: 0.16920460207887023
Maximum Sheep Distance: 0.2573427377083553
Elapsed Time: 5m 34s
********** 95 **********
Average Fitness: 0.17383333333333337
Maximum Fitness: 0.3333333333333333
Average Pen Distance: 0.45184522638691577
Maximum Pen Distance: 0.6539175213213926
Average Dog Distance: 0.7675321855461018
Maximum Dog Distance: 0.8713864594796532
Average Sheep Distance: 0.16893755462335355
Maximum Sheep Distance: 0.2732462995660319
Elapsed Time: 5m 38s
********** 96 **********
Average Fitness: 0.18166666666666673
Maximum Fitness: 0.3666666666666667
Average Pen Distance: 0.4478503857662337
Maximum Pen Distance: 0.6748816640696059
Average Dog Distance: 0.7565484431596821
Maximum Dog Distance: 0.8628147286598223
Average Sheep Distance: 0.16435124621090666
Maximum Sheep Distance: 0.25170750688352106
Elapsed Time: 5m 34s
********** 97 **********
Average Fitness: 0.1925
Maximum Fitness: 0.4000000000000001
Average Pen Distance: 0.450390953061193
Maximum Pen Distance: 0.6064777260952776
Average Dog Distance: 0.7514127175026575
Maximum Dog Distance: 0.8600830652357166
Average Sheep Distance: 0.16309473352424753
Maximum Sheep Distance: 0.27013771015777865
Elapsed Time: 5m 33s
********** 98 **********
Average Fitness: 0.17833333333333332
Maximum Fitness: 0.3833333333333333
Average Pen Distance: 0.457870202815799
Maximum Pen Distance: 0.7288728410088061
Average Dog Distance: 0.7572677998671985
Maximum Dog Distance: 0.9144755649645994
Average Sheep Distance: 0.16791039185216752
Maximum Sheep Distance: 0.3097853886270601
Elapsed Time: 5m 27s
********** 99 **********
Average Fitness: 0.17966666666666664
Maximum Fitness: 0.35000000000000003
Average Pen Distance: 0.45781619211943886
Maximum Pen Distance: 0.7460834595405976
Average Dog Distance: 0.7623090251230726
Maximum Dog Distance: 0.8717828933948689
Average Sheep Distance: 0.16908701098318557
Maximum Sheep Distance: 0.2716040369033033
Elapsed Time: 5m 29s
********** 100 **********
Average Fitness: 0.19200000000000003
Maximum Fitness: 0.3666666666666667
Average Pen Distance: 0.46046060315131904
Maximum Pen Distance: 0.6387204238395403
Average Dog Distance: 0.763684190041324
Maximum Dog Distance: 0.8916911149441707
Average Sheep Distance: 0.16531539530457365
Maximum Sheep Distance: 0.2641431759535818
Elapsed Time: 5m 36s
********** 1 **********
Average Fitness: 0.03183333333333333
Maximum Fitness: 0.13333333333333333
Average Pen Distance: 0.507546364066329
Maximum Pen Distance: 0.8172867028864642
Average Dog Distance: 0.7859208166993973
Maximum Dog Distance: 0.9336384725189446
Average Sheep Distance: 0.26504186297755616
Maximum Sheep Distance: 0.32758033799137287
Elapsed Time: 5m 47s
********** 2 **********
Average Fitness: 0.04983333333333333
Maximum Fitness: 0.16666666666666666
Average Pen Distance: 0.4753586567245749
Maximum Pen Distance: 0.7729291611632295
Average Dog Distance: 0.792865524358798
Maximum Dog Distance: 0.947788655130191
Average Sheep Distance: 0.2541776880813351
Maximum Sheep Distance: 0.3613321976725574
Elapsed Time: 5m 47s
********** 3 **********
Average Fitness: 0.0405
Maximum Fitness: 0.15
Average Pen Distance: 0.45502238221574454
Maximum Pen Distance: 0.7152640351339491
Average Dog Distance: 0.7590102211667831
Maximum Dog Distance: 0.9534631535701633
Average Sheep Distance: 0.255072363169978
Maximum Sheep Distance: 0.33702624970437106
Elapsed Time: 5m 50s
********** 4 **********
Average Fitness: 0.039666666666666656
Maximum Fitness: 0.15000000000000002
Average Pen Distance: 0.46080605210898457
Maximum Pen Distance: 0.7501219609415338
Average Dog Distance: 0.7760627842052209
Maximum Dog Distance: 0.931817290211972
Average Sheep Distance: 0.2560414181601241
Maximum Sheep Distance: 0.3149847341718794
Elapsed Time: 5m 49s
********** 5 **********
Average Fitness: 0.044
Maximum Fitness: 0.15
Average Pen Distance: 0.45123361798722633
Maximum Pen Distance: 0.7724919768556857
Average Dog Distance: 0.7733204727318451
Maximum Dog Distance: 0.9450685281620036
Average Sheep Distance: 0.253383297542505
Maximum Sheep Distance: 0.34180863690868796
Elapsed Time: 5m 46s
********** 6 **********
Average Fitness: 0.04833333333333333
Maximum Fitness: 0.13333333333333333
Average Pen Distance: 0.4658389094673027
Maximum Pen Distance: 0.7613564536070787
Average Dog Distance: 0.7849953818830846
Maximum Dog Distance: 0.9391458214803845
Average Sheep Distance: 0.2532843485798468
Maximum Sheep Distance: 0.31058077666423295
Elapsed Time: 5m 47s
********** 7 **********
Average Fitness: 0.043166666666666666
Maximum Fitness: 0.16666666666666666
Average Pen Distance: 0.4668565962788341
Maximum Pen Distance: 0.801129494574767
Average Dog Distance: 0.7743769686679512
Maximum Dog Distance: 0.9294930332803196
Average Sheep Distance: 0.2521640271464486
Maximum Sheep Distance: 0.33330683091837837
Elapsed Time: 5m 47s
********** 8 **********
Average Fitness: 0.04283333333333332
Maximum Fitness: 0.18333333333333332
Average Pen Distance: 0.456566671734399
Maximum Pen Distance: 0.7586686340644584
Average Dog Distance: 0.7786362768672856
Maximum Dog Distance: 0.9279373923190098
Average Sheep Distance: 0.25063693587925434
Maximum Sheep Distance: 0.31116118102754764
Elapsed Time: 5m 48s
********** 9 **********
Average Fitness: 0.04433333333333333
Maximum Fitness: 0.16666666666666666
Average Pen Distance: 0.48223244533672543
Maximum Pen Distance: 0.782363518794889
Average Dog Distance: 0.7761930009469724
Maximum Dog Distance: 0.928591438585129
Average Sheep Distance: 0.2523338478487188
Maximum Sheep Distance: 0.3238010873411528
Elapsed Time: 5m 48s
********** 10 **********
Average Fitness: 0.04249999999999999
Maximum Fitness: 0.13333333333333333
Average Pen Distance: 0.4756311001445443
Maximum Pen Distance: 0.7158317721494022
Average Dog Distance: 0.7842879461597811
Maximum Dog Distance: 0.9206282908521154
Average Sheep Distance: 0.25363993166830673
Maximum Sheep Distance: 0.3265355718514249
Elapsed Time: 5m 45s
********** 11 **********
Average Fitness: 0.041166666666666664
Maximum Fitness: 0.16666666666666666
Average Pen Distance: 0.47831232477176644
Maximum Pen Distance: 0.700539782911842
Average Dog Distance: 0.7851963297721204
Maximum Dog Distance: 0.9694053686307716
Average Sheep Distance: 0.2501935801932841
Maximum Sheep Distance: 0.3077110619986659
Elapsed Time: 5m 53s
********** 12 **********
Average Fitness: 0.04166666666666666
Maximum Fitness: 0.15
Average Pen Distance: 0.4713938510606227
Maximum Pen Distance: 0.7089842428105554
Average Dog Distance: 0.7915561232379293
Maximum Dog Distance: 0.9485675642995606
Average Sheep Distance: 0.2540793975989755
Maximum Sheep Distance: 0.31590506507051347
Elapsed Time: 5m 47s
********** 13 **********
Average Fitness: 0.047833333333333325
Maximum Fitness: 0.16666666666666666
Average Pen Distance: 0.4707514172920043
Maximum Pen Distance: 0.7354755492304594
Average Dog Distance: 0.78924550403453
Maximum Dog Distance: 0.9617323705303393
Average Sheep Distance: 0.2515982779387371
Maximum Sheep Distance: 0.3079134517964932
Elapsed Time: 5m 52s
********** 14 **********
Average Fitness: 0.03899999999999999
Maximum Fitness: 0.13333333333333333
Average Pen Distance: 0.46085627677466656
Maximum Pen Distance: 0.6670206568559353
Average Dog Distance: 0.7868384231875987
Maximum Dog Distance: 0.964242211093962
Average Sheep Distance: 0.2534565015024068
Maximum Sheep Distance: 0.32202719160280097
Elapsed Time: 5m 50s
********** 15 **********
Average Fitness: 0.04699999999999999
Maximum Fitness: 0.18333333333333335
Average Pen Distance: 0.45033153250692753
Maximum Pen Distance: 0.6784082597141613
Average Dog Distance: 0.7936317215924115
Maximum Dog Distance: 0.9353488439339727
Average Sheep Distance: 0.2508905526359579
Maximum Sheep Distance: 0.32308002219912724
Elapsed Time: 5m 45s
********** 16 **********
Average Fitness: 0.04916666666666668
Maximum Fitness: 0.20000000000000004
Average Pen Distance: 0.43360020143625766
Maximum Pen Distance: 0.6638473578666203
Average Dog Distance: 0.7658500816022205
Maximum Dog Distance: 0.9377721051650156
Average Sheep Distance: 0.24995726858449416
Maximum Sheep Distance: 0.3031920060074836
Elapsed Time: 5m 49s
********** 17 **********
Average Fitness: 0.04766666666666666
Maximum Fitness: 0.16666666666666666
Average Pen Distance: 0.4340975486575926
Maximum Pen Distance: 0.6636629667315811
Average Dog Distance: 0.7647243163551449
Maximum Dog Distance: 0.936951026081398
Average Sheep Distance: 0.24716250559413283
Maximum Sheep Distance: 0.33314629124334133
Elapsed Time: 5m 51s
********** 18 **********
Average Fitness: 0.05083333333333334
Maximum Fitness: 0.20000000000000004
Average Pen Distance: 0.40671416075450817
Maximum Pen Distance: 0.7669520851832368
Average Dog Distance: 0.7467811601991861
Maximum Dog Distance: 0.9305225400884923
Average Sheep Distance: 0.2459054959600882
Maximum Sheep Distance: 0.3224759305732689
Elapsed Time: 5m 48s
********** 19 **********
Average Fitness: 0.058499999999999996
Maximum Fitness: 0.16666666666666666
Average Pen Distance: 0.4042593694318565
Maximum Pen Distance: 0.6910122379095293
Average Dog Distance: 0.7621957563444487
Maximum Dog Distance: 0.9405229257388156
Average Sheep Distance: 0.24906391428599536
Maximum Sheep Distance: 0.30305490858994877
Elapsed Time: 5m 47s
********** 20 **********
Average Fitness: 0.056499999999999995
Maximum Fitness: 0.16666666666666666
Average Pen Distance: 0.38899951811320144
Maximum Pen Distance: 0.6966303366295367
Average Dog Distance: 0.74961993731519
Maximum Dog Distance: 0.9356026590174187
Average Sheep Distance: 0.24857400255046055
Maximum Sheep Distance: 0.3100275806768597
Elapsed Time: 5m 50s
********** 21 **********
Average Fitness: 0.058833333333333335
Maximum Fitness: 0.18333333333333335
Average Pen Distance: 0.3867933154425936
Maximum Pen Distance: 0.6883715707763319
Average Dog Distance: 0.745981369837156
Maximum Dog Distance: 0.9461715093374005
Average Sheep Distance: 0.24391087829651062
Maximum Sheep Distance: 0.3280112323050686
Elapsed Time: 5m 41s
********** 22 **********
Average Fitness: 0.061166666666666675
Maximum Fitness: 0.21666666666666667
Average Pen Distance: 0.382004612645141
Maximum Pen Distance: 0.6303576721222727
Average Dog Distance: 0.7415466165043444
Maximum Dog Distance: 0.9276793065497005
Average Sheep Distance: 0.2432179734615564
Maximum Sheep Distance: 0.30164859765866786
Elapsed Time: 5m 59s
********** 23 **********
Average Fitness: 0.06683333333333333
Maximum Fitness: 0.20000000000000004
Average Pen Distance: 0.371923062702865
Maximum Pen Distance: 0.6093046046276358
Average Dog Distance: 0.7409928503315137
Maximum Dog Distance: 0.9515728736894996
Average Sheep Distance: 0.2430112966282259
Maximum Sheep Distance: 0.3177618862135901
Elapsed Time: 5m 42s
********** 24 **********
Average Fitness: 0.06416666666666666
Maximum Fitness: 0.20000000000000004
Average Pen Distance: 0.36042442796968155
Maximum Pen Distance: 0.56572605712437
Average Dog Distance: 0.7410617210865492
Maximum Dog Distance: 0.9178709385953628
Average Sheep Distance: 0.23779167853927377
Maximum Sheep Distance: 0.3297745562791356
Elapsed Time: 5m 51s
********** 25 **********
Average Fitness: 0.05633333333333332
Maximum Fitness: 0.16666666666666666
Average Pen Distance: 0.3894689828747284
Maximum Pen Distance: 0.6537063590260854
Average Dog Distance: 0.7594994196072911
Maximum Dog Distance: 0.9596663636287791
Average Sheep Distance: 0.2367696878724826
Maximum Sheep Distance: 0.2960254803426244
Elapsed Time: 5m 52s
********** 26 **********
Average Fitness: 0.058499999999999996
Maximum Fitness: 0.19999999999999998
Average Pen Distance: 0.37644651241231
Maximum Pen Distance: 0.5913908191615885
Average Dog Distance: 0.7584701823436865
Maximum Dog Distance: 0.9448821335730342
Average Sheep Distance: 0.2400240508321918
Maximum Sheep Distance: 0.31290818197887765
Elapsed Time: 5m 54s
********** 27 **********
Average Fitness: 0.06883333333333332
Maximum Fitness: 0.21666666666666667
Average Pen Distance: 0.362311838477076
Maximum Pen Distance: 0.572738558132014
Average Dog Distance: 0.7393422477070688
Maximum Dog Distance: 0.9288964728684452
Average Sheep Distance: 0.23788022880438067
Maximum Sheep Distance: 0.3111724047297771
Elapsed Time: 5m 46s
********** 28 **********
Average Fitness: 0.06816666666666667
Maximum Fitness: 0.21666666666666667
Average Pen Distance: 0.3589731482285612
Maximum Pen Distance: 0.64026558674722
Average Dog Distance: 0.7339767504160395
Maximum Dog Distance: 0.9212132765779025
Average Sheep Distance: 0.23479033272674854
Maximum Sheep Distance: 0.30584493267516805
Elapsed Time: 5m 46s
********** 29 **********
Average Fitness: 0.06249999999999999
Maximum Fitness: 0.16666666666666666
Average Pen Distance: 0.37223309139739263
Maximum Pen Distance: 0.6898309810467347
Average Dog Distance: 0.7336867908655936
Maximum Dog Distance: 0.9565119522532793
Average Sheep Distance: 0.2385894368578183
Maximum Sheep Distance: 0.2836909979170858
Elapsed Time: 5m 43s
********** 30 **********
Average Fitness: 0.06733333333333333
Maximum Fitness: 0.19999999999999998
Average Pen Distance: 0.348039802491699
Maximum Pen Distance: 0.5922877853480839
Average Dog Distance: 0.720973342484221
Maximum Dog Distance: 0.9120657072542447
Average Sheep Distance: 0.23725248242415098
Maximum Sheep Distance: 0.3207821784845574
Elapsed Time: 5m 57s
********** 31 **********
Average Fitness: 0.06849999999999999
Maximum Fitness: 0.19999999999999998
Average Pen Distance: 0.3521672309772029
Maximum Pen Distance: 0.684488978937788
Average Dog Distance: 0.726399336562904
Maximum Dog Distance: 0.9097261420674955
Average Sheep Distance: 0.24195125868966777
Maximum Sheep Distance: 0.32551329231716797
Elapsed Time: 5m 45s
********** 32 **********
Average Fitness: 0.07533333333333332
Maximum Fitness: 0.21666666666666667
Average Pen Distance: 0.34409300941896653
Maximum Pen Distance: 0.74593663172678
Average Dog Distance: 0.7240776897928499
Maximum Dog Distance: 0.9573704568659984
Average Sheep Distance: 0.236132544324176
Maximum Sheep Distance: 0.3155325486384209
Elapsed Time: 5m 46s
********** 33 **********
Average Fitness: 0.07999999999999999
Maximum Fitness: 0.21666666666666665
Average Pen Distance: 0.3353198131787823
Maximum Pen Distance: 0.5381074222109202
Average Dog Distance: 0.7158010521325702
Maximum Dog Distance: 0.8769466092820309
Average Sheep Distance: 0.23535343923792126
Maximum Sheep Distance: 0.30298903440869274
Elapsed Time: 5m 47s
********** 34 **********
Average Fitness: 0.0775
Maximum Fitness: 0.26666666666666666
Average Pen Distance: 0.33823521269826434
Maximum Pen Distance: 0.7067718078687116
Average Dog Distance: 0.7165926134781531
Maximum Dog Distance: 0.9013265344168134
Average Sheep Distance: 0.2354597670518401
Maximum Sheep Distance: 0.31545044969149516
Elapsed Time: 5m 47s
********** 35 **********
Average Fitness: 0.07266666666666667
Maximum Fitness: 0.21666666666666667
Average Pen Distance: 0.32415481497272486
Maximum Pen Distance: 0.547449022529939
Average Dog Distance: 0.7199266319512145
Maximum Dog Distance: 0.9339203819372169
Average Sheep Distance: 0.23827110912030203
Maximum Sheep Distance: 0.3066115629175478
Elapsed Time: 5m 41s
********** 36 **********
Average Fitness: 0.0785
Maximum Fitness: 0.21666666666666667
Average Pen Distance: 0.30622622988658765
Maximum Pen Distance: 0.5660035298437792
Average Dog Distance: 0.7132512512605629
Maximum Dog Distance: 0.8899352489300489
Average Sheep Distance: 0.23151175858833217
Maximum Sheep Distance: 0.29427694033011353
Elapsed Time: 5m 48s
********** 37 **********
Average Fitness: 0.0805
Maximum Fitness: 0.20000000000000004
Average Pen Distance: 0.3129487378474195
Maximum Pen Distance: 0.5756768965790006
Average Dog Distance: 0.709080153326702
Maximum Dog Distance: 0.9324479332968574
Average Sheep Distance: 0.23661160130885558
Maximum Sheep Distance: 0.3036172855512311
Elapsed Time: 5m 46s
********** 38 **********
Average Fitness: 0.0805
Maximum Fitness: 0.19999999999999998
Average Pen Distance: 0.30606295485300955
Maximum Pen Distance: 0.5620504972417548
Average Dog Distance: 0.6990354106457795
Maximum Dog Distance: 0.8958971533751816
Average Sheep Distance: 0.23735337045705582
Maximum Sheep Distance: 0.2990513850031114
Elapsed Time: 5m 44s
********** 39 **********
Average Fitness: 0.08150000000000002
Maximum Fitness: 0.23333333333333336
Average Pen Distance: 0.3111729457525709
Maximum Pen Distance: 0.5379976449714841
Average Dog Distance: 0.7111709178507559
Maximum Dog Distance: 0.8828001630838562
Average Sheep Distance: 0.23116371934658542
Maximum Sheep Distance: 0.2832743705256789
Elapsed Time: 5m 44s
********** 40 **********
Average Fitness: 0.08433333333333333
Maximum Fitness: 0.21666666666666665
Average Pen Distance: 0.3169057877381413
Maximum Pen Distance: 0.5329160462446018
Average Dog Distance: 0.71651655237987
Maximum Dog Distance: 0.8883459221938009
Average Sheep Distance: 0.23343447176531437
Maximum Sheep Distance: 0.28347835029735763
Elapsed Time: 5m 51s
********** 41 **********
Average Fitness: 0.076
Maximum Fitness: 0.21666666666666665
Average Pen Distance: 0.3528542298014435
Maximum Pen Distance: 0.6434904129437213
Average Dog Distance: 0.7370406621987445
Maximum Dog Distance: 0.8899663738285081
Average Sheep Distance: 0.23256974315469886
Maximum Sheep Distance: 0.28886038538592046
Elapsed Time: 5m 49s
********** 42 **********
Average Fitness: 0.08950000000000001
Maximum Fitness: 0.2333333333333333
Average Pen Distance: 0.3226958305774152
Maximum Pen Distance: 0.6073461522532537
Average Dog Distance: 0.7208012780073838
Maximum Dog Distance: 0.9002865260862488
Average Sheep Distance: 0.23036607241216767
Maximum Sheep Distance: 0.3030753066869091
Elapsed Time: 5m 50s
********** 43 **********
Average Fitness: 0.07733333333333334
Maximum Fitness: 0.18333333333333335
Average Pen Distance: 0.31488918514635755
Maximum Pen Distance: 0.521562118074491
Average Dog Distance: 0.7235374119066678
Maximum Dog Distance: 0.8819514965624649
Average Sheep Distance: 0.23187233634988605
Maximum Sheep Distance: 0.3116266946361815
Elapsed Time: 5m 46s
********** 44 **********
Average Fitness: 0.09133333333333332
Maximum Fitness: 0.2833333333333334
Average Pen Distance: 0.324030004153909
Maximum Pen Distance: 0.6059319232281433
Average Dog Distance: 0.7403196747650468
Maximum Dog Distance: 0.9268360324715484
Average Sheep Distance: 0.23355587879251047
Maximum Sheep Distance: 0.29134586968646276
Elapsed Time: 5m 42s
********** 45 **********
Average Fitness: 0.07466666666666667
Maximum Fitness: 0.25
Average Pen Distance: 0.3221973051832044
Maximum Pen Distance: 0.5552997245002316
Average Dog Distance: 0.742846124284662
Maximum Dog Distance: 0.9012683336404418
Average Sheep Distance: 0.22628343174465532
Maximum Sheep Distance: 0.29639580355654593
Elapsed Time: 5m 45s
********** 46 **********
Average Fitness: 0.09083333333333334
Maximum Fitness: 0.2833333333333334
Average Pen Distance: 0.3200623687304073
Maximum Pen Distance: 0.6690104520738093
Average Dog Distance: 0.7396550118791916
Maximum Dog Distance: 0.9383695590768815
Average Sheep Distance: 0.23356680752520162
Maximum Sheep Distance: 0.29785218327120666
Elapsed Time: 5m 47s
********** 47 **********
Average Fitness: 0.07416666666666666
Maximum Fitness: 0.21666666666666667
Average Pen Distance: 0.3176254032142878
Maximum Pen Distance: 0.5487337865994825
Average Dog Distance: 0.748829728699505
Maximum Dog Distance: 0.9208566759254393
Average Sheep Distance: 0.2336602008099508
Maximum Sheep Distance: 0.29637722520756477
Elapsed Time: 6m 0s
********** 48 **********
Average Fitness: 0.09300000000000001
Maximum Fitness: 0.2333333333333333
Average Pen Distance: 0.3061687718721871
Maximum Pen Distance: 0.5411584342047475
Average Dog Distance: 0.7460230297038521
Maximum Dog Distance: 0.8628975038150095
Average Sheep Distance: 0.23161406914901203
Maximum Sheep Distance: 0.2820500706347679
Elapsed Time: 5m 47s
********** 49 **********
Average Fitness: 0.09033333333333333
Maximum Fitness: 0.25
Average Pen Distance: 0.3028027965225643
Maximum Pen Distance: 0.5929568711766356
Average Dog Distance: 0.7355521904003091
Maximum Dog Distance: 0.88565982624106
Average Sheep Distance: 0.22855867851300676
Maximum Sheep Distance: 0.2875154027240832
Elapsed Time: 5m 51s
********** 50 **********
Average Fitness: 0.08650000000000001
Maximum Fitness: 0.23333333333333336
Average Pen Distance: 0.3215209701151312
Maximum Pen Distance: 0.5572949656055992
Average Dog Distance: 0.7479978535568894
Maximum Dog Distance: 0.8990189697125023
Average Sheep Distance: 0.23099087074974092
Maximum Sheep Distance: 0.3129530174157138
Elapsed Time: 5m 48s
********** 51 **********
Average Fitness: 0.08916666666666667
Maximum Fitness: 0.25
Average Pen Distance: 0.32642426433867394
Maximum Pen Distance: 0.5960931817041216
Average Dog Distance: 0.7494017047501322
Maximum Dog Distance: 0.9089657286437681
Average Sheep Distance: 0.22797400560450914
Maximum Sheep Distance: 0.29359211856368456
Elapsed Time: 5m 49s
********** 52 **********
Average Fitness: 0.0891666666666667
Maximum Fitness: 0.3333333333333333
Average Pen Distance: 0.32930606105922133
Maximum Pen Distance: 0.5903106146617453
Average Dog Distance: 0.7478829767979457
Maximum Dog Distance: 0.9369367271378378
Average Sheep Distance: 0.23330643175551644
Maximum Sheep Distance: 0.31043761168296413
Elapsed Time: 5m 56s
********** 53 **********
Average Fitness: 0.0935
Maximum Fitness: 0.3333333333333333
Average Pen Distance: 0.30618350662747723
Maximum Pen Distance: 0.4816264768832282
Average Dog Distance: 0.7465353552022398
Maximum Dog Distance: 0.9098131027724805
Average Sheep Distance: 0.22549361890275121
Maximum Sheep Distance: 0.2763734468219862
Elapsed Time: 5m 46s
********** 54 **********
Average Fitness: 0.09200000000000001
Maximum Fitness: 0.3333333333333333
Average Pen Distance: 0.31256947540807145
Maximum Pen Distance: 0.5547688295092913
Average Dog Distance: 0.7460989264639487
Maximum Dog Distance: 0.8997497447602134
Average Sheep Distance: 0.2270688688487784
Maximum Sheep Distance: 0.2802860849342685
Elapsed Time: 5m 50s
********** 55 **********
Average Fitness: 0.0875
Maximum Fitness: 0.38333333333333336
Average Pen Distance: 0.317951151679299
Maximum Pen Distance: 0.5558640321397269
Average Dog Distance: 0.7535826037394018
Maximum Dog Distance: 0.9021195379771844
Average Sheep Distance: 0.22819084967401213
Maximum Sheep Distance: 0.2875150688164626
Elapsed Time: 5m 42s
********** 56 **********
Average Fitness: 0.07883333333333332
Maximum Fitness: 0.2333333333333333
Average Pen Distance: 0.33465417678459874
Maximum Pen Distance: 0.5742875633312695
Average Dog Distance: 0.7575280195423499
Maximum Dog Distance: 0.9000962289906022
Average Sheep Distance: 0.22756722225227732
Maximum Sheep Distance: 0.28178940223926835
Elapsed Time: 5m 43s
********** 57 **********
Average Fitness: 0.08933333333333333
Maximum Fitness: 0.25
Average Pen Distance: 0.3304158782045628
Maximum Pen Distance: 0.7522995229021084
Average Dog Distance: 0.7460195179406766
Maximum Dog Distance: 0.9102516834479898
Average Sheep Distance: 0.2258003921275613
Maximum Sheep Distance: 0.2873784246068896
Elapsed Time: 5m 49s
********** 58 **********
Average Fitness: 0.09316666666666666
Maximum Fitness: 0.25
Average Pen Distance: 0.3377637880146295
Maximum Pen Distance: 0.5502400781353047
Average Dog Distance: 0.7540374979695708
Maximum Dog Distance: 0.8986509905408576
Average Sheep Distance: 0.22711224141053055
Maximum Sheep Distance: 0.2749567662300484
Elapsed Time: 5m 46s
********** 59 **********
Average Fitness: 0.09766666666666668
Maximum Fitness: 0.26666666666666666
Average Pen Distance: 0.32873942870925815
Maximum Pen Distance: 0.6622489501707781
Average Dog Distance: 0.7574327423317956
Maximum Dog Distance: 0.9217275076825976
Average Sheep Distance: 0.22668072116202154
Maximum Sheep Distance: 0.2884965928655976
Elapsed Time: 5m 44s
********** 60 **********
Average Fitness: 0.0891666666666667
Maximum Fitness: 0.26666666666666666
Average Pen Distance: 0.3210427613155011
Maximum Pen Distance: 0.4966973092974198
Average Dog Distance: 0.7616849883927724
Maximum Dog Distance: 0.923247308614107
Average Sheep Distance: 0.22596379830471686
Maximum Sheep Distance: 0.293024564058263
Elapsed Time: 5m 56s
********** 61 **********
Average Fitness: 0.09633333333333334
Maximum Fitness: 0.31666666666666665
Average Pen Distance: 0.31596256974059833
Maximum Pen Distance: 0.484002848203452
Average Dog Distance: 0.7608237915463402
Maximum Dog Distance: 0.8989060321171035
Average Sheep Distance: 0.22566616819780605
Maximum Sheep Distance: 0.2775562687408811
Elapsed Time: 5m 45s
********** 62 **********
Average Fitness: 0.09816666666666665
Maximum Fitness: 0.3
Average Pen Distance: 0.3057906013204153
Maximum Pen Distance: 0.5442522892235334
Average Dog Distance: 0.7593379760066652
Maximum Dog Distance: 0.8667091973215033
Average Sheep Distance: 0.22635941976656052
Maximum Sheep Distance: 0.2784066262662776
Elapsed Time: 5m 45s
********** 63 **********
Average Fitness: 0.10466666666666669
Maximum Fitness: 0.31666666666666665
Average Pen Distance: 0.30402267593147486
Maximum Pen Distance: 0.6446867231028603
Average Dog Distance: 0.761694741802022
Maximum Dog Distance: 0.866078391940472
Average Sheep Distance: 0.226195719358553
Maximum Sheep Distance: 0.29363064322559485
Elapsed Time: 5m 42s
********** 64 **********
Average Fitness: 0.106
Maximum Fitness: 0.31666666666666665
Average Pen Distance: 0.30848398735005206
Maximum Pen Distance: 0.5326160869660089
Average Dog Distance: 0.7686974412409258
Maximum Dog Distance: 0.9160078633057123
Average Sheep Distance: 0.22469790875934897
Maximum Sheep Distance: 0.2865632792709631
Elapsed Time: 5m 43s
********** 65 **********
Average Fitness: 0.09616666666666665
Maximum Fitness: 0.3333333333333333
Average Pen Distance: 0.30581664209450193
Maximum Pen Distance: 0.49836983251976125
Average Dog Distance: 0.765147450459501
Maximum Dog Distance: 0.8971161681929111
Average Sheep Distance: 0.228820083049661
Maximum Sheep Distance: 0.3087659611428589
Elapsed Time: 5m 44s
********** 66 **********
Average Fitness: 0.09266666666666666
Maximum Fitness: 0.2333333333333333
Average Pen Distance: 0.30077262672803096
Maximum Pen Distance: 0.4872213111514867
Average Dog Distance: 0.7796296156459833
Maximum Dog Distance: 0.8899595273477315
Average Sheep Distance: 0.22397635930959445
Maximum Sheep Distance: 0.3086279223699908
Elapsed Time: 5m 46s
********** 67 **********
Average Fitness: 0.10266666666666666
Maximum Fitness: 0.26666666666666666
Average Pen Distance: 0.31813634874935026
Maximum Pen Distance: 0.6051722925200432
Average Dog Distance: 0.777880163087255
Maximum Dog Distance: 0.8995282645289543
Average Sheep Distance: 0.22698075577033205
Maximum Sheep Distance: 0.28614078942332616
Elapsed Time: 5m 37s
********** 68 **********
Average Fitness: 0.09283333333333335
Maximum Fitness: 0.2333333333333333
Average Pen Distance: 0.31705439910127375
Maximum Pen Distance: 0.720231168591249
Average Dog Distance: 0.7718704243751625
Maximum Dog Distance: 0.8973775774480871
Average Sheep Distance: 0.22204816211390724
Maximum Sheep Distance: 0.3143980027812228
Elapsed Time: 5m 41s
********** 69 **********
Average Fitness: 0.10300000000000001
Maximum Fitness: 0.3
Average Pen Distance: 0.30166801333238635
Maximum Pen Distance: 0.616632433741183
Average Dog Distance: 0.7694488634301941
Maximum Dog Distance: 0.9204705302591973
Average Sheep Distance: 0.223214880477071
Maximum Sheep Distance: 0.2933514259235723
Elapsed Time: 5m 45s
********** 70 **********
Average Fitness: 0.10350000000000001
Maximum Fitness: 0.26666666666666666
Average Pen Distance: 0.30318864512475074
Maximum Pen Distance: 0.4453858892034333
Average Dog Distance: 0.7785147780646764
Maximum Dog Distance: 0.9114652366401931
Average Sheep Distance: 0.22720554365330614
Maximum Sheep Distance: 0.3171178795296343
Elapsed Time: 5m 41s
********** 71 **********
Average Fitness: 0.10116666666666665
Maximum Fitness: 0.2333333333333333
Average Pen Distance: 0.30258429064524384
Maximum Pen Distance: 0.585458730352305
Average Dog Distance: 0.78107775583547
Maximum Dog Distance: 0.8840390972118501
Average Sheep Distance: 0.22488565995451038
Maximum Sheep Distance: 0.2887264286096059
Elapsed Time: 5m 46s
********** 72 **********
Average Fitness: 0.1085
Maximum Fitness: 0.3333333333333333
Average Pen Distance: 0.3003593611001222
Maximum Pen Distance: 0.4812346939991456
Average Dog Distance: 0.7686063857534193
Maximum Dog Distance: 0.8639763662063622
Average Sheep Distance: 0.2252859021720469
Maximum Sheep Distance: 0.2912560989885327
Elapsed Time: 5m 46s
********** 73 **********
Average Fitness: 0.10433333333333333
Maximum Fitness: 0.3
Average Pen Distance: 0.29075270092259936
Maximum Pen Distance: 0.5537627519014843
Average Dog Distance: 0.760520709595475
Maximum Dog Distance: 0.8964981217588583
Average Sheep Distance: 0.22703065356135316
Maximum Sheep Distance: 0.30826585709959625
Elapsed Time: 5m 42s
********** 74 **********
Average Fitness: 0.10300000000000001
Maximum Fitness: 0.2833333333333334
Average Pen Distance: 0.2881446237750957
Maximum Pen Distance: 0.4501525683868559
Average Dog Distance: 0.7642848439403795
Maximum Dog Distance: 0.9368307887946464
Average Sheep Distance: 0.22161073670793915
Maximum Sheep Distance: 0.28823170585956
Elapsed Time: 5m 56s
********** 75 **********
Average Fitness: 0.11083333333333333
Maximum Fitness: 0.36666666666666664
Average Pen Distance: 0.29746637475776366
Maximum Pen Distance: 0.5175562693427129
Average Dog Distance: 0.7648889888826352
Maximum Dog Distance: 0.935391643077021
Average Sheep Distance: 0.2271116203617823
Maximum Sheep Distance: 0.2851959213376936
Elapsed Time: 5m 43s
********** 76 **********
Average Fitness: 0.10733333333333334
Maximum Fitness: 0.3166666666666667
Average Pen Distance: 0.298067707901707
Maximum Pen Distance: 0.5091592320739529
Average Dog Distance: 0.7622280047757619
Maximum Dog Distance: 0.9107135718013212
Average Sheep Distance: 0.22126245648858892
Maximum Sheep Distance: 0.27052342903348897
Elapsed Time: 5m 45s
********** 77 **********
Average Fitness: 0.1023333333333333
Maximum Fitness: 0.26666666666666666
Average Pen Distance: 0.2965937852757736
Maximum Pen Distance: 0.5180694642911912
Average Dog Distance: 0.7581559394675282
Maximum Dog Distance: 0.9095493073371391
Average Sheep Distance: 0.2274538597134052
Maximum Sheep Distance: 0.2822411743925357
Elapsed Time: 5m 52s
********** 78 **********
Average Fitness: 0.10116666666666668
Maximum Fitness: 0.2833333333333333
Average Pen Distance: 0.3119896781720633
Maximum Pen Distance: 0.5269068035620872
Average Dog Distance: 0.7629841665096332
Maximum Dog Distance: 0.926236187530186
Average Sheep Distance: 0.22585637963426056
Maximum Sheep Distance: 0.3060009093379195
Elapsed Time: 5m 50s
********** 79 **********
Average Fitness: 0.10450000000000001
Maximum Fitness: 0.3
Average Pen Distance: 0.30944736284022123
Maximum Pen Distance: 0.7204250766358141
Average Dog Distance: 0.7635180583481329
Maximum Dog Distance: 0.8980894922032688
Average Sheep Distance: 0.22482073591753793
Maximum Sheep Distance: 0.2830214432137101
Elapsed Time: 5m 37s
********** 80 **********
Average Fitness: 0.10383333333333335
Maximum Fitness: 0.2833333333333333
Average Pen Distance: 0.30424130205491
Maximum Pen Distance: 0.4905777772081532
Average Dog Distance: 0.7646797494566059
Maximum Dog Distance: 0.9048973986938256
Average Sheep Distance: 0.22160478112246954
Maximum Sheep Distance: 0.2783088658354464
Elapsed Time: 5m 41s
********** 81 **********
Average Fitness: 0.12416666666666668
Maximum Fitness: 0.35000000000000003
Average Pen Distance: 0.300341642056442
Maximum Pen Distance: 0.520650891497776
Average Dog Distance: 0.7639052721836527
Maximum Dog Distance: 0.8982809822368387
Average Sheep Distance: 0.22292782712832074
Maximum Sheep Distance: 0.2930995968959956
Elapsed Time: 5m 41s
********** 82 **********
Average Fitness: 0.11216666666666666
Maximum Fitness: 0.3
Average Pen Distance: 0.30474876842955206
Maximum Pen Distance: 0.6154839713401722
Average Dog Distance: 0.7684664004799866
Maximum Dog Distance: 0.9643627110350628
Average Sheep Distance: 0.2231083236014147
Maximum Sheep Distance: 0.292184894851774
Elapsed Time: 5m 40s
********** 83 **********
Average Fitness: 0.09783333333333336
Maximum Fitness: 0.21666666666666667
Average Pen Distance: 0.3044362322741825
Maximum Pen Distance: 0.6409869632402212
Average Dog Distance: 0.7652197217180177
Maximum Dog Distance: 0.8854985848369198
Average Sheep Distance: 0.2232860352547505
Maximum Sheep Distance: 0.28386598627012577
Elapsed Time: 5m 43s
********** 84 **********
Average Fitness: 0.11599999999999999
Maximum Fitness: 0.2833333333333334
Average Pen Distance: 0.29157510288026217
Maximum Pen Distance: 0.6398759688545005
Average Dog Distance: 0.7503298455431276
Maximum Dog Distance: 0.8624853708544636
Average Sheep Distance: 0.22088232393327448
Maximum Sheep Distance: 0.30413675842279636
Elapsed Time: 5m 45s
********** 85 **********
Average Fitness: 0.10850000000000001
Maximum Fitness: 0.26666666666666666
Average Pen Distance: 0.28705522763542535
Maximum Pen Distance: 0.49161229713598265
Average Dog Distance: 0.7575132196882437
Maximum Dog Distance: 0.8844640795965374
Average Sheep Distance: 0.22336058727490357
Maximum Sheep Distance: 0.2816137133370679
Elapsed Time: 5m 43s
********** 86 **********
Average Fitness: 0.12500000000000003
Maximum Fitness: 0.31666666666666665
Average Pen Distance: 0.28718888689004723
Maximum Pen Distance: 0.5082476046783245
Average Dog Distance: 0.7478137534218576
Maximum Dog Distance: 0.9136359490073768
Average Sheep Distance: 0.2209628111681713
Maximum Sheep Distance: 0.26615208962011355
Elapsed Time: 5m 36s
********** 87 **********
Average Fitness: 0.12150000000000002
Maximum Fitness: 0.3
Average Pen Distance: 0.28871589641421025
Maximum Pen Distance: 0.4535270129386128
Average Dog Distance: 0.7527895641283494
Maximum Dog Distance: 0.914317436151078
Average Sheep Distance: 0.22250760760608007
Maximum Sheep Distance: 0.2746459926640357
Elapsed Time: 5m 44s
********** 88 **********
Average Fitness: 0.10716666666666667
Maximum Fitness: 0.3
Average Pen Distance: 0.29555945590889215
Maximum Pen Distance: 0.47101722834063525
Average Dog Distance: 0.7527479401379629
Maximum Dog Distance: 0.899612327775538
Average Sheep Distance: 0.219916265939335
Maximum Sheep Distance: 0.28431827460865283
Elapsed Time: 5m 50s
********** 89 **********
Average Fitness: 0.127
Maximum Fitness: 0.3
Average Pen Distance: 0.28915589362162775
Maximum Pen Distance: 0.4791874379236923
Average Dog Distance: 0.7667338083537553
Maximum Dog Distance: 0.912684051000283
Average Sheep Distance: 0.22468796353971623
Maximum Sheep Distance: 0.2904327847452289
Elapsed Time: 5m 39s
********** 90 **********
Average Fitness: 0.10683333333333334
Maximum Fitness: 0.31666666666666665
Average Pen Distance: 0.299663916609208
Maximum Pen Distance: 0.5244091180640779
Average Dog Distance: 0.7710628243656124
Maximum Dog Distance: 0.9430961803313006
Average Sheep Distance: 0.21910940720716532
Maximum Sheep Distance: 0.27699434440865495
Elapsed Time: 5m 42s
********** 91 **********
Average Fitness: 0.11483333333333333
Maximum Fitness: 0.2833333333333333
Average Pen Distance: 0.2906625425453444
Maximum Pen Distance: 0.5508251245434116
Average Dog Distance: 0.7554882980165712
Maximum Dog Distance: 0.8841906666149534
Average Sheep Distance: 0.2219349024719114
Maximum Sheep Distance: 0.2904732089450241
Elapsed Time: 5m 46s
********** 92 **********
Average Fitness: 0.1185
Maximum Fitness: 0.26666666666666666
Average Pen Distance: 0.29321984804200296
Maximum Pen Distance: 0.4546182694058572
Average Dog Distance: 0.7597124463308007
Maximum Dog Distance: 0.9377800399554949
Average Sheep Distance: 0.22112553645169217
Maximum Sheep Distance: 0.2867094288519209
Elapsed Time: 5m 43s
********** 93 **********
Average Fitness: 0.11183333333333334
Maximum Fitness: 0.2833333333333333
Average Pen Distance: 0.30359120297831255
Maximum Pen Distance: 0.6302856472701396
Average Dog Distance: 0.7701478325369833
Maximum Dog Distance: 0.9643878649179897
Average Sheep Distance: 0.22085557854281335
Maximum Sheep Distance: 0.2806794815165387
Elapsed Time: 5m 59s
********** 94 **********
Average Fitness: 0.11433333333333336
Maximum Fitness: 0.3
Average Pen Distance: 0.2988972716688903
Maximum Pen Distance: 0.5149748319668636
Average Dog Distance: 0.7691486287691025
Maximum Dog Distance: 0.9154032175316341
Average Sheep Distance: 0.22692257640929342
Maximum Sheep Distance: 0.2990746774965047
Elapsed Time: 5m 41s
********** 95 **********
Average Fitness: 0.12083333333333333
Maximum Fitness: 0.35000000000000003
Average Pen Distance: 0.30833888628441014
Maximum Pen Distance: 0.6304039306347904
Average Dog Distance: 0.76430193992328
Maximum Dog Distance: 0.9090303145953583
Average Sheep Distance: 0.22012053795596206
Maximum Sheep Distance: 0.2872682151362979
Elapsed Time: 5m 42s
********** 96 **********
Average Fitness: 0.12183333333333334
Maximum Fitness: 0.3
Average Pen Distance: 0.30483641572711706
Maximum Pen Distance: 0.6255127678666932
Average Dog Distance: 0.7662852958542042
Maximum Dog Distance: 0.9065575973674816
Average Sheep Distance: 0.22111529175989694
Maximum Sheep Distance: 0.2925351656643805
Elapsed Time: 5m 45s
********** 97 **********
Average Fitness: 0.11166666666666668
Maximum Fitness: 0.35000000000000003
Average Pen Distance: 0.3014870481413155
Maximum Pen Distance: 0.5227104672746978
Average Dog Distance: 0.7653500643906284
Maximum Dog Distance: 0.8954230906324425
Average Sheep Distance: 0.2176203963961087
Maximum Sheep Distance: 0.2868593742022683
Elapsed Time: 5m 46s
********** 98 **********
Average Fitness: 0.11266666666666668
Maximum Fitness: 0.2833333333333334
Average Pen Distance: 0.3033885929311171
Maximum Pen Distance: 0.4629078046922052
Average Dog Distance: 0.7756764252479199
Maximum Dog Distance: 0.9121032944639037
Average Sheep Distance: 0.21646266025275154
Maximum Sheep Distance: 0.27760968165333505
Elapsed Time: 5m 42s
********** 99 **********
Average Fitness: 0.10883333333333335
Maximum Fitness: 0.2833333333333334
Average Pen Distance: 0.3035009644177521
Maximum Pen Distance: 0.47547377341828806
Average Dog Distance: 0.7708076640335958
Maximum Dog Distance: 0.8829528097105289
Average Sheep Distance: 0.22453360572420056
Maximum Sheep Distance: 0.30667588298979404
Elapsed Time: 5m 48s
********** 100 **********
Average Fitness: 0.11416666666666667
Maximum Fitness: 0.3333333333333333
Average Pen Distance: 0.31345567921674544
Maximum Pen Distance: 0.5435018186568127
Average Dog Distance: 0.7729125997230732
Maximum Dog Distance: 0.8908674181814961
Average Sheep Distance: 0.222418318779863
Maximum Sheep Distance: 0.2780966108022434
Elapsed Time: 5m 41s
********** 1 **********
Average Fitness: 0.034499999999999996
Maximum Fitness: 0.16666666666666666
Average Pen Distance: 0.5187747856777957
Maximum Pen Distance: 0.778172301869762
Average Dog Distance: 0.782654214233991
Maximum Dog Distance: 0.9666570986131565
Average Sheep Distance: 0.25891245823319875
Maximum Sheep Distance: 0.33493150546800776
Elapsed Time: 5m 50s
********** 2 **********
Average Fitness: 0.03816666666666666
Maximum Fitness: 0.20000000000000004
Average Pen Distance: 0.4855360405375068
Maximum Pen Distance: 0.7274307742815408
Average Dog Distance: 0.7655645286829423
Maximum Dog Distance: 0.9450785194427652
Average Sheep Distance: 0.2600342355871176
Maximum Sheep Distance: 0.32499975795885977
Elapsed Time: 5m 46s
********** 3 **********
Average Fitness: 0.03766666666666666
Maximum Fitness: 0.11666666666666668
Average Pen Distance: 0.4480940024561765
Maximum Pen Distance: 0.8087158237904511
Average Dog Distance: 0.7593077644024737
Maximum Dog Distance: 0.9707308771037049
Average Sheep Distance: 0.25264889692962
Maximum Sheep Distance: 0.35583856724655205
Elapsed Time: 5m 54s
********** 4 **********
Average Fitness: 0.04366666666666666
Maximum Fitness: 0.16666666666666666
Average Pen Distance: 0.4593551918386061
Maximum Pen Distance: 0.7180744897460088
Average Dog Distance: 0.7751815287438769
Maximum Dog Distance: 0.9548828890626394
Average Sheep Distance: 0.25452523602237753
Maximum Sheep Distance: 0.3235854508631165
Elapsed Time: 5m 47s
********** 5 **********
Average Fitness: 0.045666666666666654
Maximum Fitness: 0.15000000000000002
Average Pen Distance: 0.4668302265551667
Maximum Pen Distance: 0.7463270280452571
Average Dog Distance: 0.7705271510512923
Maximum Dog Distance: 0.9398873323546676
Average Sheep Distance: 0.25510590462388577
Maximum Sheep Distance: 0.31400882261529056
Elapsed Time: 5m 47s
********** 6 **********
Average Fitness: 0.03949999999999999
Maximum Fitness: 0.18333333333333332
Average Pen Distance: 0.4441639905287679
Maximum Pen Distance: 0.653992489208909
Average Dog Distance: 0.7687569559792513
Maximum Dog Distance: 0.959127235651076
Average Sheep Distance: 0.2567877550406783
Maximum Sheep Distance: 0.3173440762180222
Elapsed Time: 5m 49s
********** 7 **********
Average Fitness: 0.0375
Maximum Fitness: 0.15
Average Pen Distance: 0.4623048321982758
Maximum Pen Distance: 0.7243616745946283
Average Dog Distance: 0.7743789135968052
Maximum Dog Distance: 0.9758790189319714
Average Sheep Distance: 0.25306627191104225
Maximum Sheep Distance: 0.3237275124322871
Elapsed Time: 5m 47s
********** 8 **********
Average Fitness: 0.03766666666666666
Maximum Fitness: 0.15
Average Pen Distance: 0.47255187463961934
Maximum Pen Distance: 0.721743518457605
Average Dog Distance: 0.7780875951607256
Maximum Dog Distance: 0.9420724830912169
Average Sheep Distance: 0.253512097519405
Maximum Sheep Distance: 0.3254492990658328
Elapsed Time: 5m 51s
********** 9 **********
Average Fitness: 0.0415
Maximum Fitness: 0.16666666666666666
Average Pen Distance: 0.467392749630176
Maximum Pen Distance: 0.7177855126025214
Average Dog Distance: 0.7669862039341379
Maximum Dog Distance: 0.9665673538580434
Average Sheep Distance: 0.2570194577913646
Maximum Sheep Distance: 0.3440954566924203
Elapsed Time: 5m 53s
********** 10 **********
Average Fitness: 0.03733333333333333
Maximum Fitness: 0.2333333333333333
Average Pen Distance: 0.47585061549302843
Maximum Pen Distance: 0.719899757769017
Average Dog Distance: 0.789512299055641
Maximum Dog Distance: 0.9198895658764608
Average Sheep Distance: 0.2560669791702937
Maximum Sheep Distance: 0.30795670171286055
Elapsed Time: 5m 48s
********** 11 **********
Average Fitness: 0.04633333333333333
Maximum Fitness: 0.15
Average Pen Distance: 0.45341233901001166
Maximum Pen Distance: 0.7467267892114869
Average Dog Distance: 0.7687329696567322
Maximum Dog Distance: 0.9829322426128551
Average Sheep Distance: 0.25513134080557065
Maximum Sheep Distance: 0.31608660720168275
Elapsed Time: 5m 51s
********** 12 **********
Average Fitness: 0.05183333333333333
Maximum Fitness: 0.16666666666666666
Average Pen Distance: 0.45950088303057784
Maximum Pen Distance: 0.6847285759555791
Average Dog Distance: 0.7706602404875799
Maximum Dog Distance: 0.9139763890036466
Average Sheep Distance: 0.2503535632667028
Maximum Sheep Distance: 0.3227562912314172
Elapsed Time: 5m 46s
********** 13 **********
Average Fitness: 0.0425
Maximum Fitness: 0.15
Average Pen Distance: 0.4477425010631256
Maximum Pen Distance: 0.6404301284660351
Average Dog Distance: 0.7654654585362782
Maximum Dog Distance: 0.9518382923936977
Average Sheep Distance: 0.25002542418263884
Maximum Sheep Distance: 0.3025548913810292
Elapsed Time: 5m 44s
********** 14 **********
Average Fitness: 0.04516666666666667
Maximum Fitness: 0.19999999999999998
Average Pen Distance: 0.44092935616682083
Maximum Pen Distance: 0.6972234928672831
Average Dog Distance: 0.7664516679528017
Maximum Dog Distance: 0.9334661073431443
Average Sheep Distance: 0.25435540000085477
Maximum Sheep Distance: 0.31080583290419966
Elapsed Time: 5m 53s
********** 15 **********
Average Fitness: 0.05366666666666667
Maximum Fitness: 0.18333333333333335
Average Pen Distance: 0.4316588645422433
Maximum Pen Distance: 0.6904816135846646
Average Dog Distance: 0.7579824117495542
Maximum Dog Distance: 0.9349414834595544
Average Sheep Distance: 0.2510764326975478
Maximum Sheep Distance: 0.31419162462824524
Elapsed Time: 6m 3s
********** 16 **********
Average Fitness: 0.03883333333333333
Maximum Fitness: 0.15
Average Pen Distance: 0.44729852981551127
Maximum Pen Distance: 0.6667615038137223
Average Dog Distance: 0.7763542824295403
Maximum Dog Distance: 0.9331723852491992
Average Sheep Distance: 0.2528878788950304
Maximum Sheep Distance: 0.3284580666382037
Elapsed Time: 5m 56s
********** 17 **********
Average Fitness: 0.043166666666666666
Maximum Fitness: 0.15
Average Pen Distance: 0.44745340532452155
Maximum Pen Distance: 0.710471746038035
Average Dog Distance: 0.7558193482086828
Maximum Dog Distance: 0.9410186485439692
Average Sheep Distance: 0.2526810252326286
Maximum Sheep Distance: 0.3033079740605555
Elapsed Time: 5m 51s
********** 18 **********
Average Fitness: 0.04383333333333333
Maximum Fitness: 0.25
Average Pen Distance: 0.45613234865902086
Maximum Pen Distance: 0.7419661324775157
Average Dog Distance: 0.7632819246629622
Maximum Dog Distance: 0.941868191403639
Average Sheep Distance: 0.25516192307875807
Maximum Sheep Distance: 0.3280317880814017
Elapsed Time: 5m 43s
********** 19 **********
Average Fitness: 0.04249999999999999
Maximum Fitness: 0.13333333333333333
Average Pen Distance: 0.4440985843440477
Maximum Pen Distance: 0.6867181397760166
Average Dog Distance: 0.765469139675848
Maximum Dog Distance: 0.9476531174697201
Average Sheep Distance: 0.2501173194813435
Maximum Sheep Distance: 0.3173104921134098
Elapsed Time: 5m 49s
********** 20 **********
Average Fitness: 0.052000000000000005
Maximum Fitness: 0.18333333333333335
Average Pen Distance: 0.4506672718768405
Maximum Pen Distance: 0.72876474407439
Average Dog Distance: 0.7770273564978012
Maximum Dog Distance: 0.9746767820878312
Average Sheep Distance: 0.25286289843955684
Maximum Sheep Distance: 0.3309518815537384
Elapsed Time: 5m 48s
********** 21 **********
Average Fitness: 0.04216666666666666
Maximum Fitness: 0.16666666666666666
Average Pen Distance: 0.46604469779169294
Maximum Pen Distance: 0.7138910939985239
Average Dog Distance: 0.7559257495963143
Maximum Dog Distance: 0.9051277969760584
Average Sheep Distance: 0.25525365192887756
Maximum Sheep Distance: 0.31778564712469226
Elapsed Time: 5m 45s
********** 22 **********
Average Fitness: 0.055
Maximum Fitness: 0.18333333333333335
Average Pen Distance: 0.4352895010686028
Maximum Pen Distance: 0.7131615988722118
Average Dog Distance: 0.7721424294095455
Maximum Dog Distance: 0.9586297183734515
Average Sheep Distance: 0.2462637696052277
Maximum Sheep Distance: 0.30975359733184343
Elapsed Time: 5m 47s
********** 23 **********
Average Fitness: 0.04649999999999999
Maximum Fitness: 0.18333333333333332
Average Pen Distance: 0.46146453554865263
Maximum Pen Distance: 0.7335945446041694
Average Dog Distance: 0.7671313856306289
Maximum Dog Distance: 0.9271144219613392
Average Sheep Distance: 0.2520745530647264
Maximum Sheep Distance: 0.3439503012146988
Elapsed Time: 5m 51s
********** 24 **********
Average Fitness: 0.04716666666666666
Maximum Fitness: 0.16666666666666666
Average Pen Distance: 0.4740426556005834
Maximum Pen Distance: 0.7449406512470235
Average Dog Distance: 0.7562100545030482
Maximum Dog Distance: 0.9266807538957557
Average Sheep Distance: 0.255674391780526
Maximum Sheep Distance: 0.33807615888713993
Elapsed Time: 5m 51s
********** 25 **********
Average Fitness: 0.0435
Maximum Fitness: 0.21666666666666667
Average Pen Distance: 0.44704863925451205
Maximum Pen Distance: 0.6713863655004301
Average Dog Distance: 0.7601293755654627
Maximum Dog Distance: 0.9079789757916475
Average Sheep Distance: 0.25246732009774253
Maximum Sheep Distance: 0.3196999175452519
Elapsed Time: 5m 50s
********** 26 **********
Average Fitness: 0.048999999999999995
Maximum Fitness: 0.16666666666666666
Average Pen Distance: 0.4319195483129951
Maximum Pen Distance: 0.7275918130114563
Average Dog Distance: 0.7587738983169054
Maximum Dog Distance: 0.9088923223434469
Average Sheep Distance: 0.2480237753384305
Maximum Sheep Distance: 0.31867804094704516
Elapsed Time: 5m 44s
********** 27 **********
Average Fitness: 0.0575
Maximum Fitness: 0.18333333333333332
Average Pen Distance: 0.42790609839336097
Maximum Pen Distance: 0.7072458986709486
Average Dog Distance: 0.7635789694104202
Maximum Dog Distance: 0.9467552222552564
Average Sheep Distance: 0.24797476376886632
Maximum Sheep Distance: 0.2994307060454211
Elapsed Time: 5m 45s
********** 28 **********
Average Fitness: 0.05733333333333333
Maximum Fitness: 0.19999999999999998
Average Pen Distance: 0.43475528817502473
Maximum Pen Distance: 0.809831659935084
Average Dog Distance: 0.7626566590799558
Maximum Dog Distance: 0.923703390052561
Average Sheep Distance: 0.24607293744264142
Maximum Sheep Distance: 0.31830277427954073
Elapsed Time: 5m 46s
********** 29 **********
Average Fitness: 0.053166666666666654
Maximum Fitness: 0.16666666666666666
Average Pen Distance: 0.41719710775732927
Maximum Pen Distance: 0.6976096329907238
Average Dog Distance: 0.7350335756497298
Maximum Dog Distance: 0.9236555848382966
Average Sheep Distance: 0.2462702407539597
Maximum Sheep Distance: 0.34041012342594873
Elapsed Time: 5m 52s
********** 30 **********
Average Fitness: 0.06
Maximum Fitness: 0.21666666666666667
Average Pen Distance: 0.40036060500158877
Maximum Pen Distance: 0.6237203529256475
Average Dog Distance: 0.7471965747178996
Maximum Dog Distance: 0.9457056168716256
Average Sheep Distance: 0.24075608303795495
Maximum Sheep Distance: 0.303878210992829
Elapsed Time: 5m 44s
********** 31 **********
Average Fitness: 0.05733333333333333
Maximum Fitness: 0.21666666666666667
Average Pen Distance: 0.39707322220503083
Maximum Pen Distance: 0.721182585366623
Average Dog Distance: 0.7415846743705586
Maximum Dog Distance: 0.931080876060198
Average Sheep Distance: 0.24727220143594092
Maximum Sheep Distance: 0.35234913252939437
Elapsed Time: 5m 41s
********** 32 **********
Average Fitness: 0.06666666666666667
Maximum Fitness: 0.31666666666666665
Average Pen Distance: 0.38115999503582076
Maximum Pen Distance: 0.7161768877765556
Average Dog Distance: 0.7665748678586677
Maximum Dog Distance: 0.9231097118024468
Average Sheep Distance: 0.24922413652193653
Maximum Sheep Distance: 0.31939999155589555
Elapsed Time: 5m 46s
********** 33 **********
Average Fitness: 0.06566666666666668
Maximum Fitness: 0.2333333333333333
Average Pen Distance: 0.3632526974989383
Maximum Pen Distance: 0.7115892510051828
Average Dog Distance: 0.7628707320847193
Maximum Dog Distance: 0.916301036217494
Average Sheep Distance: 0.24618472258069946
Maximum Sheep Distance: 0.30739044300321905
Elapsed Time: 5m 43s
********** 34 **********
Average Fitness: 0.071
Maximum Fitness: 0.25
Average Pen Distance: 0.35242131802715726
Maximum Pen Distance: 0.7537425224226483
Average Dog Distance: 0.7776924169784101
Maximum Dog Distance: 0.9101250822557431
Average Sheep Distance: 0.24120358054065444
Maximum Sheep Distance: 0.29705705097646895
Elapsed Time: 5m 44s
********** 35 **********
Average Fitness: 0.08250000000000002
Maximum Fitness: 0.25
Average Pen Distance: 0.34873829386299077
Maximum Pen Distance: 0.7133050913155285
Average Dog Distance: 0.7810056819341474
Maximum Dog Distance: 0.948568383022189
Average Sheep Distance: 0.24323852945168598
Maximum Sheep Distance: 0.29518150541217997
Elapsed Time: 5m 39s
********** 36 **********
Average Fitness: 0.071
Maximum Fitness: 0.2333333333333333
Average Pen Distance: 0.33905806711454395
Maximum Pen Distance: 0.5987131136191931
Average Dog Distance: 0.7798649222322465
Maximum Dog Distance: 0.9566731360060112
Average Sheep Distance: 0.239581141390413
Maximum Sheep Distance: 0.30471729853312485
Elapsed Time: 5m 43s
********** 37 **********
Average Fitness: 0.07800000000000001
Maximum Fitness: 0.2833333333333334
Average Pen Distance: 0.33814933832245503
Maximum Pen Distance: 0.6088703597818326
Average Dog Distance: 0.7721305877653473
Maximum Dog Distance: 0.9013512225634251
Average Sheep Distance: 0.23956286640025695
Maximum Sheep Distance: 0.3086304856718742
Elapsed Time: 5m 47s
********** 38 **********
Average Fitness: 0.085
Maximum Fitness: 0.2833333333333334
Average Pen Distance: 0.3231451583124351
Maximum Pen Distance: 0.5936658653924475
Average Dog Distance: 0.7796675553822852
Maximum Dog Distance: 0.9058059475520558
Average Sheep Distance: 0.23988071692894108
Maximum Sheep Distance: 0.3033609604094202
Elapsed Time: 5m 44s
********** 39 **********
Average Fitness: 0.08683333333333333
Maximum Fitness: 0.2333333333333333
Average Pen Distance: 0.334994789482449
Maximum Pen Distance: 0.6613859246136616
Average Dog Distance: 0.7875977797892747
Maximum Dog Distance: 0.9134404405151333
Average Sheep Distance: 0.23917152296917785
Maximum Sheep Distance: 0.30878172669418585
Elapsed Time: 5m 44s
********** 40 **********
Average Fitness: 0.0895
Maximum Fitness: 0.25000000000000006
Average Pen Distance: 0.3190376073103501
Maximum Pen Distance: 0.5632391958975235
Average Dog Distance: 0.7764119912788884
Maximum Dog Distance: 0.8913594433830435
Average Sheep Distance: 0.23385035026808254
Maximum Sheep Distance: 0.2907125235620913
Elapsed Time: 5m 42s
********** 41 **********
Average Fitness: 0.09799999999999999
Maximum Fitness: 0.3333333333333333
Average Pen Distance: 0.312952659526258
Maximum Pen Distance: 0.6258592868277056
Average Dog Distance: 0.7812297554524683
Maximum Dog Distance: 0.8940890946582795
Average Sheep Distance: 0.23835355869462357
Maximum Sheep Distance: 0.29313649946708376
Elapsed Time: 5m 47s
********** 42 **********
Average Fitness: 0.08716666666666668
Maximum Fitness: 0.26666666666666666
Average Pen Distance: 0.32703136795263715
Maximum Pen Distance: 0.5967965629443436
Average Dog Distance: 0.7844802215748834
Maximum Dog Distance: 0.9652412436407897
Average Sheep Distance: 0.23869710602696684
Maximum Sheep Distance: 0.287586090772407
Elapsed Time: 5m 44s
********** 43 **********
Average Fitness: 0.10133333333333333
Maximum Fitness: 0.26666666666666666
Average Pen Distance: 0.31231409944178734
Maximum Pen Distance: 0.5306274258579738
Average Dog Distance: 0.7768786020998079
Maximum Dog Distance: 0.9078971550453782
Average Sheep Distance: 0.2348606612129926
Maximum Sheep Distance: 0.2876148516308389
Elapsed Time: 5m 51s
********** 44 **********
Average Fitness: 0.09299999999999999
Maximum Fitness: 0.3333333333333333
Average Pen Distance: 0.314335351769432
Maximum Pen Distance: 0.6794178061786588
Average Dog Distance: 0.7888226208661183
Maximum Dog Distance: 0.898495489962312
Average Sheep Distance: 0.2351480039463572
Maximum Sheep Distance: 0.30516091980981547
Elapsed Time: 5m 42s
********** 45 **********
Average Fitness: 0.08866666666666669
Maximum Fitness: 0.3333333333333333
Average Pen Distance: 0.33459696972935843
Maximum Pen Distance: 0.6514915046680462
Average Dog Distance: 0.7857190333070996
Maximum Dog Distance: 0.8888627808041704
Average Sheep Distance: 0.23384494845576767
Maximum Sheep Distance: 0.3136149190724926
Elapsed Time: 5m 48s
********** 46 **********
Average Fitness: 0.086
Maximum Fitness: 0.25
Average Pen Distance: 0.34298969389885753
Maximum Pen Distance: 0.6604750080857025
Average Dog Distance: 0.7840557588565384
Maximum Dog Distance: 0.9080927300208237
Average Sheep Distance: 0.23822567333804556
Maximum Sheep Distance: 0.31140649345977484
Elapsed Time: 5m 43s
********** 47 **********
Average Fitness: 0.10066666666666668
Maximum Fitness: 0.2833333333333333
Average Pen Distance: 0.32678084890532133
Maximum Pen Distance: 0.6882932689458282
Average Dog Distance: 0.7895243318243556
Maximum Dog Distance: 0.9059835357811594
Average Sheep Distance: 0.23413535274620922
Maximum Sheep Distance: 0.2911359281530478
Elapsed Time: 5m 47s
********** 48 **********
Average Fitness: 0.08949999999999997
Maximum Fitness: 0.26666666666666666
Average Pen Distance: 0.33907526734537663
Maximum Pen Distance: 0.6325182401471668
Average Dog Distance: 0.7895476103973985
Maximum Dog Distance: 0.9144072725583466
Average Sheep Distance: 0.2356075103579336
Maximum Sheep Distance: 0.3019933681282327
Elapsed Time: 5m 38s
********** 49 **********
Average Fitness: 0.09316666666666665
Maximum Fitness: 0.2833333333333334
Average Pen Distance: 0.3179356167363256
Maximum Pen Distance: 0.48915886399285274
Average Dog Distance: 0.7827597908199736
Maximum Dog Distance: 0.9409998379737871
Average Sheep Distance: 0.23519987389354352
Maximum Sheep Distance: 0.2901580955078305
Elapsed Time: 5m 40s
********** 50 **********
Average Fitness: 0.10433333333333333
Maximum Fitness: 0.3333333333333333
Average Pen Distance: 0.3179505212953318
Maximum Pen Distance: 0.6584776510665705
Average Dog Distance: 0.782670114172453
Maximum Dog Distance: 0.8920477263285297
Average Sheep Distance: 0.23414912912177466
Maximum Sheep Distance: 0.28689465929232333
Elapsed Time: 5m 45s
********** 51 **********
Average Fitness: 0.08916666666666666
Maximum Fitness: 0.2833333333333333
Average Pen Distance: 0.31147150534873363
Maximum Pen Distance: 0.5606399001966557
Average Dog Distance: 0.7707168624305792
Maximum Dog Distance: 0.9196883562596826
Average Sheep Distance: 0.23437354407390887
Maximum Sheep Distance: 0.31215065114616164
Elapsed Time: 5m 48s
********** 52 **********
Average Fitness: 0.09416666666666668
Maximum Fitness: 0.25
Average Pen Distance: 0.3158838836388555
Maximum Pen Distance: 0.5797836131242587
Average Dog Distance: 0.773322301288536
Maximum Dog Distance: 0.8910334873150035
Average Sheep Distance: 0.23375493649152884
Maximum Sheep Distance: 0.31387229909727843
Elapsed Time: 5m 50s
********** 53 **********
Average Fitness: 0.10450000000000002
Maximum Fitness: 0.35000000000000003
Average Pen Distance: 0.31860559259863813
Maximum Pen Distance: 0.613109147723055
Average Dog Distance: 0.7676120651941747
Maximum Dog Distance: 0.884882247399707
Average Sheep Distance: 0.23432097057474166
Maximum Sheep Distance: 0.29860233123088636
Elapsed Time: 5m 44s
********** 54 **********
Average Fitness: 0.09916666666666668
Maximum Fitness: 0.25
Average Pen Distance: 0.3129539717859279
Maximum Pen Distance: 0.5828966134185656
Average Dog Distance: 0.7741062890944432
Maximum Dog Distance: 0.926533276577226
Average Sheep Distance: 0.2301049844360721
Maximum Sheep Distance: 0.2853570631776125
Elapsed Time: 5m 40s
********** 55 **********
Average Fitness: 0.09533333333333335
Maximum Fitness: 0.25
Average Pen Distance: 0.323257426562233
Maximum Pen Distance: 0.8017219157048182
Average Dog Distance: 0.7687482746870506
Maximum Dog Distance: 0.8852000164283845
Average Sheep Distance: 0.23305070643199413
Maximum Sheep Distance: 0.30112861365088334
Elapsed Time: 5m 45s
********** 56 **********
Average Fitness: 0.09733333333333333
Maximum Fitness: 0.30000000000000004
Average Pen Distance: 0.31992676443284773
Maximum Pen Distance: 0.6111068622915492
Average Dog Distance: 0.769798564895436
Maximum Dog Distance: 0.8671958988227778
Average Sheep Distance: 0.22640789123357366
Maximum Sheep Distance: 0.299577613499002
Elapsed Time: 5m 40s
********** 57 **********
Average Fitness: 0.11199999999999999
Maximum Fitness: 0.26666666666666666
Average Pen Distance: 0.29827255810288333
Maximum Pen Distance: 0.4755319591381095
Average Dog Distance: 0.7749879931584825
Maximum Dog Distance: 0.8882505015227081
Average Sheep Distance: 0.23156623025070464
Maximum Sheep Distance: 0.284170809485591
Elapsed Time: 5m 37s
********** 58 **********
Average Fitness: 0.09883333333333333
Maximum Fitness: 0.25
Average Pen Distance: 0.3055147516108489
Maximum Pen Distance: 0.4595552437708677
Average Dog Distance: 0.7770714516730153
Maximum Dog Distance: 0.9088724864699415
Average Sheep Distance: 0.2226927892685137
Maximum Sheep Distance: 0.2857651810975965
Elapsed Time: 5m 51s
********** 59 **********
Average Fitness: 0.102
Maximum Fitness: 0.3333333333333333
Average Pen Distance: 0.3205774299960926
Maximum Pen Distance: 0.7219541857682591
Average Dog Distance: 0.7769908868443071
Maximum Dog Distance: 0.89397568257606
Average Sheep Distance: 0.22617614302984268
Maximum Sheep Distance: 0.29576763036705894
Elapsed Time: 5m 38s
********** 60 **********
Average Fitness: 0.10316666666666668
Maximum Fitness: 0.2833333333333334
Average Pen Distance: 0.32154211029907
Maximum Pen Distance: 0.7204512877596189
Average Dog Distance: 0.7723060935068764
Maximum Dog Distance: 0.9015070531574781
Average Sheep Distance: 0.22702026995816751
Maximum Sheep Distance: 0.3162810621996189
Elapsed Time: 5m 51s
********** 61 **********
Average Fitness: 0.10350000000000001
Maximum Fitness: 0.25
Average Pen Distance: 0.31848010942005284
Maximum Pen Distance: 0.6007273563714682
Average Dog Distance: 0.7753209480506214
Maximum Dog Distance: 0.9019907594421063
Average Sheep Distance: 0.22284765664143402
Maximum Sheep Distance: 0.29633933994513434
Elapsed Time: 5m 44s
********** 62 **********
Average Fitness: 0.11199999999999999
Maximum Fitness: 0.2833333333333334
Average Pen Distance: 0.3219214797898078
Maximum Pen Distance: 0.5282551152645226
Average Dog Distance: 0.7839624264531402
Maximum Dog Distance: 0.9202540883321223
Average Sheep Distance: 0.22300921190134804
Maximum Sheep Distance: 0.2903164514549283
Elapsed Time: 5m 38s
********** 63 **********
Average Fitness: 0.11216666666666666
Maximum Fitness: 0.2833333333333333
Average Pen Distance: 0.3182900601297753
Maximum Pen Distance: 0.7473323518466146
Average Dog Distance: 0.7714425637828303
Maximum Dog Distance: 0.904452002575403
Average Sheep Distance: 0.22210423556189837
Maximum Sheep Distance: 0.29523548993910326
Elapsed Time: 5m 44s
********** 64 **********
Average Fitness: 0.10600000000000001
Maximum Fitness: 0.3
Average Pen Distance: 0.32244933936018483
Maximum Pen Distance: 0.5840846214030625
Average Dog Distance: 0.7771975043328533
Maximum Dog Distance: 0.9078679395577275
Average Sheep Distance: 0.22250737102949125
Maximum Sheep Distance: 0.2903474730515239
Elapsed Time: 5m 44s
********** 65 **********
Average Fitness: 0.10933333333333334
Maximum Fitness: 0.3
Average Pen Distance: 0.3201657580472447
Maximum Pen Distance: 0.5343585348169201
Average Dog Distance: 0.7674809412463138
Maximum Dog Distance: 0.8753290757017238
Average Sheep Distance: 0.22294948638446466
Maximum Sheep Distance: 0.3051518569901466
Elapsed Time: 5m 37s
********** 66 **********
Average Fitness: 0.096
Maximum Fitness: 0.25
Average Pen Distance: 0.31359736352264167
Maximum Pen Distance: 0.4999223696483834
Average Dog Distance: 0.7683938280971028
Maximum Dog Distance: 0.88034478184638
Average Sheep Distance: 0.22492465774310375
Maximum Sheep Distance: 0.2990973077062698
Elapsed Time: 5m 38s
********** 67 **********
Average Fitness: 0.10983333333333334
Maximum Fitness: 0.31666666666666665
Average Pen Distance: 0.30457280835904116
Maximum Pen Distance: 0.6041854378484203
Average Dog Distance: 0.7611759045835648
Maximum Dog Distance: 0.9031766621127711
Average Sheep Distance: 0.22129273331238206
Maximum Sheep Distance: 0.2857717822948111
Elapsed Time: 5m 43s
********** 68 **********
Average Fitness: 0.10883333333333331
Maximum Fitness: 0.31666666666666665
Average Pen Distance: 0.3021078611638552
Maximum Pen Distance: 0.5154056129424395
Average Dog Distance: 0.7588474595731713
Maximum Dog Distance: 0.881947810241669
Average Sheep Distance: 0.22292119633667531
Maximum Sheep Distance: 0.30072947407468487
Elapsed Time: 5m 41s
********** 69 **********
Average Fitness: 0.09433333333333335
Maximum Fitness: 0.3166666666666667
Average Pen Distance: 0.3198979318618884
Maximum Pen Distance: 0.7009095566506272
Average Dog Distance: 0.7746180863977361
Maximum Dog Distance: 0.9010179743259837
Average Sheep Distance: 0.2225591098354978
Maximum Sheep Distance: 0.27730998951287594
Elapsed Time: 5m 55s
********** 70 **********
Average Fitness: 0.10166666666666666
Maximum Fitness: 0.3166666666666667
Average Pen Distance: 0.31706086983995546
Maximum Pen Distance: 0.5904413257165886
Average Dog Distance: 0.7808824625321104
Maximum Dog Distance: 0.89582024043789
Average Sheep Distance: 0.22732999008315974
Maximum Sheep Distance: 0.288755646363188
Elapsed Time: 5m 41s
********** 71 **********
Average Fitness: 0.10916666666666668
Maximum Fitness: 0.35000000000000003
Average Pen Distance: 0.32119266140683517
Maximum Pen Distance: 0.5619890938123363
Average Dog Distance: 0.7727233972546077
Maximum Dog Distance: 0.8933734347162887
Average Sheep Distance: 0.23097930436773886
Maximum Sheep Distance: 0.3171837654835217
Elapsed Time: 5m 40s
********** 72 **********
Average Fitness: 0.10866666666666668
Maximum Fitness: 0.3333333333333333
Average Pen Distance: 0.31739644281716567
Maximum Pen Distance: 0.645572196672894
Average Dog Distance: 0.7620161932243685
Maximum Dog Distance: 0.9019932783921565
Average Sheep Distance: 0.22103976461045022
Maximum Sheep Distance: 0.29738470723692206
Elapsed Time: 5m 44s
********** 73 **********
Average Fitness: 0.10583333333333336
Maximum Fitness: 0.3
Average Pen Distance: 0.30002913154007943
Maximum Pen Distance: 0.6139842946353583
Average Dog Distance: 0.7557265930834657
Maximum Dog Distance: 0.9044004301330606
Average Sheep Distance: 0.21999048561342818
Maximum Sheep Distance: 0.3099577335736405
Elapsed Time: 5m 40s
********** 74 **********
Average Fitness: 0.11599999999999999
Maximum Fitness: 0.3166666666666667
Average Pen Distance: 0.2943041708779933
Maximum Pen Distance: 0.5613209175123407
Average Dog Distance: 0.7413007641246403
Maximum Dog Distance: 0.8738256416076492
Average Sheep Distance: 0.22168535766949063
Maximum Sheep Distance: 0.2943077190921218
Elapsed Time: 5m 40s
********** 75 **********
Average Fitness: 0.12033333333333335
Maximum Fitness: 0.4000000000000001
Average Pen Distance: 0.2964207897400336
Maximum Pen Distance: 0.5455735652996276
Average Dog Distance: 0.750357638249113
Maximum Dog Distance: 0.853330882771353
Average Sheep Distance: 0.2183849289845764
Maximum Sheep Distance: 0.3194404970800906
Elapsed Time: 5m 40s
********** 76 **********
Average Fitness: 0.11266666666666668
Maximum Fitness: 0.26666666666666666
Average Pen Distance: 0.30742611059203956
Maximum Pen Distance: 0.6051533629015088
Average Dog Distance: 0.7461583148829426
Maximum Dog Distance: 0.9337801507088535
Average Sheep Distance: 0.21665085208810367
Maximum Sheep Distance: 0.2880375008466909
Elapsed Time: 5m 45s
********** 77 **********
Average Fitness: 0.10833333333333335
Maximum Fitness: 0.31666666666666665
Average Pen Distance: 0.3189221954772014
Maximum Pen Distance: 0.5100846674797074
Average Dog Distance: 0.7426793871293236
Maximum Dog Distance: 0.9014632411492244
Average Sheep Distance: 0.2195430929895231
Maximum Sheep Distance: 0.2882657123063174
Elapsed Time: 5m 37s
********** 78 **********
Average Fitness: 0.10983333333333332
Maximum Fitness: 0.3
Average Pen Distance: 0.3287219658334813
Maximum Pen Distance: 0.6485590309887183
Average Dog Distance: 0.7547811166060991
Maximum Dog Distance: 0.8655734178141334
Average Sheep Distance: 0.21860225208514716
Maximum Sheep Distance: 0.2705920148175343
Elapsed Time: 5m 41s
********** 79 **********
Average Fitness: 0.11750000000000002
Maximum Fitness: 0.2833333333333334
Average Pen Distance: 0.31688491480057496
Maximum Pen Distance: 0.7103898278836103
Average Dog Distance: 0.7461446797993169
Maximum Dog Distance: 0.9186738421452582
Average Sheep Distance: 0.21097357106464723
Maximum Sheep Distance: 0.2684829578020782
Elapsed Time: 5m 39s
********** 80 **********
Average Fitness: 0.11699999999999999
Maximum Fitness: 0.31666666666666665
Average Pen Distance: 0.31401347726160717
Maximum Pen Distance: 0.5392137266070484
Average Dog Distance: 0.7467300769614118
Maximum Dog Distance: 0.8884926868278588
Average Sheep Distance: 0.21483612277493047
Maximum Sheep Distance: 0.2758328881859937
Elapsed Time: 5m 41s
********** 81 **********
Average Fitness: 0.1145
Maximum Fitness: 0.2833333333333334
Average Pen Distance: 0.325060456327412
Maximum Pen Distance: 0.5810131570334258
Average Dog Distance: 0.7586586686843669
Maximum Dog Distance: 0.8931530768049886
Average Sheep Distance: 0.21646991901657356
Maximum Sheep Distance: 0.2786633419716669
Elapsed Time: 5m 37s
********** 82 **********
Average Fitness: 0.11966666666666669
Maximum Fitness: 0.3333333333333333
Average Pen Distance: 0.3116512268327036
Maximum Pen Distance: 0.5262884142489187
Average Dog Distance: 0.7569526258395074
Maximum Dog Distance: 0.8814000136370543
Average Sheep Distance: 0.21731118178493034
Maximum Sheep Distance: 0.26560129203180266
Elapsed Time: 5m 37s
********** 83 **********
Average Fitness: 0.11916666666666668
Maximum Fitness: 0.3
Average Pen Distance: 0.31273255296315566
Maximum Pen Distance: 0.592411757368344
Average Dog Distance: 0.749542622736688
Maximum Dog Distance: 0.8732709488692195
Average Sheep Distance: 0.21678711449888766
Maximum Sheep Distance: 0.2832110115247926
Elapsed Time: 5m 38s
********** 84 **********
Average Fitness: 0.12716666666666665
Maximum Fitness: 0.3
Average Pen Distance: 0.30061656362054895
Maximum Pen Distance: 0.5498904027725109
Average Dog Distance: 0.7464808374142141
Maximum Dog Distance: 0.8854561506845903
Average Sheep Distance: 0.2151218839105176
Maximum Sheep Distance: 0.2944797067553069
Elapsed Time: 5m 42s
********** 85 **********
Average Fitness: 0.11933333333333333
Maximum Fitness: 0.31666666666666665
Average Pen Distance: 0.3038590217390563
Maximum Pen Distance: 0.5746201480496209
Average Dog Distance: 0.7456632069461346
Maximum Dog Distance: 0.9154022334691715
Average Sheep Distance: 0.21364044194633058
Maximum Sheep Distance: 0.2724682928302438
Elapsed Time: 5m 40s
********** 86 **********
Average Fitness: 0.12233333333333335
Maximum Fitness: 0.2833333333333334
Average Pen Distance: 0.2879686680928256
Maximum Pen Distance: 0.5054530816838917
Average Dog Distance: 0.7334536455819536
Maximum Dog Distance: 0.8654280889743916
Average Sheep Distance: 0.21230305847134157
Maximum Sheep Distance: 0.292632468832822
Elapsed Time: 5m 39s
********** 87 **********
Average Fitness: 0.12483333333333332
Maximum Fitness: 0.35000000000000003
Average Pen Distance: 0.3025636317106256
Maximum Pen Distance: 0.4523592869543742
Average Dog Distance: 0.7499979988311941
Maximum Dog Distance: 0.8507793960138694
Average Sheep Distance: 0.21034168196589043
Maximum Sheep Distance: 0.2922822985941544
Elapsed Time: 5m 58s
********** 88 **********
Average Fitness: 0.12
Maximum Fitness: 0.3166666666666667
Average Pen Distance: 0.3126361873234925
Maximum Pen Distance: 0.581164713621597
Average Dog Distance: 0.7503377080013302
Maximum Dog Distance: 0.8575785606672711
Average Sheep Distance: 0.211242664211333
Maximum Sheep Distance: 0.2788626162517979
Elapsed Time: 5m 37s
********** 89 **********
Average Fitness: 0.11833333333333336
Maximum Fitness: 0.3
Average Pen Distance: 0.30418603812017675
Maximum Pen Distance: 0.5281351867174905
Average Dog Distance: 0.7371075776967325
Maximum Dog Distance: 0.8447036695085105
Average Sheep Distance: 0.21279011510859647
Maximum Sheep Distance: 0.2769884346558095
Elapsed Time: 5m 39s
********** 90 **********
Average Fitness: 0.12416666666666668
Maximum Fitness: 0.26666666666666666
Average Pen Distance: 0.3134102524782402
Maximum Pen Distance: 0.6912536882593678
Average Dog Distance: 0.7536308283521582
Maximum Dog Distance: 0.8788997902026038
Average Sheep Distance: 0.21079676217404875
Maximum Sheep Distance: 0.2813924324397851
Elapsed Time: 5m 37s
********** 91 **********
Average Fitness: 0.12283333333333335
Maximum Fitness: 0.3333333333333333
Average Pen Distance: 0.3258817810698355
Maximum Pen Distance: 0.5482248525462677
Average Dog Distance: 0.7498878974609958
Maximum Dog Distance: 0.8682031462377663
Average Sheep Distance: 0.2106921851412341
Maximum Sheep Distance: 0.29216875075061255
Elapsed Time: 5m 35s
********** 92 **********
Average Fitness: 0.12333333333333334
Maximum Fitness: 0.3
Average Pen Distance: 0.31489302825993976
Maximum Pen Distance: 0.5281257729861161
Average Dog Distance: 0.7549793361911961
Maximum Dog Distance: 0.8944098883749275
Average Sheep Distance: 0.21093914063200436
Maximum Sheep Distance: 0.28034997381247967
Elapsed Time: 5m 37s
********** 93 **********
Average Fitness: 0.12416666666666666
Maximum Fitness: 0.3499999999999999
Average Pen Distance: 0.33123119040403076
Maximum Pen Distance: 0.6492731032929616
Average Dog Distance: 0.7598484444473681
Maximum Dog Distance: 0.8997762253804206
Average Sheep Distance: 0.20646597595676824
Maximum Sheep Distance: 0.2934274813687711
Elapsed Time: 5m 37s
********** 94 **********
Average Fitness: 0.1285
Maximum Fitness: 0.3
Average Pen Distance: 0.3276355301261959
Maximum Pen Distance: 0.5658574824907319
Average Dog Distance: 0.7655292952446198
Maximum Dog Distance: 0.8508529666927549
Average Sheep Distance: 0.20215794130677833
Maximum Sheep Distance: 0.24918127028488138
Elapsed Time: 5m 49s
********** 95 **********
Average Fitness: 0.12516666666666668
Maximum Fitness: 0.3333333333333333
Average Pen Distance: 0.33612544742010586
Maximum Pen Distance: 0.80205868267435
Average Dog Distance: 0.7657926330995097
Maximum Dog Distance: 0.8778403009481788
Average Sheep Distance: 0.20478451751737795
Maximum Sheep Distance: 0.32141538027025857
Elapsed Time: 5m 35s
********** 96 **********
Average Fitness: 0.13116666666666665
Maximum Fitness: 0.31666666666666665
Average Pen Distance: 0.3280053512645283
Maximum Pen Distance: 0.5613464052644364
Average Dog Distance: 0.7656197372392762
Maximum Dog Distance: 0.8792940088939938
Average Sheep Distance: 0.2011136352409768
Maximum Sheep Distance: 0.26061126165950693
Elapsed Time: 5m 37s
********** 97 **********
Average Fitness: 0.12433333333333334
Maximum Fitness: 0.26666666666666666
Average Pen Distance: 0.32722212430273656
Maximum Pen Distance: 0.5601089177361012
Average Dog Distance: 0.7555484846137596
Maximum Dog Distance: 0.8676048468347562
Average Sheep Distance: 0.20179112668609137
Maximum Sheep Distance: 0.25894583667004617
Elapsed Time: 5m 39s
********** 98 **********
Average Fitness: 0.12733333333333333
Maximum Fitness: 0.2833333333333333
Average Pen Distance: 0.3276158420813708
Maximum Pen Distance: 0.5337080911011962
Average Dog Distance: 0.7645540780988064
Maximum Dog Distance: 0.8692769187247315
Average Sheep Distance: 0.20028519852102888
Maximum Sheep Distance: 0.2571586530422562
Elapsed Time: 5m 32s
********** 99 **********
Average Fitness: 0.132
Maximum Fitness: 0.3499999999999999
Average Pen Distance: 0.322191710778079
Maximum Pen Distance: 0.5778850072133511
Average Dog Distance: 0.7657445204318989
Maximum Dog Distance: 0.892536988436012
Average Sheep Distance: 0.19741484410745383
Maximum Sheep Distance: 0.25862550176876026
Elapsed Time: 5m 42s
********** 100 **********
Average Fitness: 0.13699999999999998
Maximum Fitness: 0.43333333333333335
Average Pen Distance: 0.3306769220793966
Maximum Pen Distance: 0.5403569906586619
Average Dog Distance: 0.771117848451496
Maximum Dog Distance: 0.9133494142996702
Average Sheep Distance: 0.20112265305540042
Maximum Sheep Distance: 0.28296243127705595
Elapsed Time: 5m 34s
********** 1 **********
Average Fitness: 0.03633333333333333
Maximum Fitness: 0.13333333333333333
Average Pen Distance: 0.5269488147548667
Maximum Pen Distance: 0.8177560038289666
Average Dog Distance: 0.7933020971771617
Maximum Dog Distance: 0.9664692795714952
Average Sheep Distance: 0.26195247723550613
Maximum Sheep Distance: 0.3239903506043443
Elapsed Time: 5m 48s
********** 2 **********
Average Fitness: 0.03799999999999999
Maximum Fitness: 0.13333333333333333
Average Pen Distance: 0.5262626287874612
Maximum Pen Distance: 0.8395078220928922
Average Dog Distance: 0.8082982383681967
Maximum Dog Distance: 0.9396510566751491
Average Sheep Distance: 0.2588875043541808
Maximum Sheep Distance: 0.3271330126623404
Elapsed Time: 5m 46s
********** 3 **********
Average Fitness: 0.0405
Maximum Fitness: 0.13333333333333333
Average Pen Distance: 0.4867201890068104
Maximum Pen Distance: 0.8353584471330597
Average Dog Distance: 0.7990564404071624
Maximum Dog Distance: 0.9492437160918074
Average Sheep Distance: 0.2585321025026825
Maximum Sheep Distance: 0.3069471939243225
Elapsed Time: 5m 45s
********** 4 **********
Average Fitness: 0.041499999999999995
Maximum Fitness: 0.11666666666666668
Average Pen Distance: 0.5029804621299985
Maximum Pen Distance: 0.75366427382147
Average Dog Distance: 0.7853012174455445
Maximum Dog Distance: 0.9608172956434435
Average Sheep Distance: 0.25959834492412714
Maximum Sheep Distance: 0.33581779122937067
Elapsed Time: 5m 48s
********** 5 **********
Average Fitness: 0.03866666666666666
Maximum Fitness: 0.15
Average Pen Distance: 0.49160858432068844
Maximum Pen Distance: 0.7319076617305799
Average Dog Distance: 0.7778765768876004
Maximum Dog Distance: 0.9164801961088592
Average Sheep Distance: 0.25588003410133575
Maximum Sheep Distance: 0.3776170026194068
Elapsed Time: 5m 45s
********** 6 **********
Average Fitness: 0.04216666666666666
Maximum Fitness: 0.16666666666666666
Average Pen Distance: 0.47858988325073165
Maximum Pen Distance: 0.7809004177386223
Average Dog Distance: 0.7729215299807014
Maximum Dog Distance: 0.9246311165595279
Average Sheep Distance: 0.2561267313429818
Maximum Sheep Distance: 0.3056450863881683
Elapsed Time: 5m 44s
********** 7 **********
Average Fitness: 0.037
Maximum Fitness: 0.15
Average Pen Distance: 0.4825039246207484
Maximum Pen Distance: 0.720595060724443
Average Dog Distance: 0.780060291009961
Maximum Dog Distance: 0.9254835215228409
Average Sheep Distance: 0.2550461902940404
Maximum Sheep Distance: 0.32638834169939135
Elapsed Time: 5m 53s
********** 8 **********
Average Fitness: 0.04366666666666665
Maximum Fitness: 0.13333333333333333
Average Pen Distance: 0.4666681183407572
Maximum Pen Distance: 0.7546793884713955
Average Dog Distance: 0.749709874494542
Maximum Dog Distance: 0.9561216065900342
Average Sheep Distance: 0.2558983240050702
Maximum Sheep Distance: 0.34330342573517525
Elapsed Time: 5m 46s
********** 9 **********
Average Fitness: 0.039999999999999994
Maximum Fitness: 0.16666666666666666
Average Pen Distance: 0.4745025217840839
Maximum Pen Distance: 0.7259498622547254
Average Dog Distance: 0.7459979019462558
Maximum Dog Distance: 0.9296199421086845
Average Sheep Distance: 0.2552040814814033
Maximum Sheep Distance: 0.30816125914343423
Elapsed Time: 5m 53s
********** 10 **********
Average Fitness: 0.042166666666666665
Maximum Fitness: 0.19999999999999998
Average Pen Distance: 0.466753464565487
Maximum Pen Distance: 0.7289250471643998
Average Dog Distance: 0.7513985967514087
Maximum Dog Distance: 0.9463607707367746
Average Sheep Distance: 0.2549383587565961
Maximum Sheep Distance: 0.3379402999105327
Elapsed Time: 5m 44s
********** 11 **********
Average Fitness: 0.03966666666666666
Maximum Fitness: 0.16666666666666666
Average Pen Distance: 0.4655812706107785
Maximum Pen Distance: 0.694942809285577
Average Dog Distance: 0.7529937147142385
Maximum Dog Distance: 0.9396872712800558
Average Sheep Distance: 0.2569654895449201
Maximum Sheep Distance: 0.3115282861484456
Elapsed Time: 5m 47s
********** 12 **********
Average Fitness: 0.03916666666666666
Maximum Fitness: 0.16666666666666666
Average Pen Distance: 0.4768887857754776
Maximum Pen Distance: 0.744874989093025
Average Dog Distance: 0.7670420681652316
Maximum Dog Distance: 0.944968277847711
Average Sheep Distance: 0.25720491441413706
Maximum Sheep Distance: 0.34232580084101244
Elapsed Time: 5m 46s
********** 13 **********
Average Fitness: 0.03066666666666666
Maximum Fitness: 0.15
Average Pen Distance: 0.49000320637185135
Maximum Pen Distance: 0.7888054806226327
Average Dog Distance: 0.7667409671753392
Maximum Dog Distance: 0.9340896548022447
Average Sheep Distance: 0.2585698526290404
Maximum Sheep Distance: 0.34170444574954145
Elapsed Time: 5m 48s
********** 14 **********
Average Fitness: 0.038
Maximum Fitness: 0.11666666666666665
Average Pen Distance: 0.4694415131582003
Maximum Pen Distance: 0.7866357008136463
Average Dog Distance: 0.7509419123112836
Maximum Dog Distance: 0.9441510037350827
Average Sheep Distance: 0.25467380265611805
Maximum Sheep Distance: 0.30762970383525673
Elapsed Time: 5m 47s
********** 15 **********
Average Fitness: 0.038
Maximum Fitness: 0.13333333333333333
Average Pen Distance: 0.4613706619475239
Maximum Pen Distance: 0.7774580501531693
Average Dog Distance: 0.7637457062069696
Maximum Dog Distance: 0.9093467055260763
Average Sheep Distance: 0.2546674803944928
Maximum Sheep Distance: 0.3279791453789083
Elapsed Time: 5m 45s
********** 16 **********
Average Fitness: 0.038166666666666654
Maximum Fitness: 0.13333333333333333
Average Pen Distance: 0.47422047380355004
Maximum Pen Distance: 0.7486693772829051
Average Dog Distance: 0.7498483887336819
Maximum Dog Distance: 0.9282221743507763
Average Sheep Distance: 0.25461917222145997
Maximum Sheep Distance: 0.3270833013551734
Elapsed Time: 5m 51s
********** 17 **********
Average Fitness: 0.042
Maximum Fitness: 0.19999999999999998
Average Pen Distance: 0.47255691534637373
Maximum Pen Distance: 0.7853715200613717
Average Dog Distance: 0.7598754044742252
Maximum Dog Distance: 0.9560787795323286
Average Sheep Distance: 0.25450895102089965
Maximum Sheep Distance: 0.3140171748665371
Elapsed Time: 5m 49s
********** 18 **********
Average Fitness: 0.043166666666666666
Maximum Fitness: 0.16666666666666666
Average Pen Distance: 0.466943134922471
Maximum Pen Distance: 0.7871505474470518
Average Dog Distance: 0.7586836859512927
Maximum Dog Distance: 0.932757279944969
Average Sheep Distance: 0.25533129589882064
Maximum Sheep Distance: 0.31362965422031513
Elapsed Time: 5m 46s
********** 19 **********
Average Fitness: 0.04066666666666666
Maximum Fitness: 0.13333333333333333
Average Pen Distance: 0.4760293910287786
Maximum Pen Distance: 0.7270535195641307
Average Dog Distance: 0.7639146643270918
Maximum Dog Distance: 0.9266965646442222
Average Sheep Distance: 0.2576152211282077
Maximum Sheep Distance: 0.31625416840671466
Elapsed Time: 5m 48s
********** 20 **********
Average Fitness: 0.03816666666666667
Maximum Fitness: 0.15
Average Pen Distance: 0.434869554658093
Maximum Pen Distance: 0.7589949625689968
Average Dog Distance: 0.7440502860309813
Maximum Dog Distance: 0.9296102236481362
Average Sheep Distance: 0.25453082371179875
Maximum Sheep Distance: 0.3038561081400418
Elapsed Time: 5m 58s
********** 21 **********
Average Fitness: 0.04549999999999999
Maximum Fitness: 0.18333333333333335
Average Pen Distance: 0.452313909159306
Maximum Pen Distance: 0.6273482753691764
Average Dog Distance: 0.7608399226767822
Maximum Dog Distance: 0.9526646343751036
Average Sheep Distance: 0.25380966303665475
Maximum Sheep Distance: 0.3148143909574221
Elapsed Time: 5m 44s
********** 22 **********
Average Fitness: 0.048999999999999995
Maximum Fitness: 0.18333333333333335
Average Pen Distance: 0.46905742844085396
Maximum Pen Distance: 0.6798175627447
Average Dog Distance: 0.760703399717507
Maximum Dog Distance: 0.9212644281986875
Average Sheep Distance: 0.2537054150497449
Maximum Sheep Distance: 0.3332325157394797
Elapsed Time: 5m 53s
********** 23 **********
Average Fitness: 0.04899999999999999
Maximum Fitness: 0.18333333333333335
Average Pen Distance: 0.48160586981786174
Maximum Pen Distance: 0.7204962291313709
Average Dog Distance: 0.7792332080848816
Maximum Dog Distance: 0.9216508377655418
Average Sheep Distance: 0.2522680133092292
Maximum Sheep Distance: 0.3528069535550428
Elapsed Time: 5m 49s
********** 24 **********
Average Fitness: 0.04833333333333333
Maximum Fitness: 0.20000000000000004
Average Pen Distance: 0.4819781821452401
Maximum Pen Distance: 0.7577616702364015
Average Dog Distance: 0.7614667085759795
Maximum Dog Distance: 0.9391876311406143
Average Sheep Distance: 0.253774928629416
Maximum Sheep Distance: 0.3306462387203615
Elapsed Time: 5m 50s
********** 25 **********
Average Fitness: 0.04999999999999999
Maximum Fitness: 0.18333333333333335
Average Pen Distance: 0.477719892139871
Maximum Pen Distance: 0.8381560257088512
Average Dog Distance: 0.7370599602880321
Maximum Dog Distance: 0.9540039290332599
Average Sheep Distance: 0.24940858666884214
Maximum Sheep Distance: 0.32860927904783094
Elapsed Time: 5m 49s
********** 26 **********
Average Fitness: 0.06283333333333334
Maximum Fitness: 0.20000000000000004
Average Pen Distance: 0.476378718637173
Maximum Pen Distance: 0.900663369848561
Average Dog Distance: 0.7517657887969815
Maximum Dog Distance: 0.9317282029784169
Average Sheep Distance: 0.23948082451911681
Maximum Sheep Distance: 0.33302083690830325
Elapsed Time: 5m 43s
********** 27 **********
Average Fitness: 0.07799999999999999
Maximum Fitness: 0.21666666666666665
Average Pen Distance: 0.4727383271078298
Maximum Pen Distance: 0.8286665333628364
Average Dog Distance: 0.7433205580085884
Maximum Dog Distance: 0.8907418390829968
Average Sheep Distance: 0.2348718684243727
Maximum Sheep Distance: 0.3299064780744253
Elapsed Time: 5m 46s
********** 28 **********
Average Fitness: 0.0765
Maximum Fitness: 0.25
Average Pen Distance: 0.47003967534305474
Maximum Pen Distance: 0.6989708626763739
Average Dog Distance: 0.74420405030147
Maximum Dog Distance: 0.9023767024111261
Average Sheep Distance: 0.22953147822755804
Maximum Sheep Distance: 0.29895079048067286
Elapsed Time: 5m 44s
********** 29 **********
Average Fitness: 0.08433333333333333
Maximum Fitness: 0.2333333333333333
Average Pen Distance: 0.48636275661781203
Maximum Pen Distance: 0.7126970966235348
Average Dog Distance: 0.7285959187764566
Maximum Dog Distance: 0.9518575213844708
Average Sheep Distance: 0.22753353645966043
Maximum Sheep Distance: 0.2981236547062717
Elapsed Time: 5m 45s
********** 30 **********
Average Fitness: 0.08533333333333334
Maximum Fitness: 0.19999999999999998
Average Pen Distance: 0.48249684823944283
Maximum Pen Distance: 0.8123784696211765
Average Dog Distance: 0.7304421474871593
Maximum Dog Distance: 0.8717273077536262
Average Sheep Distance: 0.2256848062429371
Maximum Sheep Distance: 0.29696513954225867
Elapsed Time: 5m 47s
********** 31 **********
Average Fitness: 0.09266666666666669
Maximum Fitness: 0.26666666666666666
Average Pen Distance: 0.46990953601792645
Maximum Pen Distance: 0.6824700019216988
Average Dog Distance: 0.741731876092731
Maximum Dog Distance: 0.9126921500680726
Average Sheep Distance: 0.22354854926544646
Maximum Sheep Distance: 0.29405293681535855
Elapsed Time: 5m 40s
********** 32 **********
Average Fitness: 0.09166666666666667
Maximum Fitness: 0.2833333333333334
Average Pen Distance: 0.4720633079318304
Maximum Pen Distance: 0.7232297371842195
Average Dog Distance: 0.7369190437861647
Maximum Dog Distance: 0.8963013416177471
Average Sheep Distance: 0.22312607237639168
Maximum Sheep Distance: 0.2924496402026517
Elapsed Time: 5m 39s
********** 33 **********
Average Fitness: 0.09966666666666665
Maximum Fitness: 0.26666666666666666
Average Pen Distance: 0.4583976952132083
Maximum Pen Distance: 0.7839032589778308
Average Dog Distance: 0.738327538687502
Maximum Dog Distance: 0.9193996841124248
Average Sheep Distance: 0.21664712602585748
Maximum Sheep Distance: 0.30450234948483373
Elapsed Time: 5m 38s
********** 34 **********
Average Fitness: 0.09383333333333337
Maximum Fitness: 0.25
Average Pen Distance: 0.47913822694953323
Maximum Pen Distance: 0.7742073174267664
Average Dog Distance: 0.7420993774556408
Maximum Dog Distance: 0.8971654710822294
Average Sheep Distance: 0.21000265410641344
Maximum Sheep Distance: 0.29922346755528445
Elapsed Time: 5m 41s
********** 35 **********
Average Fitness: 0.1026666666666667
Maximum Fitness: 0.2333333333333333
Average Pen Distance: 0.46505799404758014
Maximum Pen Distance: 0.7396210620188709
Average Dog Distance: 0.7440196406306923
Maximum Dog Distance: 0.9120195601513511
Average Sheep Distance: 0.21174133065824385
Maximum Sheep Distance: 0.28487091204023735
Elapsed Time: 5m 43s
********** 36 **********
Average Fitness: 0.10950000000000004
Maximum Fitness: 0.2833333333333333
Average Pen Distance: 0.450344257969691
Maximum Pen Distance: 0.6437566420703688
Average Dog Distance: 0.741156165119175
Maximum Dog Distance: 0.9520983779432646
Average Sheep Distance: 0.21066983790686306
Maximum Sheep Distance: 0.3014951821338901
Elapsed Time: 5m 44s
********** 37 **********
Average Fitness: 0.1075
Maximum Fitness: 0.3
Average Pen Distance: 0.4573335782893506
Maximum Pen Distance: 0.6466000399163415
Average Dog Distance: 0.7409284912641578
Maximum Dog Distance: 0.901880707980116
Average Sheep Distance: 0.2106219035949219
Maximum Sheep Distance: 0.3001578737234032
Elapsed Time: 5m 46s
********** 38 **********
Average Fitness: 0.099
Maximum Fitness: 0.25
Average Pen Distance: 0.4752517008040127
Maximum Pen Distance: 0.7302936183674058
Average Dog Distance: 0.7510173362218799
Maximum Dog Distance: 0.893945042187299
Average Sheep Distance: 0.20589670381881273
Maximum Sheep Distance: 0.3218458355487673
Elapsed Time: 5m 44s
********** 39 **********
Average Fitness: 0.11066666666666666
Maximum Fitness: 0.25
Average Pen Distance: 0.47160842668411845
Maximum Pen Distance: 0.6737098749860583
Average Dog Distance: 0.7398871397197305
Maximum Dog Distance: 0.8851032649849797
Average Sheep Distance: 0.19998633896498094
Maximum Sheep Distance: 0.30131392685690256
Elapsed Time: 5m 37s
********** 40 **********
Average Fitness: 0.11333333333333334
Maximum Fitness: 0.2833333333333333
Average Pen Distance: 0.4868064810321819
Maximum Pen Distance: 0.7166394155751995
Average Dog Distance: 0.7388646033061343
Maximum Dog Distance: 0.877195198138395
Average Sheep Distance: 0.1992218842231921
Maximum Sheep Distance: 0.28537790404834174
Elapsed Time: 5m 43s
********** 41 **********
Average Fitness: 0.10933333333333334
Maximum Fitness: 0.25
Average Pen Distance: 0.47066234517541744
Maximum Pen Distance: 0.6897221923404215
Average Dog Distance: 0.7417697031461988
Maximum Dog Distance: 0.8525777869154809
Average Sheep Distance: 0.19830739923583532
Maximum Sheep Distance: 0.2790227153805281
Elapsed Time: 5m 37s
********** 42 **********
Average Fitness: 0.10216666666666666
Maximum Fitness: 0.2833333333333333
Average Pen Distance: 0.4771046960859675
Maximum Pen Distance: 0.7279510594217152
Average Dog Distance: 0.7328102078551162
Maximum Dog Distance: 0.9026930601873503
Average Sheep Distance: 0.19287787304493528
Maximum Sheep Distance: 0.30615994829333854
Elapsed Time: 5m 48s
********** 43 **********
Average Fitness: 0.11933333333333333
Maximum Fitness: 0.3
Average Pen Distance: 0.4859712569057812
Maximum Pen Distance: 0.7129115230827358
Average Dog Distance: 0.7427565449131448
Maximum Dog Distance: 0.903857645185282
Average Sheep Distance: 0.19191183530678932
Maximum Sheep Distance: 0.263782932481967
Elapsed Time: 5m 34s
********** 44 **********
Average Fitness: 0.11933333333333332
Maximum Fitness: 0.26666666666666666
Average Pen Distance: 0.4813114396487044
Maximum Pen Distance: 0.8214487018461152
Average Dog Distance: 0.7302148131054373
Maximum Dog Distance: 0.8572072136966025
Average Sheep Distance: 0.19559535024363686
Maximum Sheep Distance: 0.3170321780803092
Elapsed Time: 5m 43s
********** 45 **********
Average Fitness: 0.12033333333333333
Maximum Fitness: 0.30000000000000004
Average Pen Distance: 0.4723216937221886
Maximum Pen Distance: 0.6543990026972103
Average Dog Distance: 0.7192239637287776
Maximum Dog Distance: 0.8594378286463705
Average Sheep Distance: 0.19634250449870458
Maximum Sheep Distance: 0.3190708181849223
Elapsed Time: 5m 42s
********** 46 **********
Average Fitness: 0.12533333333333332
Maximum Fitness: 0.3
Average Pen Distance: 0.48652586094318045
Maximum Pen Distance: 0.7772876698274622
Average Dog Distance: 0.7174061959332435
Maximum Dog Distance: 0.8428881644619967
Average Sheep Distance: 0.18894693924626627
Maximum Sheep Distance: 0.2819515722955093
Elapsed Time: 5m 32s
********** 47 **********
Average Fitness: 0.12533333333333335
Maximum Fitness: 0.3
Average Pen Distance: 0.4774795509347629
Maximum Pen Distance: 0.6413088681707637
Average Dog Distance: 0.7250599172379415
Maximum Dog Distance: 0.8687798140221549
Average Sheep Distance: 0.18883112426644552
Maximum Sheep Distance: 0.311225660866804
Elapsed Time: 5m 35s
********** 48 **********
Received termination signal 15, exiting
Received termination signal 15, exiting
