********** 1 **********
Average Fitness: 0.03983333333333333
Maximum Fitness: 0.15
Average Pen Distance: 0.5134650965592676
Maximum Pen Distance: 0.8946122748471467
Average Dog Distance: 0.7358883512502926
Maximum Dog Distance: 0.9762781398776205
Average Sheep Distance: 0.3499896548598105
Maximum Sheep Distance: 0.4603141996415839
Elapsed Time: 1m 52s
********** 2 **********
Average Fitness: 0.0455
Maximum Fitness: 0.15
Average Pen Distance: 0.5044705504345518
Maximum Pen Distance: 0.8354844973060805
Average Dog Distance: 0.7339571143571672
Maximum Dog Distance: 0.9399450697131919
Average Sheep Distance: 0.3541853150375664
Maximum Sheep Distance: 0.4783764239837274
Elapsed Time: 1m 33s
********** 3 **********
Average Fitness: 0.048833333333333326
Maximum Fitness: 0.15
Average Pen Distance: 0.43096050354846005
Maximum Pen Distance: 0.8063645836488799
Average Dog Distance: 0.6986611629543324
Maximum Dog Distance: 0.9028379440593675
Average Sheep Distance: 0.3466758684159409
Maximum Sheep Distance: 0.45713032391119796
Elapsed Time: 1m 44s
********** 4 **********
Average Fitness: 0.05566666666666666
Maximum Fitness: 0.16666666666666666
Average Pen Distance: 0.4133813681327112
Maximum Pen Distance: 0.8699558779228616
Average Dog Distance: 0.699784532008183
Maximum Dog Distance: 0.9631099862915301
Average Sheep Distance: 0.3522906499380249
Maximum Sheep Distance: 0.45942121912782197
Elapsed Time: 1m 30s
********** 5 **********
Average Fitness: 0.0555
Maximum Fitness: 0.18333333333333335
Average Pen Distance: 0.41201429728388284
Maximum Pen Distance: 0.8239214590376106
Average Dog Distance: 0.6762954236006952
Maximum Dog Distance: 0.9367840490246296
Average Sheep Distance: 0.3577168656257495
Maximum Sheep Distance: 0.4738998568834014
Elapsed Time: 1m 31s
********** 6 **********
Average Fitness: 0.06466666666666666
Maximum Fitness: 0.2833333333333333
Average Pen Distance: 0.4099774083255898
Maximum Pen Distance: 0.8092401071396491
Average Dog Distance: 0.6882336046506861
Maximum Dog Distance: 0.9224238132621183
Average Sheep Distance: 0.3477127717435481
Maximum Sheep Distance: 0.48289784102245187
Elapsed Time: 1m 44s
********** 7 **********
Average Fitness: 0.06466666666666666
Maximum Fitness: 0.20000000000000004
Average Pen Distance: 0.38869706791625847
Maximum Pen Distance: 0.8582690106444012
Average Dog Distance: 0.6840654588330605
Maximum Dog Distance: 0.9651380623611733
Average Sheep Distance: 0.347161849897396
Maximum Sheep Distance: 0.4766492352726606
Elapsed Time: 1m 30s
********** 8 **********
Average Fitness: 0.055999999999999994
Maximum Fitness: 0.21666666666666667
Average Pen Distance: 0.38792376064098827
Maximum Pen Distance: 0.8061208785325361
Average Dog Distance: 0.6942071004177524
Maximum Dog Distance: 0.926711865445367
Average Sheep Distance: 0.3506709366499575
Maximum Sheep Distance: 0.5029016658524322
Elapsed Time: 1m 36s
********** 9 **********
Average Fitness: 0.06533333333333333
Maximum Fitness: 0.3
Average Pen Distance: 0.391993991534311
Maximum Pen Distance: 0.8196714162656148
Average Dog Distance: 0.6624092173709029
Maximum Dog Distance: 0.9288989414661225
Average Sheep Distance: 0.3450705858008844
Maximum Sheep Distance: 0.4379642982900525
Elapsed Time: 1m 48s
********** 10 **********
Average Fitness: 0.069
Maximum Fitness: 0.26666666666666666
Average Pen Distance: 0.39460819831370436
Maximum Pen Distance: 0.8069759865937787
Average Dog Distance: 0.6829039552083713
Maximum Dog Distance: 0.9313201821325444
Average Sheep Distance: 0.34840287870741177
Maximum Sheep Distance: 0.4483735258741522
Elapsed Time: 1m 42s
********** 11 **********
Average Fitness: 0.08166666666666669
Maximum Fitness: 0.26666666666666666
Average Pen Distance: 0.401088194074877
Maximum Pen Distance: 0.818486200090257
Average Dog Distance: 0.7043632230517939
Maximum Dog Distance: 0.9553260798947006
Average Sheep Distance: 0.3274396320712716
Maximum Sheep Distance: 0.45589768325746455
Elapsed Time: 1m 42s
********** 12 **********
Average Fitness: 0.09383333333333335
Maximum Fitness: 0.3666666666666667
Average Pen Distance: 0.40933844899269917
Maximum Pen Distance: 0.8503052371772369
Average Dog Distance: 0.7220160475106414
Maximum Dog Distance: 0.9376300408483115
Average Sheep Distance: 0.3197414953926684
Maximum Sheep Distance: 0.4320509829216949
Elapsed Time: 1m 29s
********** 13 **********
Average Fitness: 0.10633333333333336
Maximum Fitness: 0.3499999999999999
Average Pen Distance: 0.3931091688476828
Maximum Pen Distance: 0.7070731010649508
Average Dog Distance: 0.7486906259661309
Maximum Dog Distance: 0.9322561010170226
Average Sheep Distance: 0.3128911475559983
Maximum Sheep Distance: 0.43447967483623645
Elapsed Time: 1m 31s
********** 14 **********
Average Fitness: 0.12433333333333334
Maximum Fitness: 0.3333333333333333
Average Pen Distance: 0.37865328003957793
Maximum Pen Distance: 0.6868067440415234
Average Dog Distance: 0.7235893184463988
Maximum Dog Distance: 0.9806726876852657
Average Sheep Distance: 0.3096255966074201
Maximum Sheep Distance: 0.43223826022042827
Elapsed Time: 1m 29s
********** 15 **********
Average Fitness: 0.1585
Maximum Fitness: 0.39999999999999997
Average Pen Distance: 0.394236217312161
Maximum Pen Distance: 0.7176327858154513
Average Dog Distance: 0.7296335773103628
Maximum Dog Distance: 0.8946375862926309
Average Sheep Distance: 0.2961023757908031
Maximum Sheep Distance: 0.4259418699015174
Elapsed Time: 1m 39s
********** 16 **********
Average Fitness: 0.1898333333333333
Maximum Fitness: 0.4166666666666667
Average Pen Distance: 0.3867565917743024
Maximum Pen Distance: 0.6658416107975138
Average Dog Distance: 0.7549187704174558
Maximum Dog Distance: 0.9017936602056098
Average Sheep Distance: 0.291861676261896
Maximum Sheep Distance: 0.43727012191100617
Elapsed Time: 1m 27s
********** 17 **********
Average Fitness: 0.1888333333333333
Maximum Fitness: 0.3833333333333333
Average Pen Distance: 0.4128195920366351
Maximum Pen Distance: 0.7198471741269216
Average Dog Distance: 0.7788132190110698
Maximum Dog Distance: 0.9045694783856494
Average Sheep Distance: 0.27886409123653383
Maximum Sheep Distance: 0.41496092427311826
Elapsed Time: 1m 43s
********** 18 **********
Average Fitness: 0.206
Maximum Fitness: 0.36666666666666664
Average Pen Distance: 0.42193617958147184
Maximum Pen Distance: 0.6440335945609729
Average Dog Distance: 0.7883550796484501
Maximum Dog Distance: 0.910311266262169
Average Sheep Distance: 0.2738555895675358
Maximum Sheep Distance: 0.3767830081546475
Elapsed Time: 1m 25s
********** 19 **********
Average Fitness: 0.1746666666666667
Maximum Fitness: 0.3666666666666667
Average Pen Distance: 0.4212229318421541
Maximum Pen Distance: 0.7120239698045606
Average Dog Distance: 0.7762187111355618
Maximum Dog Distance: 0.923316803233211
Average Sheep Distance: 0.27812062499377815
Maximum Sheep Distance: 0.4001998989368778
Elapsed Time: 1m 31s
********** 20 **********
Average Fitness: 0.20766666666666667
Maximum Fitness: 0.3666666666666667
Average Pen Distance: 0.4098543227062155
Maximum Pen Distance: 0.5719982988153277
Average Dog Distance: 0.7717156300976865
Maximum Dog Distance: 0.9297466716529622
Average Sheep Distance: 0.27672035941893136
Maximum Sheep Distance: 0.42427904082711915
Elapsed Time: 1m 34s
********** 21 **********
Average Fitness: 0.20333333333333328
Maximum Fitness: 0.3833333333333333
Average Pen Distance: 0.43299397847860277
Maximum Pen Distance: 0.5743678989256716
Average Dog Distance: 0.7913645131171448
Maximum Dog Distance: 0.9106267017924452
Average Sheep Distance: 0.2692031607137346
Maximum Sheep Distance: 0.4205695678426948
Elapsed Time: 1m 24s
********** 22 **********
Average Fitness: 0.19533333333333336
Maximum Fitness: 0.4166666666666667
Average Pen Distance: 0.43289235424599903
Maximum Pen Distance: 0.7980148554554761
Average Dog Distance: 0.7926729377488229
Maximum Dog Distance: 0.8968333421898625
Average Sheep Distance: 0.274090922265529
Maximum Sheep Distance: 0.42393291690721124
Elapsed Time: 1m 30s
********** 23 **********
Average Fitness: 0.1921666666666667
Maximum Fitness: 0.3666666666666667
Average Pen Distance: 0.4360520327316242
Maximum Pen Distance: 0.6534294705752748
Average Dog Distance: 0.7850128975345483
Maximum Dog Distance: 0.8932832719884528
Average Sheep Distance: 0.2684340318224943
Maximum Sheep Distance: 0.3981144518636562
Elapsed Time: 1m 38s
********** 24 **********
Average Fitness: 0.20800000000000002
Maximum Fitness: 0.43333333333333335
Average Pen Distance: 0.4237421516779095
Maximum Pen Distance: 0.6353411557954779
Average Dog Distance: 0.7881143862099382
Maximum Dog Distance: 0.9110050289191518
Average Sheep Distance: 0.27317316843544753
Maximum Sheep Distance: 0.38734341635003816
Elapsed Time: 1m 33s
********** 25 **********
Average Fitness: 0.196
Maximum Fitness: 0.3833333333333333
Average Pen Distance: 0.43105148091353007
Maximum Pen Distance: 0.7842690352679657
Average Dog Distance: 0.7876823310519445
Maximum Dog Distance: 0.9165518878916825
Average Sheep Distance: 0.27473651340364447
Maximum Sheep Distance: 0.4196569676890753
Elapsed Time: 1m 31s
********** 26 **********
Average Fitness: 0.20716666666666664
Maximum Fitness: 0.3666666666666667
Average Pen Distance: 0.4561583906250378
Maximum Pen Distance: 0.7386212568723517
Average Dog Distance: 0.7983753306551402
Maximum Dog Distance: 0.9031571294210031
Average Sheep Distance: 0.2697345978398491
Maximum Sheep Distance: 0.4132760778554927
Elapsed Time: 1m 24s
********** 27 **********
Average Fitness: 0.19466666666666665
Maximum Fitness: 0.35000000000000003
Average Pen Distance: 0.46617090260422783
Maximum Pen Distance: 0.6212693675189135
Average Dog Distance: 0.8236291217871419
Maximum Dog Distance: 0.9238432850817765
Average Sheep Distance: 0.2654279664474234
Maximum Sheep Distance: 0.39613128472278786
Elapsed Time: 1m 38s
********** 28 **********
Average Fitness: 0.21166666666666664
Maximum Fitness: 0.4166666666666667
Average Pen Distance: 0.46159755740396063
Maximum Pen Distance: 0.6650939119738865
Average Dog Distance: 0.8239420593822646
Maximum Dog Distance: 0.9131883234850399
Average Sheep Distance: 0.2640585365883312
Maximum Sheep Distance: 0.4430714872859986
Elapsed Time: 1m 23s
********** 29 **********
Average Fitness: 0.20649999999999996
Maximum Fitness: 0.4166666666666667
Average Pen Distance: 0.4711026232403506
Maximum Pen Distance: 0.6596153329498101
Average Dog Distance: 0.8331475469182855
Maximum Dog Distance: 0.9239633352314632
Average Sheep Distance: 0.26349402378188774
Maximum Sheep Distance: 0.37685309706400255
Elapsed Time: 1m 28s
********** 30 **********
Average Fitness: 0.20266666666666666
Maximum Fitness: 0.43333333333333335
Average Pen Distance: 0.4556431544157754
Maximum Pen Distance: 0.6718780383424264
Average Dog Distance: 0.8263471305771248
Maximum Dog Distance: 0.9120343578743281
Average Sheep Distance: 0.26969437171606725
Maximum Sheep Distance: 0.40740827579506717
Elapsed Time: 1m 29s
********** 31 **********
Average Fitness: 0.19833333333333336
Maximum Fitness: 0.3333333333333333
Average Pen Distance: 0.4372128580777248
Maximum Pen Distance: 0.5964697420685152
Average Dog Distance: 0.8203485598818964
Maximum Dog Distance: 0.9007341332785019
Average Sheep Distance: 0.2667769421642523
Maximum Sheep Distance: 0.40519968523527927
Elapsed Time: 1m 39s
********** 32 **********
Average Fitness: 0.21833333333333332
Maximum Fitness: 0.4000000000000001
Average Pen Distance: 0.4503400914336343
Maximum Pen Distance: 0.7172388810887282
Average Dog Distance: 0.8335991091244174
Maximum Dog Distance: 0.9246666566942463
Average Sheep Distance: 0.26586810906456754
Maximum Sheep Distance: 0.40048529075479705
Elapsed Time: 1m 40s
********** 33 **********
Average Fitness: 0.2075
Maximum Fitness: 0.4000000000000001
Average Pen Distance: 0.47260523147580735
Maximum Pen Distance: 0.6549299148945485
Average Dog Distance: 0.8320968301925278
Maximum Dog Distance: 0.9043332170375757
Average Sheep Distance: 0.259769713374318
Maximum Sheep Distance: 0.35622313062543837
Elapsed Time: 1m 25s
********** 34 **********
Average Fitness: 0.2225
Maximum Fitness: 0.3666666666666667
Average Pen Distance: 0.4578157287488295
Maximum Pen Distance: 0.6089536380562853
Average Dog Distance: 0.8362014296962531
Maximum Dog Distance: 0.9234458247424279
Average Sheep Distance: 0.25759652905272845
Maximum Sheep Distance: 0.35182343481718137
Elapsed Time: 1m 34s
********** 35 **********
Average Fitness: 0.20433333333333337
Maximum Fitness: 0.4166666666666667
Average Pen Distance: 0.47056376251044796
Maximum Pen Distance: 0.8313191956213334
Average Dog Distance: 0.8302314269849667
Maximum Dog Distance: 0.9095299208868859
Average Sheep Distance: 0.25433959829043284
Maximum Sheep Distance: 0.38339887217569646
Elapsed Time: 1m 30s
********** 36 **********
Average Fitness: 0.2131666666666667
Maximum Fitness: 0.35000000000000003
Average Pen Distance: 0.46909992681641
Maximum Pen Distance: 0.7385992418452129
Average Dog Distance: 0.8314229802449286
Maximum Dog Distance: 0.917979299852817
Average Sheep Distance: 0.2538882175964748
Maximum Sheep Distance: 0.3722474212759117
Elapsed Time: 1m 37s
********** 37 **********
Average Fitness: 0.22083333333333333
Maximum Fitness: 0.3833333333333333
Average Pen Distance: 0.46683315504053025
Maximum Pen Distance: 0.6406321280388633
Average Dog Distance: 0.8292184536045187
Maximum Dog Distance: 0.9026220778979851
Average Sheep Distance: 0.2526676499315211
Maximum Sheep Distance: 0.35683835765936817
Elapsed Time: 1m 26s
********** 38 **********
Average Fitness: 0.22216666666666665
Maximum Fitness: 0.39999999999999997
Average Pen Distance: 0.4741286836684494
Maximum Pen Distance: 0.7945150691150257
Average Dog Distance: 0.8287708588880898
Maximum Dog Distance: 0.9274465720869539
Average Sheep Distance: 0.2563089785541523
Maximum Sheep Distance: 0.379268718245606
Elapsed Time: 1m 37s
********** 39 **********
Average Fitness: 0.237
Maximum Fitness: 0.39999999999999997
Average Pen Distance: 0.4575493034284801
Maximum Pen Distance: 0.6146403749821484
Average Dog Distance: 0.8227415533104496
Maximum Dog Distance: 0.9045313807797161
Average Sheep Distance: 0.24984916410378827
Maximum Sheep Distance: 0.3866201988903762
Elapsed Time: 1m 37s
********** 40 **********
Average Fitness: 0.2351666666666667
Maximum Fitness: 0.5
Average Pen Distance: 0.4727312297753529
Maximum Pen Distance: 0.6550444767876731
Average Dog Distance: 0.8195451245407769
Maximum Dog Distance: 0.9193614977239832
Average Sheep Distance: 0.2394946811462341
Maximum Sheep Distance: 0.35766575123786964
Elapsed Time: 1m 37s
********** 41 **********
Average Fitness: 0.23450000000000004
Maximum Fitness: 0.43333333333333335
Average Pen Distance: 0.496734244991667
Maximum Pen Distance: 0.7415168209485716
Average Dog Distance: 0.8151290299596348
Maximum Dog Distance: 0.9465985716893459
Average Sheep Distance: 0.24290042521460234
Maximum Sheep Distance: 0.3914236056981137
Elapsed Time: 1m 35s
********** 42 **********
Average Fitness: 0.22883333333333336
Maximum Fitness: 0.4666666666666666
Average Pen Distance: 0.4674971468268491
Maximum Pen Distance: 0.6431542324427414
Average Dog Distance: 0.8194201604914239
Maximum Dog Distance: 0.9023440198981055
Average Sheep Distance: 0.24811385750330145
Maximum Sheep Distance: 0.3649837314820874
Elapsed Time: 1m 28s
********** 43 **********
Average Fitness: 0.24066666666666667
Maximum Fitness: 0.4666666666666666
Average Pen Distance: 0.45394003018640083
Maximum Pen Distance: 0.6558467566730856
Average Dog Distance: 0.817163420645865
Maximum Dog Distance: 0.8841591984596576
Average Sheep Distance: 0.24148146038200585
Maximum Sheep Distance: 0.3631386872018612
Elapsed Time: 1m 24s
********** 44 **********
Average Fitness: 0.22466666666666668
Maximum Fitness: 0.38333333333333336
Average Pen Distance: 0.4618404630157058
Maximum Pen Distance: 0.7509236689675625
Average Dog Distance: 0.8044709182322228
Maximum Dog Distance: 0.901287504553641
Average Sheep Distance: 0.24510839198345277
Maximum Sheep Distance: 0.4147966456821104
Elapsed Time: 1m 46s
********** 45 **********
Average Fitness: 0.2245
Maximum Fitness: 0.48333333333333334
Average Pen Distance: 0.48344038989863314
Maximum Pen Distance: 0.8492220951239111
Average Dog Distance: 0.8063611925532935
Maximum Dog Distance: 0.9277771084510588
Average Sheep Distance: 0.23718781922774268
Maximum Sheep Distance: 0.3998303554544365
Elapsed Time: 1m 43s
********** 46 **********
Average Fitness: 0.23983333333333326
Maximum Fitness: 0.48333333333333334
Average Pen Distance: 0.4882803795558097
Maximum Pen Distance: 0.7467610736621241
Average Dog Distance: 0.8059071454527831
Maximum Dog Distance: 0.9086903596793195
Average Sheep Distance: 0.22584626875700853
Maximum Sheep Distance: 0.3199665686496361
Elapsed Time: 1m 37s
********** 47 **********
Average Fitness: 0.23483333333333337
Maximum Fitness: 0.4166666666666667
Average Pen Distance: 0.4894197120068614
Maximum Pen Distance: 0.6819486801135933
Average Dog Distance: 0.8076920765994824
Maximum Dog Distance: 0.8894198815978432
Average Sheep Distance: 0.23443108569420384
Maximum Sheep Distance: 0.3594561203280377
Elapsed Time: 1m 23s
********** 48 **********
Average Fitness: 0.2378333333333333
Maximum Fitness: 0.45
Average Pen Distance: 0.4957565394624397
Maximum Pen Distance: 0.6594309895870614
Average Dog Distance: 0.8064122216481282
Maximum Dog Distance: 0.888086886754936
Average Sheep Distance: 0.2218280070701437
Maximum Sheep Distance: 0.3456459794337252
Elapsed Time: 1m 33s
********** 49 **********
Average Fitness: 0.2278333333333333
Maximum Fitness: 0.4000000000000001
Average Pen Distance: 0.5079133954499127
Maximum Pen Distance: 0.8720553628423141
Average Dog Distance: 0.7903731090084832
Maximum Dog Distance: 0.9065276796607211
Average Sheep Distance: 0.2256098064500081
Maximum Sheep Distance: 0.4218938336958898
Elapsed Time: 1m 24s
********** 50 **********
Average Fitness: 0.24350000000000002
Maximum Fitness: 0.4833333333333334
Average Pen Distance: 0.5074396085304369
Maximum Pen Distance: 0.6530555687320391
Average Dog Distance: 0.7889425095205707
Maximum Dog Distance: 0.9050496013740178
Average Sheep Distance: 0.2199208878112692
Maximum Sheep Distance: 0.40119441200639255
Elapsed Time: 1m 27s
********** 51 **********
Average Fitness: 0.2315
Maximum Fitness: 0.45
Average Pen Distance: 0.5144476140689818
Maximum Pen Distance: 0.7053960734738253
Average Dog Distance: 0.7983854743577254
Maximum Dog Distance: 0.8963137361206369
Average Sheep Distance: 0.21321515235221025
Maximum Sheep Distance: 0.3574446262879371
Elapsed Time: 1m 24s
********** 52 **********
Average Fitness: 0.226
Maximum Fitness: 0.5
Average Pen Distance: 0.5189889025335382
Maximum Pen Distance: 0.78281603713828
Average Dog Distance: 0.7947450083429861
Maximum Dog Distance: 0.877495997459897
Average Sheep Distance: 0.21014114677994503
Maximum Sheep Distance: 0.3710818036362203
Elapsed Time: 1m 29s
********** 53 **********
Average Fitness: 0.23966666666666664
Maximum Fitness: 0.4333333333333333
Average Pen Distance: 0.5208391169490224
Maximum Pen Distance: 0.6848450242523478
Average Dog Distance: 0.796763942996189
Maximum Dog Distance: 0.8893408594934505
Average Sheep Distance: 0.2156581621800732
Maximum Sheep Distance: 0.34907047016325504
Elapsed Time: 1m 33s
********** 54 **********
Average Fitness: 0.21899999999999997
Maximum Fitness: 0.35000000000000003
Average Pen Distance: 0.521246970039284
Maximum Pen Distance: 0.8528904632800066
Average Dog Distance: 0.8009659931034804
Maximum Dog Distance: 0.9189166340959772
Average Sheep Distance: 0.22034617608738266
Maximum Sheep Distance: 0.41830874365759124
Elapsed Time: 1m 24s
********** 55 **********
Average Fitness: 0.2368333333333333
Maximum Fitness: 0.45
Average Pen Distance: 0.5061327247418471
Maximum Pen Distance: 0.7725536781429102
Average Dog Distance: 0.8043173480261951
Maximum Dog Distance: 0.8938815177320433
Average Sheep Distance: 0.2200058081009252
Maximum Sheep Distance: 0.3873897139542999
Elapsed Time: 1m 27s
********** 56 **********
Average Fitness: 0.23383333333333334
Maximum Fitness: 0.4166666666666667
Average Pen Distance: 0.5075208750067863
Maximum Pen Distance: 0.680568708691346
Average Dog Distance: 0.8050497002539886
Maximum Dog Distance: 0.8816397419366182
Average Sheep Distance: 0.22094025730779765
Maximum Sheep Distance: 0.40397265105986513
Elapsed Time: 1m 44s
********** 57 **********
Average Fitness: 0.23733333333333334
Maximum Fitness: 0.43333333333333335
Average Pen Distance: 0.5120991979362995
Maximum Pen Distance: 0.7557303735000312
Average Dog Distance: 0.8176621185440395
Maximum Dog Distance: 0.8928279248072414
Average Sheep Distance: 0.21981410109841842
Maximum Sheep Distance: 0.3827606292423202
Elapsed Time: 1m 41s
********** 58 **********
Average Fitness: 0.24266666666666667
Maximum Fitness: 0.48333333333333334
Average Pen Distance: 0.534078874090842
Maximum Pen Distance: 0.8188081363678409
Average Dog Distance: 0.8164926172399339
Maximum Dog Distance: 0.8818971966867459
Average Sheep Distance: 0.2081404966578452
Maximum Sheep Distance: 0.34434717440870205
Elapsed Time: 1m 26s
********** 59 **********
Average Fitness: 0.25266666666666665
Maximum Fitness: 0.45
Average Pen Distance: 0.5096404275674085
Maximum Pen Distance: 0.7907691044312268
Average Dog Distance: 0.8128469260030843
Maximum Dog Distance: 0.9023864149056019
Average Sheep Distance: 0.21675772466870133
Maximum Sheep Distance: 0.37228624587310805
Elapsed Time: 1m 36s
********** 60 **********
Average Fitness: 0.24166666666666664
Maximum Fitness: 0.4166666666666667
Average Pen Distance: 0.5286703851707789
Maximum Pen Distance: 0.7887206023855987
Average Dog Distance: 0.8097445647251102
Maximum Dog Distance: 0.901949189889058
Average Sheep Distance: 0.2089915473548443
Maximum Sheep Distance: 0.38105525995363904
Elapsed Time: 1m 38s
********** 61 **********
Average Fitness: 0.24716666666666662
Maximum Fitness: 0.43333333333333335
Average Pen Distance: 0.521957857307311
Maximum Pen Distance: 0.758914337902738
Average Dog Distance: 0.8152691152247646
Maximum Dog Distance: 0.9220526364243756
Average Sheep Distance: 0.21001705814106753
Maximum Sheep Distance: 0.39939481958422984
Elapsed Time: 1m 26s
********** 62 **********
Average Fitness: 0.24866666666666665
Maximum Fitness: 0.43333333333333335
Average Pen Distance: 0.5222619178144953
Maximum Pen Distance: 0.7950640671683401
Average Dog Distance: 0.8119855461707368
Maximum Dog Distance: 0.9300296171635551
Average Sheep Distance: 0.2111277651636705
Maximum Sheep Distance: 0.3723299344050172
Elapsed Time: 1m 31s
********** 63 **********
Average Fitness: 0.259
Maximum Fitness: 0.45
Average Pen Distance: 0.5187758471357036
Maximum Pen Distance: 0.6934324329722727
Average Dog Distance: 0.8151864876582589
Maximum Dog Distance: 0.904193908933704
Average Sheep Distance: 0.2178536691579548
Maximum Sheep Distance: 0.3572231459113803
Elapsed Time: 1m 26s
********** 64 **********
Average Fitness: 0.24033333333333334
Maximum Fitness: 0.4833333333333334
Average Pen Distance: 0.520451463574105
Maximum Pen Distance: 0.7969233984902258
Average Dog Distance: 0.8232823372796606
Maximum Dog Distance: 0.9072883973219213
Average Sheep Distance: 0.21971711447560632
Maximum Sheep Distance: 0.3581250330034594
Elapsed Time: 1m 31s
********** 65 **********
Average Fitness: 0.25116666666666665
Maximum Fitness: 0.4833333333333334
Average Pen Distance: 0.5168970986875766
Maximum Pen Distance: 0.6771478788784705
Average Dog Distance: 0.8216099824606283
Maximum Dog Distance: 0.8965959321413038
Average Sheep Distance: 0.2169054183314408
Maximum Sheep Distance: 0.3677659242107892
Elapsed Time: 1m 32s
********** 66 **********
Average Fitness: 0.255
Maximum Fitness: 0.4833333333333334
Average Pen Distance: 0.5008374554005696
Maximum Pen Distance: 0.6961624678823739
Average Dog Distance: 0.8165902067784003
Maximum Dog Distance: 0.8938918702593345
Average Sheep Distance: 0.21867485119247781
Maximum Sheep Distance: 0.3559622934222603
Elapsed Time: 1m 23s
********** 67 **********
Average Fitness: 0.2473333333333333
Maximum Fitness: 0.45
Average Pen Distance: 0.5135834068879831
Maximum Pen Distance: 0.7595502190321198
Average Dog Distance: 0.8192510071035441
Maximum Dog Distance: 0.904173038232567
Average Sheep Distance: 0.2096964844830779
Maximum Sheep Distance: 0.37352678921102767
Elapsed Time: 1m 36s
********** 68 **********
Average Fitness: 0.2583333333333333
Maximum Fitness: 0.4833333333333334
Average Pen Distance: 0.5240080140490293
Maximum Pen Distance: 0.6812470443872769
Average Dog Distance: 0.8052117200478317
Maximum Dog Distance: 0.8868506529206263
Average Sheep Distance: 0.20383941693762833
Maximum Sheep Distance: 0.35347539751930096
Elapsed Time: 1m 24s
********** 69 **********
Average Fitness: 0.25016666666666665
Maximum Fitness: 0.46666666666666673
Average Pen Distance: 0.5234418616483592
Maximum Pen Distance: 0.7428196551241874
Average Dog Distance: 0.8032553999734603
Maximum Dog Distance: 0.8928127590022349
Average Sheep Distance: 0.2005944500203511
Maximum Sheep Distance: 0.35835393581218944
Elapsed Time: 1m 30s
********** 70 **********
Average Fitness: 0.2625
Maximum Fitness: 0.45
Average Pen Distance: 0.5134888284830373
Maximum Pen Distance: 0.776808794347238
Average Dog Distance: 0.8019233616352256
Maximum Dog Distance: 0.8870207669281065
Average Sheep Distance: 0.1992813721673555
Maximum Sheep Distance: 0.37617867219354856
Elapsed Time: 1m 29s
********** 71 **********
Average Fitness: 0.2613333333333333
Maximum Fitness: 0.43333333333333335
Average Pen Distance: 0.5248693396269748
Maximum Pen Distance: 0.725854044772023
Average Dog Distance: 0.8109813519698212
Maximum Dog Distance: 0.9256090228810464
Average Sheep Distance: 0.1993969476925513
Maximum Sheep Distance: 0.32215576617288705
Elapsed Time: 1m 39s
********** 72 **********
Average Fitness: 0.2638333333333333
Maximum Fitness: 0.5333333333333333
Average Pen Distance: 0.5248248721508473
Maximum Pen Distance: 0.8393740522983261
Average Dog Distance: 0.8028081126920773
Maximum Dog Distance: 0.881343794983454
Average Sheep Distance: 0.20262588145723404
Maximum Sheep Distance: 0.42453978189510644
Elapsed Time: 1m 23s
********** 73 **********
Average Fitness: 0.2535
Maximum Fitness: 0.5499999999999999
Average Pen Distance: 0.5226931266418055
Maximum Pen Distance: 0.7070992258808028
Average Dog Distance: 0.8149766790200073
Maximum Dog Distance: 0.8947627619420812
Average Sheep Distance: 0.20954399676050375
Maximum Sheep Distance: 0.3697298822130228
Elapsed Time: 1m 35s
********** 74 **********
Average Fitness: 0.27149999999999996
Maximum Fitness: 0.45
Average Pen Distance: 0.5206260178139201
Maximum Pen Distance: 0.726906302417519
Average Dog Distance: 0.8065172655412749
Maximum Dog Distance: 0.9460640259865499
Average Sheep Distance: 0.19601147374108419
Maximum Sheep Distance: 0.3635601052933201
Elapsed Time: 1m 27s
********** 75 **********
Average Fitness: 0.26166666666666666
Maximum Fitness: 0.4000000000000001
Average Pen Distance: 0.524478268609068
Maximum Pen Distance: 0.8120110632524216
Average Dog Distance: 0.8186103181912283
Maximum Dog Distance: 0.9326242061890891
Average Sheep Distance: 0.2094121895881794
Maximum Sheep Distance: 0.396349321372883
Elapsed Time: 1m 34s
********** 76 **********
Average Fitness: 0.2776666666666666
Maximum Fitness: 0.4833333333333334
Average Pen Distance: 0.521155455032162
Maximum Pen Distance: 0.7177460823800831
Average Dog Distance: 0.8125794959345585
Maximum Dog Distance: 0.8941817464889388
Average Sheep Distance: 0.2074768819751821
Maximum Sheep Distance: 0.386073621063788
Elapsed Time: 1m 37s
********** 77 **********
Average Fitness: 0.2710000000000001
Maximum Fitness: 0.5
Average Pen Distance: 0.5196509860065907
Maximum Pen Distance: 0.7333324706982566
Average Dog Distance: 0.8087316319054879
Maximum Dog Distance: 0.8901252293133227
Average Sheep Distance: 0.20344240633203647
Maximum Sheep Distance: 0.4264565795840956
Elapsed Time: 1m 36s
********** 78 **********
Average Fitness: 0.2748333333333333
Maximum Fitness: 0.4666666666666666
Average Pen Distance: 0.5243398079556413
Maximum Pen Distance: 0.8107342088416054
Average Dog Distance: 0.804328479201734
Maximum Dog Distance: 0.9084544131343749
Average Sheep Distance: 0.207384388416121
Maximum Sheep Distance: 0.3544422169121506
Elapsed Time: 1m 36s
********** 79 **********
Average Fitness: 0.2665
Maximum Fitness: 0.5
Average Pen Distance: 0.5131869573387179
Maximum Pen Distance: 0.635254849554174
Average Dog Distance: 0.8146706491682011
Maximum Dog Distance: 0.8879573881764484
Average Sheep Distance: 0.20530902918535085
Maximum Sheep Distance: 0.359866763122989
Elapsed Time: 1m 31s
********** 80 **********
Average Fitness: 0.26316666666666666
Maximum Fitness: 0.46666666666666673
Average Pen Distance: 0.5277655437277736
Maximum Pen Distance: 0.853203082628674
Average Dog Distance: 0.8190465253138153
Maximum Dog Distance: 0.9241417412220921
Average Sheep Distance: 0.20974162363437546
Maximum Sheep Distance: 0.3715152994463164
Elapsed Time: 1m 28s
********** 81 **********
Average Fitness: 0.25733333333333336
Maximum Fitness: 0.43333333333333335
Average Pen Distance: 0.5199333665612621
Maximum Pen Distance: 0.8258985924222637
Average Dog Distance: 0.8140783855587945
Maximum Dog Distance: 0.8875507323450079
Average Sheep Distance: 0.21445348596293345
Maximum Sheep Distance: 0.40559861681988624
Elapsed Time: 1m 37s
********** 82 **********
Average Fitness: 0.26383333333333336
Maximum Fitness: 0.48333333333333334
Average Pen Distance: 0.5251345251465037
Maximum Pen Distance: 0.755948331244515
Average Dog Distance: 0.8146112626478609
Maximum Dog Distance: 0.9058704796516134
Average Sheep Distance: 0.20588454688234845
Maximum Sheep Distance: 0.3110555315280002
Elapsed Time: 1m 36s
********** 83 **********
Average Fitness: 0.2631666666666667
Maximum Fitness: 0.5
Average Pen Distance: 0.5180900834690243
Maximum Pen Distance: 0.7284477212704884
Average Dog Distance: 0.816381007151714
Maximum Dog Distance: 0.9495361624427366
Average Sheep Distance: 0.211921682345029
Maximum Sheep Distance: 0.3673424600977091
Elapsed Time: 1m 22s
********** 84 **********
Average Fitness: 0.2548333333333333
Maximum Fitness: 0.45
Average Pen Distance: 0.5305728094375948
Maximum Pen Distance: 0.8500860128965133
Average Dog Distance: 0.8170381462053475
Maximum Dog Distance: 0.8840576585348354
Average Sheep Distance: 0.21606310220913996
Maximum Sheep Distance: 0.39746192319530493
Elapsed Time: 1m 37s
********** 85 **********
Average Fitness: 0.2615
Maximum Fitness: 0.5
Average Pen Distance: 0.511614123113823
Maximum Pen Distance: 0.7033563418129267
Average Dog Distance: 0.8173782904314894
Maximum Dog Distance: 0.8941984754187717
Average Sheep Distance: 0.21820984497260348
Maximum Sheep Distance: 0.40797233427967505
Elapsed Time: 1m 29s
********** 86 **********
Average Fitness: 0.2708333333333333
Maximum Fitness: 0.4833333333333334
Average Pen Distance: 0.5214636162862102
Maximum Pen Distance: 0.7354186493327108
Average Dog Distance: 0.8159210256011482
Maximum Dog Distance: 0.8803732568214858
Average Sheep Distance: 0.20450125838500358
Maximum Sheep Distance: 0.28608228815483183
Elapsed Time: 1m 34s
********** 87 **********
Average Fitness: 0.264
Maximum Fitness: 0.4666666666666666
Average Pen Distance: 0.5084656932969355
Maximum Pen Distance: 0.6546989035175023
Average Dog Distance: 0.8196988846004919
Maximum Dog Distance: 0.968733041297555
Average Sheep Distance: 0.21306503765703957
Maximum Sheep Distance: 0.4123642112785108
Elapsed Time: 1m 35s
********** 88 **********
Average Fitness: 0.257
Maximum Fitness: 0.5
Average Pen Distance: 0.5238971511650812
Maximum Pen Distance: 0.6657480286379475
Average Dog Distance: 0.8177400286793274
Maximum Dog Distance: 0.8947648926186709
Average Sheep Distance: 0.21327318836875248
Maximum Sheep Distance: 0.4450746967329338
Elapsed Time: 1m 23s
********** 89 **********
Average Fitness: 0.2788333333333333
Maximum Fitness: 0.5166666666666667
Average Pen Distance: 0.5359953264312773
Maximum Pen Distance: 0.7100046351317113
Average Dog Distance: 0.8141897213145873
Maximum Dog Distance: 0.9216381083909297
Average Sheep Distance: 0.20844971566548506
Maximum Sheep Distance: 0.3470374634524191
Elapsed Time: 1m 33s
********** 90 **********
Average Fitness: 0.27399999999999997
Maximum Fitness: 0.5333333333333333
Average Pen Distance: 0.5324861508725824
Maximum Pen Distance: 0.6976199118149111
Average Dog Distance: 0.8154797675199739
Maximum Dog Distance: 0.8929441362570628
Average Sheep Distance: 0.20690878730517248
Maximum Sheep Distance: 0.3282169813378803
Elapsed Time: 1m 39s
********** 91 **********
Average Fitness: 0.27849999999999997
Maximum Fitness: 0.4666666666666666
Average Pen Distance: 0.5300002105270883
Maximum Pen Distance: 0.8388259580169749
Average Dog Distance: 0.8180967680267647
Maximum Dog Distance: 0.9073454129624444
Average Sheep Distance: 0.2030411795988704
Maximum Sheep Distance: 0.36973137536831885
Elapsed Time: 1m 39s
********** 92 **********
Average Fitness: 0.27699999999999997
Maximum Fitness: 0.5166666666666667
Average Pen Distance: 0.5192163249097296
Maximum Pen Distance: 0.6663439153782744
Average Dog Distance: 0.8153197110535124
Maximum Dog Distance: 0.8919894327727574
Average Sheep Distance: 0.2040120279129017
Maximum Sheep Distance: 0.34038859168644137
Elapsed Time: 1m 22s
********** 93 **********
Average Fitness: 0.2731666666666667
Maximum Fitness: 0.5166666666666667
Average Pen Distance: 0.535063231782725
Maximum Pen Distance: 0.8541244741517807
Average Dog Distance: 0.8173442131396002
Maximum Dog Distance: 0.8797572829339976
Average Sheep Distance: 0.20174514805252078
Maximum Sheep Distance: 0.34376304508726613
Elapsed Time: 1m 21s
********** 94 **********
Average Fitness: 0.26716666666666666
Maximum Fitness: 0.43333333333333335
Average Pen Distance: 0.5289234246053336
Maximum Pen Distance: 0.8061955111061111
Average Dog Distance: 0.8123138059731394
Maximum Dog Distance: 0.9191954747382826
Average Sheep Distance: 0.19830553576716373
Maximum Sheep Distance: 0.33337897288924184
Elapsed Time: 1m 27s
********** 95 **********
Average Fitness: 0.2776666666666667
Maximum Fitness: 0.5
Average Pen Distance: 0.523315983875013
Maximum Pen Distance: 0.6637782950156461
Average Dog Distance: 0.8141072056315629
Maximum Dog Distance: 0.9031663592967591
Average Sheep Distance: 0.19052725263511203
Maximum Sheep Distance: 0.27199139930869554
Elapsed Time: 1m 33s
********** 96 **********
Average Fitness: 0.2603333333333333
Maximum Fitness: 0.48333333333333334
Average Pen Distance: 0.5309901473091895
Maximum Pen Distance: 0.8600818891770877
Average Dog Distance: 0.8042468889265793
Maximum Dog Distance: 0.9030811586799653
Average Sheep Distance: 0.19984621085622037
Maximum Sheep Distance: 0.39189601737654733
Elapsed Time: 1m 40s
********** 97 **********
Average Fitness: 0.28450000000000003
Maximum Fitness: 0.5
Average Pen Distance: 0.533513872031318
Maximum Pen Distance: 0.7997624918321722
Average Dog Distance: 0.8047179504560151
Maximum Dog Distance: 0.8796721527972354
Average Sheep Distance: 0.1945860243079542
Maximum Sheep Distance: 0.42853452714169554
Elapsed Time: 1m 34s
********** 98 **********
Average Fitness: 0.2781666666666667
Maximum Fitness: 0.5666666666666668
Average Pen Distance: 0.5231296441568233
Maximum Pen Distance: 0.7908295309483133
Average Dog Distance: 0.8104320093371694
Maximum Dog Distance: 0.9138699620816277
Average Sheep Distance: 0.19911995779312147
Maximum Sheep Distance: 0.3618010967740584
Elapsed Time: 1m 32s
********** 99 **********
Average Fitness: 0.293
Maximum Fitness: 0.5166666666666667
Average Pen Distance: 0.5066340575087889
Maximum Pen Distance: 0.6664646989141967
Average Dog Distance: 0.8125739704778652
Maximum Dog Distance: 0.8951112530204409
Average Sheep Distance: 0.19999261244953684
Maximum Sheep Distance: 0.333300689347044
Elapsed Time: 1m 22s
********** 100 **********
Average Fitness: 0.30566666666666664
Maximum Fitness: 0.5333333333333333
Average Pen Distance: 0.49079906977187
Maximum Pen Distance: 0.6667130850150561
Average Dog Distance: 0.8137920208758561
Maximum Dog Distance: 0.8880911672763151
Average Sheep Distance: 0.20082393139280355
Maximum Sheep Distance: 0.34444263290696425
Elapsed Time: 1m 37s
********** 1 **********
Average Fitness: 0.04516666666666667
Maximum Fitness: 0.25
Average Pen Distance: 0.505118755600152
Maximum Pen Distance: 0.7944535305624559
Average Dog Distance: 0.7306724913275202
Maximum Dog Distance: 0.9214019938628027
Average Sheep Distance: 0.35139074545277343
Maximum Sheep Distance: 0.4908444138708791
Elapsed Time: 1m 52s
********** 2 **********
Average Fitness: 0.04066666666666666
Maximum Fitness: 0.3166666666666667
Average Pen Distance: 0.4917117468458696
Maximum Pen Distance: 0.8104797063918084
Average Dog Distance: 0.740555872198147
Maximum Dog Distance: 0.9223540277655617
Average Sheep Distance: 0.34225864181908733
Maximum Sheep Distance: 0.43246977695690547
Elapsed Time: 1m 52s
********** 3 **********
Average Fitness: 0.04049999999999999
Maximum Fitness: 0.21666666666666667
Average Pen Distance: 0.4663946711563354
Maximum Pen Distance: 0.7698114300255282
Average Dog Distance: 0.7302730856013561
Maximum Dog Distance: 0.9146456830874176
Average Sheep Distance: 0.3503353988591945
Maximum Sheep Distance: 0.4284903578148931
Elapsed Time: 1m 39s
********** 4 **********
Average Fitness: 0.04766666666666666
Maximum Fitness: 0.18333333333333335
Average Pen Distance: 0.4651743106413908
Maximum Pen Distance: 0.721784018739271
Average Dog Distance: 0.7075664622773121
Maximum Dog Distance: 0.9405939301669864
Average Sheep Distance: 0.34574191620236056
Maximum Sheep Distance: 0.45522232404488916
Elapsed Time: 1m 48s
********** 5 **********
Average Fitness: 0.05566666666666666
Maximum Fitness: 0.2333333333333333
Average Pen Distance: 0.44707936325680186
Maximum Pen Distance: 0.7298051122057309
Average Dog Distance: 0.7108321324894368
Maximum Dog Distance: 0.9573679070404729
Average Sheep Distance: 0.3475174261723501
Maximum Sheep Distance: 0.44015280461598877
Elapsed Time: 1m 34s
********** 6 **********
Average Fitness: 0.048999999999999995
Maximum Fitness: 0.15
Average Pen Distance: 0.4337437349221951
Maximum Pen Distance: 0.760157261767576
Average Dog Distance: 0.7200574320699874
Maximum Dog Distance: 0.9625780443330051
Average Sheep Distance: 0.3472417798711869
Maximum Sheep Distance: 0.4391508571089225
Elapsed Time: 1m 37s
********** 7 **********
Average Fitness: 0.06049999999999999
Maximum Fitness: 0.21666666666666665
Average Pen Distance: 0.4046166891093263
Maximum Pen Distance: 0.7475000216213467
Average Dog Distance: 0.7267280179588694
Maximum Dog Distance: 0.9437470788601213
Average Sheep Distance: 0.3461372176880543
Maximum Sheep Distance: 0.441233890426136
Elapsed Time: 1m 41s
********** 8 **********
Average Fitness: 0.05133333333333333
Maximum Fitness: 0.26666666666666666
Average Pen Distance: 0.44864113753864154
Maximum Pen Distance: 0.7721513524530641
Average Dog Distance: 0.7218435055918897
Maximum Dog Distance: 0.9413114397136667
Average Sheep Distance: 0.34685165581938504
Maximum Sheep Distance: 0.45043580795786736
Elapsed Time: 1m 37s
********** 9 **********
Average Fitness: 0.05749999999999999
Maximum Fitness: 0.30000000000000004
Average Pen Distance: 0.4308466240665892
Maximum Pen Distance: 0.8400136384042174
Average Dog Distance: 0.7021418371628605
Maximum Dog Distance: 0.9658518449522595
Average Sheep Distance: 0.3536372751878139
Maximum Sheep Distance: 0.4758179501938096
Elapsed Time: 1m 54s
********** 10 **********
Average Fitness: 0.06066666666666667
Maximum Fitness: 0.16666666666666666
Average Pen Distance: 0.4042805711525215
Maximum Pen Distance: 0.8744705689782125
Average Dog Distance: 0.684791380555751
Maximum Dog Distance: 0.9743202213729013
Average Sheep Distance: 0.352392831645467
Maximum Sheep Distance: 0.46020537604158546
Elapsed Time: 1m 48s
********** 11 **********
Average Fitness: 0.056833333333333326
Maximum Fitness: 0.18333333333333335
Average Pen Distance: 0.37940128059516587
Maximum Pen Distance: 0.8535077635961371
Average Dog Distance: 0.6527169647266146
Maximum Dog Distance: 0.9107778657645831
Average Sheep Distance: 0.36117441280980045
Maximum Sheep Distance: 0.4649700569028293
Elapsed Time: 1m 32s
********** 12 **********
Average Fitness: 0.060166666666666674
Maximum Fitness: 0.21666666666666667
Average Pen Distance: 0.358937156924176
Maximum Pen Distance: 0.8343900853674171
Average Dog Distance: 0.6325894881049012
Maximum Dog Distance: 0.947125894540288
Average Sheep Distance: 0.35632605623807484
Maximum Sheep Distance: 0.47217293243186126
Elapsed Time: 1m 51s
********** 13 **********
Average Fitness: 0.059833333333333336
Maximum Fitness: 0.16666666666666666
Average Pen Distance: 0.36100643780510544
Maximum Pen Distance: 0.8529060861609449
Average Dog Distance: 0.6378590343567991
Maximum Dog Distance: 0.9244260252798111
Average Sheep Distance: 0.3611460852092525
Maximum Sheep Distance: 0.4619022092617031
Elapsed Time: 1m 37s
********** 14 **********
Average Fitness: 0.06383333333333333
Maximum Fitness: 0.18333333333333335
Average Pen Distance: 0.3471706253773668
Maximum Pen Distance: 0.9116285465764169
Average Dog Distance: 0.6467510089208506
Maximum Dog Distance: 0.9741745525679048
Average Sheep Distance: 0.35561752239801914
Maximum Sheep Distance: 0.44955429715016443
Elapsed Time: 1m 53s
********** 15 **********
Average Fitness: 0.07949999999999999
Maximum Fitness: 0.26666666666666666
Average Pen Distance: 0.3658473106391872
Maximum Pen Distance: 0.8645847743762465
Average Dog Distance: 0.6621176990203013
Maximum Dog Distance: 0.9449675707697839
Average Sheep Distance: 0.3532322413436491
Maximum Sheep Distance: 0.4723966698808854
Elapsed Time: 1m 52s
********** 16 **********
Average Fitness: 0.07133333333333333
Maximum Fitness: 0.2333333333333333
Average Pen Distance: 0.3493805402914241
Maximum Pen Distance: 0.8261596883341812
Average Dog Distance: 0.6647551536035007
Maximum Dog Distance: 0.9258755927337085
Average Sheep Distance: 0.3506537241614709
Maximum Sheep Distance: 0.45350043642871407
Elapsed Time: 1m 39s
********** 17 **********
Average Fitness: 0.076
Maximum Fitness: 0.25
Average Pen Distance: 0.36755506523451603
Maximum Pen Distance: 0.7911525997426535
Average Dog Distance: 0.6866844286489527
Maximum Dog Distance: 0.9300922600768441
Average Sheep Distance: 0.3486350974628785
Maximum Sheep Distance: 0.44627320615700006
Elapsed Time: 1m 53s
********** 18 **********
Average Fitness: 0.08049999999999999
Maximum Fitness: 0.2833333333333334
Average Pen Distance: 0.36907884625502213
Maximum Pen Distance: 0.8452175874793291
Average Dog Distance: 0.6972031887772318
Maximum Dog Distance: 0.9223355425594693
Average Sheep Distance: 0.34131954727517405
Maximum Sheep Distance: 0.4698844840662438
Elapsed Time: 1m 48s
********** 19 **********
Average Fitness: 0.09266666666666667
Maximum Fitness: 0.3
Average Pen Distance: 0.3879622871652784
Maximum Pen Distance: 0.8517864786300763
Average Dog Distance: 0.7262264773070831
Maximum Dog Distance: 0.9288840761751738
Average Sheep Distance: 0.3320769510310761
Maximum Sheep Distance: 0.4373127481539603
Elapsed Time: 1m 50s
********** 20 **********
Average Fitness: 0.09066666666666666
Maximum Fitness: 0.26666666666666666
Average Pen Distance: 0.38021613303741525
Maximum Pen Distance: 0.7161355409500594
Average Dog Distance: 0.7299948158185932
Maximum Dog Distance: 0.9075157717180585
Average Sheep Distance: 0.33414850450425704
Maximum Sheep Distance: 0.4689229487421114
Elapsed Time: 1m 47s
********** 21 **********
Average Fitness: 0.09383333333333335
Maximum Fitness: 0.25
Average Pen Distance: 0.3574486945191982
Maximum Pen Distance: 0.7249648286216068
Average Dog Distance: 0.720563842637
Maximum Dog Distance: 0.9392288736260225
Average Sheep Distance: 0.33523619941983
Maximum Sheep Distance: 0.43363437901997276
Elapsed Time: 1m 53s
********** 22 **********
Average Fitness: 0.09933333333333333
Maximum Fitness: 0.3
Average Pen Distance: 0.39479322469243433
Maximum Pen Distance: 0.8183787704092881
Average Dog Distance: 0.7481339088428787
Maximum Dog Distance: 0.9283690382476771
Average Sheep Distance: 0.3269927649748752
Maximum Sheep Distance: 0.44441893993374304
Elapsed Time: 1m 31s
********** 23 **********
Average Fitness: 0.10600000000000001
Maximum Fitness: 0.3166666666666667
Average Pen Distance: 0.37961823843082954
Maximum Pen Distance: 0.8492395169506944
Average Dog Distance: 0.7269245208691824
Maximum Dog Distance: 0.9181744524810181
Average Sheep Distance: 0.32507328389808576
Maximum Sheep Distance: 0.43447028619809586
Elapsed Time: 1m 31s
********** 24 **********
Average Fitness: 0.12233333333333335
Maximum Fitness: 0.3333333333333333
Average Pen Distance: 0.3734744724276912
Maximum Pen Distance: 0.7360720446059834
Average Dog Distance: 0.7153656387531799
Maximum Dog Distance: 0.8674292264401449
Average Sheep Distance: 0.32005649729012964
Maximum Sheep Distance: 0.4027027200506324
Elapsed Time: 1m 46s
********** 25 **********
Average Fitness: 0.12416666666666666
Maximum Fitness: 0.3666666666666667
Average Pen Distance: 0.36265688217911185
Maximum Pen Distance: 0.7012369435691473
Average Dog Distance: 0.7032579036506081
Maximum Dog Distance: 0.8835865335783293
Average Sheep Distance: 0.3248931804452391
Maximum Sheep Distance: 0.5045008747240912
Elapsed Time: 1m 50s
********** 26 **********
Average Fitness: 0.1305
Maximum Fitness: 0.3666666666666667
Average Pen Distance: 0.3599900928194691
Maximum Pen Distance: 0.8027270824782033
Average Dog Distance: 0.6787760417719562
Maximum Dog Distance: 0.8861875775957949
Average Sheep Distance: 0.32416548896201325
Maximum Sheep Distance: 0.42837904942626137
Elapsed Time: 1m 34s
********** 27 **********
Average Fitness: 0.12283333333333335
Maximum Fitness: 0.3666666666666667
Average Pen Distance: 0.36785214079829787
Maximum Pen Distance: 0.8174911648550166
Average Dog Distance: 0.6832687819950425
Maximum Dog Distance: 0.8632244976069509
Average Sheep Distance: 0.32527301908404965
Maximum Sheep Distance: 0.4295640669665958
Elapsed Time: 1m 48s
********** 28 **********
Average Fitness: 0.13733333333333334
Maximum Fitness: 0.31666666666666665
Average Pen Distance: 0.3583254735337025
Maximum Pen Distance: 0.8195408747413172
Average Dog Distance: 0.7044577430554542
Maximum Dog Distance: 0.8821581509840656
Average Sheep Distance: 0.31964170130975494
Maximum Sheep Distance: 0.4205994871261762
Elapsed Time: 1m 43s
********** 29 **********
Average Fitness: 0.14866666666666667
Maximum Fitness: 0.3833333333333333
Average Pen Distance: 0.37050044783182245
Maximum Pen Distance: 0.8544130941001186
Average Dog Distance: 0.7162635350274253
Maximum Dog Distance: 0.8536597969396942
Average Sheep Distance: 0.3188231113064781
Maximum Sheep Distance: 0.43081381673949837
Elapsed Time: 1m 28s
********** 30 **********
Average Fitness: 0.13233333333333333
Maximum Fitness: 0.25
Average Pen Distance: 0.3673553118973403
Maximum Pen Distance: 0.6971787824732667
Average Dog Distance: 0.7092057319034484
Maximum Dog Distance: 0.870161331101078
Average Sheep Distance: 0.3177859606189359
Maximum Sheep Distance: 0.4367385683845888
Elapsed Time: 1m 30s
********** 31 **********
Average Fitness: 0.12816666666666668
Maximum Fitness: 0.3
Average Pen Distance: 0.35234258448947614
Maximum Pen Distance: 0.533517237219255
Average Dog Distance: 0.7032438540378165
Maximum Dog Distance: 0.8660707710495338
Average Sheep Distance: 0.3235892003386575
Maximum Sheep Distance: 0.4351942114831553
Elapsed Time: 1m 33s
********** 32 **********
Average Fitness: 0.13599999999999998
Maximum Fitness: 0.3166666666666667
Average Pen Distance: 0.35762420036254366
Maximum Pen Distance: 0.5565532874860019
Average Dog Distance: 0.7111109263011399
Maximum Dog Distance: 0.8733695025960616
Average Sheep Distance: 0.3225876563147658
Maximum Sheep Distance: 0.41074968901268694
Elapsed Time: 1m 38s
********** 33 **********
Average Fitness: 0.14666666666666667
Maximum Fitness: 0.3333333333333333
Average Pen Distance: 0.34041399101188197
Maximum Pen Distance: 0.5265338030135912
Average Dog Distance: 0.7096794082757196
Maximum Dog Distance: 0.9223990824120342
Average Sheep Distance: 0.3268563402125513
Maximum Sheep Distance: 0.4474765882601927
Elapsed Time: 1m 40s
********** 34 **********
Average Fitness: 0.13866666666666666
Maximum Fitness: 0.3333333333333333
Average Pen Distance: 0.33089353008798306
Maximum Pen Distance: 0.5721990258798179
Average Dog Distance: 0.7167637348487811
Maximum Dog Distance: 0.8700108861845104
Average Sheep Distance: 0.32832828305905276
Maximum Sheep Distance: 0.3936478376778823
Elapsed Time: 1m 51s
********** 35 **********
Average Fitness: 0.14133333333333334
Maximum Fitness: 0.3333333333333333
Average Pen Distance: 0.3325764728067743
Maximum Pen Distance: 0.7144743404148882
Average Dog Distance: 0.7195977246331744
Maximum Dog Distance: 0.9127042782519624
Average Sheep Distance: 0.32744474128025075
Maximum Sheep Distance: 0.42203865623376347
Elapsed Time: 1m 33s
********** 36 **********
Average Fitness: 0.1465
Maximum Fitness: 0.35000000000000003
Average Pen Distance: 0.34455048678652117
Maximum Pen Distance: 0.8137588298863259
Average Dog Distance: 0.7132312889142638
Maximum Dog Distance: 0.8958741576325789
Average Sheep Distance: 0.3303097292281329
Maximum Sheep Distance: 0.4325280748200528
Elapsed Time: 1m 39s
********** 37 **********
Average Fitness: 0.1426666666666667
Maximum Fitness: 0.3833333333333333
Average Pen Distance: 0.3231991500555079
Maximum Pen Distance: 0.56264169778404
Average Dog Distance: 0.734712494407771
Maximum Dog Distance: 0.8811170051129801
Average Sheep Distance: 0.32471964343967846
Maximum Sheep Distance: 0.42324143211108783
Elapsed Time: 1m 32s
********** 38 **********
Average Fitness: 0.14300000000000002
Maximum Fitness: 0.3
Average Pen Distance: 0.3541907122946907
Maximum Pen Distance: 0.5905377419447081
Average Dog Distance: 0.7425908605004174
Maximum Dog Distance: 0.8791055920885328
Average Sheep Distance: 0.3182350799941791
Maximum Sheep Distance: 0.3905341384080209
Elapsed Time: 1m 50s
********** 39 **********
Average Fitness: 0.15433333333333335
Maximum Fitness: 0.35000000000000003
Average Pen Distance: 0.3385012034425168
Maximum Pen Distance: 0.7413605037594504
Average Dog Distance: 0.7333071294001641
Maximum Dog Distance: 0.9081830757636039
Average Sheep Distance: 0.31854550880107796
Maximum Sheep Distance: 0.4255993444343253
Elapsed Time: 1m 38s
********** 40 **********
Average Fitness: 0.15516666666666667
Maximum Fitness: 0.31666666666666665
Average Pen Distance: 0.3386067795517275
Maximum Pen Distance: 0.6127606638041955
Average Dog Distance: 0.7412951333576858
Maximum Dog Distance: 0.9114656952772483
Average Sheep Distance: 0.3182602234033772
Maximum Sheep Distance: 0.4393036866391337
Elapsed Time: 1m 26s
********** 41 **********
Average Fitness: 0.16283333333333336
Maximum Fitness: 0.35000000000000003
Average Pen Distance: 0.34802358342219514
Maximum Pen Distance: 0.6145302695550185
Average Dog Distance: 0.7525422035287883
Maximum Dog Distance: 0.9365102534975464
Average Sheep Distance: 0.3189639121248479
Maximum Sheep Distance: 0.42380231539271485
Elapsed Time: 1m 44s
********** 42 **********
Average Fitness: 0.16033333333333336
Maximum Fitness: 0.3833333333333333
Average Pen Distance: 0.3404454690247269
Maximum Pen Distance: 0.5998770531521668
Average Dog Distance: 0.7512682453598853
Maximum Dog Distance: 0.8907132193418931
Average Sheep Distance: 0.31728661592205015
Maximum Sheep Distance: 0.41808767061819446
Elapsed Time: 1m 43s
********** 43 **********
Average Fitness: 0.15933333333333335
Maximum Fitness: 0.38333333333333336
Average Pen Distance: 0.3486850859508439
Maximum Pen Distance: 0.574839694060053
Average Dog Distance: 0.7377486503639503
Maximum Dog Distance: 0.8674803464562051
Average Sheep Distance: 0.31804137867466886
Maximum Sheep Distance: 0.40357235737940594
Elapsed Time: 1m 29s
********** 44 **********
Average Fitness: 0.14666666666666667
Maximum Fitness: 0.3333333333333333
Average Pen Distance: 0.3449597863044802
Maximum Pen Distance: 0.6292185951112462
Average Dog Distance: 0.7269483216174335
Maximum Dog Distance: 0.876962082332914
Average Sheep Distance: 0.315301384462984
Maximum Sheep Distance: 0.42238094303924273
Elapsed Time: 1m 44s
********** 45 **********
Average Fitness: 0.145
Maximum Fitness: 0.3833333333333333
Average Pen Distance: 0.35716045000456764
Maximum Pen Distance: 0.6525679098659555
Average Dog Distance: 0.7403717452036856
Maximum Dog Distance: 0.9294420486050782
Average Sheep Distance: 0.31360631711959736
Maximum Sheep Distance: 0.4193051946491199
Elapsed Time: 1m 41s
********** 46 **********
Average Fitness: 0.14016666666666666
Maximum Fitness: 0.3
Average Pen Distance: 0.3564448725049474
Maximum Pen Distance: 0.7621656041952729
Average Dog Distance: 0.742496553553673
Maximum Dog Distance: 0.9175637558820912
Average Sheep Distance: 0.3270910523900375
Maximum Sheep Distance: 0.4123395534364387
Elapsed Time: 1m 31s
********** 47 **********
Average Fitness: 0.1433333333333333
Maximum Fitness: 0.2833333333333334
Average Pen Distance: 0.33600809963034256
Maximum Pen Distance: 0.7123356740340797
Average Dog Distance: 0.7388915511319273
Maximum Dog Distance: 0.8945246472041192
Average Sheep Distance: 0.3335725902183588
Maximum Sheep Distance: 0.44525913317401605
Elapsed Time: 1m 40s
********** 48 **********
Average Fitness: 0.14616666666666667
Maximum Fitness: 0.2833333333333333
Average Pen Distance: 0.33734444128368324
Maximum Pen Distance: 0.869602961396197
Average Dog Distance: 0.7435546626779806
Maximum Dog Distance: 0.8922074306042216
Average Sheep Distance: 0.3237458995977467
Maximum Sheep Distance: 0.46307980676289756
Elapsed Time: 1m 34s
********** 49 **********
Average Fitness: 0.14400000000000002
Maximum Fitness: 0.3
Average Pen Distance: 0.3191320163906962
Maximum Pen Distance: 0.5928606207681447
Average Dog Distance: 0.7317315193498133
Maximum Dog Distance: 0.8603316301521892
Average Sheep Distance: 0.324964775623332
Maximum Sheep Distance: 0.43354045412464987
Elapsed Time: 1m 45s
********** 50 **********
Average Fitness: 0.14533333333333334
Maximum Fitness: 0.3333333333333333
Average Pen Distance: 0.32769770514396734
Maximum Pen Distance: 0.5640684282561447
Average Dog Distance: 0.7491544267693176
Maximum Dog Distance: 0.8646075995123689
Average Sheep Distance: 0.32748616728668184
Maximum Sheep Distance: 0.40807279154839754
Elapsed Time: 1m 42s
********** 51 **********
Average Fitness: 0.1486666666666667
Maximum Fitness: 0.3333333333333333
Average Pen Distance: 0.3257681342605895
Maximum Pen Distance: 0.5829408228524895
Average Dog Distance: 0.7390530384552298
Maximum Dog Distance: 0.8785605980679084
Average Sheep Distance: 0.32368425399686
Maximum Sheep Distance: 0.4237389813878844
Elapsed Time: 1m 44s
********** 52 **********
Average Fitness: 0.15633333333333332
Maximum Fitness: 0.3333333333333333
Average Pen Distance: 0.3400551227773815
Maximum Pen Distance: 0.6296395643118683
Average Dog Distance: 0.7366753648522484
Maximum Dog Distance: 0.8711289648292464
Average Sheep Distance: 0.31545332078832045
Maximum Sheep Distance: 0.40946704750817453
Elapsed Time: 1m 36s
********** 53 **********
Average Fitness: 0.165
Maximum Fitness: 0.3666666666666667
Average Pen Distance: 0.3288329365711059
Maximum Pen Distance: 0.48345513209371593
Average Dog Distance: 0.7409005311168946
Maximum Dog Distance: 0.863097807779897
Average Sheep Distance: 0.31933841988604944
Maximum Sheep Distance: 0.44700747005639996
Elapsed Time: 1m 39s
********** 54 **********
Average Fitness: 0.16150000000000003
Maximum Fitness: 0.35000000000000003
Average Pen Distance: 0.3426187269136804
Maximum Pen Distance: 0.5492103126980399
Average Dog Distance: 0.7535941365030832
Maximum Dog Distance: 0.8873726958645624
Average Sheep Distance: 0.315482031518832
Maximum Sheep Distance: 0.43146771677928203
Elapsed Time: 1m 27s
********** 55 **********
Average Fitness: 0.15633333333333332
Maximum Fitness: 0.3333333333333333
Average Pen Distance: 0.3366785362685814
Maximum Pen Distance: 0.5466381688780538
Average Dog Distance: 0.7445796326837569
Maximum Dog Distance: 0.8854130187768221
Average Sheep Distance: 0.3185621099709256
Maximum Sheep Distance: 0.4268736282706882
Elapsed Time: 1m 43s
********** 56 **********
Average Fitness: 0.13783333333333336
Maximum Fitness: 0.35000000000000003
Average Pen Distance: 0.3579095038775409
Maximum Pen Distance: 0.5396176909385523
Average Dog Distance: 0.7629420475931542
Maximum Dog Distance: 0.9111212780179504
Average Sheep Distance: 0.32345863448422657
Maximum Sheep Distance: 0.41275044170688857
Elapsed Time: 1m 28s
********** 57 **********
Average Fitness: 0.14833333333333334
Maximum Fitness: 0.2833333333333333
Average Pen Distance: 0.33428457811850054
Maximum Pen Distance: 0.6059679381622015
Average Dog Distance: 0.7737089921654068
Maximum Dog Distance: 0.8992223731084849
Average Sheep Distance: 0.32241472572802726
Maximum Sheep Distance: 0.40866595938623673
Elapsed Time: 1m 39s
********** 58 **********
Average Fitness: 0.1565
Maximum Fitness: 0.35000000000000003
Average Pen Distance: 0.34411507734724134
Maximum Pen Distance: 0.5868187523008132
Average Dog Distance: 0.782796578159622
Maximum Dog Distance: 0.9484884685746874
Average Sheep Distance: 0.3204876509677378
Maximum Sheep Distance: 0.39017685944792896
Elapsed Time: 1m 27s
********** 59 **********
Average Fitness: 0.15783333333333335
Maximum Fitness: 0.3333333333333333
Average Pen Distance: 0.34972493695872586
Maximum Pen Distance: 0.7475486027779453
Average Dog Distance: 0.7901122902245967
Maximum Dog Distance: 0.9358341462360659
Average Sheep Distance: 0.3172212758439928
Maximum Sheep Distance: 0.41509873775761835
Elapsed Time: 1m 38s
********** 60 **********
Average Fitness: 0.17133333333333328
Maximum Fitness: 0.4166666666666667
Average Pen Distance: 0.34778366140739736
Maximum Pen Distance: 0.6322709867363264
Average Dog Distance: 0.7915792799687169
Maximum Dog Distance: 0.9153519129620137
Average Sheep Distance: 0.31579261093102046
Maximum Sheep Distance: 0.4153664082288131
Elapsed Time: 1m 46s
********** 61 **********
Average Fitness: 0.16383333333333336
Maximum Fitness: 0.3333333333333333
Average Pen Distance: 0.3648691050570787
Maximum Pen Distance: 0.7574587910377396
Average Dog Distance: 0.8045550549762591
Maximum Dog Distance: 0.9257078935266461
Average Sheep Distance: 0.3112152156368483
Maximum Sheep Distance: 0.40144951394911593
Elapsed Time: 1m 28s
********** 62 **********
Average Fitness: 0.16699999999999998
Maximum Fitness: 0.3833333333333333
Average Pen Distance: 0.37329002527537825
Maximum Pen Distance: 0.8258156679797996
Average Dog Distance: 0.8103204451873813
Maximum Dog Distance: 0.927447688457225
Average Sheep Distance: 0.31564719510606537
Maximum Sheep Distance: 0.3948745090798746
Elapsed Time: 1m 31s
********** 63 **********
Average Fitness: 0.1726666666666667
Maximum Fitness: 0.35000000000000003
Average Pen Distance: 0.353091358184172
Maximum Pen Distance: 0.6390254784030952
Average Dog Distance: 0.8017723062020704
Maximum Dog Distance: 0.9349039420685337
Average Sheep Distance: 0.31279957107735845
Maximum Sheep Distance: 0.4155708445968116
Elapsed Time: 1m 38s
********** 64 **********
Average Fitness: 0.14733333333333332
Maximum Fitness: 0.3833333333333333
Average Pen Distance: 0.35558636482068395
Maximum Pen Distance: 0.636604159497305
Average Dog Distance: 0.7860922993460366
Maximum Dog Distance: 0.9281923208076354
Average Sheep Distance: 0.3122347935228862
Maximum Sheep Distance: 0.4218872116950263
Elapsed Time: 1m 38s
********** 65 **********
Average Fitness: 0.1685
Maximum Fitness: 0.39999999999999997
Average Pen Distance: 0.34050271729351
Maximum Pen Distance: 0.5654445265550886
Average Dog Distance: 0.7880982293286042
Maximum Dog Distance: 0.9001082986334713
Average Sheep Distance: 0.31618739619764935
Maximum Sheep Distance: 0.46281952151967515
Elapsed Time: 1m 30s
********** 66 **********
Average Fitness: 0.1505
Maximum Fitness: 0.35000000000000003
Average Pen Distance: 0.3542336563023665
Maximum Pen Distance: 0.681901749329231
Average Dog Distance: 0.7859097146301514
Maximum Dog Distance: 0.9367478084461762
Average Sheep Distance: 0.3217554941499769
Maximum Sheep Distance: 0.42174773708765095
Elapsed Time: 1m 28s
********** 67 **********
Average Fitness: 0.156
Maximum Fitness: 0.31666666666666665
Average Pen Distance: 0.3525975367661921
Maximum Pen Distance: 0.7106654511010048
Average Dog Distance: 0.8026355403527959
Maximum Dog Distance: 0.9295454120907372
Average Sheep Distance: 0.3155517472700179
Maximum Sheep Distance: 0.4266308093777897
Elapsed Time: 1m 30s
********** 68 **********
Average Fitness: 0.1623333333333333
Maximum Fitness: 0.3666666666666667
Average Pen Distance: 0.3318284058660123
Maximum Pen Distance: 0.6647860707456769
Average Dog Distance: 0.7975727722591209
Maximum Dog Distance: 0.9061316345327528
Average Sheep Distance: 0.3188137866075206
Maximum Sheep Distance: 0.393823180399953
Elapsed Time: 1m 26s
********** 69 **********
Average Fitness: 0.15066666666666667
Maximum Fitness: 0.3833333333333333
Average Pen Distance: 0.33806737386700547
Maximum Pen Distance: 0.6090273274443647
Average Dog Distance: 0.7792792779863528
Maximum Dog Distance: 0.901216673764596
Average Sheep Distance: 0.31925325778258806
Maximum Sheep Distance: 0.4369347940829041
Elapsed Time: 1m 46s
********** 70 **********
Average Fitness: 0.14433333333333334
Maximum Fitness: 0.3833333333333333
Average Pen Distance: 0.35137459110434577
Maximum Pen Distance: 0.5828505692571845
Average Dog Distance: 0.7966377834158338
Maximum Dog Distance: 0.8969528531741472
Average Sheep Distance: 0.3168752379463439
Maximum Sheep Distance: 0.41465129288070973
Elapsed Time: 1m 34s
********** 71 **********
Average Fitness: 0.15800000000000003
Maximum Fitness: 0.3833333333333333
Average Pen Distance: 0.3530206397943499
Maximum Pen Distance: 0.7947209234656238
Average Dog Distance: 0.8047762971890505
Maximum Dog Distance: 0.9354686037069877
Average Sheep Distance: 0.3169451949464966
Maximum Sheep Distance: 0.4000206300480551
Elapsed Time: 1m 33s
********** 72 **********
Average Fitness: 0.16416666666666668
Maximum Fitness: 0.3333333333333333
Average Pen Distance: 0.3600653659370577
Maximum Pen Distance: 0.5232254782649056
Average Dog Distance: 0.7981263462534796
Maximum Dog Distance: 0.9012077990707095
Average Sheep Distance: 0.3079430600756977
Maximum Sheep Distance: 0.418471781700306
Elapsed Time: 1m 30s
********** 73 **********
Average Fitness: 0.18116666666666664
Maximum Fitness: 0.3833333333333333
Average Pen Distance: 0.36357717358826214
Maximum Pen Distance: 0.6799017585028001
Average Dog Distance: 0.7993630983459927
Maximum Dog Distance: 0.9276827386070866
Average Sheep Distance: 0.3102542908770929
Maximum Sheep Distance: 0.40174894406165923
Elapsed Time: 1m 28s
********** 74 **********
Average Fitness: 0.1708333333333333
Maximum Fitness: 0.43333333333333335
Average Pen Distance: 0.35825741440796066
Maximum Pen Distance: 0.5440205928386439
Average Dog Distance: 0.7991705442932782
Maximum Dog Distance: 0.9005221840538645
Average Sheep Distance: 0.31128168671859635
Maximum Sheep Distance: 0.3794351523291946
Elapsed Time: 1m 30s
********** 75 **********
Average Fitness: 0.16783333333333336
Maximum Fitness: 0.3833333333333333
Average Pen Distance: 0.3664629490626129
Maximum Pen Distance: 0.781856527773706
Average Dog Distance: 0.811017433380172
Maximum Dog Distance: 0.9009571111966713
Average Sheep Distance: 0.3180748196552133
Maximum Sheep Distance: 0.4051086786469793
Elapsed Time: 1m 32s
********** 76 **********
Average Fitness: 0.17299999999999996
Maximum Fitness: 0.3833333333333333
Average Pen Distance: 0.3573117476010879
Maximum Pen Distance: 0.7102524439185935
Average Dog Distance: 0.8048875724785651
Maximum Dog Distance: 0.9106596613107664
Average Sheep Distance: 0.3122868959832419
Maximum Sheep Distance: 0.4191745106997389
Elapsed Time: 1m 44s
********** 77 **********
Average Fitness: 0.16450000000000004
Maximum Fitness: 0.35000000000000003
Average Pen Distance: 0.36966639567643966
Maximum Pen Distance: 0.5507625832662474
Average Dog Distance: 0.8164205302222776
Maximum Dog Distance: 0.9271023494178249
Average Sheep Distance: 0.3061222742459012
Maximum Sheep Distance: 0.3937008319299791
Elapsed Time: 1m 38s
********** 78 **********
Average Fitness: 0.17166666666666663
Maximum Fitness: 0.4833333333333334
Average Pen Distance: 0.36666300201148905
Maximum Pen Distance: 0.8021800260806738
Average Dog Distance: 0.8189788128690363
Maximum Dog Distance: 0.9106332316027976
Average Sheep Distance: 0.3090727309379411
Maximum Sheep Distance: 0.4102192500980304
Elapsed Time: 1m 29s
********** 79 **********
Average Fitness: 0.18366666666666664
Maximum Fitness: 0.4166666666666667
Average Pen Distance: 0.37646102679514515
Maximum Pen Distance: 0.8298791533529558
Average Dog Distance: 0.8190975076565101
Maximum Dog Distance: 0.9421328084590769
Average Sheep Distance: 0.305877508413809
Maximum Sheep Distance: 0.38612280966227397
Elapsed Time: 1m 37s
********** 80 **********
Average Fitness: 0.17633333333333337
Maximum Fitness: 0.35000000000000003
Average Pen Distance: 0.3763899022326271
Maximum Pen Distance: 0.77783842033199
Average Dog Distance: 0.8241190394825548
Maximum Dog Distance: 0.9349204648913751
Average Sheep Distance: 0.3069074445483573
Maximum Sheep Distance: 0.40277000746847486
Elapsed Time: 1m 42s
********** 81 **********
Average Fitness: 0.1765
Maximum Fitness: 0.35000000000000003
Average Pen Distance: 0.3848080617351002
Maximum Pen Distance: 0.5770868322842694
Average Dog Distance: 0.8236479407266173
Maximum Dog Distance: 0.9545173571702866
Average Sheep Distance: 0.29626134913242125
Maximum Sheep Distance: 0.3975510774358346
Elapsed Time: 1m 41s
********** 82 **********
Average Fitness: 0.2048333333333333
Maximum Fitness: 0.45
Average Pen Distance: 0.3684068783538508
Maximum Pen Distance: 0.5544466662287441
Average Dog Distance: 0.8222220069999595
Maximum Dog Distance: 0.9158152243855745
Average Sheep Distance: 0.29899772492065
Maximum Sheep Distance: 0.363577371176135
Elapsed Time: 1m 41s
********** 83 **********
Average Fitness: 0.18733333333333335
Maximum Fitness: 0.4166666666666667
Average Pen Distance: 0.37976945324530414
Maximum Pen Distance: 0.6491350530712401
Average Dog Distance: 0.8276907627678939
Maximum Dog Distance: 0.9320476060582864
Average Sheep Distance: 0.29183318510945705
Maximum Sheep Distance: 0.39699210891281816
Elapsed Time: 1m 36s
********** 84 **********
Average Fitness: 0.18433333333333335
Maximum Fitness: 0.3666666666666667
Average Pen Distance: 0.3691762146706864
Maximum Pen Distance: 0.5736294226105821
Average Dog Distance: 0.821506800339763
Maximum Dog Distance: 0.9173409263784755
Average Sheep Distance: 0.29917949692319556
Maximum Sheep Distance: 0.38426245337189435
Elapsed Time: 1m 35s
********** 85 **********
Average Fitness: 0.18116666666666664
Maximum Fitness: 0.39999999999999997
Average Pen Distance: 0.3801297168975021
Maximum Pen Distance: 0.6881395946234984
Average Dog Distance: 0.8244636305631271
Maximum Dog Distance: 0.9102096633132056
Average Sheep Distance: 0.3011679362567761
Maximum Sheep Distance: 0.39869528404383353
Elapsed Time: 1m 37s
********** 86 **********
Average Fitness: 0.18166666666666662
Maximum Fitness: 0.3666666666666667
Average Pen Distance: 0.3616407304377967
Maximum Pen Distance: 0.5643753016510007
Average Dog Distance: 0.8128233869240102
Maximum Dog Distance: 0.8926891852505913
Average Sheep Distance: 0.2985719745799606
Maximum Sheep Distance: 0.3907049043271858
Elapsed Time: 1m 38s
********** 87 **********
Average Fitness: 0.1785
Maximum Fitness: 0.31666666666666665
Average Pen Distance: 0.36504071232612406
Maximum Pen Distance: 0.6634698579643084
Average Dog Distance: 0.8149103035469883
Maximum Dog Distance: 0.9102258003028655
Average Sheep Distance: 0.2977535150662361
Maximum Sheep Distance: 0.39835728190959924
Elapsed Time: 1m 34s
********** 88 **********
Average Fitness: 0.18350000000000002
Maximum Fitness: 0.35000000000000003
Average Pen Distance: 0.3593370063012689
Maximum Pen Distance: 0.54719112824065
Average Dog Distance: 0.8217966675190013
Maximum Dog Distance: 0.8950232279115813
Average Sheep Distance: 0.2977613709898918
Maximum Sheep Distance: 0.40189617265919303
Elapsed Time: 1m 44s
********** 89 **********
Average Fitness: 0.1826666666666667
Maximum Fitness: 0.3666666666666667
Average Pen Distance: 0.3554102725826548
Maximum Pen Distance: 0.5518956217160192
Average Dog Distance: 0.8167689407361096
Maximum Dog Distance: 0.9312168570504032
Average Sheep Distance: 0.299648113991251
Maximum Sheep Distance: 0.40237729625572105
Elapsed Time: 1m 31s
********** 90 **********
Average Fitness: 0.1698333333333333
Maximum Fitness: 0.3333333333333333
Average Pen Distance: 0.35912295038416
Maximum Pen Distance: 0.6321201642461096
Average Dog Distance: 0.818337994647324
Maximum Dog Distance: 0.9181502371441427
Average Sheep Distance: 0.2943475360163764
Maximum Sheep Distance: 0.40439807963095104
Elapsed Time: 1m 28s
********** 91 **********
Average Fitness: 0.18116666666666667
Maximum Fitness: 0.39999999999999997
Average Pen Distance: 0.3620190519552973
Maximum Pen Distance: 0.6811571968176189
Average Dog Distance: 0.8159977913007707
Maximum Dog Distance: 0.9126767896990896
Average Sheep Distance: 0.2989664375953069
Maximum Sheep Distance: 0.36265196370870295
Elapsed Time: 1m 30s
********** 92 **********
Average Fitness: 0.1768333333333333
Maximum Fitness: 0.3333333333333333
Average Pen Distance: 0.35559015011676864
Maximum Pen Distance: 0.8433748852810025
Average Dog Distance: 0.7962432625994466
Maximum Dog Distance: 0.911085656181704
Average Sheep Distance: 0.3036722371051148
Maximum Sheep Distance: 0.4308937659590748
Elapsed Time: 1m 29s
********** 93 **********
Average Fitness: 0.1725
Maximum Fitness: 0.3666666666666667
Average Pen Distance: 0.36102208350358445
Maximum Pen Distance: 0.5365897474126305
Average Dog Distance: 0.8009386212648163
Maximum Dog Distance: 0.9205253893804041
Average Sheep Distance: 0.30168186108917466
Maximum Sheep Distance: 0.41458476569334435
Elapsed Time: 1m 37s
********** 94 **********
Average Fitness: 0.17183333333333337
Maximum Fitness: 0.35000000000000003
Average Pen Distance: 0.3552013957523739
Maximum Pen Distance: 0.615266857937992
Average Dog Distance: 0.8096166299303039
Maximum Dog Distance: 0.926848258451209
Average Sheep Distance: 0.30490352947845845
Maximum Sheep Distance: 0.38597922126731987
Elapsed Time: 1m 26s
********** 95 **********
Average Fitness: 0.17916666666666667
Maximum Fitness: 0.3333333333333333
Average Pen Distance: 0.3654544942381664
Maximum Pen Distance: 0.7849874219948
Average Dog Distance: 0.8199703115808955
Maximum Dog Distance: 0.9569701723897079
Average Sheep Distance: 0.3012162418722002
Maximum Sheep Distance: 0.38168410876786063
Elapsed Time: 1m 26s
********** 96 **********
Average Fitness: 0.1841666666666667
Maximum Fitness: 0.4166666666666667
Average Pen Distance: 0.3520977447543856
Maximum Pen Distance: 0.5370464107884761
Average Dog Distance: 0.8172341393726277
Maximum Dog Distance: 0.9438895806204554
Average Sheep Distance: 0.3016564732841555
Maximum Sheep Distance: 0.3826285794703785
Elapsed Time: 1m 31s
********** 97 **********
Average Fitness: 0.1771666666666667
Maximum Fitness: 0.3666666666666667
Average Pen Distance: 0.34499101080746664
Maximum Pen Distance: 0.5270392940097869
Average Dog Distance: 0.810189506863331
Maximum Dog Distance: 0.9344765972765816
Average Sheep Distance: 0.3047899659736752
Maximum Sheep Distance: 0.3743190709403062
Elapsed Time: 1m 36s
********** 98 **********
Average Fitness: 0.1808333333333334
Maximum Fitness: 0.3833333333333333
Average Pen Distance: 0.3431727430199901
Maximum Pen Distance: 0.6126947058341677
Average Dog Distance: 0.8124936205294864
Maximum Dog Distance: 0.8992722139097026
Average Sheep Distance: 0.30720150584143535
Maximum Sheep Distance: 0.3994573598769065
Elapsed Time: 1m 46s
********** 99 **********
Average Fitness: 0.18683333333333332
Maximum Fitness: 0.3666666666666667
Average Pen Distance: 0.34457520927109897
Maximum Pen Distance: 0.6954714459494277
Average Dog Distance: 0.8058579971816091
Maximum Dog Distance: 0.9013299092708799
Average Sheep Distance: 0.3054098048527129
Maximum Sheep Distance: 0.38114627730618117
Elapsed Time: 1m 37s
********** 100 **********
Average Fitness: 0.1811666666666667
Maximum Fitness: 0.3333333333333333
Average Pen Distance: 0.36018424829073603
Maximum Pen Distance: 0.5585821371838972
Average Dog Distance: 0.8163230222349341
Maximum Dog Distance: 0.909332035238635
Average Sheep Distance: 0.29833388163532837
Maximum Sheep Distance: 0.3691470041418125
Elapsed Time: 1m 31s
********** 1 **********
Average Fitness: 0.04366666666666666
Maximum Fitness: 0.13333333333333333
Average Pen Distance: 0.48791651541631076
Maximum Pen Distance: 0.8697129655156313
Average Dog Distance: 0.7273859099677616
Maximum Dog Distance: 0.9557549155257071
Average Sheep Distance: 0.34896171235357926
Maximum Sheep Distance: 0.43574451411912674
Elapsed Time: 1m 40s
********** 2 **********
Average Fitness: 0.04449999999999999
Maximum Fitness: 0.13333333333333333
Average Pen Distance: 0.4887528505497399
Maximum Pen Distance: 0.9056244475412898
Average Dog Distance: 0.7194069996783701
Maximum Dog Distance: 0.9242080476690523
Average Sheep Distance: 0.3565165466378993
Maximum Sheep Distance: 0.5178090551520026
Elapsed Time: 1m 32s
********** 3 **********
Average Fitness: 0.04416666666666666
Maximum Fitness: 0.18333333333333335
Average Pen Distance: 0.47198666990020444
Maximum Pen Distance: 0.8355323526899139
Average Dog Distance: 0.7415957682400223
Maximum Dog Distance: 0.9600674467515793
Average Sheep Distance: 0.34983076595074436
Maximum Sheep Distance: 0.46736532718060597
Elapsed Time: 1m 51s
********** 4 **********
Average Fitness: 0.04833333333333334
Maximum Fitness: 0.26666666666666666
Average Pen Distance: 0.4707688441691898
Maximum Pen Distance: 0.8683169640195899
Average Dog Distance: 0.7464514627829204
Maximum Dog Distance: 0.9487356620197099
Average Sheep Distance: 0.3510942345411422
Maximum Sheep Distance: 0.46443732924534736
Elapsed Time: 1m 33s
********** 5 **********
Average Fitness: 0.05116666666666665
Maximum Fitness: 0.15
Average Pen Distance: 0.47427487613392044
Maximum Pen Distance: 0.8025565405896513
Average Dog Distance: 0.7535563827363029
Maximum Dog Distance: 0.9419476781128648
Average Sheep Distance: 0.34780035380451957
Maximum Sheep Distance: 0.4365758529723864
Elapsed Time: 1m 32s
********** 6 **********
Average Fitness: 0.055666666666666656
Maximum Fitness: 0.18333333333333335
Average Pen Distance: 0.4611170647255786
Maximum Pen Distance: 0.7610706849374612
Average Dog Distance: 0.7348069065112378
Maximum Dog Distance: 0.9467755477636915
Average Sheep Distance: 0.3484006657962274
Maximum Sheep Distance: 0.43951377547122994
Elapsed Time: 1m 40s
********** 7 **********
Average Fitness: 0.04216666666666666
Maximum Fitness: 0.11666666666666665
Average Pen Distance: 0.47175014353594724
Maximum Pen Distance: 0.8208712271639375
Average Dog Distance: 0.6987554273314411
Maximum Dog Distance: 0.9494318513134504
Average Sheep Distance: 0.3560996231305876
Maximum Sheep Distance: 0.448975831942873
Elapsed Time: 1m 34s
********** 8 **********
Average Fitness: 0.048499999999999995
Maximum Fitness: 0.21666666666666667
Average Pen Distance: 0.4321373595519971
Maximum Pen Distance: 0.8457745149381308
Average Dog Distance: 0.7087043760513712
Maximum Dog Distance: 0.9308460445259242
Average Sheep Distance: 0.35596178922900423
Maximum Sheep Distance: 0.44421193333792797
Elapsed Time: 1m 39s
********** 9 **********
Average Fitness: 0.054166666666666655
Maximum Fitness: 0.16666666666666666
Average Pen Distance: 0.37623249257421426
Maximum Pen Distance: 0.7855733039281532
Average Dog Distance: 0.6765744308930864
Maximum Dog Distance: 0.9378721931745502
Average Sheep Distance: 0.35816559751379956
Maximum Sheep Distance: 0.4410553642093544
Elapsed Time: 1m 49s
********** 10 **********
Average Fitness: 0.051
Maximum Fitness: 0.16666666666666666
Average Pen Distance: 0.3939875660941145
Maximum Pen Distance: 0.8124888761368713
Average Dog Distance: 0.6656329053169273
Maximum Dog Distance: 0.940582431223843
Average Sheep Distance: 0.3560603694913341
Maximum Sheep Distance: 0.4702853239169222
Elapsed Time: 1m 35s
********** 11 **********
Average Fitness: 0.04850000000000001
Maximum Fitness: 0.18333333333333335
Average Pen Distance: 0.41095852063176097
Maximum Pen Distance: 0.8001908095759745
Average Dog Distance: 0.6788251618441556
Maximum Dog Distance: 0.927716462097325
Average Sheep Distance: 0.34711100922525945
Maximum Sheep Distance: 0.45123290224465196
Elapsed Time: 1m 34s
********** 12 **********
Average Fitness: 0.04683333333333332
Maximum Fitness: 0.18333333333333335
Average Pen Distance: 0.4038512319348855
Maximum Pen Distance: 0.8253663713595981
Average Dog Distance: 0.6734631031676632
Maximum Dog Distance: 0.9155001185534335
Average Sheep Distance: 0.35392666274533857
Maximum Sheep Distance: 0.44751071367863804
Elapsed Time: 1m 32s
********** 13 **********
Average Fitness: 0.051166666666666666
Maximum Fitness: 0.15
Average Pen Distance: 0.4121148648403183
Maximum Pen Distance: 0.8491949348115755
Average Dog Distance: 0.6704077494017028
Maximum Dog Distance: 0.928477206374987
Average Sheep Distance: 0.3623909634009459
Maximum Sheep Distance: 0.4534821383729793
Elapsed Time: 1m 52s
********** 14 **********
Average Fitness: 0.05266666666666666
Maximum Fitness: 0.19999999999999998
Average Pen Distance: 0.3957646097315237
Maximum Pen Distance: 0.8487685160720219
Average Dog Distance: 0.6507123374830632
Maximum Dog Distance: 0.8956659966556115
Average Sheep Distance: 0.3638320225695962
Maximum Sheep Distance: 0.49833040871845763
Elapsed Time: 1m 43s
********** 15 **********
Average Fitness: 0.05416666666666667
Maximum Fitness: 0.3333333333333333
Average Pen Distance: 0.3990448421568391
Maximum Pen Distance: 0.8685605263520774
Average Dog Distance: 0.6414741015465205
Maximum Dog Distance: 0.9264248240718072
Average Sheep Distance: 0.35927980408455484
Maximum Sheep Distance: 0.49286238063348603
Elapsed Time: 1m 36s
********** 16 **********
Average Fitness: 0.056499999999999995
Maximum Fitness: 0.2333333333333333
Average Pen Distance: 0.38811364251670905
Maximum Pen Distance: 0.8921972804260191
Average Dog Distance: 0.6550987275896314
Maximum Dog Distance: 0.943028557869032
Average Sheep Distance: 0.35194680853277904
Maximum Sheep Distance: 0.4576248830120531
Elapsed Time: 1m 34s
********** 17 **********
Average Fitness: 0.07333333333333333
Maximum Fitness: 0.20000000000000004
Average Pen Distance: 0.3888306102285884
Maximum Pen Distance: 0.8191644188100725
Average Dog Distance: 0.6903441192784715
Maximum Dog Distance: 0.914248065615512
Average Sheep Distance: 0.3577526587761972
Maximum Sheep Distance: 0.45531982299611035
Elapsed Time: 1m 40s
********** 18 **********
Average Fitness: 0.07683333333333334
Maximum Fitness: 0.2833333333333334
Average Pen Distance: 0.3685746867579435
Maximum Pen Distance: 0.8563311336446245
Average Dog Distance: 0.6905223411992317
Maximum Dog Distance: 0.9374040560061928
Average Sheep Distance: 0.3458058415385578
Maximum Sheep Distance: 0.4460154319410233
Elapsed Time: 1m 49s
********** 19 **********
Average Fitness: 0.09166666666666667
Maximum Fitness: 0.3666666666666667
Average Pen Distance: 0.3710935059938536
Maximum Pen Distance: 0.8292471350156995
Average Dog Distance: 0.6802750763866886
Maximum Dog Distance: 0.8986219253369908
Average Sheep Distance: 0.34312863568449375
Maximum Sheep Distance: 0.46256923053814064
Elapsed Time: 1m 34s
********** 20 **********
Average Fitness: 0.09683333333333335
Maximum Fitness: 0.2833333333333334
Average Pen Distance: 0.34940163837786864
Maximum Pen Distance: 0.7239916575179235
Average Dog Distance: 0.7029855374176318
Maximum Dog Distance: 0.9218210772351677
Average Sheep Distance: 0.34004926460537377
Maximum Sheep Distance: 0.4493265534394919
Elapsed Time: 1m 39s
********** 21 **********
Average Fitness: 0.10133333333333334
Maximum Fitness: 0.3333333333333333
Average Pen Distance: 0.37014001329892793
Maximum Pen Distance: 0.8442504660168552
Average Dog Distance: 0.6884817212689793
Maximum Dog Distance: 0.9440384221329321
Average Sheep Distance: 0.3418415011409919
Maximum Sheep Distance: 0.46661685068170683
Elapsed Time: 1m 35s
********** 22 **********
Average Fitness: 0.10183333333333333
Maximum Fitness: 0.3333333333333333
Average Pen Distance: 0.3567773816975324
Maximum Pen Distance: 0.8614910658077227
Average Dog Distance: 0.6978876874646359
Maximum Dog Distance: 0.8935354818058419
Average Sheep Distance: 0.3419192099363034
Maximum Sheep Distance: 0.5026744534570798
Elapsed Time: 1m 41s
********** 23 **********
Average Fitness: 0.11983333333333332
Maximum Fitness: 0.31666666666666665
Average Pen Distance: 0.329652655626364
Maximum Pen Distance: 0.8022247449031842
Average Dog Distance: 0.700218185086046
Maximum Dog Distance: 0.9054305450857644
Average Sheep Distance: 0.3357913403699025
Maximum Sheep Distance: 0.45284956273925836
Elapsed Time: 1m 30s
********** 24 **********
Average Fitness: 0.12966666666666668
Maximum Fitness: 0.3333333333333333
Average Pen Distance: 0.3361988392181804
Maximum Pen Distance: 0.8255698664202132
Average Dog Distance: 0.6956571168354354
Maximum Dog Distance: 0.8800401538903984
Average Sheep Distance: 0.339164733774845
Maximum Sheep Distance: 0.46366534984052055
Elapsed Time: 1m 40s
********** 25 **********
Average Fitness: 0.12833333333333333
Maximum Fitness: 0.38333333333333336
Average Pen Distance: 0.3364160201206909
Maximum Pen Distance: 0.8500288420837285
Average Dog Distance: 0.7166393930533529
Maximum Dog Distance: 0.8957874533439584
Average Sheep Distance: 0.3378292218513399
Maximum Sheep Distance: 0.46058535703852627
Elapsed Time: 1m 33s
********** 26 **********
Average Fitness: 0.14666666666666667
Maximum Fitness: 0.4166666666666667
Average Pen Distance: 0.3008145396608109
Maximum Pen Distance: 0.7418602625069606
Average Dog Distance: 0.7167380887726783
Maximum Dog Distance: 0.9065529193908656
Average Sheep Distance: 0.3369897726406918
Maximum Sheep Distance: 0.4451287446104301
Elapsed Time: 1m 38s
********** 27 **********
Average Fitness: 0.12716666666666668
Maximum Fitness: 0.3333333333333333
Average Pen Distance: 0.31672649091413324
Maximum Pen Distance: 0.625049615268311
Average Dog Distance: 0.7389453222824044
Maximum Dog Distance: 0.9208430326789204
Average Sheep Distance: 0.3395627109965787
Maximum Sheep Distance: 0.4575842628706335
Elapsed Time: 1m 29s
********** 28 **********
Average Fitness: 0.14483333333333331
Maximum Fitness: 0.35000000000000003
Average Pen Distance: 0.3052718867364704
Maximum Pen Distance: 0.7053480422086348
Average Dog Distance: 0.723235918557889
Maximum Dog Distance: 0.9164955834036208
Average Sheep Distance: 0.34114117909052416
Maximum Sheep Distance: 0.41634907450327957
Elapsed Time: 1m 28s
********** 29 **********
Average Fitness: 0.152
Maximum Fitness: 0.35000000000000003
Average Pen Distance: 0.29907048463655905
Maximum Pen Distance: 0.5249913031738238
Average Dog Distance: 0.7325235929571469
Maximum Dog Distance: 0.8718831367333411
Average Sheep Distance: 0.33576343521075813
Maximum Sheep Distance: 0.4391798100954267
Elapsed Time: 1m 33s
********** 30 **********
Average Fitness: 0.15733333333333333
Maximum Fitness: 0.3833333333333333
Average Pen Distance: 0.2883789566550149
Maximum Pen Distance: 0.598595411932781
Average Dog Distance: 0.7343599091803767
Maximum Dog Distance: 0.8840846008597151
Average Sheep Distance: 0.3376110124920201
Maximum Sheep Distance: 0.4318624163811198
Elapsed Time: 1m 35s
********** 31 **********
Average Fitness: 0.16416666666666666
Maximum Fitness: 0.3833333333333333
Average Pen Distance: 0.28515724402076037
Maximum Pen Distance: 0.570280102180826
Average Dog Distance: 0.7228671230612406
Maximum Dog Distance: 0.8963900789644298
Average Sheep Distance: 0.3358513376764995
Maximum Sheep Distance: 0.4234989922653059
Elapsed Time: 1m 27s
********** 32 **********
Average Fitness: 0.14883333333333332
Maximum Fitness: 0.3333333333333333
Average Pen Distance: 0.29620226121669424
Maximum Pen Distance: 0.6776649796030668
Average Dog Distance: 0.7120718210997119
Maximum Dog Distance: 0.9118781677617519
Average Sheep Distance: 0.3369670823566661
Maximum Sheep Distance: 0.4447608465045764
Elapsed Time: 1m 38s
********** 33 **********
Average Fitness: 0.14950000000000002
Maximum Fitness: 0.35000000000000003
Average Pen Distance: 0.3021769494613708
Maximum Pen Distance: 0.705083045028765
Average Dog Distance: 0.7240859634748347
Maximum Dog Distance: 0.8889822698608567
Average Sheep Distance: 0.33287942611019844
Maximum Sheep Distance: 0.4102837046697008
Elapsed Time: 1m 28s
********** 34 **********
Average Fitness: 0.16833333333333336
Maximum Fitness: 0.3499999999999999
Average Pen Distance: 0.2978717886868238
Maximum Pen Distance: 0.6207619702779952
Average Dog Distance: 0.7400814881143313
Maximum Dog Distance: 0.838352062819199
Average Sheep Distance: 0.3266158028353262
Maximum Sheep Distance: 0.4044983450600917
Elapsed Time: 1m 27s
********** 35 **********
Average Fitness: 0.15899999999999997
Maximum Fitness: 0.4166666666666667
Average Pen Distance: 0.3051276796055415
Maximum Pen Distance: 0.5596415682532432
Average Dog Distance: 0.7338596816976315
Maximum Dog Distance: 0.8626593649863953
Average Sheep Distance: 0.3334080430221779
Maximum Sheep Distance: 0.4255608018143278
Elapsed Time: 1m 37s
********** 36 **********
Average Fitness: 0.16099999999999998
Maximum Fitness: 0.3333333333333333
Average Pen Distance: 0.3159552924775565
Maximum Pen Distance: 0.8208242040127224
Average Dog Distance: 0.7426856960859007
Maximum Dog Distance: 0.9007364493950076
Average Sheep Distance: 0.33187035055856157
Maximum Sheep Distance: 0.4254730382075564
Elapsed Time: 1m 46s
********** 37 **********
Average Fitness: 0.16699999999999998
Maximum Fitness: 0.3333333333333333
Average Pen Distance: 0.30025038508784624
Maximum Pen Distance: 0.5535139470262691
Average Dog Distance: 0.7394879115257068
Maximum Dog Distance: 0.8921306769728655
Average Sheep Distance: 0.32879063954852483
Maximum Sheep Distance: 0.43112662805677565
Elapsed Time: 1m 34s
********** 38 **********
Average Fitness: 0.16816666666666666
Maximum Fitness: 0.35000000000000003
Average Pen Distance: 0.3066406815940535
Maximum Pen Distance: 0.5260715682279408
Average Dog Distance: 0.7476443641166408
Maximum Dog Distance: 0.8789192973814076
Average Sheep Distance: 0.3287857506743176
Maximum Sheep Distance: 0.39867951141115326
Elapsed Time: 1m 26s
********** 39 **********
Average Fitness: 0.16949999999999998
Maximum Fitness: 0.3333333333333333
Average Pen Distance: 0.3023966116872741
Maximum Pen Distance: 0.6751952433793261
Average Dog Distance: 0.7429298762808199
Maximum Dog Distance: 0.9117733633335229
Average Sheep Distance: 0.32874208059114823
Maximum Sheep Distance: 0.4106876912870531
Elapsed Time: 1m 45s
********** 40 **********
Average Fitness: 0.16949999999999998
Maximum Fitness: 0.4666666666666666
Average Pen Distance: 0.3135935786512444
Maximum Pen Distance: 0.5183341532360685
Average Dog Distance: 0.7499774245528985
Maximum Dog Distance: 0.8979336389926916
Average Sheep Distance: 0.32568482283994227
Maximum Sheep Distance: 0.40989932236438653
Elapsed Time: 1m 31s
********** 41 **********
Average Fitness: 0.16233333333333333
Maximum Fitness: 0.3833333333333333
Average Pen Distance: 0.3195734578399935
Maximum Pen Distance: 0.6854478221947624
Average Dog Distance: 0.7451778580167069
Maximum Dog Distance: 0.8736410104753743
Average Sheep Distance: 0.31946765165108126
Maximum Sheep Distance: 0.4379153716945345
Elapsed Time: 1m 35s
********** 42 **********
Average Fitness: 0.16750000000000004
Maximum Fitness: 0.3333333333333333
Average Pen Distance: 0.3175934453471166
Maximum Pen Distance: 0.7029751665574024
Average Dog Distance: 0.7524702986229923
Maximum Dog Distance: 0.8884753549458736
Average Sheep Distance: 0.32608803365531824
Maximum Sheep Distance: 0.4265212735611046
Elapsed Time: 1m 43s
********** 43 **********
Average Fitness: 0.172
Maximum Fitness: 0.4166666666666667
Average Pen Distance: 0.3285626259849154
Maximum Pen Distance: 0.6338663599283018
Average Dog Distance: 0.7638131670175241
Maximum Dog Distance: 0.8793959560987292
Average Sheep Distance: 0.32136268843939675
Maximum Sheep Distance: 0.38717707792438877
Elapsed Time: 1m 32s
********** 44 **********
Average Fitness: 0.16883333333333336
Maximum Fitness: 0.3166666666666667
Average Pen Distance: 0.3230734583098646
Maximum Pen Distance: 0.5628388299686888
Average Dog Distance: 0.7472967777038683
Maximum Dog Distance: 0.9209275227740426
Average Sheep Distance: 0.3209181689193792
Maximum Sheep Distance: 0.42469401194171885
Elapsed Time: 1m 27s
********** 45 **********
Average Fitness: 0.16583333333333336
Maximum Fitness: 0.3
Average Pen Distance: 0.3144405033876481
Maximum Pen Distance: 0.5157320036417045
Average Dog Distance: 0.7511025851025047
Maximum Dog Distance: 0.9068403492213427
Average Sheep Distance: 0.321048420060346
Maximum Sheep Distance: 0.4246315700766097
Elapsed Time: 1m 36s
********** 46 **********
Average Fitness: 0.1701666666666667
Maximum Fitness: 0.3666666666666667
Average Pen Distance: 0.3205857205096433
Maximum Pen Distance: 0.6993856681184889
Average Dog Distance: 0.758586781070037
Maximum Dog Distance: 0.8711952399736442
Average Sheep Distance: 0.32207202485550396
Maximum Sheep Distance: 0.43042440788262065
Elapsed Time: 1m 41s
********** 47 **********
Average Fitness: 0.155
Maximum Fitness: 0.3166666666666667
Average Pen Distance: 0.3204974301478664
Maximum Pen Distance: 0.5386727398101857
Average Dog Distance: 0.7608004393280631
Maximum Dog Distance: 0.9052248151614455
Average Sheep Distance: 0.31727368340118134
Maximum Sheep Distance: 0.3891704855801225
Elapsed Time: 1m 36s
********** 48 **********
Average Fitness: 0.16083333333333336
Maximum Fitness: 0.3166666666666667
Average Pen Distance: 0.3165156584812975
Maximum Pen Distance: 0.68595333547523
Average Dog Distance: 0.7672916248496433
Maximum Dog Distance: 0.8970662208598345
Average Sheep Distance: 0.32432309169326085
Maximum Sheep Distance: 0.46633718362435195
Elapsed Time: 1m 42s
********** 49 **********
Average Fitness: 0.1628333333333333
Maximum Fitness: 0.39999999999999997
Average Pen Distance: 0.31643248722207423
Maximum Pen Distance: 0.6030517393145337
Average Dog Distance: 0.7629710846178844
Maximum Dog Distance: 0.882087318942555
Average Sheep Distance: 0.32322876517038784
Maximum Sheep Distance: 0.4109753109449576
Elapsed Time: 1m 31s
********** 50 **********
Average Fitness: 0.16716666666666666
Maximum Fitness: 0.3833333333333333
Average Pen Distance: 0.3048396781870414
Maximum Pen Distance: 0.5844763241796164
Average Dog Distance: 0.7438750282883914
Maximum Dog Distance: 0.9034192969778011
Average Sheep Distance: 0.32403855836485407
Maximum Sheep Distance: 0.4170276301091674
Elapsed Time: 1m 39s
********** 51 **********
Average Fitness: 0.16599999999999998
Maximum Fitness: 0.43333333333333335
Average Pen Distance: 0.3182407853679327
Maximum Pen Distance: 0.5859590336010978
Average Dog Distance: 0.7607814362383817
Maximum Dog Distance: 0.8876393144159139
Average Sheep Distance: 0.32676196936515695
Maximum Sheep Distance: 0.5341961363185153
Elapsed Time: 1m 42s
********** 52 **********
Average Fitness: 0.16333333333333333
Maximum Fitness: 0.3666666666666667
Average Pen Distance: 0.3179018677374697
Maximum Pen Distance: 0.7740291139227616
Average Dog Distance: 0.7421043948478275
Maximum Dog Distance: 0.9056842888703596
Average Sheep Distance: 0.3287577747590509
Maximum Sheep Distance: 0.40482084589414474
Elapsed Time: 1m 28s
********** 53 **********
Average Fitness: 0.1625
Maximum Fitness: 0.3333333333333333
Average Pen Distance: 0.29934705062042105
Maximum Pen Distance: 0.6049701301203713
Average Dog Distance: 0.741132546533843
Maximum Dog Distance: 0.9312396407867225
Average Sheep Distance: 0.328640005883996
Maximum Sheep Distance: 0.4434261448662869
Elapsed Time: 1m 32s
********** 54 **********
Average Fitness: 0.16316666666666665
Maximum Fitness: 0.3666666666666667
Average Pen Distance: 0.3163066074586509
Maximum Pen Distance: 0.8811016123576006
Average Dog Distance: 0.7511336799321306
Maximum Dog Distance: 0.8786360283137694
Average Sheep Distance: 0.3222329833014134
Maximum Sheep Distance: 0.4348631071926059
Elapsed Time: 1m 29s
********** 55 **********
Average Fitness: 0.16116666666666668
Maximum Fitness: 0.39999999999999997
Average Pen Distance: 0.32095564806272703
Maximum Pen Distance: 0.6551442340317086
Average Dog Distance: 0.7499821811677799
Maximum Dog Distance: 0.8835782482716885
Average Sheep Distance: 0.3192724668031388
Maximum Sheep Distance: 0.4115388657038838
Elapsed Time: 1m 28s
********** 56 **********
Average Fitness: 0.16866666666666666
Maximum Fitness: 0.3833333333333333
Average Pen Distance: 0.32924110875207613
Maximum Pen Distance: 0.6101722690803153
Average Dog Distance: 0.747102563414845
Maximum Dog Distance: 0.8620098850936992
Average Sheep Distance: 0.3192261057783146
Maximum Sheep Distance: 0.47125374299286077
Elapsed Time: 1m 35s
********** 57 **********
Average Fitness: 0.16633333333333333
Maximum Fitness: 0.31666666666666665
Average Pen Distance: 0.34340107700448597
Maximum Pen Distance: 0.8007651957698897
Average Dog Distance: 0.751447934471515
Maximum Dog Distance: 0.8683559444419702
Average Sheep Distance: 0.3181350485939449
Maximum Sheep Distance: 0.4194439010723528
Elapsed Time: 1m 43s
********** 58 **********
Average Fitness: 0.16599999999999998
Maximum Fitness: 0.31666666666666665
Average Pen Distance: 0.33659381054441456
Maximum Pen Distance: 0.49973758604238894
Average Dog Distance: 0.7466734248179537
Maximum Dog Distance: 0.9175609401070847
Average Sheep Distance: 0.31238978249559407
Maximum Sheep Distance: 0.41275490113436725
Elapsed Time: 1m 45s
********** 59 **********
Average Fitness: 0.16216666666666665
Maximum Fitness: 0.3333333333333333
Average Pen Distance: 0.3588546162081401
Maximum Pen Distance: 0.5837945376362026
Average Dog Distance: 0.766932803856291
Maximum Dog Distance: 0.8821810221067018
Average Sheep Distance: 0.3102222486797334
Maximum Sheep Distance: 0.4036967475717355
Elapsed Time: 1m 34s
********** 60 **********
Average Fitness: 0.1991666666666667
Maximum Fitness: 0.43333333333333335
Average Pen Distance: 0.34117120889315156
Maximum Pen Distance: 0.6971898143251165
Average Dog Distance: 0.7586943874641844
Maximum Dog Distance: 0.8642944361127284
Average Sheep Distance: 0.3166696064118674
Maximum Sheep Distance: 0.4121283905494091
Elapsed Time: 1m 40s
********** 61 **********
Average Fitness: 0.174
Maximum Fitness: 0.3666666666666667
Average Pen Distance: 0.3377200813380798
Maximum Pen Distance: 0.5772814548435382
Average Dog Distance: 0.7511826132591333
Maximum Dog Distance: 0.8617468643705529
Average Sheep Distance: 0.3120256692053648
Maximum Sheep Distance: 0.43654624739742537
Elapsed Time: 1m 39s
********** 62 **********
Average Fitness: 0.17966666666666672
Maximum Fitness: 0.39999999999999997
Average Pen Distance: 0.34545800683975764
Maximum Pen Distance: 0.6386276989099757
Average Dog Distance: 0.7508297131224638
Maximum Dog Distance: 0.8656400044639461
Average Sheep Distance: 0.3093906138925546
Maximum Sheep Distance: 0.4226712288473235
Elapsed Time: 1m 43s
********** 63 **********
Average Fitness: 0.18
Maximum Fitness: 0.3833333333333333
Average Pen Distance: 0.36354058214199136
Maximum Pen Distance: 0.7562993333271965
Average Dog Distance: 0.7629559635997694
Maximum Dog Distance: 0.8822700569084395
Average Sheep Distance: 0.3068073558167501
Maximum Sheep Distance: 0.4268531123117878
Elapsed Time: 1m 27s
********** 64 **********
Average Fitness: 0.16850000000000004
Maximum Fitness: 0.3333333333333333
Average Pen Distance: 0.3615667430847884
Maximum Pen Distance: 0.5427684910507792
Average Dog Distance: 0.7639156294664942
Maximum Dog Distance: 0.8893363064295743
Average Sheep Distance: 0.31346042363998844
Maximum Sheep Distance: 0.40385667833983513
Elapsed Time: 1m 44s
********** 65 **********
Average Fitness: 0.16716666666666669
Maximum Fitness: 0.3166666666666667
Average Pen Distance: 0.32905443790666594
Maximum Pen Distance: 0.48113743045372476
Average Dog Distance: 0.7471908873669078
Maximum Dog Distance: 0.8610251773608356
Average Sheep Distance: 0.31696842528334485
Maximum Sheep Distance: 0.425777863694165
Elapsed Time: 1m 32s
********** 66 **********
Average Fitness: 0.17250000000000004
Maximum Fitness: 0.3666666666666667
Average Pen Distance: 0.3402975966208473
Maximum Pen Distance: 0.7038348080676112
Average Dog Distance: 0.7555619252878684
Maximum Dog Distance: 0.8740879261408537
Average Sheep Distance: 0.3150949823499118
Maximum Sheep Distance: 0.4312326917360158
Elapsed Time: 1m 48s
********** 67 **********
Average Fitness: 0.18166666666666667
Maximum Fitness: 0.39999999999999997
Average Pen Distance: 0.3567399697869081
Maximum Pen Distance: 0.7465939278450421
Average Dog Distance: 0.7783963060581612
Maximum Dog Distance: 0.9325481901015537
Average Sheep Distance: 0.3110925202813618
Maximum Sheep Distance: 0.4290530396249255
Elapsed Time: 1m 43s
********** 68 **********
Average Fitness: 0.17933333333333334
Maximum Fitness: 0.3333333333333333
Average Pen Distance: 0.35284226229804844
Maximum Pen Distance: 0.525112113213031
Average Dog Distance: 0.7730717402021685
Maximum Dog Distance: 0.9161618019565028
Average Sheep Distance: 0.3100183065829684
Maximum Sheep Distance: 0.40347456145331817
Elapsed Time: 1m 31s
********** 69 **********
Average Fitness: 0.1703333333333333
Maximum Fitness: 0.39999999999999997
Average Pen Distance: 0.3718843543542862
Maximum Pen Distance: 0.6281357445448291
Average Dog Distance: 0.7743210983056773
Maximum Dog Distance: 0.8852129720371019
Average Sheep Distance: 0.3069684543988356
Maximum Sheep Distance: 0.3877125754793966
Elapsed Time: 1m 31s
********** 70 **********
Average Fitness: 0.18283333333333335
Maximum Fitness: 0.35000000000000003
Average Pen Distance: 0.37340799646061124
Maximum Pen Distance: 0.5684199576883936
Average Dog Distance: 0.7776308929662663
Maximum Dog Distance: 0.8999089020189643
Average Sheep Distance: 0.302181215590905
Maximum Sheep Distance: 0.42085319578178115
Elapsed Time: 1m 30s
********** 71 **********
Average Fitness: 0.19049999999999997
Maximum Fitness: 0.3833333333333333
Average Pen Distance: 0.36821163042323124
Maximum Pen Distance: 0.7082081162643629
Average Dog Distance: 0.7713427280352592
Maximum Dog Distance: 0.8770189456128898
Average Sheep Distance: 0.3043782407067078
Maximum Sheep Distance: 0.43848036171359905
Elapsed Time: 1m 28s
********** 72 **********
Average Fitness: 0.17166666666666672
Maximum Fitness: 0.3833333333333333
Average Pen Distance: 0.3750234271482959
Maximum Pen Distance: 0.6437835392854998
Average Dog Distance: 0.7896396230006413
Maximum Dog Distance: 0.8908947099863335
Average Sheep Distance: 0.3016081858984694
Maximum Sheep Distance: 0.4187725911086175
Elapsed Time: 1m 28s
********** 73 **********
Average Fitness: 0.1733333333333333
Maximum Fitness: 0.35000000000000003
Average Pen Distance: 0.37950578640304633
Maximum Pen Distance: 0.5565594648273721
Average Dog Distance: 0.7800094550808865
Maximum Dog Distance: 0.901722665025574
Average Sheep Distance: 0.2994823468489064
Maximum Sheep Distance: 0.4168264995002002
Elapsed Time: 1m 28s
********** 74 **********
Average Fitness: 0.19066666666666662
Maximum Fitness: 0.3666666666666667
Average Pen Distance: 0.366771737856741
Maximum Pen Distance: 0.5449481008490326
Average Dog Distance: 0.777824747688361
Maximum Dog Distance: 0.9023904038658793
Average Sheep Distance: 0.29776753106243775
Maximum Sheep Distance: 0.37664207226506435
Elapsed Time: 1m 47s
********** 75 **********
Average Fitness: 0.17566666666666664
Maximum Fitness: 0.3333333333333333
Average Pen Distance: 0.34238737867557695
Maximum Pen Distance: 0.5124774313806512
Average Dog Distance: 0.7688272731210961
Maximum Dog Distance: 0.8602005356802856
Average Sheep Distance: 0.30862124772327104
Maximum Sheep Distance: 0.40063121400273394
Elapsed Time: 1m 34s
********** 76 **********
Average Fitness: 0.17700000000000002
Maximum Fitness: 0.3333333333333333
Average Pen Distance: 0.33825414423709643
Maximum Pen Distance: 0.5561515865346446
Average Dog Distance: 0.7636188346534157
Maximum Dog Distance: 0.8764006821847622
Average Sheep Distance: 0.3080097971604511
Maximum Sheep Distance: 0.40353949083461593
Elapsed Time: 1m 44s
********** 77 **********
Average Fitness: 0.1788333333333333
Maximum Fitness: 0.3499999999999999
Average Pen Distance: 0.33336522877890723
Maximum Pen Distance: 0.6940665618982278
Average Dog Distance: 0.7540915858253213
Maximum Dog Distance: 0.8771464899321985
Average Sheep Distance: 0.3070404078376493
Maximum Sheep Distance: 0.41995582177691576
Elapsed Time: 1m 26s
********** 78 **********
Average Fitness: 0.185
Maximum Fitness: 0.3833333333333333
Average Pen Distance: 0.33531366756496633
Maximum Pen Distance: 0.5423141317365513
Average Dog Distance: 0.7687586403737642
Maximum Dog Distance: 0.8730306457596796
Average Sheep Distance: 0.31106593667642934
Maximum Sheep Distance: 0.4536604347096184
Elapsed Time: 1m 30s
********** 79 **********
Average Fitness: 0.17316666666666664
Maximum Fitness: 0.43333333333333335
Average Pen Distance: 0.3555546958682988
Maximum Pen Distance: 0.6813838399545541
Average Dog Distance: 0.7626110235764837
Maximum Dog Distance: 0.8736238782683344
Average Sheep Distance: 0.30150823505891855
Maximum Sheep Distance: 0.36659150235488674
Elapsed Time: 1m 34s
********** 80 **********
Average Fitness: 0.17533333333333334
Maximum Fitness: 0.3666666666666667
Average Pen Distance: 0.34219820009567903
Maximum Pen Distance: 0.5583023772346706
Average Dog Distance: 0.7497838260866498
Maximum Dog Distance: 0.8630539685501217
Average Sheep Distance: 0.30880889983365
Maximum Sheep Distance: 0.39716915919373924
Elapsed Time: 1m 34s
********** 81 **********
Average Fitness: 0.1895
Maximum Fitness: 0.3666666666666667
Average Pen Distance: 0.33956309606186985
Maximum Pen Distance: 0.4957344497605094
Average Dog Distance: 0.754545282921353
Maximum Dog Distance: 0.8556986767142273
Average Sheep Distance: 0.3076507585841678
Maximum Sheep Distance: 0.40338308925550753
Elapsed Time: 1m 34s
********** 82 **********
Average Fitness: 0.18133333333333337
Maximum Fitness: 0.4166666666666667
Average Pen Distance: 0.3357272904875414
Maximum Pen Distance: 0.5985510976785481
Average Dog Distance: 0.7467868280544563
Maximum Dog Distance: 0.8850651977562866
Average Sheep Distance: 0.3081747291455897
Maximum Sheep Distance: 0.4160588375963164
Elapsed Time: 1m 34s
********** 83 **********
Average Fitness: 0.19399999999999998
Maximum Fitness: 0.3833333333333333
Average Pen Distance: 0.35118860352844217
Maximum Pen Distance: 0.5439921031676733
Average Dog Distance: 0.7649284428048319
Maximum Dog Distance: 0.84989598508668
Average Sheep Distance: 0.301330254549466
Maximum Sheep Distance: 0.4127945415905833
Elapsed Time: 1m 41s
********** 84 **********
Average Fitness: 0.17833333333333334
Maximum Fitness: 0.3499999999999999
Average Pen Distance: 0.3561486617534898
Maximum Pen Distance: 0.5739756420961669
Average Dog Distance: 0.764919694531838
Maximum Dog Distance: 0.884974915335326
Average Sheep Distance: 0.300233362675203
Maximum Sheep Distance: 0.42965092998213344
Elapsed Time: 1m 36s
********** 85 **********
Average Fitness: 0.17133333333333334
Maximum Fitness: 0.3666666666666667
Average Pen Distance: 0.35647637690201217
Maximum Pen Distance: 0.5280223049199447
Average Dog Distance: 0.7623331738991327
Maximum Dog Distance: 0.8645759299168341
Average Sheep Distance: 0.302167339778938
Maximum Sheep Distance: 0.37592154289066554
Elapsed Time: 1m 46s
********** 86 **********
Average Fitness: 0.18016666666666667
Maximum Fitness: 0.3333333333333333
Average Pen Distance: 0.34194588813222077
Maximum Pen Distance: 0.4923257812223973
Average Dog Distance: 0.7487759378941545
Maximum Dog Distance: 0.9114355311503054
Average Sheep Distance: 0.3082036935760646
Maximum Sheep Distance: 0.4141918455841953
Elapsed Time: 1m 29s
********** 87 **********
Average Fitness: 0.1825
Maximum Fitness: 0.3666666666666667
Average Pen Distance: 0.3516767758034597
Maximum Pen Distance: 0.5118751534221925
Average Dog Distance: 0.7568332117185679
Maximum Dog Distance: 0.8627688978313833
Average Sheep Distance: 0.30854895066436605
Maximum Sheep Distance: 0.4141355085290431
Elapsed Time: 1m 26s
********** 88 **********
Average Fitness: 0.17850000000000002
Maximum Fitness: 0.38333333333333336
Average Pen Distance: 0.3742936563423598
Maximum Pen Distance: 0.6351002224488468
Average Dog Distance: 0.766002227795378
Maximum Dog Distance: 0.8987094167146602
Average Sheep Distance: 0.2984773168617695
Maximum Sheep Distance: 0.390058760925249
Elapsed Time: 1m 46s
********** 89 **********
Average Fitness: 0.19033333333333333
Maximum Fitness: 0.45
Average Pen Distance: 0.3537864726940046
Maximum Pen Distance: 0.5490878639494757
Average Dog Distance: 0.7585619443271909
Maximum Dog Distance: 0.8804043134130973
Average Sheep Distance: 0.30469212921241406
Maximum Sheep Distance: 0.3745844664076013
Elapsed Time: 1m 36s
********** 90 **********
Average Fitness: 0.17533333333333329
Maximum Fitness: 0.4166666666666667
Average Pen Distance: 0.3451537104605575
Maximum Pen Distance: 0.7270855214661512
Average Dog Distance: 0.7563807183405544
Maximum Dog Distance: 0.8812007669504841
Average Sheep Distance: 0.3091139131067608
Maximum Sheep Distance: 0.4213372531052449
Elapsed Time: 1m 29s
********** 91 **********
Average Fitness: 0.17950000000000002
Maximum Fitness: 0.39999999999999997
Average Pen Distance: 0.3455840088316996
Maximum Pen Distance: 0.49475475033875016
Average Dog Distance: 0.7530479039019233
Maximum Dog Distance: 0.8850681486365817
Average Sheep Distance: 0.30692272060447306
Maximum Sheep Distance: 0.43171416448552735
Elapsed Time: 1m 28s
********** 92 **********
Average Fitness: 0.1841666666666667
Maximum Fitness: 0.43333333333333335
Average Pen Distance: 0.328703529199897
Maximum Pen Distance: 0.5637859816882732
Average Dog Distance: 0.7362779097594188
Maximum Dog Distance: 0.8815911797001319
Average Sheep Distance: 0.31405483574931053
Maximum Sheep Distance: 0.44545580776221644
Elapsed Time: 1m 39s
********** 93 **********
Average Fitness: 0.17350000000000002
Maximum Fitness: 0.35000000000000003
Average Pen Distance: 0.34032190976829724
Maximum Pen Distance: 0.5175719590826354
Average Dog Distance: 0.7452250675850927
Maximum Dog Distance: 0.873504327392063
Average Sheep Distance: 0.3077304924012342
Maximum Sheep Distance: 0.40723372371530625
Elapsed Time: 1m 30s
********** 94 **********
Average Fitness: 0.17616666666666664
Maximum Fitness: 0.4166666666666667
Average Pen Distance: 0.34930409113486427
Maximum Pen Distance: 0.6743809038058549
Average Dog Distance: 0.7536843885879749
Maximum Dog Distance: 0.8635286287911498
Average Sheep Distance: 0.3019509273076421
Maximum Sheep Distance: 0.39894763844626085
Elapsed Time: 1m 40s
********** 95 **********
Average Fitness: 0.1865
Maximum Fitness: 0.3833333333333333
Average Pen Distance: 0.33634762033762
Maximum Pen Distance: 0.5270774770660814
Average Dog Distance: 0.759350402151686
Maximum Dog Distance: 0.866964382989336
Average Sheep Distance: 0.3124008941976545
Maximum Sheep Distance: 0.40230135869237044
Elapsed Time: 1m 28s
********** 96 **********
Average Fitness: 0.1691666666666667
Maximum Fitness: 0.35000000000000003
Average Pen Distance: 0.34120307917762005
Maximum Pen Distance: 0.5833289681237154
Average Dog Distance: 0.7610151474545879
Maximum Dog Distance: 0.8873733734691575
Average Sheep Distance: 0.31133839689570497
Maximum Sheep Distance: 0.39817155498062723
Elapsed Time: 1m 34s
********** 97 **********
Average Fitness: 0.18633333333333332
Maximum Fitness: 0.38333333333333336
Average Pen Distance: 0.32588312023421684
Maximum Pen Distance: 0.6051373761250352
Average Dog Distance: 0.7472337879259042
Maximum Dog Distance: 0.862895011542034
Average Sheep Distance: 0.3174727970564337
Maximum Sheep Distance: 0.43235677842462855
Elapsed Time: 1m 41s
********** 98 **********
Average Fitness: 0.17816666666666667
Maximum Fitness: 0.3833333333333333
Average Pen Distance: 0.3347117520933597
Maximum Pen Distance: 0.6069588878274396
Average Dog Distance: 0.7479606357896437
Maximum Dog Distance: 0.859840273985391
Average Sheep Distance: 0.31057879773419467
Maximum Sheep Distance: 0.4196646056780781
Elapsed Time: 1m 41s
********** 99 **********
Average Fitness: 0.19516666666666668
Maximum Fitness: 0.4166666666666667
Average Pen Distance: 0.33492449408185093
Maximum Pen Distance: 0.5392927294544599
Average Dog Distance: 0.7633666669787472
Maximum Dog Distance: 0.8774309304140092
Average Sheep Distance: 0.3086313426840645
Maximum Sheep Distance: 0.40254305753891595
Elapsed Time: 1m 35s
********** 100 **********
Average Fitness: 0.17516666666666666
Maximum Fitness: 0.46666666666666673
Average Pen Distance: 0.33030441912799097
Maximum Pen Distance: 0.6428910421339563
Average Dog Distance: 0.7524086271145319
Maximum Dog Distance: 0.8897815587257242
Average Sheep Distance: 0.30767909579699126
Maximum Sheep Distance: 0.38659742375902323
Elapsed Time: 1m 28s
********** 1 **********
Average Fitness: 0.04499999999999999
Maximum Fitness: 0.18333333333333332
Average Pen Distance: 0.5043093034954464
Maximum Pen Distance: 0.8688863720173438
Average Dog Distance: 0.736358625785599
Maximum Dog Distance: 0.928302347196758
Average Sheep Distance: 0.35418972720973696
Maximum Sheep Distance: 0.44855764675222254
Elapsed Time: 1m 55s
********** 2 **********
Average Fitness: 0.04966666666666666
Maximum Fitness: 0.21666666666666667
Average Pen Distance: 0.4713382333248052
Maximum Pen Distance: 0.8418378414065187
Average Dog Distance: 0.739065514226225
Maximum Dog Distance: 0.9255888660767647
Average Sheep Distance: 0.352507317237821
Maximum Sheep Distance: 0.4648361974788524
Elapsed Time: 1m 36s
********** 3 **********
Average Fitness: 0.048
Maximum Fitness: 0.20000000000000004
Average Pen Distance: 0.4550086983786057
Maximum Pen Distance: 0.7805703034504147
Average Dog Distance: 0.7349876051502161
Maximum Dog Distance: 0.9362146882866226
Average Sheep Distance: 0.34847395726259756
Maximum Sheep Distance: 0.47694052838814177
Elapsed Time: 1m 42s
********** 4 **********
Average Fitness: 0.0535
Maximum Fitness: 0.2333333333333333
Average Pen Distance: 0.44762780729800666
Maximum Pen Distance: 0.8163077865774774
Average Dog Distance: 0.7400685595286511
Maximum Dog Distance: 0.9415759670211856
Average Sheep Distance: 0.34791444465996446
Maximum Sheep Distance: 0.4578537557283493
Elapsed Time: 1m 44s
********** 5 **********
Average Fitness: 0.06199999999999999
Maximum Fitness: 0.31666666666666665
Average Pen Distance: 0.4135375097897652
Maximum Pen Distance: 0.8444785948638822
Average Dog Distance: 0.7208316430512912
Maximum Dog Distance: 0.9339288102553006
Average Sheep Distance: 0.3560549388883203
Maximum Sheep Distance: 0.4926758354697487
Elapsed Time: 1m 50s
********** 6 **********
Average Fitness: 0.0575
Maximum Fitness: 0.26666666666666666
Average Pen Distance: 0.3751490891254224
Maximum Pen Distance: 0.8517549039595363
Average Dog Distance: 0.6796495536335143
Maximum Dog Distance: 0.9537510864579749
Average Sheep Distance: 0.3513913804550184
Maximum Sheep Distance: 0.4412458942136537
Elapsed Time: 1m 48s
********** 7 **********
Average Fitness: 0.0635
Maximum Fitness: 0.21666666666666665
Average Pen Distance: 0.36328232450855036
Maximum Pen Distance: 0.8180742752220039
Average Dog Distance: 0.689027757363728
Maximum Dog Distance: 0.9534029593425867
Average Sheep Distance: 0.3596199766913257
Maximum Sheep Distance: 0.48344924715741106
Elapsed Time: 1m 39s
********** 8 **********
Average Fitness: 0.072
Maximum Fitness: 0.18333333333333335
Average Pen Distance: 0.3130030720930922
Maximum Pen Distance: 0.7994234088532247
Average Dog Distance: 0.6521719589856677
Maximum Dog Distance: 0.8973643812308228
Average Sheep Distance: 0.3549103713085998
Maximum Sheep Distance: 0.44964077647777584
Elapsed Time: 1m 47s
********** 9 **********
Average Fitness: 0.06733333333333333
Maximum Fitness: 0.21666666666666667
Average Pen Distance: 0.33886300375105965
Maximum Pen Distance: 0.9229653767230742
Average Dog Distance: 0.6615627114153287
Maximum Dog Distance: 0.9491481506981511
Average Sheep Distance: 0.3583763444661587
Maximum Sheep Distance: 0.4646311763649607
Elapsed Time: 1m 45s
********** 10 **********
Average Fitness: 0.05983333333333332
Maximum Fitness: 0.21666666666666667
Average Pen Distance: 0.3583790416627876
Maximum Pen Distance: 0.8449664030890774
Average Dog Distance: 0.6658518701571993
Maximum Dog Distance: 0.9040873757341897
Average Sheep Distance: 0.3572407047916028
Maximum Sheep Distance: 0.5005925296480185
Elapsed Time: 1m 40s
********** 11 **********
Average Fitness: 0.059833333333333336
Maximum Fitness: 0.19999999999999998
Average Pen Distance: 0.33278311596399496
Maximum Pen Distance: 0.7012136665530496
Average Dog Distance: 0.641352827396205
Maximum Dog Distance: 0.95278798255484
Average Sheep Distance: 0.35528029278049855
Maximum Sheep Distance: 0.45260947768578547
Elapsed Time: 1m 43s
********** 12 **********
Average Fitness: 0.06683333333333333
Maximum Fitness: 0.16666666666666666
Average Pen Distance: 0.34104443592440836
Maximum Pen Distance: 0.7606229670427531
Average Dog Distance: 0.6618759280353342
Maximum Dog Distance: 0.9523650973043255
Average Sheep Distance: 0.35218673237216563
Maximum Sheep Distance: 0.47539002527337826
Elapsed Time: 1m 42s
********** 13 **********
Average Fitness: 0.07283333333333333
Maximum Fitness: 0.19999999999999998
Average Pen Distance: 0.3094125750950567
Maximum Pen Distance: 0.850504793586056
Average Dog Distance: 0.6364732581955006
Maximum Dog Distance: 0.9393301413525889
Average Sheep Distance: 0.35951852942109097
Maximum Sheep Distance: 0.47700823015833044
Elapsed Time: 1m 54s
********** 14 **********
Average Fitness: 0.07716666666666666
Maximum Fitness: 0.31666666666666665
Average Pen Distance: 0.3332437467190076
Maximum Pen Distance: 0.7975977488929287
Average Dog Distance: 0.6798833975873645
Maximum Dog Distance: 0.9197434458539618
Average Sheep Distance: 0.3540402014503309
Maximum Sheep Distance: 0.4810180537575972
Elapsed Time: 1m 42s
********** 15 **********
Average Fitness: 0.075
Maximum Fitness: 0.2833333333333333
Average Pen Distance: 0.3122888508102143
Maximum Pen Distance: 0.7585782242045634
Average Dog Distance: 0.6795281362456244
Maximum Dog Distance: 0.9173310762440336
Average Sheep Distance: 0.353641485501317
Maximum Sheep Distance: 0.44937523719490297
Elapsed Time: 1m 45s
********** 16 **********
Average Fitness: 0.10216666666666667
Maximum Fitness: 0.4000000000000001
Average Pen Distance: 0.29454445534200746
Maximum Pen Distance: 0.8218933809915862
Average Dog Distance: 0.6835723473694462
Maximum Dog Distance: 0.9103944944346458
Average Sheep Distance: 0.3521159702059605
Maximum Sheep Distance: 0.46354078661642717
Elapsed Time: 1m 39s
********** 17 **********
Average Fitness: 0.10550000000000001
Maximum Fitness: 0.3666666666666667
Average Pen Distance: 0.24813902598326112
Maximum Pen Distance: 0.7677065809870625
Average Dog Distance: 0.6719293635297094
Maximum Dog Distance: 0.8908490341085823
Average Sheep Distance: 0.3450106609993945
Maximum Sheep Distance: 0.43097797473333327
Elapsed Time: 1m 42s
********** 18 **********
Average Fitness: 0.10266666666666666
Maximum Fitness: 0.3
Average Pen Distance: 0.2455982318468765
Maximum Pen Distance: 0.8316404704058771
Average Dog Distance: 0.6746315890956858
Maximum Dog Distance: 0.9321956535164776
Average Sheep Distance: 0.34332363613284483
Maximum Sheep Distance: 0.43782084686321726
Elapsed Time: 1m 45s
********** 19 **********
Average Fitness: 0.10683333333333334
Maximum Fitness: 0.2833333333333334
Average Pen Distance: 0.2505038855166458
Maximum Pen Distance: 0.7600536579672342
Average Dog Distance: 0.6425338688696252
Maximum Dog Distance: 0.9331497235288705
Average Sheep Distance: 0.3459569988320076
Maximum Sheep Distance: 0.4881805668152901
Elapsed Time: 1m 41s
********** 20 **********
Average Fitness: 0.11050000000000003
Maximum Fitness: 0.3833333333333333
Average Pen Distance: 0.230075974554985
Maximum Pen Distance: 0.6417988913720276
Average Dog Distance: 0.6436097584137592
Maximum Dog Distance: 0.9509004216892079
Average Sheep Distance: 0.34226669513912866
Maximum Sheep Distance: 0.4503078170220411
Elapsed Time: 1m 49s
********** 21 **********
Average Fitness: 0.127
Maximum Fitness: 0.3166666666666667
Average Pen Distance: 0.21902204679349033
Maximum Pen Distance: 0.5700900613039136
Average Dog Distance: 0.665988277943011
Maximum Dog Distance: 0.847930549434247
Average Sheep Distance: 0.3371503404978023
Maximum Sheep Distance: 0.42171923155008134
Elapsed Time: 1m 43s
********** 22 **********
Average Fitness: 0.14966666666666667
Maximum Fitness: 0.3666666666666667
Average Pen Distance: 0.21450503318564315
Maximum Pen Distance: 0.727735890296734
Average Dog Distance: 0.6892099031169993
Maximum Dog Distance: 0.924156657475066
Average Sheep Distance: 0.3421374619837757
Maximum Sheep Distance: 0.42433692758896324
Elapsed Time: 1m 42s
********** 23 **********
Average Fitness: 0.1375
Maximum Fitness: 0.3833333333333333
Average Pen Distance: 0.21473222375696394
Maximum Pen Distance: 0.4616889799731538
Average Dog Distance: 0.6982311170181328
Maximum Dog Distance: 0.8503445371838533
Average Sheep Distance: 0.34104201559863623
Maximum Sheep Distance: 0.42961383637384803
Elapsed Time: 1m 41s
********** 24 **********
Average Fitness: 0.1355
Maximum Fitness: 0.2833333333333334
Average Pen Distance: 0.23223923590405657
Maximum Pen Distance: 0.7834158779037309
Average Dog Distance: 0.7125651952598479
Maximum Dog Distance: 0.9314881599532616
Average Sheep Distance: 0.33879538462075254
Maximum Sheep Distance: 0.4106662056505342
Elapsed Time: 1m 47s
********** 25 **********
Average Fitness: 0.1465
Maximum Fitness: 0.3
Average Pen Distance: 0.23597175032180864
Maximum Pen Distance: 0.7028091019960993
Average Dog Distance: 0.732623748391819
Maximum Dog Distance: 0.8405007799705541
Average Sheep Distance: 0.3314772790623712
Maximum Sheep Distance: 0.4116209956443324
Elapsed Time: 1m 40s
********** 26 **********
Average Fitness: 0.16166666666666668
Maximum Fitness: 0.4000000000000001
Average Pen Distance: 0.2347435048687632
Maximum Pen Distance: 0.6222929031261725
Average Dog Distance: 0.7405038132420307
Maximum Dog Distance: 0.8475900869670158
Average Sheep Distance: 0.33549747891634274
Maximum Sheep Distance: 0.4241279773916882
Elapsed Time: 1m 32s
********** 27 **********
Average Fitness: 0.15
Maximum Fitness: 0.3833333333333333
Average Pen Distance: 0.2555775089006619
Maximum Pen Distance: 0.6787254924778231
Average Dog Distance: 0.7306626322469465
Maximum Dog Distance: 0.8666905394381582
Average Sheep Distance: 0.3242406324602611
Maximum Sheep Distance: 0.4289263532747587
Elapsed Time: 1m 38s
********** 28 **********
Average Fitness: 0.1535
Maximum Fitness: 0.31666666666666665
Average Pen Distance: 0.22715106230109966
Maximum Pen Distance: 0.49525093277735993
Average Dog Distance: 0.7199994716787832
Maximum Dog Distance: 0.9497231749135375
Average Sheep Distance: 0.33766338899118703
Maximum Sheep Distance: 0.42891829562825606
Elapsed Time: 1m 41s
********** 29 **********
Average Fitness: 0.1425
Maximum Fitness: 0.3
Average Pen Distance: 0.23508728290367675
Maximum Pen Distance: 0.7144250361058759
Average Dog Distance: 0.7107468438305043
Maximum Dog Distance: 0.8638754410714808
Average Sheep Distance: 0.33465609741349767
Maximum Sheep Distance: 0.40925148259795224
Elapsed Time: 1m 44s
********** 30 **********
Average Fitness: 0.15683333333333332
Maximum Fitness: 0.31666666666666665
Average Pen Distance: 0.23031012690345
Maximum Pen Distance: 0.5690994648798889
Average Dog Distance: 0.7077313388356594
Maximum Dog Distance: 0.9126909705378786
Average Sheep Distance: 0.33539483461453334
Maximum Sheep Distance: 0.42805569514882275
Elapsed Time: 1m 36s
********** 31 **********
Average Fitness: 0.15433333333333332
Maximum Fitness: 0.35000000000000003
Average Pen Distance: 0.2578570735658035
Maximum Pen Distance: 0.7680084726503796
Average Dog Distance: 0.7227656124363762
Maximum Dog Distance: 0.8581982434736863
Average Sheep Distance: 0.3283098739978454
Maximum Sheep Distance: 0.44138143485516707
Elapsed Time: 1m 39s
********** 32 **********
Average Fitness: 0.15633333333333332
Maximum Fitness: 0.3333333333333333
Average Pen Distance: 0.27960686125576406
Maximum Pen Distance: 0.7296309821048812
Average Dog Distance: 0.7296087892195373
Maximum Dog Distance: 0.8951267246431556
Average Sheep Distance: 0.31346698932321704
Maximum Sheep Distance: 0.393460990693943
Elapsed Time: 1m 40s
********** 33 **********
Average Fitness: 0.1668333333333333
Maximum Fitness: 0.3333333333333333
Average Pen Distance: 0.2520040026320889
Maximum Pen Distance: 0.5960530758195737
Average Dog Distance: 0.7202985662940917
Maximum Dog Distance: 0.8331778533850059
Average Sheep Distance: 0.3173454441564713
Maximum Sheep Distance: 0.42576486640547423
Elapsed Time: 1m 43s
********** 34 **********
Average Fitness: 0.1628333333333333
Maximum Fitness: 0.4000000000000001
Average Pen Distance: 0.27113017053607685
Maximum Pen Distance: 0.6365077905415001
Average Dog Distance: 0.7261769445578029
Maximum Dog Distance: 0.8574472393779349
Average Sheep Distance: 0.31142965239549747
Maximum Sheep Distance: 0.42398653490242033
Elapsed Time: 1m 36s
********** 35 **********
Average Fitness: 0.16866666666666663
Maximum Fitness: 0.3333333333333333
Average Pen Distance: 0.28429887650228197
Maximum Pen Distance: 0.7518364122579642
Average Dog Distance: 0.7281163428513843
Maximum Dog Distance: 0.9042627233738315
Average Sheep Distance: 0.3006152257495853
Maximum Sheep Distance: 0.38605587691469534
Elapsed Time: 1m 38s
********** 36 **********
Average Fitness: 0.17466666666666664
Maximum Fitness: 0.3
Average Pen Distance: 0.28760370661634416
Maximum Pen Distance: 0.4919396141649231
Average Dog Distance: 0.7270296944957413
Maximum Dog Distance: 0.8991457883902984
Average Sheep Distance: 0.29436777528915226
Maximum Sheep Distance: 0.3979762586496443
Elapsed Time: 1m 43s
********** 37 **********
Average Fitness: 0.187
Maximum Fitness: 0.3333333333333333
Average Pen Distance: 0.2893135603868186
Maximum Pen Distance: 0.7870829713343093
Average Dog Distance: 0.7284878623605312
Maximum Dog Distance: 0.8482950299100622
Average Sheep Distance: 0.2982543268141108
Maximum Sheep Distance: 0.3956149512488154
Elapsed Time: 1m 40s
********** 38 **********
Average Fitness: 0.1751666666666667
Maximum Fitness: 0.3666666666666667
Average Pen Distance: 0.3079338361894413
Maximum Pen Distance: 0.8437110282611499
Average Dog Distance: 0.7192724947229188
Maximum Dog Distance: 0.82674984846007
Average Sheep Distance: 0.3022730918769382
Maximum Sheep Distance: 0.4071775713908437
Elapsed Time: 1m 45s
********** 39 **********
Average Fitness: 0.17516666666666666
Maximum Fitness: 0.39999999999999997
Average Pen Distance: 0.29480395283413313
Maximum Pen Distance: 0.533229685600117
Average Dog Distance: 0.7278026015436564
Maximum Dog Distance: 0.8594537665718237
Average Sheep Distance: 0.2956973462987582
Maximum Sheep Distance: 0.3890834894700215
Elapsed Time: 1m 43s
********** 40 **********
Average Fitness: 0.16583333333333333
Maximum Fitness: 0.3166666666666667
Average Pen Distance: 0.30446041544988517
Maximum Pen Distance: 0.583109660498952
Average Dog Distance: 0.7293670067940277
Maximum Dog Distance: 0.8666414315375448
Average Sheep Distance: 0.29815379206956444
Maximum Sheep Distance: 0.4496976026407524
Elapsed Time: 1m 38s
********** 41 **********
Average Fitness: 0.18866666666666665
Maximum Fitness: 0.3833333333333333
Average Pen Distance: 0.2969624292301244
Maximum Pen Distance: 0.4903139316510326
Average Dog Distance: 0.7197413766590085
Maximum Dog Distance: 0.8504497678411367
Average Sheep Distance: 0.2955108905531727
Maximum Sheep Distance: 0.39778783869993145
Elapsed Time: 1m 41s
********** 42 **********
Average Fitness: 0.18233333333333335
Maximum Fitness: 0.3666666666666667
Average Pen Distance: 0.3006359666052936
Maximum Pen Distance: 0.5228244123620194
Average Dog Distance: 0.7150668156747418
Maximum Dog Distance: 0.8828809913577603
Average Sheep Distance: 0.2983463924468826
Maximum Sheep Distance: 0.4368352566704485
Elapsed Time: 1m 39s
********** 43 **********
Average Fitness: 0.18999999999999997
Maximum Fitness: 0.35000000000000003
Average Pen Distance: 0.2972188447890695
Maximum Pen Distance: 0.5574932171878105
Average Dog Distance: 0.7147213117195826
Maximum Dog Distance: 0.8289807389456105
Average Sheep Distance: 0.29666577197270433
Maximum Sheep Distance: 0.413866146122837
Elapsed Time: 1m 44s
********** 44 **********
Average Fitness: 0.18233333333333338
Maximum Fitness: 0.4166666666666667
Average Pen Distance: 0.29222544193923883
Maximum Pen Distance: 0.5727044369646795
Average Dog Distance: 0.7096405109152215
Maximum Dog Distance: 0.8174942562590785
Average Sheep Distance: 0.2868297863232567
Maximum Sheep Distance: 0.3852018344933981
Elapsed Time: 1m 45s
********** 45 **********
Average Fitness: 0.179
Maximum Fitness: 0.45
Average Pen Distance: 0.2911605016252248
Maximum Pen Distance: 0.5342878144211635
Average Dog Distance: 0.7111701804379917
Maximum Dog Distance: 0.9142802762158233
Average Sheep Distance: 0.2956270853682016
Maximum Sheep Distance: 0.40024953559589327
Elapsed Time: 1m 41s
********** 46 **********
Average Fitness: 0.18750000000000008
Maximum Fitness: 0.43333333333333335
Average Pen Distance: 0.29236061470041363
Maximum Pen Distance: 0.5591478702031919
Average Dog Distance: 0.7006743003040031
Maximum Dog Distance: 0.8389363810278417
Average Sheep Distance: 0.2918494635240307
Maximum Sheep Distance: 0.3792111050842332
Elapsed Time: 1m 45s
********** 47 **********
Average Fitness: 0.1873333333333333
Maximum Fitness: 0.39999999999999997
Average Pen Distance: 0.3039016907450938
Maximum Pen Distance: 0.5397021860870601
Average Dog Distance: 0.7186699632922814
Maximum Dog Distance: 0.8625480916601548
Average Sheep Distance: 0.2899804851763583
Maximum Sheep Distance: 0.37506784980129426
Elapsed Time: 1m 40s
********** 48 **********
Average Fitness: 0.1895
Maximum Fitness: 0.35000000000000003
Average Pen Distance: 0.3049226931068225
Maximum Pen Distance: 0.6524093632154081
Average Dog Distance: 0.7252062043374906
Maximum Dog Distance: 0.7938863763049744
Average Sheep Distance: 0.29065994936558087
Maximum Sheep Distance: 0.4022929494105209
Elapsed Time: 1m 35s
********** 49 **********
Average Fitness: 0.201
Maximum Fitness: 0.35000000000000003
Average Pen Distance: 0.3037427680211012
Maximum Pen Distance: 0.6010318530169574
Average Dog Distance: 0.7282616891648057
Maximum Dog Distance: 0.8077498599111371
Average Sheep Distance: 0.290769797770331
Maximum Sheep Distance: 0.42807290491388744
Elapsed Time: 1m 33s
********** 50 **********
Average Fitness: 0.19366666666666668
Maximum Fitness: 0.3666666666666667
Average Pen Distance: 0.3108997986552663
Maximum Pen Distance: 0.5964651200488617
Average Dog Distance: 0.7332159775380039
Maximum Dog Distance: 0.8481339286610726
Average Sheep Distance: 0.2896739286592149
Maximum Sheep Distance: 0.376793048766837
Elapsed Time: 1m 42s
********** 51 **********
Average Fitness: 0.18983333333333327
Maximum Fitness: 0.3499999999999999
Average Pen Distance: 0.3020239871861131
Maximum Pen Distance: 0.7984725625577381
Average Dog Distance: 0.7385694850372987
Maximum Dog Distance: 0.856932604431624
Average Sheep Distance: 0.28965707443599104
Maximum Sheep Distance: 0.3796684230157597
Elapsed Time: 1m 40s
********** 52 **********
Average Fitness: 0.19216666666666662
Maximum Fitness: 0.39999999999999997
Average Pen Distance: 0.299469285459711
Maximum Pen Distance: 0.49805834067676374
Average Dog Distance: 0.7354778139133897
Maximum Dog Distance: 0.938223714993077
Average Sheep Distance: 0.29177070052627535
Maximum Sheep Distance: 0.3886482521508146
Elapsed Time: 1m 34s
********** 53 **********
Average Fitness: 0.19483333333333333
Maximum Fitness: 0.3333333333333333
Average Pen Distance: 0.3055714463918951
Maximum Pen Distance: 0.5060057200293975
Average Dog Distance: 0.7441521356244537
Maximum Dog Distance: 0.8931809295149854
Average Sheep Distance: 0.28635186399522145
Maximum Sheep Distance: 0.3477379322264739
Elapsed Time: 1m 39s
********** 54 **********
Average Fitness: 0.20850000000000002
Maximum Fitness: 0.39999999999999997
Average Pen Distance: 0.3149186492066072
Maximum Pen Distance: 0.5115605283194123
Average Dog Distance: 0.7514530688382232
Maximum Dog Distance: 0.8662884635575283
Average Sheep Distance: 0.2794619714557643
Maximum Sheep Distance: 0.3679478131398528
Elapsed Time: 1m 35s
********** 55 **********
Average Fitness: 0.20116666666666672
Maximum Fitness: 0.4000000000000001
Average Pen Distance: 0.3250374786613137
Maximum Pen Distance: 0.4644950402684991
Average Dog Distance: 0.7459440193942196
Maximum Dog Distance: 0.86492927679104
Average Sheep Distance: 0.27246595955293507
Maximum Sheep Distance: 0.3867455401963373
Elapsed Time: 1m 39s
********** 56 **********
Average Fitness: 0.2121666666666667
Maximum Fitness: 0.39999999999999997
Average Pen Distance: 0.32826119277217636
Maximum Pen Distance: 0.5083612342868509
Average Dog Distance: 0.7398162810059281
Maximum Dog Distance: 0.8491541764927284
Average Sheep Distance: 0.2755105031840674
Maximum Sheep Distance: 0.3595716753742378
Elapsed Time: 1m 38s
********** 57 **********
Average Fitness: 0.1968333333333333
Maximum Fitness: 0.3666666666666667
Average Pen Distance: 0.3296473779897656
Maximum Pen Distance: 0.49284984270696613
Average Dog Distance: 0.7404630905282086
Maximum Dog Distance: 0.8859803301624812
Average Sheep Distance: 0.26811895711195655
Maximum Sheep Distance: 0.3425717027741491
Elapsed Time: 1m 39s
********** 58 **********
Average Fitness: 0.2048333333333333
Maximum Fitness: 0.3666666666666667
Average Pen Distance: 0.32222303558468485
Maximum Pen Distance: 0.48819802576570387
Average Dog Distance: 0.7406561900849343
Maximum Dog Distance: 0.8712362006005275
Average Sheep Distance: 0.2754169224356849
Maximum Sheep Distance: 0.37460594762583826
Elapsed Time: 1m 36s
********** 59 **********
Average Fitness: 0.2195
Maximum Fitness: 0.3833333333333333
Average Pen Distance: 0.3340788882012019
Maximum Pen Distance: 0.4717827039470102
Average Dog Distance: 0.7384841162912811
Maximum Dog Distance: 0.8384558125714571
Average Sheep Distance: 0.2714706620428384
Maximum Sheep Distance: 0.34651248912042437
Elapsed Time: 1m 36s
********** 60 **********
Average Fitness: 0.21566666666666667
Maximum Fitness: 0.4166666666666667
Average Pen Distance: 0.32225192178135414
Maximum Pen Distance: 0.4450476334942794
Average Dog Distance: 0.7373859042219927
Maximum Dog Distance: 0.8457931082885427
Average Sheep Distance: 0.27498893196270324
Maximum Sheep Distance: 0.4045486581139659
Elapsed Time: 1m 37s
********** 61 **********
Average Fitness: 0.2021666666666667
Maximum Fitness: 0.39999999999999997
Average Pen Distance: 0.3375940811825228
Maximum Pen Distance: 0.5776284702671189
Average Dog Distance: 0.7437268577622792
Maximum Dog Distance: 0.8590099958770135
Average Sheep Distance: 0.2637232657117987
Maximum Sheep Distance: 0.3841693407459006
Elapsed Time: 1m 42s
********** 62 **********
Average Fitness: 0.21049999999999996
Maximum Fitness: 0.39999999999999997
Average Pen Distance: 0.3464484781141801
Maximum Pen Distance: 0.4986136725326473
Average Dog Distance: 0.7459317703685122
Maximum Dog Distance: 0.841425329208754
Average Sheep Distance: 0.2586502686354508
Maximum Sheep Distance: 0.3511175292757219
Elapsed Time: 1m 37s
********** 63 **********
Average Fitness: 0.21883333333333332
Maximum Fitness: 0.4166666666666667
Average Pen Distance: 0.360762154732551
Maximum Pen Distance: 0.6542588472498613
Average Dog Distance: 0.740656152214124
Maximum Dog Distance: 0.8512726294977543
Average Sheep Distance: 0.2518487190247604
Maximum Sheep Distance: 0.35405465219070437
Elapsed Time: 1m 30s
********** 64 **********
Average Fitness: 0.20716666666666664
Maximum Fitness: 0.3666666666666667
Average Pen Distance: 0.35534977804780865
Maximum Pen Distance: 0.5536816294446706
Average Dog Distance: 0.7426148454083316
Maximum Dog Distance: 0.8483717938618
Average Sheep Distance: 0.25830503595136983
Maximum Sheep Distance: 0.41050557477533367
Elapsed Time: 1m 33s
********** 65 **********
Average Fitness: 0.2255
Maximum Fitness: 0.4166666666666667
Average Pen Distance: 0.36880644225703774
Maximum Pen Distance: 0.5776374313842211
Average Dog Distance: 0.7453001545406377
Maximum Dog Distance: 0.8922978697179508
Average Sheep Distance: 0.24877970662412874
Maximum Sheep Distance: 0.316578702745055
Elapsed Time: 1m 39s
********** 66 **********
Average Fitness: 0.23116666666666666
Maximum Fitness: 0.45
Average Pen Distance: 0.3694810550073335
Maximum Pen Distance: 0.8963221454250014
Average Dog Distance: 0.738572910539233
Maximum Dog Distance: 0.8346913009377984
Average Sheep Distance: 0.2521063361629417
Maximum Sheep Distance: 0.3816687266455399
Elapsed Time: 1m 38s
********** 67 **********
Average Fitness: 0.21166666666666673
Maximum Fitness: 0.38333333333333336
Average Pen Distance: 0.34851058069534846
Maximum Pen Distance: 0.4908494655347453
Average Dog Distance: 0.7339786033642878
Maximum Dog Distance: 0.8712520642367746
Average Sheep Distance: 0.2602144855472332
Maximum Sheep Distance: 0.38902113134584915
Elapsed Time: 1m 36s
********** 68 **********
Average Fitness: 0.22133333333333333
Maximum Fitness: 0.39999999999999997
Average Pen Distance: 0.3574485020184304
Maximum Pen Distance: 0.6882631956154893
Average Dog Distance: 0.7303400879445598
Maximum Dog Distance: 0.8592400098338525
Average Sheep Distance: 0.2557193273241505
Maximum Sheep Distance: 0.38534269745760463
Elapsed Time: 1m 36s
********** 69 **********
Average Fitness: 0.21999999999999997
Maximum Fitness: 0.4000000000000001
Average Pen Distance: 0.36165495452994656
Maximum Pen Distance: 0.6136380152961192
Average Dog Distance: 0.7401438212300335
Maximum Dog Distance: 0.8667450977466973
Average Sheep Distance: 0.25272528055174803
Maximum Sheep Distance: 0.36891441948678244
Elapsed Time: 1m 38s
********** 70 **********
Average Fitness: 0.22749999999999995
Maximum Fitness: 0.39999999999999997
Average Pen Distance: 0.365003023085446
Maximum Pen Distance: 0.5693445005171989
Average Dog Distance: 0.7408632970838306
Maximum Dog Distance: 0.8850039617096471
Average Sheep Distance: 0.2511401734010782
Maximum Sheep Distance: 0.3494107832170787
Elapsed Time: 1m 36s
********** 71 **********
Average Fitness: 0.2145
Maximum Fitness: 0.5
Average Pen Distance: 0.37466109269053954
Maximum Pen Distance: 0.7131184156234429
Average Dog Distance: 0.7324172897589909
Maximum Dog Distance: 0.9342202583368039
Average Sheep Distance: 0.24938797672039045
Maximum Sheep Distance: 0.4544436174296238
Elapsed Time: 1m 38s
********** 72 **********
Average Fitness: 0.2163333333333333
Maximum Fitness: 0.4000000000000001
Average Pen Distance: 0.36799311314293864
Maximum Pen Distance: 0.564630128479472
Average Dog Distance: 0.7258147740534048
Maximum Dog Distance: 0.8572796613965606
Average Sheep Distance: 0.2486392712945364
Maximum Sheep Distance: 0.3976844318002572
Elapsed Time: 1m 32s
********** 73 **********
Average Fitness: 0.2201666666666667
Maximum Fitness: 0.3833333333333333
Average Pen Distance: 0.36059774400003947
Maximum Pen Distance: 0.5512134465250377
Average Dog Distance: 0.7354984865140779
Maximum Dog Distance: 0.8483738739814063
Average Sheep Distance: 0.25291795205589224
Maximum Sheep Distance: 0.3670208329540972
Elapsed Time: 1m 43s
********** 74 **********
Average Fitness: 0.21366666666666667
Maximum Fitness: 0.4166666666666667
Average Pen Distance: 0.37007598115906826
Maximum Pen Distance: 0.5292839221153076
Average Dog Distance: 0.7404478781910094
Maximum Dog Distance: 0.9002232526387264
Average Sheep Distance: 0.2465862775941866
Maximum Sheep Distance: 0.311918677218537
Elapsed Time: 1m 42s
********** 75 **********
Average Fitness: 0.22216666666666668
Maximum Fitness: 0.4000000000000001
Average Pen Distance: 0.3712310877163709
Maximum Pen Distance: 0.7605155798841517
Average Dog Distance: 0.7503402484184462
Maximum Dog Distance: 0.8509158211588516
Average Sheep Distance: 0.24628477469333188
Maximum Sheep Distance: 0.3847643057632076
Elapsed Time: 1m 36s
********** 76 **********
Average Fitness: 0.22816666666666666
Maximum Fitness: 0.4333333333333333
Average Pen Distance: 0.38659426094974975
Maximum Pen Distance: 0.6015687170438558
Average Dog Distance: 0.7361854756010914
Maximum Dog Distance: 0.8639585097536795
Average Sheep Distance: 0.24433616968742342
Maximum Sheep Distance: 0.3411891718987779
Elapsed Time: 1m 39s
********** 77 **********
Average Fitness: 0.2395
Maximum Fitness: 0.45
Average Pen Distance: 0.3901220014760215
Maximum Pen Distance: 0.7925754343357134
Average Dog Distance: 0.735176692666947
Maximum Dog Distance: 0.8789397685431249
Average Sheep Distance: 0.23714763636723346
Maximum Sheep Distance: 0.311487988898189
Elapsed Time: 1m 38s
********** 78 **********
Average Fitness: 0.22149999999999995
Maximum Fitness: 0.43333333333333335
Average Pen Distance: 0.3871486244094641
Maximum Pen Distance: 0.5727373380917206
Average Dog Distance: 0.736466085635774
Maximum Dog Distance: 0.8315642916945393
Average Sheep Distance: 0.23653767282568058
Maximum Sheep Distance: 0.3247217880105046
Elapsed Time: 1m 43s
********** 79 **********
Average Fitness: 0.23149999999999998
Maximum Fitness: 0.4166666666666667
Average Pen Distance: 0.3736867521541331
Maximum Pen Distance: 0.7261910139669073
Average Dog Distance: 0.7387425104129293
Maximum Dog Distance: 0.8659424114028006
Average Sheep Distance: 0.24150689743449635
Maximum Sheep Distance: 0.4086520454108759
Elapsed Time: 1m 35s
********** 80 **********
Average Fitness: 0.23616666666666666
Maximum Fitness: 0.4666666666666666
Average Pen Distance: 0.38574207468564053
Maximum Pen Distance: 0.5363008542880272
Average Dog Distance: 0.7429436767962408
Maximum Dog Distance: 0.8443489128590467
Average Sheep Distance: 0.2335069396852548
Maximum Sheep Distance: 0.34571121764560214
Elapsed Time: 1m 39s
********** 81 **********
Average Fitness: 0.2366666666666667
Maximum Fitness: 0.4666666666666666
Average Pen Distance: 0.3948656995120008
Maximum Pen Distance: 0.5621695650599275
Average Dog Distance: 0.7494945314489277
Maximum Dog Distance: 0.8536374098159308
Average Sheep Distance: 0.23268129552898945
Maximum Sheep Distance: 0.34924054672552235
Elapsed Time: 1m 41s
********** 82 **********
Average Fitness: 0.22716666666666666
Maximum Fitness: 0.3833333333333333
Average Pen Distance: 0.4032230825056283
Maximum Pen Distance: 0.6876114638604692
Average Dog Distance: 0.7364317292812814
Maximum Dog Distance: 0.9009430483351135
Average Sheep Distance: 0.2299220380101242
Maximum Sheep Distance: 0.38020178858893433
Elapsed Time: 1m 40s
********** 83 **********
Average Fitness: 0.23449999999999996
Maximum Fitness: 0.4166666666666667
Average Pen Distance: 0.4029023699427743
Maximum Pen Distance: 0.5428343392827132
Average Dog Distance: 0.7446440210017643
Maximum Dog Distance: 0.8718821013123595
Average Sheep Distance: 0.22893961004245442
Maximum Sheep Distance: 0.34788810307339896
Elapsed Time: 1m 35s
********** 84 **********
Average Fitness: 0.23149999999999998
Maximum Fitness: 0.4166666666666667
Average Pen Distance: 0.3973472871391538
Maximum Pen Distance: 0.7592948167105659
Average Dog Distance: 0.7474504954415256
Maximum Dog Distance: 0.831736113683995
Average Sheep Distance: 0.2323397255562547
Maximum Sheep Distance: 0.3206289945927438
Elapsed Time: 1m 32s
********** 85 **********
Average Fitness: 0.23016666666666669
Maximum Fitness: 0.4166666666666667
Average Pen Distance: 0.3973414939309767
Maximum Pen Distance: 0.6759621048768287
Average Dog Distance: 0.7446574558438448
Maximum Dog Distance: 0.8934409933124567
Average Sheep Distance: 0.23790693531015958
Maximum Sheep Distance: 0.3304653840032706
Elapsed Time: 1m 39s
********** 86 **********
Average Fitness: 0.2396666666666667
Maximum Fitness: 0.3833333333333333
Average Pen Distance: 0.39569234993579444
Maximum Pen Distance: 0.6379243720552167
Average Dog Distance: 0.7403068200455691
Maximum Dog Distance: 0.8437482125008202
Average Sheep Distance: 0.22803114226418014
Maximum Sheep Distance: 0.4246974792510391
Elapsed Time: 1m 35s
********** 87 **********
Average Fitness: 0.25150000000000006
Maximum Fitness: 0.46666666666666673
Average Pen Distance: 0.3952578463649259
Maximum Pen Distance: 0.6080325648544619
Average Dog Distance: 0.7502561909860943
Maximum Dog Distance: 0.8382743660183557
Average Sheep Distance: 0.2310312350108563
Maximum Sheep Distance: 0.2989788509020265
Elapsed Time: 1m 36s
********** 88 **********
Average Fitness: 0.23550000000000001
Maximum Fitness: 0.3833333333333333
Average Pen Distance: 0.3954113028886237
Maximum Pen Distance: 0.8693783252368718
Average Dog Distance: 0.7546054693553256
Maximum Dog Distance: 0.8498176228363642
Average Sheep Distance: 0.2392222675220296
Maximum Sheep Distance: 0.38942136133496946
Elapsed Time: 1m 39s
********** 89 **********
Average Fitness: 0.23566666666666666
Maximum Fitness: 0.4000000000000001
Average Pen Distance: 0.38787596950098435
Maximum Pen Distance: 0.5614530579621282
Average Dog Distance: 0.7441409568615199
Maximum Dog Distance: 0.8295963028133991
Average Sheep Distance: 0.23633950419630345
Maximum Sheep Distance: 0.38952709706205685
Elapsed Time: 1m 35s
********** 90 **********
Average Fitness: 0.24516666666666664
Maximum Fitness: 0.3833333333333333
Average Pen Distance: 0.38692395353781533
Maximum Pen Distance: 0.6590337409076733
Average Dog Distance: 0.7608661159345087
Maximum Dog Distance: 0.8891680573375048
Average Sheep Distance: 0.2379921202262598
Maximum Sheep Distance: 0.3776283232443994
Elapsed Time: 1m 38s
********** 91 **********
Average Fitness: 0.24216666666666672
Maximum Fitness: 0.4166666666666667
Average Pen Distance: 0.40594279990525806
Maximum Pen Distance: 0.8748538169744768
Average Dog Distance: 0.761610695529933
Maximum Dog Distance: 0.9286166390616062
Average Sheep Distance: 0.23216470332113873
Maximum Sheep Distance: 0.4048245155230999
Elapsed Time: 1m 40s
********** 92 **********
Average Fitness: 0.24483333333333335
Maximum Fitness: 0.43333333333333335
Average Pen Distance: 0.40734988948441847
Maximum Pen Distance: 0.6906007309833783
Average Dog Distance: 0.7563301517231199
Maximum Dog Distance: 0.8715659347569363
Average Sheep Distance: 0.2321533586352528
Maximum Sheep Distance: 0.3733394460812678
Elapsed Time: 1m 36s
********** 93 **********
Average Fitness: 0.2413333333333333
Maximum Fitness: 0.45
Average Pen Distance: 0.4090714859994227
Maximum Pen Distance: 0.741440904457542
Average Dog Distance: 0.764262354639106
Maximum Dog Distance: 0.8412737662422924
Average Sheep Distance: 0.23460935568925703
Maximum Sheep Distance: 0.34057078610373576
Elapsed Time: 1m 37s
********** 94 **********
Average Fitness: 0.24049999999999994
Maximum Fitness: 0.4000000000000001
Average Pen Distance: 0.40380353576852224
Maximum Pen Distance: 0.8298088377010463
Average Dog Distance: 0.7502523405277145
Maximum Dog Distance: 0.8421460938365009
Average Sheep Distance: 0.2369650729317621
Maximum Sheep Distance: 0.39947822842685915
Elapsed Time: 1m 35s
********** 95 **********
Average Fitness: 0.2383333333333333
Maximum Fitness: 0.43333333333333335
Average Pen Distance: 0.40050891611379247
Maximum Pen Distance: 0.7685089436016197
Average Dog Distance: 0.7478452967774403
Maximum Dog Distance: 0.8911662840838309
Average Sheep Distance: 0.23793737532317707
Maximum Sheep Distance: 0.36977325353078755
Elapsed Time: 1m 33s
********** 96 **********
Average Fitness: 0.2551666666666667
Maximum Fitness: 0.5166666666666667
Average Pen Distance: 0.39678362174775317
Maximum Pen Distance: 0.6375073039662092
Average Dog Distance: 0.7446899922641034
Maximum Dog Distance: 0.8279008182718934
Average Sheep Distance: 0.23565100261616936
Maximum Sheep Distance: 0.3784210453656982
Elapsed Time: 1m 40s
********** 97 **********
Average Fitness: 0.24533333333333335
Maximum Fitness: 0.4166666666666667
Average Pen Distance: 0.41974757314367495
Maximum Pen Distance: 0.7194435375201175
Average Dog Distance: 0.7533889441511572
Maximum Dog Distance: 0.8380814143896811
Average Sheep Distance: 0.2311804099726908
Maximum Sheep Distance: 0.3369267833730831
Elapsed Time: 1m 38s
********** 98 **********
Average Fitness: 0.2306666666666666
Maximum Fitness: 0.4166666666666667
Average Pen Distance: 0.4166461043290988
Maximum Pen Distance: 0.6352862506152563
Average Dog Distance: 0.7443649579615882
Maximum Dog Distance: 0.8604648888977732
Average Sheep Distance: 0.2253100821026845
Maximum Sheep Distance: 0.34610091926727243
Elapsed Time: 1m 38s
********** 99 **********
Average Fitness: 0.25333333333333335
Maximum Fitness: 0.43333333333333335
Average Pen Distance: 0.42657110489170336
Maximum Pen Distance: 0.6893799213701689
Average Dog Distance: 0.7421329925352174
Maximum Dog Distance: 0.8663702757664734
Average Sheep Distance: 0.21963789198544537
Maximum Sheep Distance: 0.3682426135828019
Elapsed Time: 1m 34s
********** 100 **********
Average Fitness: 0.264
Maximum Fitness: 0.4666666666666666
Average Pen Distance: 0.41653706254194617
Maximum Pen Distance: 0.8659010565268161
Average Dog Distance: 0.7454000120453935
Maximum Dog Distance: 0.8703565731286601
Average Sheep Distance: 0.22341421233432152
Maximum Sheep Distance: 0.315079014609007
Elapsed Time: 1m 37s
********** 1 **********
Average Fitness: 0.03900000000000001
Maximum Fitness: 0.18333333333333335
Average Pen Distance: 0.5008491932399816
Maximum Pen Distance: 0.8430048451585636
Average Dog Distance: 0.723813074392691
Maximum Dog Distance: 0.9382488233239462
Average Sheep Distance: 0.3473382014461059
Maximum Sheep Distance: 0.46113049962786407
Elapsed Time: 1m 39s
********** 2 **********
Average Fitness: 0.0515
Maximum Fitness: 0.16666666666666666
Average Pen Distance: 0.4482517845636107
Maximum Pen Distance: 0.7530491856126281
Average Dog Distance: 0.7363193858394752
Maximum Dog Distance: 0.9357664493494222
Average Sheep Distance: 0.34807613414747757
Maximum Sheep Distance: 0.4495080183245393
Elapsed Time: 1m 42s
********** 3 **********
Average Fitness: 0.05183333333333333
Maximum Fitness: 0.20000000000000004
Average Pen Distance: 0.4723818242915585
Maximum Pen Distance: 0.8163963525997494
Average Dog Distance: 0.7408586035616913
Maximum Dog Distance: 0.9588612892696816
Average Sheep Distance: 0.34822343186176524
Maximum Sheep Distance: 0.4708833360440887
Elapsed Time: 1m 46s
********** 4 **********
Average Fitness: 0.0575
Maximum Fitness: 0.16666666666666666
Average Pen Distance: 0.4064311285445633
Maximum Pen Distance: 0.8019408162640739
Average Dog Distance: 0.7165124912015493
Maximum Dog Distance: 0.9196101632927648
Average Sheep Distance: 0.3495899069373865
Maximum Sheep Distance: 0.4335276637858925
Elapsed Time: 1m 46s
********** 5 **********
Average Fitness: 0.053
Maximum Fitness: 0.20000000000000004
Average Pen Distance: 0.4293268153982536
Maximum Pen Distance: 0.7663973078524146
Average Dog Distance: 0.7179129922310529
Maximum Dog Distance: 0.9303635197514523
Average Sheep Distance: 0.3464826931561792
Maximum Sheep Distance: 0.45023279034408864
Elapsed Time: 1m 49s
********** 6 **********
Average Fitness: 0.044500000000000005
Maximum Fitness: 0.19999999999999998
Average Pen Distance: 0.43444414594803615
Maximum Pen Distance: 0.7726864510715741
Average Dog Distance: 0.7432977952979373
Maximum Dog Distance: 0.9488987326857905
Average Sheep Distance: 0.3477661867938309
Maximum Sheep Distance: 0.43731045332883434
Elapsed Time: 1m 42s
********** 7 **********
Average Fitness: 0.053166666666666654
Maximum Fitness: 0.2333333333333333
Average Pen Distance: 0.44667179862260953
Maximum Pen Distance: 0.8189314017062884
Average Dog Distance: 0.7291514810037579
Maximum Dog Distance: 0.931969888193572
Average Sheep Distance: 0.3492506265618722
Maximum Sheep Distance: 0.4662748069066555
Elapsed Time: 1m 32s
********** 8 **********
Average Fitness: 0.05483333333333333
Maximum Fitness: 0.21666666666666667
Average Pen Distance: 0.47599396368966085
Maximum Pen Distance: 0.8890884001860285
Average Dog Distance: 0.7405885849074578
Maximum Dog Distance: 0.9251236168075466
Average Sheep Distance: 0.34282101442387203
Maximum Sheep Distance: 0.49266886714289243
Elapsed Time: 1m 44s
********** 9 **********
Average Fitness: 0.04999999999999999
Maximum Fitness: 0.18333333333333335
Average Pen Distance: 0.4502453519811575
Maximum Pen Distance: 0.8207254301365614
Average Dog Distance: 0.7331935777391979
Maximum Dog Distance: 0.9387780499543356
Average Sheep Distance: 0.341455285062806
Maximum Sheep Distance: 0.43419933946615386
Elapsed Time: 1m 49s
********** 10 **********
Average Fitness: 0.05566666666666666
Maximum Fitness: 0.20000000000000004
Average Pen Distance: 0.4531003942524066
Maximum Pen Distance: 0.8609526850026747
Average Dog Distance: 0.7327101696448223
Maximum Dog Distance: 0.9260067326603855
Average Sheep Distance: 0.33653099673873726
Maximum Sheep Distance: 0.42030295096006287
Elapsed Time: 1m 45s
********** 11 **********
Average Fitness: 0.05849999999999999
Maximum Fitness: 0.25
Average Pen Distance: 0.4285348430002817
Maximum Pen Distance: 0.786669157626961
Average Dog Distance: 0.7107251611919918
Maximum Dog Distance: 0.9031261523406601
Average Sheep Distance: 0.3338612086346389
Maximum Sheep Distance: 0.41803352693414125
Elapsed Time: 1m 41s
********** 12 **********
Average Fitness: 0.08066666666666668
Maximum Fitness: 0.2333333333333333
Average Pen Distance: 0.41458201709968184
Maximum Pen Distance: 0.7021944287977059
Average Dog Distance: 0.7475642154492131
Maximum Dog Distance: 0.9418260354601524
Average Sheep Distance: 0.3366671869087004
Maximum Sheep Distance: 0.4262547738704232
Elapsed Time: 1m 31s
********** 13 **********
Average Fitness: 0.08366666666666667
Maximum Fitness: 0.26666666666666666
Average Pen Distance: 0.41325530403167404
Maximum Pen Distance: 0.8289619592727616
Average Dog Distance: 0.7596822320704254
Maximum Dog Distance: 0.9360759451459469
Average Sheep Distance: 0.33312956269479044
Maximum Sheep Distance: 0.4701049221751334
Elapsed Time: 1m 38s
********** 14 **********
Average Fitness: 0.10616666666666666
Maximum Fitness: 0.3
Average Pen Distance: 0.379557186182402
Maximum Pen Distance: 0.798690569468529
Average Dog Distance: 0.7601656266421293
Maximum Dog Distance: 0.9652596406317343
Average Sheep Distance: 0.32369362342296343
Maximum Sheep Distance: 0.43073804618184636
Elapsed Time: 1m 32s
********** 15 **********
Average Fitness: 0.11266666666666668
Maximum Fitness: 0.2833333333333334
Average Pen Distance: 0.3904778009640718
Maximum Pen Distance: 0.7466792833135747
Average Dog Distance: 0.7536780387897128
Maximum Dog Distance: 0.8904385631262922
Average Sheep Distance: 0.32026060129851414
Maximum Sheep Distance: 0.43127337322889897
Elapsed Time: 1m 33s
********** 16 **********
Average Fitness: 0.1215
Maximum Fitness: 0.3666666666666667
Average Pen Distance: 0.3660139678681227
Maximum Pen Distance: 0.7317548832287529
Average Dog Distance: 0.7550758083302657
Maximum Dog Distance: 0.9163556294201856
Average Sheep Distance: 0.3223855764009336
Maximum Sheep Distance: 0.43972704923704925
Elapsed Time: 1m 46s
********** 17 **********
Average Fitness: 0.12833333333333333
Maximum Fitness: 0.3
Average Pen Distance: 0.35040297431815637
Maximum Pen Distance: 0.736047665472367
Average Dog Distance: 0.7640380780541866
Maximum Dog Distance: 0.8898420350473174
Average Sheep Distance: 0.3174427680005382
Maximum Sheep Distance: 0.41191717525054766
Elapsed Time: 1m 35s
********** 18 **********
Average Fitness: 0.13433333333333336
Maximum Fitness: 0.3833333333333333
Average Pen Distance: 0.34747511703378314
Maximum Pen Distance: 0.8009119671972114
Average Dog Distance: 0.7691728088854428
Maximum Dog Distance: 0.8899152671300774
Average Sheep Distance: 0.319774794515755
Maximum Sheep Distance: 0.455369494706589
Elapsed Time: 1m 43s
********** 19 **********
Average Fitness: 0.15966666666666668
Maximum Fitness: 0.3999999999999999
Average Pen Distance: 0.35570275237357085
Maximum Pen Distance: 0.7223162479902765
Average Dog Distance: 0.7882039072415281
Maximum Dog Distance: 0.9230834854388569
Average Sheep Distance: 0.31429959400401175
Maximum Sheep Distance: 0.41186739873246764
Elapsed Time: 1m 52s
********** 20 **********
Average Fitness: 0.14966666666666664
Maximum Fitness: 0.3666666666666667
Average Pen Distance: 0.35806160317419133
Maximum Pen Distance: 0.694880520926379
Average Dog Distance: 0.7774031353464352
Maximum Dog Distance: 0.9076209518775725
Average Sheep Distance: 0.31400113949645286
Maximum Sheep Distance: 0.4606432591984399
Elapsed Time: 1m 42s
********** 21 **********
Average Fitness: 0.15783333333333333
Maximum Fitness: 0.3333333333333333
Average Pen Distance: 0.3774506486779572
Maximum Pen Distance: 0.572264177470692
Average Dog Distance: 0.781487873892396
Maximum Dog Distance: 0.9013794115643451
Average Sheep Distance: 0.3023147453521197
Maximum Sheep Distance: 0.3975530899858499
Elapsed Time: 1m 40s
********** 22 **********
Average Fitness: 0.15266666666666667
Maximum Fitness: 0.3166666666666667
Average Pen Distance: 0.39048592429226675
Maximum Pen Distance: 0.8088343877549876
Average Dog Distance: 0.7693813702099866
Maximum Dog Distance: 0.9063022422957211
Average Sheep Distance: 0.30757609580012724
Maximum Sheep Distance: 0.4549417828552366
Elapsed Time: 1m 26s
********** 23 **********
Average Fitness: 0.16016666666666668
Maximum Fitness: 0.3333333333333333
Average Pen Distance: 0.3804065178738371
Maximum Pen Distance: 0.6487341996610609
Average Dog Distance: 0.7748496229358658
Maximum Dog Distance: 0.8880524728325413
Average Sheep Distance: 0.30436394848876996
Maximum Sheep Distance: 0.4340753386680973
Elapsed Time: 1m 47s
********** 24 **********
Average Fitness: 0.1696666666666666
Maximum Fitness: 0.39999999999999997
Average Pen Distance: 0.37676836235644
Maximum Pen Distance: 0.6348299030031898
Average Dog Distance: 0.7752566119148641
Maximum Dog Distance: 0.8895756198642782
Average Sheep Distance: 0.29852198574459954
Maximum Sheep Distance: 0.3968468969367902
Elapsed Time: 1m 34s
********** 25 **********
Average Fitness: 0.15899999999999997
Maximum Fitness: 0.3333333333333333
Average Pen Distance: 0.38270562806612995
Maximum Pen Distance: 0.7981864473268038
Average Dog Distance: 0.7605784571808235
Maximum Dog Distance: 0.9060219260068058
Average Sheep Distance: 0.2967363028213784
Maximum Sheep Distance: 0.42960064160054184
Elapsed Time: 1m 33s
********** 26 **********
Average Fitness: 0.16516666666666668
Maximum Fitness: 0.4666666666666666
Average Pen Distance: 0.3932414652836961
Maximum Pen Distance: 0.7288979881419865
Average Dog Distance: 0.7731173595431021
Maximum Dog Distance: 0.8753460840602126
Average Sheep Distance: 0.28739651770530417
Maximum Sheep Distance: 0.406582814773152
Elapsed Time: 1m 33s
********** 27 **********
Average Fitness: 0.16766666666666666
Maximum Fitness: 0.3333333333333333
Average Pen Distance: 0.3877157050470651
Maximum Pen Distance: 0.5726275154204877
Average Dog Distance: 0.7847070765821635
Maximum Dog Distance: 0.9105907190323937
Average Sheep Distance: 0.29032600294399513
Maximum Sheep Distance: 0.4130744487350467
Elapsed Time: 1m 49s
********** 28 **********
Average Fitness: 0.16433333333333333
Maximum Fitness: 0.3333333333333333
Average Pen Distance: 0.39290234767666804
Maximum Pen Distance: 0.7821728790051748
Average Dog Distance: 0.7771280045803765
Maximum Dog Distance: 0.9032310320948328
Average Sheep Distance: 0.2854014034010512
Maximum Sheep Distance: 0.41970438814038874
Elapsed Time: 1m 36s
********** 29 **********
Average Fitness: 0.1576666666666667
Maximum Fitness: 0.3333333333333333
Average Pen Distance: 0.40437012757150614
Maximum Pen Distance: 0.86658069224631
Average Dog Distance: 0.7882388338631076
Maximum Dog Distance: 0.9071945033495643
Average Sheep Distance: 0.2870942564923762
Maximum Sheep Distance: 0.4138410299711747
Elapsed Time: 1m 42s
********** 30 **********
Average Fitness: 0.1796666666666667
Maximum Fitness: 0.35000000000000003
Average Pen Distance: 0.39802572703778955
Maximum Pen Distance: 0.6885633803059531
Average Dog Distance: 0.7805200333444046
Maximum Dog Distance: 0.8851156691068378
Average Sheep Distance: 0.28063813994334563
Maximum Sheep Distance: 0.4110895006242015
Elapsed Time: 1m 42s
********** 31 **********
Average Fitness: 0.1865
Maximum Fitness: 0.35000000000000003
Average Pen Distance: 0.3840375664099252
Maximum Pen Distance: 0.5943370259853026
Average Dog Distance: 0.7801676421534255
Maximum Dog Distance: 0.9444130738280637
Average Sheep Distance: 0.28193896013759223
Maximum Sheep Distance: 0.37283818116373785
Elapsed Time: 1m 31s
********** 32 **********
Average Fitness: 0.18283333333333332
Maximum Fitness: 0.38333333333333336
Average Pen Distance: 0.3940421628593217
Maximum Pen Distance: 0.6325150231113658
Average Dog Distance: 0.7874541456245453
Maximum Dog Distance: 0.9284760288506914
Average Sheep Distance: 0.27500702928462806
Maximum Sheep Distance: 0.4034480048297662
Elapsed Time: 1m 37s
********** 33 **********
Average Fitness: 0.17950000000000002
Maximum Fitness: 0.3666666666666667
Average Pen Distance: 0.4052190898203931
Maximum Pen Distance: 0.6622110315737002
Average Dog Distance: 0.78040205665036
Maximum Dog Distance: 0.9213825631232201
Average Sheep Distance: 0.2712228990932205
Maximum Sheep Distance: 0.4316855891645823
Elapsed Time: 1m 28s
********** 34 **********
Average Fitness: 0.17900000000000005
Maximum Fitness: 0.3833333333333333
Average Pen Distance: 0.4082318279878422
Maximum Pen Distance: 0.6350639226011472
Average Dog Distance: 0.7699994496080196
Maximum Dog Distance: 0.899678368547824
Average Sheep Distance: 0.26469507793184965
Maximum Sheep Distance: 0.35476283370162304
Elapsed Time: 1m 38s
********** 35 **********
Average Fitness: 0.17916666666666667
Maximum Fitness: 0.4666666666666666
Average Pen Distance: 0.4148840287228614
Maximum Pen Distance: 0.7059628004698314
Average Dog Distance: 0.775030238905225
Maximum Dog Distance: 0.8791602541881618
Average Sheep Distance: 0.25920525380710824
Maximum Sheep Distance: 0.3629633569802606
Elapsed Time: 1m 39s
********** 36 **********
Average Fitness: 0.19450000000000003
Maximum Fitness: 0.4166666666666667
Average Pen Distance: 0.4104813178212815
Maximum Pen Distance: 0.7465172893807829
Average Dog Distance: 0.779875860800703
Maximum Dog Distance: 0.8842196854376122
Average Sheep Distance: 0.26064884161421414
Maximum Sheep Distance: 0.3882749897080619
Elapsed Time: 1m 39s
********** 37 **********
Average Fitness: 0.18233333333333335
Maximum Fitness: 0.39999999999999997
Average Pen Distance: 0.4165651503940142
Maximum Pen Distance: 0.6883888813076525
Average Dog Distance: 0.7757475659901266
Maximum Dog Distance: 0.8862951261049776
Average Sheep Distance: 0.2614393382950476
Maximum Sheep Distance: 0.3812451553498226
Elapsed Time: 1m 39s
********** 38 **********
Average Fitness: 0.1975
Maximum Fitness: 0.3666666666666667
Average Pen Distance: 0.4275369330616076
Maximum Pen Distance: 0.6548137464690088
Average Dog Distance: 0.7817742467776057
Maximum Dog Distance: 0.8819511540550202
Average Sheep Distance: 0.24852331567044658
Maximum Sheep Distance: 0.3753056704461037
Elapsed Time: 1m 34s
********** 39 **********
Average Fitness: 0.19233333333333336
Maximum Fitness: 0.4000000000000001
Average Pen Distance: 0.45158227065783885
Maximum Pen Distance: 0.7240444537866545
Average Dog Distance: 0.7791363067975658
Maximum Dog Distance: 0.888498510326401
Average Sheep Distance: 0.239912561200321
Maximum Sheep Distance: 0.3625501716636803
Elapsed Time: 1m 30s
********** 40 **********
Average Fitness: 0.19150000000000003
Maximum Fitness: 0.3666666666666667
Average Pen Distance: 0.4225397946209421
Maximum Pen Distance: 0.6505365693414388
Average Dog Distance: 0.7674565067938706
Maximum Dog Distance: 0.8904085102492768
Average Sheep Distance: 0.24843984270698174
Maximum Sheep Distance: 0.4686926051325642
Elapsed Time: 1m 37s
********** 41 **********
Average Fitness: 0.19116666666666662
Maximum Fitness: 0.3666666666666667
Average Pen Distance: 0.4240830155580666
Maximum Pen Distance: 0.7314414747058166
Average Dog Distance: 0.7591668412444201
Maximum Dog Distance: 0.898060937240901
Average Sheep Distance: 0.24218293765992754
Maximum Sheep Distance: 0.37707158450835426
Elapsed Time: 1m 35s
********** 42 **********
Average Fitness: 0.19599999999999995
Maximum Fitness: 0.3666666666666667
Average Pen Distance: 0.42915487316638623
Maximum Pen Distance: 0.6373365589561933
Average Dog Distance: 0.7784919549660297
Maximum Dog Distance: 0.9156624610842276
Average Sheep Distance: 0.24131877347485503
Maximum Sheep Distance: 0.3620366862926742
Elapsed Time: 1m 40s
********** 43 **********
Average Fitness: 0.18383333333333332
Maximum Fitness: 0.3666666666666667
Average Pen Distance: 0.42982960870735354
Maximum Pen Distance: 0.7794598919748886
Average Dog Distance: 0.7719492169532558
Maximum Dog Distance: 0.8969029054356344
Average Sheep Distance: 0.239457261941213
Maximum Sheep Distance: 0.38161832313890853
Elapsed Time: 1m 39s
********** 44 **********
Average Fitness: 0.20016666666666663
Maximum Fitness: 0.3666666666666667
Average Pen Distance: 0.4501332680476281
Maximum Pen Distance: 0.7031141723906092
Average Dog Distance: 0.7831033567049595
Maximum Dog Distance: 0.8935806521122219
Average Sheep Distance: 0.2371423733441683
Maximum Sheep Distance: 0.3584931619739689
Elapsed Time: 1m 39s
********** 45 **********
Average Fitness: 0.207
Maximum Fitness: 0.3666666666666667
Average Pen Distance: 0.44395115747822267
Maximum Pen Distance: 0.7549912740515022
Average Dog Distance: 0.7932720742104772
Maximum Dog Distance: 0.8976457265940407
Average Sheep Distance: 0.2419260187475217
Maximum Sheep Distance: 0.35033730899742727
Elapsed Time: 1m 34s
********** 46 **********
Average Fitness: 0.2028333333333333
Maximum Fitness: 0.4166666666666667
Average Pen Distance: 0.429353513742835
Maximum Pen Distance: 0.7484096643478565
Average Dog Distance: 0.7863250694734677
Maximum Dog Distance: 0.9072814243621684
Average Sheep Distance: 0.2475641842517425
Maximum Sheep Distance: 0.3778394430740348
Elapsed Time: 1m 33s
********** 47 **********
Average Fitness: 0.20183333333333334
Maximum Fitness: 0.39999999999999997
Average Pen Distance: 0.4356564518762805
Maximum Pen Distance: 0.6859147462682506
Average Dog Distance: 0.7792964304402504
Maximum Dog Distance: 0.9052144218479924
Average Sheep Distance: 0.23792592677981733
Maximum Sheep Distance: 0.37641835266049933
Elapsed Time: 1m 39s
********** 48 **********
Average Fitness: 0.1963333333333333
Maximum Fitness: 0.3833333333333333
Average Pen Distance: 0.4493145217014775
Maximum Pen Distance: 0.6903781848379413
Average Dog Distance: 0.7859771735713372
Maximum Dog Distance: 0.9116528478333135
Average Sheep Distance: 0.24062320832325704
Maximum Sheep Distance: 0.38499864278881074
Elapsed Time: 1m 32s
********** 49 **********
Average Fitness: 0.1991666666666667
Maximum Fitness: 0.3833333333333333
Average Pen Distance: 0.46102272161263963
Maximum Pen Distance: 0.7818410015356232
Average Dog Distance: 0.7839292555754019
Maximum Dog Distance: 0.8911259007159518
Average Sheep Distance: 0.23161787059870098
Maximum Sheep Distance: 0.3681801855723203
Elapsed Time: 1m 38s
********** 50 **********
Average Fitness: 0.19766666666666663
Maximum Fitness: 0.35000000000000003
Average Pen Distance: 0.4869884235768644
Maximum Pen Distance: 0.7773222382395222
Average Dog Distance: 0.7896679939382523
Maximum Dog Distance: 0.8877709044475958
Average Sheep Distance: 0.2276899309064726
Maximum Sheep Distance: 0.3631535897751623
Elapsed Time: 1m 35s
********** 51 **********
Average Fitness: 0.20350000000000001
Maximum Fitness: 0.39999999999999997
Average Pen Distance: 0.487751015715044
Maximum Pen Distance: 0.8369781941595207
Average Dog Distance: 0.7794425573389049
Maximum Dog Distance: 0.869775847232478
Average Sheep Distance: 0.22153625318284195
Maximum Sheep Distance: 0.36821778965252655
Elapsed Time: 1m 31s
********** 52 **********
Average Fitness: 0.2045
Maximum Fitness: 0.3666666666666667
Average Pen Distance: 0.49638091283220265
Maximum Pen Distance: 0.8089525712944531
Average Dog Distance: 0.7710874816814683
Maximum Dog Distance: 0.8787226846564509
Average Sheep Distance: 0.20988655680101298
Maximum Sheep Distance: 0.3535360226491095
Elapsed Time: 1m 34s
********** 53 **********
Average Fitness: 0.19166666666666668
Maximum Fitness: 0.3333333333333333
Average Pen Distance: 0.5071547197937742
Maximum Pen Distance: 0.8591969544265057
Average Dog Distance: 0.7592012463126103
Maximum Dog Distance: 0.8586771762836823
Average Sheep Distance: 0.21518701729438128
Maximum Sheep Distance: 0.3960407677491791
Elapsed Time: 1m 33s
********** 54 **********
Average Fitness: 0.20333333333333337
Maximum Fitness: 0.48333333333333334
Average Pen Distance: 0.4969982137953768
Maximum Pen Distance: 0.8119052680466782
Average Dog Distance: 0.7747364237116996
Maximum Dog Distance: 0.8680636067914141
Average Sheep Distance: 0.2073017338860364
Maximum Sheep Distance: 0.36459412100863137
Elapsed Time: 1m 37s
********** 55 **********
Average Fitness: 0.20116666666666666
Maximum Fitness: 0.39999999999999997
Average Pen Distance: 0.5002729878265976
Maximum Pen Distance: 0.8414857216089112
Average Dog Distance: 0.7580752751477268
Maximum Dog Distance: 0.8819266309201982
Average Sheep Distance: 0.2100717031222568
Maximum Sheep Distance: 0.39606509771851434
Elapsed Time: 1m 37s
********** 56 **********
Average Fitness: 0.2026666666666667
Maximum Fitness: 0.39999999999999997
Average Pen Distance: 0.5028051414440486
Maximum Pen Distance: 0.7803453789211292
Average Dog Distance: 0.7611468726171399
Maximum Dog Distance: 0.8894004325590101
Average Sheep Distance: 0.20606124698582182
Maximum Sheep Distance: 0.30455365201836015
Elapsed Time: 1m 34s
********** 57 **********
Average Fitness: 0.20116666666666666
Maximum Fitness: 0.35000000000000003
Average Pen Distance: 0.4800352140683131
Maximum Pen Distance: 0.7333356100157901
Average Dog Distance: 0.751026368241451
Maximum Dog Distance: 0.8460712862504772
Average Sheep Distance: 0.21587368351844005
Maximum Sheep Distance: 0.3909584090752338
Elapsed Time: 1m 29s
********** 58 **********
Average Fitness: 0.20233333333333337
Maximum Fitness: 0.4666666666666666
Average Pen Distance: 0.48471223264964436
Maximum Pen Distance: 0.8125748289822545
Average Dog Distance: 0.7609724346525539
Maximum Dog Distance: 0.8898457790679611
Average Sheep Distance: 0.22051993810857784
Maximum Sheep Distance: 0.3446083718963606
Elapsed Time: 1m 36s
********** 59 **********
Average Fitness: 0.20833333333333331
Maximum Fitness: 0.35000000000000003
Average Pen Distance: 0.4702435384153267
Maximum Pen Distance: 0.6895372922545467
Average Dog Distance: 0.7566180520854857
Maximum Dog Distance: 0.8835463873730052
Average Sheep Distance: 0.2218886684947071
Maximum Sheep Distance: 0.3840355428136637
Elapsed Time: 1m 40s
********** 60 **********
Average Fitness: 0.19833333333333336
Maximum Fitness: 0.3833333333333333
Average Pen Distance: 0.49592210314196483
Maximum Pen Distance: 0.8378185907184216
Average Dog Distance: 0.7568626827538439
Maximum Dog Distance: 0.8688308554263034
Average Sheep Distance: 0.22200358742426463
Maximum Sheep Distance: 0.32219880612868734
Elapsed Time: 1m 29s
********** 61 **********
Average Fitness: 0.18316666666666662
Maximum Fitness: 0.3333333333333333
Average Pen Distance: 0.5175390933793511
Maximum Pen Distance: 0.8439045879420691
Average Dog Distance: 0.7661376468661313
Maximum Dog Distance: 0.9123116840453571
Average Sheep Distance: 0.22375552995314305
Maximum Sheep Distance: 0.3879871207572228
Elapsed Time: 1m 37s
********** 62 **********
Average Fitness: 0.1928333333333333
Maximum Fitness: 0.39999999999999997
Average Pen Distance: 0.524999936011503
Maximum Pen Distance: 0.8425415926556988
Average Dog Distance: 0.7557867079153212
Maximum Dog Distance: 0.8841736546324351
Average Sheep Distance: 0.21765241759485604
Maximum Sheep Distance: 0.3770093339427439
Elapsed Time: 1m 34s
********** 63 **********
Average Fitness: 0.2058333333333333
Maximum Fitness: 0.4000000000000001
Average Pen Distance: 0.5458330132499296
Maximum Pen Distance: 0.829436302821318
Average Dog Distance: 0.7638269762756452
Maximum Dog Distance: 0.9146934674107957
Average Sheep Distance: 0.2208749907378737
Maximum Sheep Distance: 0.4254712262694829
Elapsed Time: 1m 43s
********** 64 **********
Average Fitness: 0.20516666666666672
Maximum Fitness: 0.35000000000000003
Average Pen Distance: 0.563529208037725
Maximum Pen Distance: 0.7939286630805186
Average Dog Distance: 0.758091028711106
Maximum Dog Distance: 0.8928505582701632
Average Sheep Distance: 0.21024975005583954
Maximum Sheep Distance: 0.4217683329344113
Elapsed Time: 1m 41s
********** 65 **********
Average Fitness: 0.20316666666666666
Maximum Fitness: 0.39999999999999997
Average Pen Distance: 0.5415050427012693
Maximum Pen Distance: 0.8151404410291675
Average Dog Distance: 0.7567680360373271
Maximum Dog Distance: 0.9324423763645399
Average Sheep Distance: 0.21118165119569002
Maximum Sheep Distance: 0.43544747721530563
Elapsed Time: 1m 33s
********** 66 **********
Average Fitness: 0.2065
Maximum Fitness: 0.3833333333333333
Average Pen Distance: 0.5616328606533123
Maximum Pen Distance: 0.7596354147438298
Average Dog Distance: 0.7721859680769437
Maximum Dog Distance: 0.8776835906869965
Average Sheep Distance: 0.21176488197145338
Maximum Sheep Distance: 0.37211248362080135
Elapsed Time: 1m 31s
********** 67 **********
Average Fitness: 0.19849999999999998
Maximum Fitness: 0.3833333333333333
Average Pen Distance: 0.5704291310629401
Maximum Pen Distance: 0.8456508054367982
Average Dog Distance: 0.772841711006424
Maximum Dog Distance: 0.8894217433026866
Average Sheep Distance: 0.21313949462861323
Maximum Sheep Distance: 0.3855246287392926
Elapsed Time: 1m 38s
********** 68 **********
Average Fitness: 0.22750000000000004
Maximum Fitness: 0.4166666666666667
Average Pen Distance: 0.569227420739179
Maximum Pen Distance: 0.8237978752498147
Average Dog Distance: 0.7808216177318741
Maximum Dog Distance: 0.9026720298936918
Average Sheep Distance: 0.20456624321492478
Maximum Sheep Distance: 0.2932574791742451
Elapsed Time: 1m 34s
********** 69 **********
Average Fitness: 0.23983333333333332
Maximum Fitness: 0.45
Average Pen Distance: 0.5699404955630892
Maximum Pen Distance: 0.8118080314730838
Average Dog Distance: 0.7894487847127448
Maximum Dog Distance: 0.870804023857501
Average Sheep Distance: 0.2064145891048498
Maximum Sheep Distance: 0.39054914766920207
Elapsed Time: 1m 37s
********** 70 **********
Average Fitness: 0.22950000000000007
Maximum Fitness: 0.43333333333333335
Average Pen Distance: 0.5788714001940168
Maximum Pen Distance: 0.8810984407631883
Average Dog Distance: 0.7934837605142618
Maximum Dog Distance: 0.9264652143774791
Average Sheep Distance: 0.20888773148095313
Maximum Sheep Distance: 0.43046414153990575
Elapsed Time: 1m 31s
********** 71 **********
Average Fitness: 0.2353333333333333
Maximum Fitness: 0.5166666666666667
Average Pen Distance: 0.572907989468185
Maximum Pen Distance: 0.8826773305288022
Average Dog Distance: 0.7952662804528826
Maximum Dog Distance: 0.8938671944366018
Average Sheep Distance: 0.2093306230052768
Maximum Sheep Distance: 0.4068229778450205
Elapsed Time: 1m 32s
********** 72 **********
Average Fitness: 0.2201666666666667
Maximum Fitness: 0.4166666666666667
Average Pen Distance: 0.5804758779169416
Maximum Pen Distance: 0.8471106541315022
Average Dog Distance: 0.7878934188969101
Maximum Dog Distance: 0.9006869666710847
Average Sheep Distance: 0.21441221648260392
Maximum Sheep Distance: 0.3612337755435245
Elapsed Time: 1m 35s
********** 73 **********
Average Fitness: 0.2331666666666667
Maximum Fitness: 0.4166666666666667
Average Pen Distance: 0.5861747328703623
Maximum Pen Distance: 0.8668059748149134
Average Dog Distance: 0.7886516395615298
Maximum Dog Distance: 0.9016296966848091
Average Sheep Distance: 0.21522491642567015
Maximum Sheep Distance: 0.4091468646218322
Elapsed Time: 1m 23s
********** 74 **********
Average Fitness: 0.23850000000000002
Maximum Fitness: 0.45
Average Pen Distance: 0.5600696564179831
Maximum Pen Distance: 0.846134117328534
Average Dog Distance: 0.7972230669046225
Maximum Dog Distance: 0.8907834448809933
Average Sheep Distance: 0.2138533931490211
Maximum Sheep Distance: 0.3797706039260702
Elapsed Time: 1m 28s
********** 75 **********
Average Fitness: 0.2426666666666667
Maximum Fitness: 0.4000000000000001
Average Pen Distance: 0.544282912047681
Maximum Pen Distance: 0.7411034482579743
Average Dog Distance: 0.7886593857827023
Maximum Dog Distance: 0.8728881623916163
Average Sheep Distance: 0.21459656951524753
Maximum Sheep Distance: 0.39130081716324255
Elapsed Time: 1m 33s
********** 76 **********
Average Fitness: 0.23700000000000002
Maximum Fitness: 0.45
Average Pen Distance: 0.5677650687521308
Maximum Pen Distance: 0.8398030065672595
Average Dog Distance: 0.7929625203230379
Maximum Dog Distance: 0.8922634547837728
Average Sheep Distance: 0.22092272436145058
Maximum Sheep Distance: 0.441614351616818
Elapsed Time: 1m 40s
********** 77 **********
Average Fitness: 0.2415
Maximum Fitness: 0.43333333333333335
Average Pen Distance: 0.5454666179917533
Maximum Pen Distance: 0.9366651098736366
Average Dog Distance: 0.7912096336838569
Maximum Dog Distance: 0.8989660794224724
Average Sheep Distance: 0.2176242915809918
Maximum Sheep Distance: 0.4019992633771081
Elapsed Time: 1m 31s
********** 78 **********
Average Fitness: 0.24900000000000003
Maximum Fitness: 0.4333333333333333
Average Pen Distance: 0.5551468925457709
Maximum Pen Distance: 0.8199263578601537
Average Dog Distance: 0.8042582075994781
Maximum Dog Distance: 0.8969019035844382
Average Sheep Distance: 0.21993223882420954
Maximum Sheep Distance: 0.36995168367052406
Elapsed Time: 1m 24s
********** 79 **********
Average Fitness: 0.24883333333333335
Maximum Fitness: 0.5499999999999999
Average Pen Distance: 0.5467589302203144
Maximum Pen Distance: 0.7491575497985208
Average Dog Distance: 0.8086163648941708
Maximum Dog Distance: 0.8996871360474924
Average Sheep Distance: 0.2151829679250467
Maximum Sheep Distance: 0.31649249746980934
Elapsed Time: 1m 41s
********** 80 **********
Average Fitness: 0.25549999999999995
Maximum Fitness: 0.45
Average Pen Distance: 0.5574676496750924
Maximum Pen Distance: 0.7798370216913731
Average Dog Distance: 0.7966756775725711
Maximum Dog Distance: 0.8957769947036208
Average Sheep Distance: 0.21930450043355015
Maximum Sheep Distance: 0.367100256015051
Elapsed Time: 1m 31s
********** 81 **********
Average Fitness: 0.25616666666666665
Maximum Fitness: 0.48333333333333334
Average Pen Distance: 0.5542221717464165
Maximum Pen Distance: 0.8031452517259301
Average Dog Distance: 0.7915408724736348
Maximum Dog Distance: 0.8770650743989622
Average Sheep Distance: 0.2140877782210504
Maximum Sheep Distance: 0.36459766841330365
Elapsed Time: 1m 35s
********** 82 **********
Average Fitness: 0.23950000000000002
Maximum Fitness: 0.43333333333333335
Average Pen Distance: 0.5457004130870914
Maximum Pen Distance: 0.9152055858760612
Average Dog Distance: 0.7912333021036513
Maximum Dog Distance: 0.919575863747433
Average Sheep Distance: 0.22283348377298615
Maximum Sheep Distance: 0.40669980999903427
Elapsed Time: 1m 32s
********** 83 **********
Average Fitness: 0.26566666666666666
Maximum Fitness: 0.4000000000000001
Average Pen Distance: 0.5328441855968391
Maximum Pen Distance: 0.8050396856882133
Average Dog Distance: 0.7906269333816702
Maximum Dog Distance: 0.8862727092923942
Average Sheep Distance: 0.22735303059009632
Maximum Sheep Distance: 0.34777690714352394
Elapsed Time: 1m 35s
********** 84 **********
Average Fitness: 0.27216666666666667
Maximum Fitness: 0.5166666666666666
Average Pen Distance: 0.5136741312136689
Maximum Pen Distance: 0.810330410478885
Average Dog Distance: 0.7837877521392934
Maximum Dog Distance: 0.9021916182234767
Average Sheep Distance: 0.22241664689092175
Maximum Sheep Distance: 0.4079449797910857
Elapsed Time: 1m 29s
********** 85 **********
Average Fitness: 0.2711666666666666
Maximum Fitness: 0.45
Average Pen Distance: 0.5074568291732322
Maximum Pen Distance: 0.6641258185055787
Average Dog Distance: 0.7889020034796682
Maximum Dog Distance: 0.8845419771756348
Average Sheep Distance: 0.21829766351495347
Maximum Sheep Distance: 0.3497468638063133
Elapsed Time: 1m 40s
********** 86 **********
Average Fitness: 0.26666666666666666
Maximum Fitness: 0.4666666666666666
Average Pen Distance: 0.4827559150729909
Maximum Pen Distance: 0.7938010720024646
Average Dog Distance: 0.7809828294170025
Maximum Dog Distance: 0.8665429071798753
Average Sheep Distance: 0.23954822807977658
Maximum Sheep Distance: 0.3344611695185921
Elapsed Time: 1m 37s
********** 87 **********
Average Fitness: 0.2823333333333333
Maximum Fitness: 0.45
Average Pen Distance: 0.45101516501715766
Maximum Pen Distance: 0.7482250670246032
Average Dog Distance: 0.768971493567966
Maximum Dog Distance: 0.8532132019454872
Average Sheep Distance: 0.2398221543114859
Maximum Sheep Distance: 0.3368075142478372
Elapsed Time: 1m 28s
********** 88 **********
Average Fitness: 0.26849999999999996
Maximum Fitness: 0.45
Average Pen Distance: 0.47258518025447593
Maximum Pen Distance: 0.7927499019384644
Average Dog Distance: 0.7696014469130269
Maximum Dog Distance: 0.8492414003034959
Average Sheep Distance: 0.24183782046703034
Maximum Sheep Distance: 0.3539379049486396
Elapsed Time: 1m 33s
********** 89 **********
Average Fitness: 0.27016666666666667
Maximum Fitness: 0.4666666666666666
Average Pen Distance: 0.48156243813855026
Maximum Pen Distance: 0.8489089779141317
Average Dog Distance: 0.776877888561079
Maximum Dog Distance: 0.8609464200979806
Average Sheep Distance: 0.24374799799781724
Maximum Sheep Distance: 0.3193759900613226
Elapsed Time: 1m 30s
********** 90 **********
Average Fitness: 0.29883333333333334
Maximum Fitness: 0.4666666666666666
Average Pen Distance: 0.4572657120527317
Maximum Pen Distance: 0.827517531145113
Average Dog Distance: 0.7728893483457052
Maximum Dog Distance: 0.8789351458379934
Average Sheep Distance: 0.24604115055124795
Maximum Sheep Distance: 0.3650359287323508
Elapsed Time: 1m 30s
********** 91 **********
Average Fitness: 0.30416666666666664
Maximum Fitness: 0.5333333333333333
Average Pen Distance: 0.448507031593307
Maximum Pen Distance: 0.6370012714419246
Average Dog Distance: 0.7705327443987858
Maximum Dog Distance: 0.8466747736012157
Average Sheep Distance: 0.2418188696808974
Maximum Sheep Distance: 0.3332263544490433
Elapsed Time: 1m 36s
********** 92 **********
Average Fitness: 0.28933333333333333
Maximum Fitness: 0.43333333333333335
Average Pen Distance: 0.44209264965499206
Maximum Pen Distance: 0.8401488790386761
Average Dog Distance: 0.7676606728939056
Maximum Dog Distance: 0.8513705627749669
Average Sheep Distance: 0.24352260989159025
Maximum Sheep Distance: 0.32861358152491377
Elapsed Time: 1m 29s
********** 93 **********
Average Fitness: 0.2901666666666667
Maximum Fitness: 0.5166666666666667
Average Pen Distance: 0.42962031227851294
Maximum Pen Distance: 0.7106211450173573
Average Dog Distance: 0.7584152896694464
Maximum Dog Distance: 0.8622247257664087
Average Sheep Distance: 0.24777077435547562
Maximum Sheep Distance: 0.35610785572926346
Elapsed Time: 1m 31s
********** 94 **********
Average Fitness: 0.2808333333333334
Maximum Fitness: 0.5166666666666667
Average Pen Distance: 0.43338733728981466
Maximum Pen Distance: 0.6175538742174966
Average Dog Distance: 0.7724607938793122
Maximum Dog Distance: 0.8861990886018053
Average Sheep Distance: 0.24606212474774813
Maximum Sheep Distance: 0.31112393501877006
Elapsed Time: 1m 30s
********** 95 **********
Average Fitness: 0.30349999999999994
Maximum Fitness: 0.5333333333333333
Average Pen Distance: 0.4406061133815505
Maximum Pen Distance: 0.6262625724557557
Average Dog Distance: 0.7717054144236039
Maximum Dog Distance: 0.8505331372133288
Average Sheep Distance: 0.2425290343382615
Maximum Sheep Distance: 0.36049169665061115
Elapsed Time: 1m 23s
********** 96 **********
Average Fitness: 0.284
Maximum Fitness: 0.45
Average Pen Distance: 0.4486644727165065
Maximum Pen Distance: 0.904854051245187
Average Dog Distance: 0.7721794204184711
Maximum Dog Distance: 0.90719638587377
Average Sheep Distance: 0.24722832176082524
Maximum Sheep Distance: 0.38234556346155446
Elapsed Time: 1m 37s
********** 97 **********
Average Fitness: 0.30133333333333323
Maximum Fitness: 0.5
Average Pen Distance: 0.44818944321810766
Maximum Pen Distance: 0.7814958646217591
Average Dog Distance: 0.7627843386067416
Maximum Dog Distance: 0.8499867127877251
Average Sheep Distance: 0.24484358531156467
Maximum Sheep Distance: 0.3824807513420823
Elapsed Time: 1m 38s
********** 98 **********
Average Fitness: 0.32233333333333336
Maximum Fitness: 0.5333333333333333
Average Pen Distance: 0.44870034832471917
Maximum Pen Distance: 0.6529829151939078
Average Dog Distance: 0.7666612585132639
Maximum Dog Distance: 0.8654402104719695
Average Sheep Distance: 0.24759443549542387
Maximum Sheep Distance: 0.38474343132295524
Elapsed Time: 1m 31s
********** 99 **********
Average Fitness: 0.2773333333333333
Maximum Fitness: 0.45
Average Pen Distance: 0.43359510706010373
Maximum Pen Distance: 0.5481959311618033
Average Dog Distance: 0.7578103280065239
Maximum Dog Distance: 0.8334747522147695
Average Sheep Distance: 0.24688682541668208
Maximum Sheep Distance: 0.38576019091119723
Elapsed Time: 1m 38s
********** 100 **********
Average Fitness: 0.2841666666666667
Maximum Fitness: 0.5
Average Pen Distance: 0.45413648939810985
Maximum Pen Distance: 0.8067180324815247
Average Dog Distance: 0.7615532341800061
Maximum Dog Distance: 0.9173516668721474
Average Sheep Distance: 0.24136406161563323
Maximum Sheep Distance: 0.3733911052064917
Elapsed Time: 1m 34s
