********** 1 **********
Average Fitness: 0.09166666666666665
Maximum Fitness: 0.4000000000000001
Average Pen Distance: 0.5177164911956641
Maximum Pen Distance: 0.8491107531880605
Average Dog Distance: 0.5776807266461312
Maximum Dog Distance: 0.7871749451835602
Average Sheep Distance: 0.4139248237522908
Maximum Sheep Distance: 0.534391353276268
Elapsed Time: 1m 19s
********** 2 **********
Average Fitness: 0.10366666666666666
Maximum Fitness: 0.3333333333333333
Average Pen Distance: 0.454784284631675
Maximum Pen Distance: 0.8126298850673507
Average Dog Distance: 0.562509521977782
Maximum Dog Distance: 0.8543789274876131
Average Sheep Distance: 0.4067690946211483
Maximum Sheep Distance: 0.5293169143288369
Elapsed Time: 1m 15s
********** 3 **********
Average Fitness: 0.10766666666666666
Maximum Fitness: 0.3
Average Pen Distance: 0.4373573936592997
Maximum Pen Distance: 0.838558310543748
Average Dog Distance: 0.5502770347656459
Maximum Dog Distance: 0.801036547376668
Average Sheep Distance: 0.408542036251927
Maximum Sheep Distance: 0.4969432854192665
Elapsed Time: 1m 14s
********** 4 **********
Average Fitness: 0.10633333333333331
Maximum Fitness: 0.3
Average Pen Distance: 0.43498743215169866
Maximum Pen Distance: 0.7671822936888736
Average Dog Distance: 0.5550084790348139
Maximum Dog Distance: 0.8200507561447354
Average Sheep Distance: 0.4077181564929343
Maximum Sheep Distance: 0.48834021910008457
Elapsed Time: 1m 25s
********** 5 **********
Average Fitness: 0.12233333333333331
Maximum Fitness: 0.39999999999999997
Average Pen Distance: 0.38761192938589256
Maximum Pen Distance: 0.7333341826167626
Average Dog Distance: 0.552370069763465
Maximum Dog Distance: 0.8315938315764396
Average Sheep Distance: 0.40847578563140385
Maximum Sheep Distance: 0.5013617079514291
Elapsed Time: 1m 26s
********** 6 **********
Average Fitness: 0.11299999999999999
Maximum Fitness: 0.3
Average Pen Distance: 0.4047082363960056
Maximum Pen Distance: 0.7403295263932161
Average Dog Distance: 0.5592852013477632
Maximum Dog Distance: 0.7901242393792421
Average Sheep Distance: 0.40545817058409606
Maximum Sheep Distance: 0.4921296772960803
Elapsed Time: 1m 16s
********** 7 **********
Average Fitness: 0.12299999999999998
Maximum Fitness: 0.3666666666666667
Average Pen Distance: 0.41715913021276685
Maximum Pen Distance: 0.7424962723279745
Average Dog Distance: 0.579606294549199
Maximum Dog Distance: 0.8127593243642245
Average Sheep Distance: 0.4063666767602973
Maximum Sheep Distance: 0.48234855907361673
Elapsed Time: 1m 22s
********** 8 **********
Average Fitness: 0.1393333333333333
Maximum Fitness: 0.39999999999999997
Average Pen Distance: 0.39164158414186256
Maximum Pen Distance: 0.7312230666751764
Average Dog Distance: 0.5990156834339395
Maximum Dog Distance: 0.8196552617199288
Average Sheep Distance: 0.399590580176422
Maximum Sheep Distance: 0.4859638185155177
Elapsed Time: 1m 32s
********** 9 **********
Average Fitness: 0.14466666666666664
Maximum Fitness: 0.43333333333333335
Average Pen Distance: 0.3954093654776236
Maximum Pen Distance: 0.7897485893579791
Average Dog Distance: 0.5967948081051617
Maximum Dog Distance: 0.874370831530828
Average Sheep Distance: 0.4177066014050637
Maximum Sheep Distance: 0.527404687142744
Elapsed Time: 1m 13s
********** 10 **********
Average Fitness: 0.14300000000000002
Maximum Fitness: 0.39999999999999997
Average Pen Distance: 0.4193152457968676
Maximum Pen Distance: 0.8484215819104696
Average Dog Distance: 0.6261796907915285
Maximum Dog Distance: 0.8296369019254537
Average Sheep Distance: 0.40885228613199276
Maximum Sheep Distance: 0.4949797665476019
Elapsed Time: 1m 14s
********** 11 **********
Average Fitness: 0.15066666666666667
Maximum Fitness: 0.4000000000000001
Average Pen Distance: 0.4071919093560487
Maximum Pen Distance: 0.8087047105867541
Average Dog Distance: 0.6104663743966622
Maximum Dog Distance: 0.8086195670609387
Average Sheep Distance: 0.41050668344581126
Maximum Sheep Distance: 0.5346790798016996
Elapsed Time: 1m 26s
********** 12 **********
Average Fitness: 0.13533333333333333
Maximum Fitness: 0.43333333333333335
Average Pen Distance: 0.4130674027987744
Maximum Pen Distance: 0.6961090864312037
Average Dog Distance: 0.6154577997740883
Maximum Dog Distance: 0.8273379869466694
Average Sheep Distance: 0.40182221913329835
Maximum Sheep Distance: 0.49368616142768545
Elapsed Time: 1m 19s
********** 13 **********
Average Fitness: 0.16200000000000003
Maximum Fitness: 0.3666666666666667
Average Pen Distance: 0.41827676443489153
Maximum Pen Distance: 0.826606736471887
Average Dog Distance: 0.6232525921385755
Maximum Dog Distance: 0.8094978874059243
Average Sheep Distance: 0.4068093146961333
Maximum Sheep Distance: 0.4809204909494505
Elapsed Time: 1m 14s
********** 14 **********
Average Fitness: 0.16433333333333333
Maximum Fitness: 0.5
Average Pen Distance: 0.408647574465125
Maximum Pen Distance: 0.7864807003778042
Average Dog Distance: 0.6190149880571606
Maximum Dog Distance: 0.7982733007461084
Average Sheep Distance: 0.40834715237003694
Maximum Sheep Distance: 0.4998566001180477
Elapsed Time: 1m 13s
********** 15 **********
Average Fitness: 0.1776666666666667
Maximum Fitness: 0.4666666666666666
Average Pen Distance: 0.3825524816321551
Maximum Pen Distance: 0.6181430084715128
Average Dog Distance: 0.6422156779261639
Maximum Dog Distance: 0.8085494404585337
Average Sheep Distance: 0.40941204011277627
Maximum Sheep Distance: 0.5191110606626045
Elapsed Time: 1m 10s
********** 16 **********
Average Fitness: 0.17233333333333334
Maximum Fitness: 0.4666666666666666
Average Pen Distance: 0.4220360973532046
Maximum Pen Distance: 0.8166082664443396
Average Dog Distance: 0.6426172196248817
Maximum Dog Distance: 0.7999288095095088
Average Sheep Distance: 0.40526002364589936
Maximum Sheep Distance: 0.49296661589727747
Elapsed Time: 1m 16s
********** 17 **********
Average Fitness: 0.18600000000000005
Maximum Fitness: 0.5
Average Pen Distance: 0.41823946622455666
Maximum Pen Distance: 0.6631577922447659
Average Dog Distance: 0.6540864578568569
Maximum Dog Distance: 0.8038238275547901
Average Sheep Distance: 0.40396917790214487
Maximum Sheep Distance: 0.5256534281205613
Elapsed Time: 1m 12s
********** 18 **********
Average Fitness: 0.18833333333333338
Maximum Fitness: 0.4666666666666666
Average Pen Distance: 0.4225574673962809
Maximum Pen Distance: 0.7220165090584091
Average Dog Distance: 0.6481484420588045
Maximum Dog Distance: 0.9004728643544357
Average Sheep Distance: 0.4094526057800939
Maximum Sheep Distance: 0.5679395968914652
Elapsed Time: 1m 11s
********** 19 **********
Average Fitness: 0.20933333333333337
Maximum Fitness: 0.3666666666666667
Average Pen Distance: 0.4084956938899872
Maximum Pen Distance: 0.8370111173920193
Average Dog Distance: 0.6571355353230599
Maximum Dog Distance: 0.8290352988619994
Average Sheep Distance: 0.4067612012764224
Maximum Sheep Distance: 0.5048522539400176
Elapsed Time: 1m 30s
********** 20 **********
Average Fitness: 0.2003333333333333
Maximum Fitness: 0.4666666666666666
Average Pen Distance: 0.4013179470311272
Maximum Pen Distance: 0.6590913611709873
Average Dog Distance: 0.6536179272490789
Maximum Dog Distance: 0.8782861883416913
Average Sheep Distance: 0.41117779476590377
Maximum Sheep Distance: 0.4968877455751472
Elapsed Time: 1m 11s
********** 21 **********
Average Fitness: 0.19899999999999995
Maximum Fitness: 0.43333333333333335
Average Pen Distance: 0.4146709354193868
Maximum Pen Distance: 0.7852052921156861
Average Dog Distance: 0.6428365913702518
Maximum Dog Distance: 0.869134053713115
Average Sheep Distance: 0.4061339786417313
Maximum Sheep Distance: 0.4917392469988962
Elapsed Time: 1m 22s
********** 22 **********
Average Fitness: 0.2136666666666667
Maximum Fitness: 0.5666666666666667
Average Pen Distance: 0.4104346200520452
Maximum Pen Distance: 0.6575067036688079
Average Dog Distance: 0.6433485273997624
Maximum Dog Distance: 0.8824012721635478
Average Sheep Distance: 0.40063087100486683
Maximum Sheep Distance: 0.5104293992661919
Elapsed Time: 1m 18s
********** 23 **********
Average Fitness: 0.22033333333333335
Maximum Fitness: 0.5333333333333333
Average Pen Distance: 0.3993073054108489
Maximum Pen Distance: 0.5959518131736298
Average Dog Distance: 0.6549332148182907
Maximum Dog Distance: 0.8870864736786813
Average Sheep Distance: 0.40254759721331995
Maximum Sheep Distance: 0.47852678803286924
Elapsed Time: 1m 23s
********** 24 **********
Average Fitness: 0.24500000000000002
Maximum Fitness: 0.5333333333333333
Average Pen Distance: 0.39050582312122556
Maximum Pen Distance: 0.6192211559916249
Average Dog Distance: 0.6408499036905781
Maximum Dog Distance: 0.854596502443838
Average Sheep Distance: 0.39795734316505443
Maximum Sheep Distance: 0.4787888964079389
Elapsed Time: 1m 8s
********** 25 **********
Average Fitness: 0.225
Maximum Fitness: 0.43333333333333335
Average Pen Distance: 0.39561446807371453
Maximum Pen Distance: 0.5855261461655347
Average Dog Distance: 0.6502051638055815
Maximum Dog Distance: 0.8506710745387974
Average Sheep Distance: 0.4053685289379238
Maximum Sheep Distance: 0.47830335447739825
Elapsed Time: 1m 19s
********** 26 **********
Average Fitness: 0.2246666666666667
Maximum Fitness: 0.5
Average Pen Distance: 0.40197570928465304
Maximum Pen Distance: 0.7798025984028092
Average Dog Distance: 0.6398024973555454
Maximum Dog Distance: 0.7755131087183779
Average Sheep Distance: 0.40544528634301585
Maximum Sheep Distance: 0.49782299014435366
Elapsed Time: 1m 13s
********** 27 **********
Average Fitness: 0.2386666666666667
Maximum Fitness: 0.46666666666666673
Average Pen Distance: 0.4021834996057128
Maximum Pen Distance: 0.6617464732844983
Average Dog Distance: 0.6380257391579456
Maximum Dog Distance: 0.7783753780295178
Average Sheep Distance: 0.4011561855330221
Maximum Sheep Distance: 0.49164222746528985
Elapsed Time: 1m 22s
********** 28 **********
Average Fitness: 0.22933333333333336
Maximum Fitness: 0.5333333333333333
Average Pen Distance: 0.4313259971820323
Maximum Pen Distance: 0.7887312358040371
Average Dog Distance: 0.6591999757084386
Maximum Dog Distance: 0.8063786453867193
Average Sheep Distance: 0.4004895241292576
Maximum Sheep Distance: 0.4926940617614883
Elapsed Time: 1m 16s
********** 29 **********
Average Fitness: 0.24599999999999997
Maximum Fitness: 0.5333333333333333
Average Pen Distance: 0.42712155980219
Maximum Pen Distance: 0.6587089216574209
Average Dog Distance: 0.6679268367908757
Maximum Dog Distance: 0.8011707233481636
Average Sheep Distance: 0.3891485852191348
Maximum Sheep Distance: 0.462249804342804
Elapsed Time: 1m 8s
********** 30 **********
Average Fitness: 0.25833333333333336
Maximum Fitness: 0.5333333333333333
Average Pen Distance: 0.4414436738349164
Maximum Pen Distance: 0.7801222651051339
Average Dog Distance: 0.6615161072914059
Maximum Dog Distance: 0.7845828807532188
Average Sheep Distance: 0.39139036354719237
Maximum Sheep Distance: 0.48054789806394166
Elapsed Time: 1m 20s
********** 31 **********
Average Fitness: 0.24566666666666667
Maximum Fitness: 0.6
Average Pen Distance: 0.43974445375220006
Maximum Pen Distance: 0.8416509786942897
Average Dog Distance: 0.6589921462000405
Maximum Dog Distance: 0.7844445009330165
Average Sheep Distance: 0.38504336569060293
Maximum Sheep Distance: 0.44642852374301406
Elapsed Time: 1m 21s
********** 32 **********
Average Fitness: 0.26033333333333336
Maximum Fitness: 0.5333333333333333
Average Pen Distance: 0.428697176582468
Maximum Pen Distance: 0.6071817223859423
Average Dog Distance: 0.6591525785913123
Maximum Dog Distance: 0.7882437715723536
Average Sheep Distance: 0.39358366391968075
Maximum Sheep Distance: 0.5180729706015459
Elapsed Time: 1m 12s
********** 33 **********
Average Fitness: 0.2826666666666666
Maximum Fitness: 0.5
Average Pen Distance: 0.43305662150791874
Maximum Pen Distance: 0.8204912096953856
Average Dog Distance: 0.652461914915961
Maximum Dog Distance: 0.7649279901497641
Average Sheep Distance: 0.39595143788300036
Maximum Sheep Distance: 0.45205303506709144
Elapsed Time: 1m 8s
********** 34 **********
Average Fitness: 0.27
Maximum Fitness: 0.5
Average Pen Distance: 0.4214148968509114
Maximum Pen Distance: 0.6213142069702523
Average Dog Distance: 0.6563387684468066
Maximum Dog Distance: 0.7739490302833656
Average Sheep Distance: 0.3864878813522315
Maximum Sheep Distance: 0.4844724576568184
Elapsed Time: 1m 14s
********** 35 **********
Average Fitness: 0.2846666666666666
Maximum Fitness: 0.5333333333333333
Average Pen Distance: 0.4159036310893145
Maximum Pen Distance: 0.7204457174530323
Average Dog Distance: 0.6594958167701518
Maximum Dog Distance: 0.7727744057167563
Average Sheep Distance: 0.3936470835869209
Maximum Sheep Distance: 0.4894318038637348
Elapsed Time: 1m 9s
********** 36 **********
Average Fitness: 0.2763333333333333
Maximum Fitness: 0.5333333333333333
Average Pen Distance: 0.4159779259895879
Maximum Pen Distance: 0.679732757438709
Average Dog Distance: 0.6523291917982683
Maximum Dog Distance: 0.7747347736289926
Average Sheep Distance: 0.39252310410480873
Maximum Sheep Distance: 0.49303777436600266
Elapsed Time: 1m 8s
********** 37 **********
Average Fitness: 0.28
Maximum Fitness: 0.6
Average Pen Distance: 0.4085101760964714
Maximum Pen Distance: 0.7932329398634574
Average Dog Distance: 0.6668179150646526
Maximum Dog Distance: 0.7742967902948493
Average Sheep Distance: 0.3926134850558887
Maximum Sheep Distance: 0.47678117686742505
Elapsed Time: 1m 16s
********** 38 **********
Average Fitness: 0.2653333333333333
Maximum Fitness: 0.5
Average Pen Distance: 0.3923825054100857
Maximum Pen Distance: 0.5950890242173087
Average Dog Distance: 0.6496380690215972
Maximum Dog Distance: 0.7638603098634592
Average Sheep Distance: 0.39179987592140975
Maximum Sheep Distance: 0.487698086681555
Elapsed Time: 1m 19s
********** 39 **********
Average Fitness: 0.279
Maximum Fitness: 0.5
Average Pen Distance: 0.396750345838016
Maximum Pen Distance: 0.8013113146365627
Average Dog Distance: 0.6469205053758654
Maximum Dog Distance: 0.7833378552642177
Average Sheep Distance: 0.38936693882890394
Maximum Sheep Distance: 0.49205376646337645
Elapsed Time: 1m 25s
********** 40 **********
Average Fitness: 0.2663333333333333
Maximum Fitness: 0.6333333333333333
Average Pen Distance: 0.3829774278763032
Maximum Pen Distance: 0.629182424520522
Average Dog Distance: 0.6556726158604715
Maximum Dog Distance: 0.7881310013043518
Average Sheep Distance: 0.3983043976858772
Maximum Sheep Distance: 0.5158735577444696
Elapsed Time: 1m 20s
********** 41 **********
Average Fitness: 0.275
Maximum Fitness: 0.5666666666666667
Average Pen Distance: 0.3887134261041797
Maximum Pen Distance: 0.5483216041021075
Average Dog Distance: 0.6599433352819737
Maximum Dog Distance: 0.7768769391241154
Average Sheep Distance: 0.39694438781888425
Maximum Sheep Distance: 0.4986948859286329
Elapsed Time: 1m 12s
********** 42 **********
Average Fitness: 0.301
Maximum Fitness: 0.5666666666666667
Average Pen Distance: 0.37790775051359227
Maximum Pen Distance: 0.5327611524165278
Average Dog Distance: 0.6556797095154502
Maximum Dog Distance: 0.7361762949670428
Average Sheep Distance: 0.38776556336829066
Maximum Sheep Distance: 0.4817961638890415
Elapsed Time: 1m 16s
********** 43 **********
Average Fitness: 0.28
Maximum Fitness: 0.5333333333333333
Average Pen Distance: 0.3793559569884158
Maximum Pen Distance: 0.5982129413445972
Average Dog Distance: 0.652440038427273
Maximum Dog Distance: 0.7677629368574644
Average Sheep Distance: 0.39293851624365983
Maximum Sheep Distance: 0.46395108697501214
Elapsed Time: 1m 11s
********** 44 **********
Average Fitness: 0.26699999999999996
Maximum Fitness: 0.6
Average Pen Distance: 0.4092926401130617
Maximum Pen Distance: 0.9037760236665133
Average Dog Distance: 0.6545499065445378
Maximum Dog Distance: 0.7878150183760768
Average Sheep Distance: 0.3903155064496376
Maximum Sheep Distance: 0.4745434814317349
Elapsed Time: 1m 20s
********** 45 **********
Average Fitness: 0.307
Maximum Fitness: 0.6666666666666666
Average Pen Distance: 0.40768833360493323
Maximum Pen Distance: 0.9321362306379767
Average Dog Distance: 0.6656590782832914
Maximum Dog Distance: 0.7949846179740017
Average Sheep Distance: 0.388857971349003
Maximum Sheep Distance: 0.4626842733997574
Elapsed Time: 1m 11s
********** 46 **********
Average Fitness: 0.3
Maximum Fitness: 0.5666666666666667
Average Pen Distance: 0.38543527292387436
Maximum Pen Distance: 0.5883043175829316
Average Dog Distance: 0.6613028560540524
Maximum Dog Distance: 0.7760540862875684
Average Sheep Distance: 0.3865067949451963
Maximum Sheep Distance: 0.45415267132445997
Elapsed Time: 1m 13s
********** 47 **********
Average Fitness: 0.3046666666666667
Maximum Fitness: 0.6
Average Pen Distance: 0.39996921654376744
Maximum Pen Distance: 0.6295030528894149
Average Dog Distance: 0.6676027452120755
Maximum Dog Distance: 0.7746976276759546
Average Sheep Distance: 0.3883733284998159
Maximum Sheep Distance: 0.47642326876312624
Elapsed Time: 1m 8s
********** 48 **********
Average Fitness: 0.30133333333333334
Maximum Fitness: 0.6
Average Pen Distance: 0.4082939162411353
Maximum Pen Distance: 0.7335682895188599
Average Dog Distance: 0.6715855856761
Maximum Dog Distance: 0.7786558293574188
Average Sheep Distance: 0.3838314563839473
Maximum Sheep Distance: 0.45827013753015344
Elapsed Time: 1m 7s
********** 49 **********
Average Fitness: 0.29833333333333334
Maximum Fitness: 0.6
Average Pen Distance: 0.4044050806332947
Maximum Pen Distance: 0.8187436667456979
Average Dog Distance: 0.6677702691153371
Maximum Dog Distance: 0.8250855247120034
Average Sheep Distance: 0.3821509816112446
Maximum Sheep Distance: 0.46492622469094286
Elapsed Time: 1m 9s
********** 50 **********
Average Fitness: 0.31233333333333335
Maximum Fitness: 0.6
Average Pen Distance: 0.400633856318364
Maximum Pen Distance: 0.7154474520019937
Average Dog Distance: 0.6680201248103789
Maximum Dog Distance: 0.8068632197367442
Average Sheep Distance: 0.38590564166453617
Maximum Sheep Distance: 0.49736000758222043
Elapsed Time: 1m 12s
********** 51 **********
Average Fitness: 0.313
Maximum Fitness: 0.5666666666666668
Average Pen Distance: 0.39693346185176287
Maximum Pen Distance: 0.7105232801208309
Average Dog Distance: 0.6665740508855508
Maximum Dog Distance: 0.8248293135966641
Average Sheep Distance: 0.38094380599748784
Maximum Sheep Distance: 0.4823903113583808
Elapsed Time: 1m 20s
********** 52 **********
Average Fitness: 0.3126666666666667
Maximum Fitness: 0.6
Average Pen Distance: 0.38073076909949405
Maximum Pen Distance: 0.5803116998127926
Average Dog Distance: 0.6699061592018684
Maximum Dog Distance: 0.800701139866088
Average Sheep Distance: 0.38483022583440823
Maximum Sheep Distance: 0.4948032828879378
Elapsed Time: 1m 29s
********** 53 **********
Average Fitness: 0.3203333333333333
Maximum Fitness: 0.6333333333333333
Average Pen Distance: 0.3862831711203388
Maximum Pen Distance: 0.6201780229157086
Average Dog Distance: 0.6599223246743493
Maximum Dog Distance: 0.862313508821743
Average Sheep Distance: 0.3866562221542501
Maximum Sheep Distance: 0.4729968541932408
Elapsed Time: 1m 28s
********** 54 **********
Average Fitness: 0.3043333333333333
Maximum Fitness: 0.5333333333333333
Average Pen Distance: 0.39009365262234474
Maximum Pen Distance: 0.6213742499372749
Average Dog Distance: 0.6725387580114937
Maximum Dog Distance: 0.802056537134611
Average Sheep Distance: 0.37880293446313795
Maximum Sheep Distance: 0.4782628684461853
Elapsed Time: 1m 18s
********** 55 **********
Average Fitness: 0.31633333333333336
Maximum Fitness: 0.5666666666666667
Average Pen Distance: 0.3888189988624452
Maximum Pen Distance: 0.8085691126963863
Average Dog Distance: 0.6758004532270542
Maximum Dog Distance: 0.8272283522680858
Average Sheep Distance: 0.38351097724811534
Maximum Sheep Distance: 0.46435816486338544
Elapsed Time: 1m 10s
********** 56 **********
Average Fitness: 0.33266666666666667
Maximum Fitness: 0.5333333333333333
Average Pen Distance: 0.38913190889066196
Maximum Pen Distance: 0.6153461894218019
Average Dog Distance: 0.685321521595326
Maximum Dog Distance: 0.8311867896250654
Average Sheep Distance: 0.37712023440881315
Maximum Sheep Distance: 0.5005562295432511
Elapsed Time: 1m 25s
********** 57 **********
Average Fitness: 0.3289999999999999
Maximum Fitness: 0.5666666666666668
Average Pen Distance: 0.39713585883855407
Maximum Pen Distance: 0.585925036826525
Average Dog Distance: 0.6972375945427057
Maximum Dog Distance: 0.8466416217880086
Average Sheep Distance: 0.3844294778715014
Maximum Sheep Distance: 0.45292155550888685
Elapsed Time: 1m 13s
********** 58 **********
Average Fitness: 0.32299999999999995
Maximum Fitness: 0.5666666666666668
Average Pen Distance: 0.39372675060701146
Maximum Pen Distance: 0.6932254163615924
Average Dog Distance: 0.6923079556410638
Maximum Dog Distance: 0.8173093514894457
Average Sheep Distance: 0.37962594231386626
Maximum Sheep Distance: 0.49346921584886383
Elapsed Time: 1m 8s
********** 59 **********
Average Fitness: 0.325
Maximum Fitness: 0.5333333333333333
Average Pen Distance: 0.39547035478856074
Maximum Pen Distance: 0.6185725282064981
Average Dog Distance: 0.7078539611962706
Maximum Dog Distance: 0.8832795545316837
Average Sheep Distance: 0.38254410493540064
Maximum Sheep Distance: 0.48035488516810315
Elapsed Time: 1m 11s
********** 60 **********
Average Fitness: 0.3440000000000001
Maximum Fitness: 0.7000000000000001
Average Pen Distance: 0.3785970636515441
Maximum Pen Distance: 0.5556447458563868
Average Dog Distance: 0.703108611608513
Maximum Dog Distance: 0.806839917564031
Average Sheep Distance: 0.3839548873228808
Maximum Sheep Distance: 0.45442502722345374
Elapsed Time: 1m 20s
********** 61 **********
Average Fitness: 0.31433333333333335
Maximum Fitness: 0.5666666666666667
Average Pen Distance: 0.3971734638151277
Maximum Pen Distance: 0.7307311774520935
Average Dog Distance: 0.7071058812733032
Maximum Dog Distance: 0.8603455800514558
Average Sheep Distance: 0.3764642838354908
Maximum Sheep Distance: 0.4564142482635769
Elapsed Time: 1m 9s
********** 62 **********
Average Fitness: 0.33799999999999997
Maximum Fitness: 0.6666666666666666
Average Pen Distance: 0.3813447246193675
Maximum Pen Distance: 0.5375752397754145
Average Dog Distance: 0.7061645286092794
Maximum Dog Distance: 0.8159948963783888
Average Sheep Distance: 0.37805127493680707
Maximum Sheep Distance: 0.46318031595891984
Elapsed Time: 1m 8s
********** 63 **********
Average Fitness: 0.3353333333333333
Maximum Fitness: 0.6
Average Pen Distance: 0.3898912166915975
Maximum Pen Distance: 0.6567719684341777
Average Dog Distance: 0.7036998351778614
Maximum Dog Distance: 0.8118684380166612
Average Sheep Distance: 0.3764494082422253
Maximum Sheep Distance: 0.47923742059240954
Elapsed Time: 1m 24s
********** 64 **********
Average Fitness: 0.32233333333333336
Maximum Fitness: 0.6333333333333333
Average Pen Distance: 0.395864142537768
Maximum Pen Distance: 0.6949106685972252
Average Dog Distance: 0.7132789515337354
Maximum Dog Distance: 0.8402254353440516
Average Sheep Distance: 0.37801460678479165
Maximum Sheep Distance: 0.46730846794112885
Elapsed Time: 1m 9s
********** 65 **********
Average Fitness: 0.32899999999999996
Maximum Fitness: 0.6333333333333333
Average Pen Distance: 0.414128592201764
Maximum Pen Distance: 0.8198045620221155
Average Dog Distance: 0.7156584244065614
Maximum Dog Distance: 0.8006119888557194
Average Sheep Distance: 0.37750159971881864
Maximum Sheep Distance: 0.495533523513399
Elapsed Time: 1m 19s
********** 66 **********
Average Fitness: 0.32466666666666666
Maximum Fitness: 0.6
Average Pen Distance: 0.4037444135587439
Maximum Pen Distance: 0.6241444250567528
Average Dog Distance: 0.7187960273325688
Maximum Dog Distance: 0.8475777125862161
Average Sheep Distance: 0.3757809574935471
Maximum Sheep Distance: 0.483451546180471
Elapsed Time: 1m 28s
********** 67 **********
Average Fitness: 0.3113333333333333
Maximum Fitness: 0.6
Average Pen Distance: 0.4002895142281101
Maximum Pen Distance: 0.6377220824245865
Average Dog Distance: 0.718869636358568
Maximum Dog Distance: 0.8432279531415731
Average Sheep Distance: 0.3753688543872426
Maximum Sheep Distance: 0.4558607048659526
Elapsed Time: 1m 16s
********** 68 **********
Average Fitness: 0.32466666666666666
Maximum Fitness: 0.5666666666666668
Average Pen Distance: 0.4070626711277546
Maximum Pen Distance: 0.6776690887615854
Average Dog Distance: 0.7095008271802935
Maximum Dog Distance: 0.8516821060011063
Average Sheep Distance: 0.3759939949884615
Maximum Sheep Distance: 0.4606023176469965
Elapsed Time: 1m 9s
********** 69 **********
Average Fitness: 0.3266666666666667
Maximum Fitness: 0.6666666666666666
Average Pen Distance: 0.39979513791605215
Maximum Pen Distance: 0.6450747378816981
Average Dog Distance: 0.7114960837122541
Maximum Dog Distance: 0.830300595610757
Average Sheep Distance: 0.3812849220385334
Maximum Sheep Distance: 0.48620374914539816
Elapsed Time: 1m 16s
********** 70 **********
Average Fitness: 0.33866666666666667
Maximum Fitness: 0.5666666666666668
Average Pen Distance: 0.393300546816304
Maximum Pen Distance: 0.5677294609276653
Average Dog Distance: 0.7057671124061402
Maximum Dog Distance: 0.8033427538206537
Average Sheep Distance: 0.3775546152336568
Maximum Sheep Distance: 0.46870754289425437
Elapsed Time: 1m 13s
********** 71 **********
Average Fitness: 0.325
Maximum Fitness: 0.5333333333333333
Average Pen Distance: 0.3868490244585028
Maximum Pen Distance: 0.5556135183404748
Average Dog Distance: 0.6913774880243964
Maximum Dog Distance: 0.8715567175763196
Average Sheep Distance: 0.3781036452973481
Maximum Sheep Distance: 0.48106212538822474
Elapsed Time: 1m 11s
********** 72 **********
Average Fitness: 0.31799999999999995
Maximum Fitness: 0.6
Average Pen Distance: 0.3820573789238685
Maximum Pen Distance: 0.6835655176295677
Average Dog Distance: 0.6871565341682284
Maximum Dog Distance: 0.8908122589930816
Average Sheep Distance: 0.37685666662503176
Maximum Sheep Distance: 0.4656251288947935
Elapsed Time: 1m 16s
********** 73 **********
Average Fitness: 0.315
Maximum Fitness: 0.6333333333333333
Average Pen Distance: 0.3968757560503349
Maximum Pen Distance: 0.7332367356983697
Average Dog Distance: 0.6856975891309791
Maximum Dog Distance: 0.8156597666735834
Average Sheep Distance: 0.3843430336438779
Maximum Sheep Distance: 0.45794466709016274
Elapsed Time: 1m 19s
********** 74 **********
Average Fitness: 0.30066666666666664
Maximum Fitness: 0.5333333333333333
Average Pen Distance: 0.3914432313097377
Maximum Pen Distance: 0.7094832743383218
Average Dog Distance: 0.6806909823825065
Maximum Dog Distance: 0.7924167844205948
Average Sheep Distance: 0.38459742520589146
Maximum Sheep Distance: 0.48244752546074593
Elapsed Time: 1m 15s
********** 75 **********
Average Fitness: 0.3133333333333333
Maximum Fitness: 0.6666666666666666
Average Pen Distance: 0.3938162104944242
Maximum Pen Distance: 0.6558770089398782
Average Dog Distance: 0.6898790293978588
Maximum Dog Distance: 0.9130344038491639
Average Sheep Distance: 0.39085779502642515
Maximum Sheep Distance: 0.4956228428964067
Elapsed Time: 1m 16s
********** 76 **********
Average Fitness: 0.30333333333333334
Maximum Fitness: 0.5666666666666668
Average Pen Distance: 0.38651614232477755
Maximum Pen Distance: 0.6847028022870748
Average Dog Distance: 0.6871060669820824
Maximum Dog Distance: 0.9161840978172716
Average Sheep Distance: 0.380282025769794
Maximum Sheep Distance: 0.4371998410128626
Elapsed Time: 1m 18s
********** 77 **********
Average Fitness: 0.3239999999999999
Maximum Fitness: 0.6
Average Pen Distance: 0.3759845835994157
Maximum Pen Distance: 0.5547401535960148
Average Dog Distance: 0.6869063763785865
Maximum Dog Distance: 0.8196454199238087
Average Sheep Distance: 0.3836748245304622
Maximum Sheep Distance: 0.4638922348666396
Elapsed Time: 1m 13s
********** 78 **********
Average Fitness: 0.34099999999999997
Maximum Fitness: 0.6
Average Pen Distance: 0.3815909482563461
Maximum Pen Distance: 0.7587004188550193
Average Dog Distance: 0.6992447165507527
Maximum Dog Distance: 0.8289656406708837
Average Sheep Distance: 0.3919112935321972
Maximum Sheep Distance: 0.4629758186983828
Elapsed Time: 1m 12s
********** 79 **********
Average Fitness: 0.3443333333333334
Maximum Fitness: 0.6999999999999998
Average Pen Distance: 0.3946279560580701
Maximum Pen Distance: 0.6229504774325342
Average Dog Distance: 0.704586775995867
Maximum Dog Distance: 0.8600384401021773
Average Sheep Distance: 0.3868336032612884
Maximum Sheep Distance: 0.5101662752572507
Elapsed Time: 1m 8s
********** 80 **********
Average Fitness: 0.35899999999999993
Maximum Fitness: 0.6666666666666666
Average Pen Distance: 0.3787654930385912
Maximum Pen Distance: 0.6463725764914073
Average Dog Distance: 0.6927688841915489
Maximum Dog Distance: 0.7929599733070636
Average Sheep Distance: 0.38320449725750305
Maximum Sheep Distance: 0.45934539113695694
Elapsed Time: 1m 7s
********** 81 **********
Average Fitness: 0.317
Maximum Fitness: 0.6333333333333333
Average Pen Distance: 0.3794109687251986
Maximum Pen Distance: 0.7337996944062358
Average Dog Distance: 0.6731094490753438
Maximum Dog Distance: 0.7935090245032027
Average Sheep Distance: 0.3880823336655253
Maximum Sheep Distance: 0.4777027238095965
Elapsed Time: 1m 18s
********** 82 **********
Average Fitness: 0.35633333333333334
Maximum Fitness: 0.6333333333333334
Average Pen Distance: 0.3680509938198555
Maximum Pen Distance: 0.5425956311806517
Average Dog Distance: 0.6671929850386743
Maximum Dog Distance: 0.8036403797342389
Average Sheep Distance: 0.3920196696139492
Maximum Sheep Distance: 0.5276753744783971
Elapsed Time: 1m 8s
********** 83 **********
Average Fitness: 0.3453333333333333
Maximum Fitness: 0.5666666666666668
Average Pen Distance: 0.36909477342712455
Maximum Pen Distance: 0.6162886805746149
Average Dog Distance: 0.6612719189453244
Maximum Dog Distance: 0.7919974084450795
Average Sheep Distance: 0.39204426743554416
Maximum Sheep Distance: 0.4643760378660107
Elapsed Time: 1m 17s
********** 84 **********
Average Fitness: 0.3443333333333334
Maximum Fitness: 0.6333333333333334
Average Pen Distance: 0.36132520014931885
Maximum Pen Distance: 0.514528186822997
Average Dog Distance: 0.6631969217808846
Maximum Dog Distance: 0.7632691126070342
Average Sheep Distance: 0.39107665200951786
Maximum Sheep Distance: 0.45954034492875245
Elapsed Time: 1m 7s
********** 85 **********
Average Fitness: 0.3313333333333333
Maximum Fitness: 0.6
Average Pen Distance: 0.3708581534138134
Maximum Pen Distance: 0.7296512035387214
Average Dog Distance: 0.6596256799137044
Maximum Dog Distance: 0.7963091076915055
Average Sheep Distance: 0.3945997108518172
Maximum Sheep Distance: 0.5148973372899613
Elapsed Time: 1m 17s
********** 86 **********
Average Fitness: 0.3523333333333333
Maximum Fitness: 0.6333333333333333
Average Pen Distance: 0.348639481752673
Maximum Pen Distance: 0.5704770322407557
Average Dog Distance: 0.64708884741569
Maximum Dog Distance: 0.8469096896460925
Average Sheep Distance: 0.3927939578995588
Maximum Sheep Distance: 0.48755324756625046
Elapsed Time: 1m 21s
********** 87 **********
Average Fitness: 0.36266666666666664
Maximum Fitness: 0.6333333333333333
Average Pen Distance: 0.3529434693590827
Maximum Pen Distance: 0.5001356855410958
Average Dog Distance: 0.6592867955340077
Maximum Dog Distance: 0.7533435420549613
Average Sheep Distance: 0.3893100872187396
Maximum Sheep Distance: 0.4847175239084612
Elapsed Time: 1m 11s
********** 88 **********
Average Fitness: 0.36599999999999994
Maximum Fitness: 0.6333333333333333
Average Pen Distance: 0.35600888135303826
Maximum Pen Distance: 0.6984934010266493
Average Dog Distance: 0.6521177589277345
Maximum Dog Distance: 0.7859197786068117
Average Sheep Distance: 0.3912484272796631
Maximum Sheep Distance: 0.5259428849857596
Elapsed Time: 1m 17s
********** 89 **********
Average Fitness: 0.3550000000000001
Maximum Fitness: 0.7666666666666666
Average Pen Distance: 0.3535313038031315
Maximum Pen Distance: 0.60555240469773
Average Dog Distance: 0.6574519713199689
Maximum Dog Distance: 0.7610620949122743
Average Sheep Distance: 0.39367241506682277
Maximum Sheep Distance: 0.45952441180376463
Elapsed Time: 1m 19s
********** 90 **********
Average Fitness: 0.35733333333333334
Maximum Fitness: 0.5666666666666668
Average Pen Distance: 0.3556872638857273
Maximum Pen Distance: 0.5543597279638675
Average Dog Distance: 0.6514006458527872
Maximum Dog Distance: 0.7536247009638141
Average Sheep Distance: 0.3883879309888979
Maximum Sheep Distance: 0.4555424457500202
Elapsed Time: 1m 11s
********** 91 **********
Average Fitness: 0.37066666666666664
Maximum Fitness: 0.6666666666666666
Average Pen Distance: 0.35327776372901304
Maximum Pen Distance: 0.5047606169012563
Average Dog Distance: 0.6528580040099693
Maximum Dog Distance: 0.7229136855221113
Average Sheep Distance: 0.3879533339855865
Maximum Sheep Distance: 0.4627804722423287
Elapsed Time: 1m 11s
********** 92 **********
Average Fitness: 0.3583333333333333
Maximum Fitness: 0.6333333333333334
Average Pen Distance: 0.35979321697657274
Maximum Pen Distance: 0.8447528508328007
Average Dog Distance: 0.6475022859977867
Maximum Dog Distance: 0.7287295724163733
Average Sheep Distance: 0.39463172105662453
Maximum Sheep Distance: 0.5403770419585127
Elapsed Time: 1m 18s
********** 93 **********
Average Fitness: 0.3596666666666667
Maximum Fitness: 0.6333333333333333
Average Pen Distance: 0.3530836356257868
Maximum Pen Distance: 0.6013926171739684
Average Dog Distance: 0.6481717128751405
Maximum Dog Distance: 0.7477046146638745
Average Sheep Distance: 0.3861810614032288
Maximum Sheep Distance: 0.49416453479207084
Elapsed Time: 1m 7s
********** 94 **********
Average Fitness: 0.37900000000000006
Maximum Fitness: 0.6666666666666666
Average Pen Distance: 0.3539412918271529
Maximum Pen Distance: 0.6133133642997896
Average Dog Distance: 0.6496192895350945
Maximum Dog Distance: 0.7524459297772831
Average Sheep Distance: 0.3988746347698527
Maximum Sheep Distance: 0.4795231723231825
Elapsed Time: 1m 21s
********** 95 **********
Average Fitness: 0.35
Maximum Fitness: 0.5666666666666667
Average Pen Distance: 0.35288834057048946
Maximum Pen Distance: 0.7909266685165773
Average Dog Distance: 0.6505858110114014
Maximum Dog Distance: 0.7630173438083094
Average Sheep Distance: 0.3977036260660285
Maximum Sheep Distance: 0.47937500675262595
Elapsed Time: 1m 19s
********** 96 **********
Average Fitness: 0.37800000000000006
Maximum Fitness: 0.6666666666666666
Average Pen Distance: 0.3489544540670116
Maximum Pen Distance: 0.6406845241951419
Average Dog Distance: 0.6516312403527463
Maximum Dog Distance: 0.7558729797391596
Average Sheep Distance: 0.3960776188179688
Maximum Sheep Distance: 0.48306158553594053
Elapsed Time: 1m 19s
********** 97 **********
Average Fitness: 0.369
Maximum Fitness: 0.6333333333333334
Average Pen Distance: 0.3624558565307074
Maximum Pen Distance: 0.7100149614813233
Average Dog Distance: 0.6556704255009723
Maximum Dog Distance: 0.7588747973003264
Average Sheep Distance: 0.38861877424623287
Maximum Sheep Distance: 0.47380668121707314
Elapsed Time: 1m 8s
********** 98 **********
Average Fitness: 0.3433333333333334
Maximum Fitness: 0.7666666666666666
Average Pen Distance: 0.35902189537081136
Maximum Pen Distance: 0.6248086728617152
Average Dog Distance: 0.6477891813389353
Maximum Dog Distance: 0.8257035842723109
Average Sheep Distance: 0.39505759752773106
Maximum Sheep Distance: 0.5032291289031766
Elapsed Time: 1m 12s
********** 99 **********
Average Fitness: 0.3629999999999999
Maximum Fitness: 0.7333333333333334
Average Pen Distance: 0.34744491764623897
Maximum Pen Distance: 0.5823210510871507
Average Dog Distance: 0.6526161040384497
Maximum Dog Distance: 0.7603913324332923
Average Sheep Distance: 0.39698400760745683
Maximum Sheep Distance: 0.4986479760611586
Elapsed Time: 1m 14s
********** 100 **********
Average Fitness: 0.3623333333333333
Maximum Fitness: 0.7333333333333334
Average Pen Distance: 0.3566925128258434
Maximum Pen Distance: 0.5628530034644709
Average Dog Distance: 0.6525773943828115
Maximum Dog Distance: 0.762530788062675
Average Sheep Distance: 0.40424196281240127
Maximum Sheep Distance: 0.5096646101734161
Elapsed Time: 1m 26s
********** 1 **********
Average Fitness: 0.09733333333333334
Maximum Fitness: 0.4000000000000001
Average Pen Distance: 0.4590660404875368
Maximum Pen Distance: 0.8066319660110951
Average Dog Distance: 0.5801171280334825
Maximum Dog Distance: 0.8618297829690739
Average Sheep Distance: 0.40317494384223873
Maximum Sheep Distance: 0.5348559982105416
Elapsed Time: 1m 23s
********** 2 **********
Average Fitness: 0.08099999999999997
Maximum Fitness: 0.26666666666666666
Average Pen Distance: 0.47210317461677115
Maximum Pen Distance: 0.8166397854628161
Average Dog Distance: 0.5845857831978194
Maximum Dog Distance: 0.8238666045280874
Average Sheep Distance: 0.41275973203100436
Maximum Sheep Distance: 0.5258039515813621
Elapsed Time: 1m 24s
********** 3 **********
Average Fitness: 0.09799999999999999
Maximum Fitness: 0.3333333333333333
Average Pen Distance: 0.44207795000610955
Maximum Pen Distance: 0.8484630008170706
Average Dog Distance: 0.5808765370601904
Maximum Dog Distance: 0.8616771361996016
Average Sheep Distance: 0.4051470547437526
Maximum Sheep Distance: 0.5158509012817496
Elapsed Time: 1m 16s
********** 4 **********
Average Fitness: 0.08999999999999998
Maximum Fitness: 0.3333333333333333
Average Pen Distance: 0.43140499824033623
Maximum Pen Distance: 0.8453274130797732
Average Dog Distance: 0.5827222778074993
Maximum Dog Distance: 0.8218169840958499
Average Sheep Distance: 0.41012652100241903
Maximum Sheep Distance: 0.5083519627620627
Elapsed Time: 1m 14s
********** 5 **********
Average Fitness: 0.09366666666666665
Maximum Fitness: 0.39999999999999997
Average Pen Distance: 0.4598153187160375
Maximum Pen Distance: 0.8945748576192272
Average Dog Distance: 0.5862432213740919
Maximum Dog Distance: 0.8721673665912805
Average Sheep Distance: 0.4216313109676894
Maximum Sheep Distance: 0.5471657437448046
Elapsed Time: 1m 16s
********** 6 **********
Average Fitness: 0.09033333333333332
Maximum Fitness: 0.4000000000000001
Average Pen Distance: 0.4523304348505245
Maximum Pen Distance: 0.7825106479189495
Average Dog Distance: 0.5933387577867935
Maximum Dog Distance: 0.9157466388073416
Average Sheep Distance: 0.41736538569759574
Maximum Sheep Distance: 0.4999049578056261
Elapsed Time: 1m 27s
********** 7 **********
Average Fitness: 0.10533333333333332
Maximum Fitness: 0.3666666666666667
Average Pen Distance: 0.42921981775385626
Maximum Pen Distance: 0.825783470979487
Average Dog Distance: 0.5711174612892996
Maximum Dog Distance: 0.8612386165333547
Average Sheep Distance: 0.4043034399495354
Maximum Sheep Distance: 0.488974156280266
Elapsed Time: 1m 18s
********** 8 **********
Average Fitness: 0.11399999999999999
Maximum Fitness: 0.4000000000000001
Average Pen Distance: 0.43192322325861865
Maximum Pen Distance: 0.823389230507822
Average Dog Distance: 0.5607313130505845
Maximum Dog Distance: 0.809082907217734
Average Sheep Distance: 0.4145410131273751
Maximum Sheep Distance: 0.5135354421122434
Elapsed Time: 1m 25s
********** 9 **********
Average Fitness: 0.11833333333333335
Maximum Fitness: 0.3666666666666667
Average Pen Distance: 0.43546753353251894
Maximum Pen Distance: 0.8160752959213798
Average Dog Distance: 0.5640201683964438
Maximum Dog Distance: 0.8856019348776795
Average Sheep Distance: 0.4007884013525794
Maximum Sheep Distance: 0.4849604098102551
Elapsed Time: 1m 20s
********** 10 **********
Average Fitness: 0.12466666666666666
Maximum Fitness: 0.3666666666666667
Average Pen Distance: 0.38087370930482756
Maximum Pen Distance: 0.8319451962856105
Average Dog Distance: 0.540483473137318
Maximum Dog Distance: 0.817963468526449
Average Sheep Distance: 0.4043961971790436
Maximum Sheep Distance: 0.4984853784878959
Elapsed Time: 1m 11s
********** 11 **********
Average Fitness: 0.13666666666666666
Maximum Fitness: 0.4333333333333333
Average Pen Distance: 0.4004048462343144
Maximum Pen Distance: 0.8233149417979684
Average Dog Distance: 0.5246828794504809
Maximum Dog Distance: 0.8247514527785067
Average Sheep Distance: 0.4117640540156776
Maximum Sheep Distance: 0.5238822738581056
Elapsed Time: 1m 32s
********** 12 **********
Average Fitness: 0.1433333333333333
Maximum Fitness: 0.39999999999999997
Average Pen Distance: 0.36335634618948537
Maximum Pen Distance: 0.8449777547795111
Average Dog Distance: 0.4868056052542284
Maximum Dog Distance: 0.7843776729307693
Average Sheep Distance: 0.408686444738483
Maximum Sheep Distance: 0.5198169541319637
Elapsed Time: 1m 20s
********** 13 **********
Average Fitness: 0.14700000000000002
Maximum Fitness: 0.43333333333333335
Average Pen Distance: 0.3469793192024666
Maximum Pen Distance: 0.8156125851291559
Average Dog Distance: 0.4820647831496233
Maximum Dog Distance: 0.7470894049320811
Average Sheep Distance: 0.4129186511607275
Maximum Sheep Distance: 0.4950119155101787
Elapsed Time: 1m 17s
********** 14 **********
Average Fitness: 0.16466666666666666
Maximum Fitness: 0.43333333333333335
Average Pen Distance: 0.36218053538826034
Maximum Pen Distance: 0.7797247148074904
Average Dog Distance: 0.5192476826059778
Maximum Dog Distance: 0.8203928427717959
Average Sheep Distance: 0.40816579197875974
Maximum Sheep Distance: 0.5129019560361222
Elapsed Time: 1m 24s
********** 15 **********
Average Fitness: 0.148
Maximum Fitness: 0.3666666666666667
Average Pen Distance: 0.3846006587852767
Maximum Pen Distance: 0.778588169780233
Average Dog Distance: 0.5074406058398243
Maximum Dog Distance: 0.8372347282788665
Average Sheep Distance: 0.41278520391112744
Maximum Sheep Distance: 0.5029915768356141
Elapsed Time: 1m 20s
********** 16 **********
Average Fitness: 0.16366666666666668
Maximum Fitness: 0.4333333333333333
Average Pen Distance: 0.3422677311686108
Maximum Pen Distance: 0.764055113551556
Average Dog Distance: 0.532194218329187
Maximum Dog Distance: 0.8413985689213489
Average Sheep Distance: 0.40298271176611267
Maximum Sheep Distance: 0.5170583894186945
Elapsed Time: 1m 15s
********** 17 **********
Average Fitness: 0.18100000000000002
Maximum Fitness: 0.4000000000000001
Average Pen Distance: 0.3449249052501299
Maximum Pen Distance: 0.7397694923028122
Average Dog Distance: 0.5577700417079613
Maximum Dog Distance: 0.7654708711524987
Average Sheep Distance: 0.3925725392554936
Maximum Sheep Distance: 0.49174085708883863
Elapsed Time: 1m 28s
********** 18 **********
Average Fitness: 0.16600000000000004
Maximum Fitness: 0.4666666666666666
Average Pen Distance: 0.3876252016964443
Maximum Pen Distance: 0.8366688091512811
Average Dog Distance: 0.5639118368943757
Maximum Dog Distance: 0.7309697956676962
Average Sheep Distance: 0.403767449053448
Maximum Sheep Distance: 0.5010497566654784
Elapsed Time: 1m 22s
********** 19 **********
Average Fitness: 0.16433333333333333
Maximum Fitness: 0.43333333333333335
Average Pen Distance: 0.3497249473933936
Maximum Pen Distance: 0.8008467301854707
Average Dog Distance: 0.5457077242528849
Maximum Dog Distance: 0.8159750275024292
Average Sheep Distance: 0.4016883765164209
Maximum Sheep Distance: 0.5204534794520962
Elapsed Time: 1m 21s
********** 20 **********
Average Fitness: 0.16666666666666663
Maximum Fitness: 0.6
Average Pen Distance: 0.33058793013565074
Maximum Pen Distance: 0.7618751720006193
Average Dog Distance: 0.5366866285628612
Maximum Dog Distance: 0.7676822308696664
Average Sheep Distance: 0.4006701456528123
Maximum Sheep Distance: 0.47570530064602723
Elapsed Time: 1m 12s
********** 21 **********
Average Fitness: 0.17600000000000002
Maximum Fitness: 0.6
Average Pen Distance: 0.3196581427420737
Maximum Pen Distance: 0.837159209721674
Average Dog Distance: 0.5465128595936877
Maximum Dog Distance: 0.8577081480221022
Average Sheep Distance: 0.4036622682915895
Maximum Sheep Distance: 0.4926594931307471
Elapsed Time: 1m 16s
********** 22 **********
Average Fitness: 0.20366666666666663
Maximum Fitness: 0.5333333333333333
Average Pen Distance: 0.3330176718095332
Maximum Pen Distance: 0.8134467411837282
Average Dog Distance: 0.5700142676988215
Maximum Dog Distance: 0.840827554089877
Average Sheep Distance: 0.40155682389514874
Maximum Sheep Distance: 0.4822477157180618
Elapsed Time: 1m 10s
********** 23 **********
Average Fitness: 0.21266666666666667
Maximum Fitness: 0.5333333333333333
Average Pen Distance: 0.37615666308841694
Maximum Pen Distance: 0.7644232641499603
Average Dog Distance: 0.6236666788730272
Maximum Dog Distance: 0.8124863366761211
Average Sheep Distance: 0.39050744520613845
Maximum Sheep Distance: 0.5401125217647026
Elapsed Time: 1m 13s
********** 24 **********
Average Fitness: 0.23866666666666667
Maximum Fitness: 0.5
Average Pen Distance: 0.343021466460762
Maximum Pen Distance: 0.8205176783845674
Average Dog Distance: 0.6219709526994646
Maximum Dog Distance: 0.806278468882025
Average Sheep Distance: 0.3923208272400211
Maximum Sheep Distance: 0.5184763030071049
Elapsed Time: 1m 11s
********** 25 **********
Average Fitness: 0.2563333333333333
Maximum Fitness: 0.5333333333333333
Average Pen Distance: 0.3902055072335071
Maximum Pen Distance: 0.8385101494975227
Average Dog Distance: 0.6367570951126554
Maximum Dog Distance: 0.847055132458816
Average Sheep Distance: 0.38634680631949053
Maximum Sheep Distance: 0.5148049965048829
Elapsed Time: 1m 13s
********** 26 **********
Average Fitness: 0.26066666666666666
Maximum Fitness: 0.5333333333333333
Average Pen Distance: 0.4193189794078801
Maximum Pen Distance: 0.8542032072087847
Average Dog Distance: 0.6285033944082269
Maximum Dog Distance: 0.7966077801204575
Average Sheep Distance: 0.3731319781211987
Maximum Sheep Distance: 0.4688178452270823
Elapsed Time: 1m 21s
********** 27 **********
Average Fitness: 0.2723333333333333
Maximum Fitness: 0.6000000000000001
Average Pen Distance: 0.4604029021363483
Maximum Pen Distance: 0.900825069126492
Average Dog Distance: 0.6468388560176738
Maximum Dog Distance: 0.7740755049119684
Average Sheep Distance: 0.36503415237550874
Maximum Sheep Distance: 0.563831934114389
Elapsed Time: 1m 18s
********** 28 **********
Average Fitness: 0.2863333333333334
Maximum Fitness: 0.5666666666666668
Average Pen Distance: 0.46568387844442
Maximum Pen Distance: 0.7514902183215256
Average Dog Distance: 0.6630570828963605
Maximum Dog Distance: 0.785828900426799
Average Sheep Distance: 0.34428484346905663
Maximum Sheep Distance: 0.4341171833797938
Elapsed Time: 1m 12s
********** 29 **********
Average Fitness: 0.2799999999999999
Maximum Fitness: 0.5666666666666668
Average Pen Distance: 0.4730875794747086
Maximum Pen Distance: 0.8840811503135096
Average Dog Distance: 0.6683369309209121
Maximum Dog Distance: 0.7817534875053079
Average Sheep Distance: 0.35558776784552054
Maximum Sheep Distance: 0.4942018101453478
Elapsed Time: 1m 20s
********** 30 **********
Average Fitness: 0.28200000000000003
Maximum Fitness: 0.6
Average Pen Distance: 0.4772446899482997
Maximum Pen Distance: 0.8758507921643566
Average Dog Distance: 0.6735929542986557
Maximum Dog Distance: 0.810390613996168
Average Sheep Distance: 0.346270295047725
Maximum Sheep Distance: 0.4678892410051763
Elapsed Time: 1m 11s
********** 31 **********
Average Fitness: 0.318
Maximum Fitness: 0.6
Average Pen Distance: 0.47545476126149927
Maximum Pen Distance: 0.8195854857006492
Average Dog Distance: 0.6739677936275218
Maximum Dog Distance: 0.7969815319280816
Average Sheep Distance: 0.3467280721402471
Maximum Sheep Distance: 0.5074523584355685
Elapsed Time: 1m 21s
********** 32 **********
Average Fitness: 0.3123333333333333
Maximum Fitness: 0.5666666666666667
Average Pen Distance: 0.45633113875168907
Maximum Pen Distance: 0.8470376772115364
Average Dog Distance: 0.6712226033219537
Maximum Dog Distance: 0.7840932234492185
Average Sheep Distance: 0.35357963140130244
Maximum Sheep Distance: 0.46380808238166704
Elapsed Time: 1m 10s
********** 33 **********
Average Fitness: 0.3196666666666666
Maximum Fitness: 0.6
Average Pen Distance: 0.4642683638117272
Maximum Pen Distance: 0.7809743066165812
Average Dog Distance: 0.6657827652945574
Maximum Dog Distance: 0.7729815168392773
Average Sheep Distance: 0.3496407765997818
Maximum Sheep Distance: 0.44049577928983386
Elapsed Time: 1m 7s
********** 34 **********
Average Fitness: 0.30566666666666664
Maximum Fitness: 0.5666666666666668
Average Pen Distance: 0.47977534332366273
Maximum Pen Distance: 0.8036814586615756
Average Dog Distance: 0.6616771998236506
Maximum Dog Distance: 0.7875602789068902
Average Sheep Distance: 0.3425593671050674
Maximum Sheep Distance: 0.4571174671428813
Elapsed Time: 1m 8s
********** 35 **********
Average Fitness: 0.3416666666666668
Maximum Fitness: 0.6666666666666666
Average Pen Distance: 0.47061688276379454
Maximum Pen Distance: 0.7934730981767464
Average Dog Distance: 0.6589664030338792
Maximum Dog Distance: 0.7886287219658351
Average Sheep Distance: 0.3494275093380045
Maximum Sheep Distance: 0.48343011680952824
Elapsed Time: 1m 8s
********** 36 **********
Average Fitness: 0.3393333333333333
Maximum Fitness: 0.6
Average Pen Distance: 0.4958171048172641
Maximum Pen Distance: 0.8337106271563913
Average Dog Distance: 0.6522150520788196
Maximum Dog Distance: 0.8224156529920895
Average Sheep Distance: 0.3381510965239161
Maximum Sheep Distance: 0.44019061588757213
Elapsed Time: 1m 28s
********** 37 **********
Average Fitness: 0.31266666666666665
Maximum Fitness: 0.6333333333333333
Average Pen Distance: 0.5135579579692318
Maximum Pen Distance: 0.8378687558572899
Average Dog Distance: 0.6595530225769214
Maximum Dog Distance: 0.8110880267877443
Average Sheep Distance: 0.3303936768779452
Maximum Sheep Distance: 0.4176582844514445
Elapsed Time: 1m 15s
********** 38 **********
Average Fitness: 0.30433333333333334
Maximum Fitness: 0.5333333333333333
Average Pen Distance: 0.50212356340136
Maximum Pen Distance: 0.8941823509979606
Average Dog Distance: 0.6672840980643403
Maximum Dog Distance: 0.7721042303089831
Average Sheep Distance: 0.33121971798215166
Maximum Sheep Distance: 0.40752958158798075
Elapsed Time: 1m 24s
********** 39 **********
Average Fitness: 0.3353333333333333
Maximum Fitness: 0.7000000000000001
Average Pen Distance: 0.4967092374150783
Maximum Pen Distance: 0.7852470382326849
Average Dog Distance: 0.6651809210852518
Maximum Dog Distance: 0.7744479696704697
Average Sheep Distance: 0.3422392006972403
Maximum Sheep Distance: 0.43962980727883094
Elapsed Time: 1m 6s
********** 40 **********
Average Fitness: 0.3489999999999999
Maximum Fitness: 0.6
Average Pen Distance: 0.480862460084993
Maximum Pen Distance: 0.7499686720514417
Average Dog Distance: 0.6675096055527382
Maximum Dog Distance: 0.799728128094054
Average Sheep Distance: 0.33816098609754897
Maximum Sheep Distance: 0.4193137052354379
Elapsed Time: 1m 6s
********** 41 **********
Average Fitness: 0.34800000000000003
Maximum Fitness: 0.7000000000000001
Average Pen Distance: 0.4932918948474573
Maximum Pen Distance: 0.7428363854431234
Average Dog Distance: 0.6650700152707821
Maximum Dog Distance: 0.8162624237121223
Average Sheep Distance: 0.3397638276133005
Maximum Sheep Distance: 0.4267931728087222
Elapsed Time: 1m 7s
********** 42 **********
Average Fitness: 0.3243333333333333
Maximum Fitness: 0.6666666666666666
Average Pen Distance: 0.4974961434546536
Maximum Pen Distance: 0.7287796384874783
Average Dog Distance: 0.6597722334828191
Maximum Dog Distance: 0.7744110290271196
Average Sheep Distance: 0.33998842732642276
Maximum Sheep Distance: 0.4371473673824144
Elapsed Time: 1m 19s
********** 43 **********
Average Fitness: 0.331
Maximum Fitness: 0.5666666666666668
Average Pen Distance: 0.48757310628619954
Maximum Pen Distance: 0.8209629617830124
Average Dog Distance: 0.6661177422067799
Maximum Dog Distance: 0.814822466465579
Average Sheep Distance: 0.33443866358617824
Maximum Sheep Distance: 0.4578405322099739
Elapsed Time: 1m 19s
********** 44 **********
Average Fitness: 0.35800000000000004
Maximum Fitness: 0.6666666666666666
Average Pen Distance: 0.5085710285084335
Maximum Pen Distance: 0.8772296385217482
Average Dog Distance: 0.6585046466966008
Maximum Dog Distance: 0.7992785709408509
Average Sheep Distance: 0.33608722949485004
Maximum Sheep Distance: 0.5237461038972545
Elapsed Time: 1m 10s
********** 45 **********
Average Fitness: 0.3533333333333333
Maximum Fitness: 0.6333333333333333
Average Pen Distance: 0.4994415183472266
Maximum Pen Distance: 0.8371228442106703
Average Dog Distance: 0.6517718402403682
Maximum Dog Distance: 0.7898043518399032
Average Sheep Distance: 0.3348473247889314
Maximum Sheep Distance: 0.4300505918531969
Elapsed Time: 1m 17s
********** 46 **********
Average Fitness: 0.33966666666666656
Maximum Fitness: 0.6333333333333333
Average Pen Distance: 0.4912337285281223
Maximum Pen Distance: 0.7290203164634858
Average Dog Distance: 0.6451510433735482
Maximum Dog Distance: 0.7754989177142146
Average Sheep Distance: 0.3378522417006835
Maximum Sheep Distance: 0.4303119797519401
Elapsed Time: 1m 12s
********** 47 **********
Average Fitness: 0.3506666666666667
Maximum Fitness: 0.6
Average Pen Distance: 0.5193816874432947
Maximum Pen Distance: 0.8209731731403725
Average Dog Distance: 0.6556248716643668
Maximum Dog Distance: 0.8034899168853643
Average Sheep Distance: 0.33049821630484594
Maximum Sheep Distance: 0.4633390995868731
Elapsed Time: 1m 10s
********** 48 **********
Average Fitness: 0.3426666666666667
Maximum Fitness: 0.6666666666666666
Average Pen Distance: 0.5127138506155817
Maximum Pen Distance: 0.8243808548201882
Average Dog Distance: 0.6639034401173195
Maximum Dog Distance: 0.7881884338420332
Average Sheep Distance: 0.33524657011965525
Maximum Sheep Distance: 0.45656330054000044
Elapsed Time: 1m 14s
********** 49 **********
Average Fitness: 0.3636666666666667
Maximum Fitness: 0.6
Average Pen Distance: 0.5144609736938507
Maximum Pen Distance: 0.8385208520762019
Average Dog Distance: 0.6513850149316793
Maximum Dog Distance: 0.770546969633461
Average Sheep Distance: 0.33632763122881654
Maximum Sheep Distance: 0.4485400053857547
Elapsed Time: 1m 11s
********** 50 **********
Average Fitness: 0.3256666666666667
Maximum Fitness: 0.5666666666666668
Average Pen Distance: 0.5191626139927605
Maximum Pen Distance: 0.8357180613362706
Average Dog Distance: 0.6549053989047665
Maximum Dog Distance: 0.7748745519689915
Average Sheep Distance: 0.33178559777652583
Maximum Sheep Distance: 0.4524308350457917
Elapsed Time: 1m 20s
********** 51 **********
Average Fitness: 0.3313333333333334
Maximum Fitness: 0.6
Average Pen Distance: 0.5447949543005592
Maximum Pen Distance: 0.8904050867855404
Average Dog Distance: 0.6321462878827317
Maximum Dog Distance: 0.761872155285967
Average Sheep Distance: 0.3309641720013225
Maximum Sheep Distance: 0.42990270316732465
Elapsed Time: 1m 10s
********** 52 **********
Average Fitness: 0.3703333333333333
Maximum Fitness: 0.6666666666666666
Average Pen Distance: 0.5440559452702165
Maximum Pen Distance: 0.9068554516614918
Average Dog Distance: 0.6314768297326717
Maximum Dog Distance: 0.7850885416862249
Average Sheep Distance: 0.3308171186771729
Maximum Sheep Distance: 0.4550318735425581
Elapsed Time: 1m 17s
********** 53 **********
Average Fitness: 0.371
Maximum Fitness: 0.6333333333333333
Average Pen Distance: 0.5337316400837129
Maximum Pen Distance: 0.8317971974613366
Average Dog Distance: 0.6241500569316217
Maximum Dog Distance: 0.755256047309064
Average Sheep Distance: 0.3365724251438861
Maximum Sheep Distance: 0.4409831449194166
Elapsed Time: 1m 6s
********** 54 **********
Average Fitness: 0.3673333333333333
Maximum Fitness: 0.6666666666666666
Average Pen Distance: 0.5437278441325737
Maximum Pen Distance: 0.7941689766059922
Average Dog Distance: 0.6200817878265427
Maximum Dog Distance: 0.7807764483682402
Average Sheep Distance: 0.32957837774152615
Maximum Sheep Distance: 0.4362987447431262
Elapsed Time: 1m 8s
********** 55 **********
Average Fitness: 0.37166666666666665
Maximum Fitness: 0.6333333333333334
Average Pen Distance: 0.5669991551203308
Maximum Pen Distance: 0.8301883612520605
Average Dog Distance: 0.6218288672174841
Maximum Dog Distance: 0.8050111997256603
Average Sheep Distance: 0.3325122218014648
Maximum Sheep Distance: 0.5051062736990476
Elapsed Time: 1m 11s
********** 56 **********
Average Fitness: 0.38266666666666665
Maximum Fitness: 0.6666666666666666
Average Pen Distance: 0.5784851919888164
Maximum Pen Distance: 0.7978977600905036
Average Dog Distance: 0.6303437348841477
Maximum Dog Distance: 0.7533096578709317
Average Sheep Distance: 0.32334503267876735
Maximum Sheep Distance: 0.4186011562461675
Elapsed Time: 1m 13s
********** 57 **********
Average Fitness: 0.38733333333333325
Maximum Fitness: 0.6333333333333334
Average Pen Distance: 0.5802836010679335
Maximum Pen Distance: 0.8530864267822101
Average Dog Distance: 0.6328556762432948
Maximum Dog Distance: 0.7813452813902358
Average Sheep Distance: 0.3209499504838159
Maximum Sheep Distance: 0.41222066782295114
Elapsed Time: 1m 11s
********** 58 **********
Average Fitness: 0.36466666666666675
Maximum Fitness: 0.6
Average Pen Distance: 0.5907101178352435
Maximum Pen Distance: 0.8594360140922666
Average Dog Distance: 0.6271347744996244
Maximum Dog Distance: 0.7747062234228248
Average Sheep Distance: 0.3233699298674687
Maximum Sheep Distance: 0.43552394125627725
Elapsed Time: 1m 16s
********** 59 **********
Average Fitness: 0.3843333333333333
Maximum Fitness: 0.6666666666666666
Average Pen Distance: 0.6130062097777231
Maximum Pen Distance: 0.9200255839690582
Average Dog Distance: 0.6203276460277255
Maximum Dog Distance: 0.7322669295562388
Average Sheep Distance: 0.3120481449566655
Maximum Sheep Distance: 0.399051572071554
Elapsed Time: 1m 8s
********** 60 **********
Average Fitness: 0.42133333333333334
Maximum Fitness: 0.7333333333333334
Average Pen Distance: 0.6023549793772724
Maximum Pen Distance: 0.8204941590535951
Average Dog Distance: 0.6228706797066083
Maximum Dog Distance: 0.7247373501319715
Average Sheep Distance: 0.31852133241209524
Maximum Sheep Distance: 0.4288448485434457
Elapsed Time: 1m 6s
********** 61 **********
Average Fitness: 0.415
Maximum Fitness: 0.7000000000000001
Average Pen Distance: 0.6022687607469864
Maximum Pen Distance: 0.7769825785786688
Average Dog Distance: 0.6175012608881796
Maximum Dog Distance: 0.726231318065265
Average Sheep Distance: 0.30811009300915393
Maximum Sheep Distance: 0.4374679824519508
Elapsed Time: 1m 13s
********** 62 **********
Average Fitness: 0.40666666666666673
Maximum Fitness: 0.6999999999999998
Average Pen Distance: 0.6132416254218086
Maximum Pen Distance: 0.7490980443251023
Average Dog Distance: 0.6201138352709017
Maximum Dog Distance: 0.7275638623537711
Average Sheep Distance: 0.3191471571335444
Maximum Sheep Distance: 0.43125821267366954
Elapsed Time: 1m 9s
********** 63 **********
Average Fitness: 0.42400000000000004
Maximum Fitness: 0.7666666666666666
Average Pen Distance: 0.6166792424945677
Maximum Pen Distance: 0.7830356372859145
Average Dog Distance: 0.6193072416567527
Maximum Dog Distance: 0.7361312469990118
Average Sheep Distance: 0.3107218112154146
Maximum Sheep Distance: 0.41373443754915895
Elapsed Time: 1m 10s
********** 64 **********
Average Fitness: 0.43300000000000005
Maximum Fitness: 0.7333333333333333
Average Pen Distance: 0.6282545335138648
Maximum Pen Distance: 0.8266275214042951
Average Dog Distance: 0.6103301855615649
Maximum Dog Distance: 0.7080733455600776
Average Sheep Distance: 0.310542324072192
Maximum Sheep Distance: 0.43275416207987544
Elapsed Time: 1m 10s
********** 65 **********
Average Fitness: 0.41833333333333333
Maximum Fitness: 0.6333333333333333
Average Pen Distance: 0.6232680664833048
Maximum Pen Distance: 0.8427990161556909
Average Dog Distance: 0.6148958223907971
Maximum Dog Distance: 0.701560235801867
Average Sheep Distance: 0.3146112037945894
Maximum Sheep Distance: 0.4447435404288263
Elapsed Time: 1m 11s
********** 66 **********
Average Fitness: 0.43
Maximum Fitness: 0.6333333333333334
Average Pen Distance: 0.625289276172985
Maximum Pen Distance: 0.8320661469857722
Average Dog Distance: 0.6103437356723209
Maximum Dog Distance: 0.728719268612322
Average Sheep Distance: 0.3142693083994726
Maximum Sheep Distance: 0.46041572208498444
Elapsed Time: 1m 8s
********** 67 **********
Average Fitness: 0.45366666666666666
Maximum Fitness: 0.7333333333333334
Average Pen Distance: 0.6104363052012814
Maximum Pen Distance: 0.7226548618249341
Average Dog Distance: 0.6074045382610647
Maximum Dog Distance: 0.7001318133032596
Average Sheep Distance: 0.31311668428806255
Maximum Sheep Distance: 0.3966454072345143
Elapsed Time: 1m 21s
********** 68 **********
Average Fitness: 0.444
Maximum Fitness: 0.6666666666666666
Average Pen Distance: 0.6259262185267412
Maximum Pen Distance: 0.8187728921740534
Average Dog Distance: 0.6100347771076066
Maximum Dog Distance: 0.6885837728852362
Average Sheep Distance: 0.3010388028859739
Maximum Sheep Distance: 0.39725263830071594
Elapsed Time: 1m 9s
********** 69 **********
Average Fitness: 0.4493333333333333
Maximum Fitness: 0.6666666666666666
Average Pen Distance: 0.6246824491150562
Maximum Pen Distance: 0.8389246747865409
Average Dog Distance: 0.6059486974487143
Maximum Dog Distance: 0.6871185088875714
Average Sheep Distance: 0.30347213497402303
Maximum Sheep Distance: 0.39006746586134505
Elapsed Time: 1m 12s
********** 70 **********
Average Fitness: 0.4530000000000001
Maximum Fitness: 0.6666666666666666
Average Pen Distance: 0.6282520464840899
Maximum Pen Distance: 0.7758149052299802
Average Dog Distance: 0.61490144913174
Maximum Dog Distance: 0.7142720577401072
Average Sheep Distance: 0.3029194305717519
Maximum Sheep Distance: 0.41313955693005866
Elapsed Time: 1m 14s
********** 71 **********
Average Fitness: 0.4813333333333334
Maximum Fitness: 0.8000000000000002
Average Pen Distance: 0.6165412697529963
Maximum Pen Distance: 0.8415002154625691
Average Dog Distance: 0.615832150255626
Maximum Dog Distance: 0.6933751572846948
Average Sheep Distance: 0.3156221750751094
Maximum Sheep Distance: 0.5104198090883634
Elapsed Time: 1m 8s
********** 72 **********
Average Fitness: 0.5086666666666667
Maximum Fitness: 0.7666666666666666
Average Pen Distance: 0.6034630129232411
Maximum Pen Distance: 0.7071157074682919
Average Dog Distance: 0.6109723017694807
Maximum Dog Distance: 0.6754339447519248
Average Sheep Distance: 0.30523091563656984
Maximum Sheep Distance: 0.4001559388111777
Elapsed Time: 1m 7s
********** 73 **********
Average Fitness: 0.4793333333333332
Maximum Fitness: 0.8666666666666667
Average Pen Distance: 0.617486155165657
Maximum Pen Distance: 0.8930925138965505
Average Dog Distance: 0.6156342875477975
Maximum Dog Distance: 0.7293566793135385
Average Sheep Distance: 0.30792909696675963
Maximum Sheep Distance: 0.4702531271844858
Elapsed Time: 1m 8s
********** 74 **********
Average Fitness: 0.5003333333333334
Maximum Fitness: 0.7333333333333334
Average Pen Distance: 0.5927485285951953
Maximum Pen Distance: 0.7675017536774086
Average Dog Distance: 0.6188822467219927
Maximum Dog Distance: 0.6817346205231071
Average Sheep Distance: 0.3121871338333325
Maximum Sheep Distance: 0.41401494494244
Elapsed Time: 1m 10s
********** 75 **********
Average Fitness: 0.48066666666666663
Maximum Fitness: 0.7333333333333334
Average Pen Distance: 0.610854079392851
Maximum Pen Distance: 0.8383900943183376
Average Dog Distance: 0.6154953101835446
Maximum Dog Distance: 0.7135655256544902
Average Sheep Distance: 0.31276587302941344
Maximum Sheep Distance: 0.4984943179263211
Elapsed Time: 1m 10s
********** 76 **********
Average Fitness: 0.5016666666666666
Maximum Fitness: 0.7333333333333334
Average Pen Distance: 0.6069124464893
Maximum Pen Distance: 0.8017302504888266
Average Dog Distance: 0.6170881641476342
Maximum Dog Distance: 0.670312669873293
Average Sheep Distance: 0.30133246012574655
Maximum Sheep Distance: 0.4143978992754494
Elapsed Time: 1m 8s
********** 77 **********
Average Fitness: 0.489
Maximum Fitness: 0.7666666666666666
Average Pen Distance: 0.6130886528724936
Maximum Pen Distance: 0.8501642936766981
Average Dog Distance: 0.6093356627346622
Maximum Dog Distance: 0.7226701996391718
Average Sheep Distance: 0.29839435927284313
Maximum Sheep Distance: 0.4155407622446083
Elapsed Time: 1m 10s
********** 78 **********
Average Fitness: 0.5086666666666667
Maximum Fitness: 0.8000000000000002
Average Pen Distance: 0.6071119563915517
Maximum Pen Distance: 0.7506435343538778
Average Dog Distance: 0.6219497989366962
Maximum Dog Distance: 0.6995295259270241
Average Sheep Distance: 0.3093663955339163
Maximum Sheep Distance: 0.43136288948106344
Elapsed Time: 1m 9s
********** 79 **********
Average Fitness: 0.5203333333333334
Maximum Fitness: 0.7666666666666666
Average Pen Distance: 0.6164855581687027
Maximum Pen Distance: 0.8470350840533541
Average Dog Distance: 0.6162723009675172
Maximum Dog Distance: 0.6774319362278343
Average Sheep Distance: 0.30686175469555954
Maximum Sheep Distance: 0.4187199962331876
Elapsed Time: 1m 8s
********** 80 **********
Average Fitness: 0.5109999999999999
Maximum Fitness: 0.7666666666666666
Average Pen Distance: 0.6231917311612574
Maximum Pen Distance: 0.8572692889679221
Average Dog Distance: 0.6127419400380957
Maximum Dog Distance: 0.6759917735366486
Average Sheep Distance: 0.3109851450705621
Maximum Sheep Distance: 0.4056289460603537
Elapsed Time: 1m 19s
********** 81 **********
Average Fitness: 0.5093333333333333
Maximum Fitness: 0.7666666666666666
Average Pen Distance: 0.6178716612318151
Maximum Pen Distance: 0.7765681888841282
Average Dog Distance: 0.6113850009366297
Maximum Dog Distance: 0.6916744689938139
Average Sheep Distance: 0.30105174273825225
Maximum Sheep Distance: 0.4137186489187334
Elapsed Time: 1m 15s
********** 82 **********
Average Fitness: 0.499
Maximum Fitness: 0.7666666666666666
Average Pen Distance: 0.6307764075143831
Maximum Pen Distance: 0.8582864897967907
Average Dog Distance: 0.6085571895744064
Maximum Dog Distance: 0.708256381483006
Average Sheep Distance: 0.30970794240825544
Maximum Sheep Distance: 0.4232286359644452
Elapsed Time: 1m 23s
********** 83 **********
Average Fitness: 0.5083333333333333
Maximum Fitness: 0.7000000000000001
Average Pen Distance: 0.6152534412580956
Maximum Pen Distance: 0.8756638770293099
Average Dog Distance: 0.6018006507253335
Maximum Dog Distance: 0.6842690334907369
Average Sheep Distance: 0.3089005645861605
Maximum Sheep Distance: 0.519592552924748
Elapsed Time: 1m 15s
********** 84 **********
Average Fitness: 0.4996666666666667
Maximum Fitness: 0.8000000000000002
Average Pen Distance: 0.6071927929810165
Maximum Pen Distance: 0.8064484571869963
Average Dog Distance: 0.6098331147045285
Maximum Dog Distance: 0.6882981494041198
Average Sheep Distance: 0.30851625405584676
Maximum Sheep Distance: 0.4154222439013067
Elapsed Time: 1m 9s
********** 85 **********
Average Fitness: 0.4946666666666667
Maximum Fitness: 0.7666666666666666
Average Pen Distance: 0.6144204827581757
Maximum Pen Distance: 0.8435912492264904
Average Dog Distance: 0.6000027957694793
Maximum Dog Distance: 0.6767133764903647
Average Sheep Distance: 0.3064616589286295
Maximum Sheep Distance: 0.4775195935970613
Elapsed Time: 1m 4s
********** 86 **********
Average Fitness: 0.5083333333333333
Maximum Fitness: 0.8333333333333334
Average Pen Distance: 0.6274785809612432
Maximum Pen Distance: 0.8342462492628554
Average Dog Distance: 0.6049785797417404
Maximum Dog Distance: 0.6840819761355407
Average Sheep Distance: 0.31513398621996386
Maximum Sheep Distance: 0.42273038078116115
Elapsed Time: 1m 18s
********** 87 **********
Average Fitness: 0.5096666666666667
Maximum Fitness: 0.7999999999999999
Average Pen Distance: 0.6354703665691582
Maximum Pen Distance: 0.887271523116541
Average Dog Distance: 0.6041208213632139
Maximum Dog Distance: 0.7225744486480697
Average Sheep Distance: 0.3145687862704906
Maximum Sheep Distance: 0.4309010434463434
Elapsed Time: 1m 16s
********** 88 **********
Average Fitness: 0.495
Maximum Fitness: 0.7666666666666666
Average Pen Distance: 0.6410194263612844
Maximum Pen Distance: 0.8096391692724927
Average Dog Distance: 0.5954169794278962
Maximum Dog Distance: 0.6963109008438296
Average Sheep Distance: 0.3095807982650326
Maximum Sheep Distance: 0.41635116888882734
Elapsed Time: 1m 6s
********** 89 **********
Average Fitness: 0.5033333333333334
Maximum Fitness: 0.7666666666666666
Average Pen Distance: 0.6353329200425715
Maximum Pen Distance: 0.8090109987456741
Average Dog Distance: 0.5992656468263838
Maximum Dog Distance: 0.6991853266454441
Average Sheep Distance: 0.3182662232345693
Maximum Sheep Distance: 0.4852610360552074
Elapsed Time: 1m 18s
********** 90 **********
Average Fitness: 0.5096666666666667
Maximum Fitness: 0.7000000000000001
Average Pen Distance: 0.6293686324923392
Maximum Pen Distance: 0.887718286147599
Average Dog Distance: 0.6001164542661478
Maximum Dog Distance: 0.7089262753523595
Average Sheep Distance: 0.31838368232970565
Maximum Sheep Distance: 0.4196376193474884
Elapsed Time: 1m 4s
********** 91 **********
Average Fitness: 0.519
Maximum Fitness: 0.7333333333333334
Average Pen Distance: 0.6333083901416103
Maximum Pen Distance: 0.8175007541721269
Average Dog Distance: 0.6008733289759614
Maximum Dog Distance: 0.699028109211179
Average Sheep Distance: 0.31238637214581294
Maximum Sheep Distance: 0.4304949139516882
Elapsed Time: 1m 19s
********** 92 **********
Average Fitness: 0.5319999999999999
Maximum Fitness: 0.8333333333333334
Average Pen Distance: 0.6155393901837238
Maximum Pen Distance: 0.8698463753697426
Average Dog Distance: 0.6017033550300317
Maximum Dog Distance: 0.7319513191505093
Average Sheep Distance: 0.31411142131522246
Maximum Sheep Distance: 0.4543179025474567
Elapsed Time: 1m 10s
********** 93 **********
Average Fitness: 0.5209999999999999
Maximum Fitness: 0.8333333333333334
Average Pen Distance: 0.6121757118866487
Maximum Pen Distance: 0.8164275850282068
Average Dog Distance: 0.5983864005177271
Maximum Dog Distance: 0.6837219098937214
Average Sheep Distance: 0.31270205474329504
Maximum Sheep Distance: 0.45336542731889273
Elapsed Time: 1m 23s
********** 94 **********
Average Fitness: 0.5156666666666666
Maximum Fitness: 0.7333333333333334
Average Pen Distance: 0.6039138624157396
Maximum Pen Distance: 0.7034640375072742
Average Dog Distance: 0.6030933714606277
Maximum Dog Distance: 0.7105374667287728
Average Sheep Distance: 0.3054336526249745
Maximum Sheep Distance: 0.4070946850475418
Elapsed Time: 1m 12s
********** 95 **********
Average Fitness: 0.5323333333333333
Maximum Fitness: 0.8333333333333334
Average Pen Distance: 0.6098473591121641
Maximum Pen Distance: 0.8810641226863769
Average Dog Distance: 0.6016527435094475
Maximum Dog Distance: 0.7217415028359563
Average Sheep Distance: 0.32141574643885557
Maximum Sheep Distance: 0.4470103777801501
Elapsed Time: 1m 15s
********** 96 **********
Average Fitness: 0.525
Maximum Fitness: 0.8000000000000002
Average Pen Distance: 0.6150901434780974
Maximum Pen Distance: 0.8685288146470764
Average Dog Distance: 0.5935092782478125
Maximum Dog Distance: 0.6569635190201663
Average Sheep Distance: 0.30757048305404955
Maximum Sheep Distance: 0.41184029304434927
Elapsed Time: 1m 7s
********** 97 **********
Average Fitness: 0.511
Maximum Fitness: 0.8333333333333334
Average Pen Distance: 0.6228166729409353
Maximum Pen Distance: 0.8329046400816985
Average Dog Distance: 0.5946773416807223
Maximum Dog Distance: 0.6715310216004956
Average Sheep Distance: 0.31051748352528297
Maximum Sheep Distance: 0.41550099148202274
Elapsed Time: 1m 16s
********** 98 **********
Average Fitness: 0.504
Maximum Fitness: 0.8333333333333334
Average Pen Distance: 0.6160406862785995
Maximum Pen Distance: 0.8076760118898285
Average Dog Distance: 0.5925319830878718
Maximum Dog Distance: 0.7013000883436126
Average Sheep Distance: 0.3070674697237896
Maximum Sheep Distance: 0.397065982652367
Elapsed Time: 1m 6s
********** 99 **********
Average Fitness: 0.52
Maximum Fitness: 0.7999999999999999
Average Pen Distance: 0.6323617791941283
Maximum Pen Distance: 0.871544670905898
Average Dog Distance: 0.5859257474639975
Maximum Dog Distance: 0.6695873150750943
Average Sheep Distance: 0.3114098828842851
Maximum Sheep Distance: 0.49374252614231057
Elapsed Time: 1m 13s
********** 100 **********
Average Fitness: 0.5146666666666666
Maximum Fitness: 0.7666666666666666
Average Pen Distance: 0.6500554061563314
Maximum Pen Distance: 0.8630968793511071
Average Dog Distance: 0.577948597084506
Maximum Dog Distance: 0.6779907045865171
Average Sheep Distance: 0.3116879727489688
Maximum Sheep Distance: 0.44005618679568376
Elapsed Time: 1m 6s
********** 1 **********
Average Fitness: 0.091
Maximum Fitness: 0.3333333333333333
Average Pen Distance: 0.47333065410114933
Maximum Pen Distance: 0.8329527562427682
Average Dog Distance: 0.571964086035729
Maximum Dog Distance: 0.8552912207342462
Average Sheep Distance: 0.41124094275147516
Maximum Sheep Distance: 0.5078294996089253
Elapsed Time: 1m 24s
********** 2 **********
Average Fitness: 0.09099999999999998
Maximum Fitness: 0.3
Average Pen Distance: 0.46499195626976986
Maximum Pen Distance: 0.8201590400287916
Average Dog Distance: 0.5654007047153766
Maximum Dog Distance: 0.8450102474221347
Average Sheep Distance: 0.4125451183100537
Maximum Sheep Distance: 0.5163216343840663
Elapsed Time: 1m 29s
********** 3 **********
Average Fitness: 0.11699999999999999
Maximum Fitness: 0.4666666666666666
Average Pen Distance: 0.43600126099729847
Maximum Pen Distance: 0.8912318481284984
Average Dog Distance: 0.569150400392873
Maximum Dog Distance: 0.8084292221877463
Average Sheep Distance: 0.4124196951572609
Maximum Sheep Distance: 0.49527014900814786
Elapsed Time: 1m 20s
********** 4 **********
Average Fitness: 0.10233333333333333
Maximum Fitness: 0.26666666666666666
Average Pen Distance: 0.42946522763936956
Maximum Pen Distance: 0.856430649269685
Average Dog Distance: 0.5949036855144826
Maximum Dog Distance: 0.8221821171697224
Average Sheep Distance: 0.40945931339012714
Maximum Sheep Distance: 0.5699323988331909
Elapsed Time: 1m 16s
********** 5 **********
Average Fitness: 0.11133333333333334
Maximum Fitness: 0.30000000000000004
Average Pen Distance: 0.42236831577087375
Maximum Pen Distance: 0.8033551574354577
Average Dog Distance: 0.5968446455511287
Maximum Dog Distance: 0.83312455835931
Average Sheep Distance: 0.4106918156260954
Maximum Sheep Distance: 0.4907633905456443
Elapsed Time: 1m 26s
********** 6 **********
Average Fitness: 0.10499999999999998
Maximum Fitness: 0.3333333333333333
Average Pen Distance: 0.43350307925386716
Maximum Pen Distance: 0.8746625069504771
Average Dog Distance: 0.5752884820184317
Maximum Dog Distance: 0.8049598242035128
Average Sheep Distance: 0.40936664005142603
Maximum Sheep Distance: 0.5389376518501717
Elapsed Time: 1m 33s
********** 7 **********
Average Fitness: 0.11399999999999999
Maximum Fitness: 0.3666666666666667
Average Pen Distance: 0.44803823573586754
Maximum Pen Distance: 0.824566774837194
Average Dog Distance: 0.5803366884110613
Maximum Dog Distance: 0.8282396895431333
Average Sheep Distance: 0.413324300726208
Maximum Sheep Distance: 0.5174820505153482
Elapsed Time: 1m 22s
********** 8 **********
Average Fitness: 0.13933333333333334
Maximum Fitness: 0.39999999999999997
Average Pen Distance: 0.37482101379941213
Maximum Pen Distance: 0.7625119248441342
Average Dog Distance: 0.5586102349931147
Maximum Dog Distance: 0.8349719993712554
Average Sheep Distance: 0.4117645445958993
Maximum Sheep Distance: 0.49058748682713027
Elapsed Time: 1m 20s
********** 9 **********
Average Fitness: 0.126
Maximum Fitness: 0.3666666666666667
Average Pen Distance: 0.35277500121934535
Maximum Pen Distance: 0.6993147208755813
Average Dog Distance: 0.5590397775344984
Maximum Dog Distance: 0.8467162991259095
Average Sheep Distance: 0.41289983669099845
Maximum Sheep Distance: 0.536038356372799
Elapsed Time: 1m 14s
********** 10 **********
Average Fitness: 0.141
Maximum Fitness: 0.4000000000000001
Average Pen Distance: 0.3976017054442923
Maximum Pen Distance: 0.7808185365252761
Average Dog Distance: 0.5791139442231461
Maximum Dog Distance: 0.8013883671122645
Average Sheep Distance: 0.41000597648977755
Maximum Sheep Distance: 0.5014267319019753
Elapsed Time: 1m 26s
********** 11 **********
Average Fitness: 0.13633333333333333
Maximum Fitness: 0.4333333333333333
Average Pen Distance: 0.40657672274341505
Maximum Pen Distance: 0.7631530516241248
Average Dog Distance: 0.5803438097141739
Maximum Dog Distance: 0.8040486128217309
Average Sheep Distance: 0.4126242283841776
Maximum Sheep Distance: 0.5154450959262318
Elapsed Time: 1m 19s
********** 12 **********
Average Fitness: 0.15033333333333332
Maximum Fitness: 0.4000000000000001
Average Pen Distance: 0.39352058052296784
Maximum Pen Distance: 0.7124536881553016
Average Dog Distance: 0.580813534812379
Maximum Dog Distance: 0.7999379353047708
Average Sheep Distance: 0.4065574774679563
Maximum Sheep Distance: 0.5100727250784806
Elapsed Time: 1m 23s
********** 13 **********
Average Fitness: 0.17700000000000002
Maximum Fitness: 0.46666666666666673
Average Pen Distance: 0.3937880895687359
Maximum Pen Distance: 0.7620448309838137
Average Dog Distance: 0.5782417248769643
Maximum Dog Distance: 0.7760273773541675
Average Sheep Distance: 0.40755584389494537
Maximum Sheep Distance: 0.49627434726229097
Elapsed Time: 1m 18s
********** 14 **********
Average Fitness: 0.19000000000000003
Maximum Fitness: 0.5
Average Pen Distance: 0.4199946841002171
Maximum Pen Distance: 0.8159586702745103
Average Dog Distance: 0.5924942267893014
Maximum Dog Distance: 0.8085810110950643
Average Sheep Distance: 0.39901240680381256
Maximum Sheep Distance: 0.4989348927027564
Elapsed Time: 1m 23s
********** 15 **********
Average Fitness: 0.18466666666666667
Maximum Fitness: 0.6
Average Pen Distance: 0.43301171667668953
Maximum Pen Distance: 0.8885119229212988
Average Dog Distance: 0.5932809886746203
Maximum Dog Distance: 0.7889231922865677
Average Sheep Distance: 0.3994812364181057
Maximum Sheep Distance: 0.4682853843778981
Elapsed Time: 1m 20s
********** 16 **********
Average Fitness: 0.17666666666666667
Maximum Fitness: 0.4333333333333333
Average Pen Distance: 0.42599805319702655
Maximum Pen Distance: 0.7642395206952756
Average Dog Distance: 0.591102069807011
Maximum Dog Distance: 0.7823116614941948
Average Sheep Distance: 0.3980448996378065
Maximum Sheep Distance: 0.5268464651230056
Elapsed Time: 1m 32s
********** 17 **********
Average Fitness: 0.2356666666666667
Maximum Fitness: 0.4666666666666666
Average Pen Distance: 0.433348278511625
Maximum Pen Distance: 0.6343701351596945
Average Dog Distance: 0.6127477721933832
Maximum Dog Distance: 0.7419687941237818
Average Sheep Distance: 0.39464501621627107
Maximum Sheep Distance: 0.4846050786887914
Elapsed Time: 1m 11s
********** 18 **********
Average Fitness: 0.24800000000000005
Maximum Fitness: 0.6333333333333333
Average Pen Distance: 0.4321294368439538
Maximum Pen Distance: 0.739499030022501
Average Dog Distance: 0.6148083403737633
Maximum Dog Distance: 0.771023685300691
Average Sheep Distance: 0.38454290718335804
Maximum Sheep Distance: 0.49975147659412156
Elapsed Time: 1m 26s
********** 19 **********
Average Fitness: 0.248
Maximum Fitness: 0.5333333333333333
Average Pen Distance: 0.4497369889334181
Maximum Pen Distance: 0.6370881076219691
Average Dog Distance: 0.6359936211919618
Maximum Dog Distance: 0.7741835570411674
Average Sheep Distance: 0.38263590972854694
Maximum Sheep Distance: 0.4837816716554224
Elapsed Time: 1m 24s
********** 20 **********
Average Fitness: 0.243
Maximum Fitness: 0.46666666666666673
Average Pen Distance: 0.45228805774549874
Maximum Pen Distance: 0.8496973114984588
Average Dog Distance: 0.6348948579319839
Maximum Dog Distance: 0.7762061596505893
Average Sheep Distance: 0.3783182751794235
Maximum Sheep Distance: 0.5017780986080167
Elapsed Time: 1m 13s
********** 21 **********
Average Fitness: 0.2633333333333333
Maximum Fitness: 0.5666666666666667
Average Pen Distance: 0.46718536605663147
Maximum Pen Distance: 0.6677563261499838
Average Dog Distance: 0.6392417638909589
Maximum Dog Distance: 0.7687888826387993
Average Sheep Distance: 0.3790231187857026
Maximum Sheep Distance: 0.46031530226081524
Elapsed Time: 1m 26s
********** 22 **********
Average Fitness: 0.27299999999999996
Maximum Fitness: 0.6333333333333334
Average Pen Distance: 0.46941861888030895
Maximum Pen Distance: 0.6147468737440871
Average Dog Distance: 0.6454120794164119
Maximum Dog Distance: 0.7599179756377376
Average Sheep Distance: 0.37698669861539613
Maximum Sheep Distance: 0.4555345912707435
Elapsed Time: 1m 19s
********** 23 **********
Average Fitness: 0.2563333333333333
Maximum Fitness: 0.6
Average Pen Distance: 0.4847271672044814
Maximum Pen Distance: 0.7590756576586127
Average Dog Distance: 0.643884779217726
Maximum Dog Distance: 0.7861257414971421
Average Sheep Distance: 0.37800703369997957
Maximum Sheep Distance: 0.49224213357639646
Elapsed Time: 1m 24s
********** 24 **********
Average Fitness: 0.2616666666666667
Maximum Fitness: 0.5333333333333333
Average Pen Distance: 0.48988383693929827
Maximum Pen Distance: 0.6898354411194866
Average Dog Distance: 0.6459141871616325
Maximum Dog Distance: 0.7699617050620674
Average Sheep Distance: 0.3694149544155176
Maximum Sheep Distance: 0.4355021440829335
Elapsed Time: 1m 13s
********** 25 **********
Average Fitness: 0.26966666666666667
Maximum Fitness: 0.5666666666666667
Average Pen Distance: 0.48639803380892405
Maximum Pen Distance: 0.6726905913023827
Average Dog Distance: 0.6343795068708115
Maximum Dog Distance: 0.7562731311511944
Average Sheep Distance: 0.37304508452571633
Maximum Sheep Distance: 0.4862705355756676
Elapsed Time: 1m 24s
********** 26 **********
Average Fitness: 0.271
Maximum Fitness: 0.5
Average Pen Distance: 0.48342324908929735
Maximum Pen Distance: 0.7413877643944718
Average Dog Distance: 0.6316222277117383
Maximum Dog Distance: 0.7569054240869258
Average Sheep Distance: 0.3766181304277321
Maximum Sheep Distance: 0.5230916706622549
Elapsed Time: 1m 19s
********** 27 **********
Average Fitness: 0.281
Maximum Fitness: 0.5333333333333333
Average Pen Distance: 0.48406421015305845
Maximum Pen Distance: 0.6355919066928639
Average Dog Distance: 0.6335914054095736
Maximum Dog Distance: 0.7548165630293923
Average Sheep Distance: 0.3771431522224329
Maximum Sheep Distance: 0.5233571098184749
Elapsed Time: 1m 16s
********** 28 **********
Average Fitness: 0.2766666666666666
Maximum Fitness: 0.5666666666666667
Average Pen Distance: 0.4793580828286281
Maximum Pen Distance: 0.7105620503338024
Average Dog Distance: 0.6311110151514947
Maximum Dog Distance: 0.7683321750618989
Average Sheep Distance: 0.3729237312058126
Maximum Sheep Distance: 0.5002928722543386
Elapsed Time: 1m 22s
********** 29 **********
Average Fitness: 0.2723333333333333
Maximum Fitness: 0.5666666666666665
Average Pen Distance: 0.4683834406151127
Maximum Pen Distance: 0.7030678743718018
Average Dog Distance: 0.6308676569590439
Maximum Dog Distance: 0.7398289739394199
Average Sheep Distance: 0.37371573325361107
Maximum Sheep Distance: 0.4424452468785929
Elapsed Time: 1m 16s
********** 30 **********
Average Fitness: 0.26
Maximum Fitness: 0.5
Average Pen Distance: 0.46911502709643554
Maximum Pen Distance: 0.6681623259723161
Average Dog Distance: 0.6350649005060771
Maximum Dog Distance: 0.7819821172596343
Average Sheep Distance: 0.36957961379315696
Maximum Sheep Distance: 0.45641857760552657
Elapsed Time: 1m 10s
********** 31 **********
Average Fitness: 0.26366666666666666
Maximum Fitness: 0.5333333333333333
Average Pen Distance: 0.47567769473160904
Maximum Pen Distance: 0.8225804623611567
Average Dog Distance: 0.6381353794980587
Maximum Dog Distance: 0.7806751003859843
Average Sheep Distance: 0.37516818354849635
Maximum Sheep Distance: 0.46952216343714465
Elapsed Time: 1m 18s
********** 32 **********
Average Fitness: 0.26766666666666666
Maximum Fitness: 0.5333333333333333
Average Pen Distance: 0.45737474024150665
Maximum Pen Distance: 0.6473693163344415
Average Dog Distance: 0.6310160149016161
Maximum Dog Distance: 0.7657050415212371
Average Sheep Distance: 0.37048462854892283
Maximum Sheep Distance: 0.48861493290914293
Elapsed Time: 1m 30s
********** 33 **********
Average Fitness: 0.25533333333333336
Maximum Fitness: 0.5
Average Pen Distance: 0.4736101964178122
Maximum Pen Distance: 0.6597778657241461
Average Dog Distance: 0.6465682045094506
Maximum Dog Distance: 0.7870643569569499
Average Sheep Distance: 0.37013970745187846
Maximum Sheep Distance: 0.4450212603387354
Elapsed Time: 1m 29s
********** 34 **********
Average Fitness: 0.26099999999999995
Maximum Fitness: 0.5333333333333333
Average Pen Distance: 0.47095826334078444
Maximum Pen Distance: 0.8357449443739228
Average Dog Distance: 0.6415717056312289
Maximum Dog Distance: 0.7689637844418854
Average Sheep Distance: 0.3701238142191168
Maximum Sheep Distance: 0.51889237002806
Elapsed Time: 1m 13s
********** 35 **********
Average Fitness: 0.26799999999999996
Maximum Fitness: 0.5333333333333333
Average Pen Distance: 0.47739122869892836
Maximum Pen Distance: 0.6673599697358982
Average Dog Distance: 0.6579482856249003
Maximum Dog Distance: 0.7672010856668378
Average Sheep Distance: 0.36066866693663713
Maximum Sheep Distance: 0.45936831434455994
Elapsed Time: 1m 23s
********** 36 **********
Average Fitness: 0.2703333333333333
Maximum Fitness: 0.5
Average Pen Distance: 0.4733759227775931
Maximum Pen Distance: 0.7844659164505897
Average Dog Distance: 0.648292594275032
Maximum Dog Distance: 0.7716026338363801
Average Sheep Distance: 0.3610097313632527
Maximum Sheep Distance: 0.46520861422880083
Elapsed Time: 1m 8s
********** 37 **********
Average Fitness: 0.27
Maximum Fitness: 0.5666666666666668
Average Pen Distance: 0.48129336301939396
Maximum Pen Distance: 0.815635656374091
Average Dog Distance: 0.6510765292355896
Maximum Dog Distance: 0.7781612709166494
Average Sheep Distance: 0.3662534941058576
Maximum Sheep Distance: 0.4929138385918675
Elapsed Time: 1m 23s
********** 38 **********
Average Fitness: 0.263
Maximum Fitness: 0.5333333333333333
Average Pen Distance: 0.4743540672463564
Maximum Pen Distance: 0.6697564535077065
Average Dog Distance: 0.6475438411555386
Maximum Dog Distance: 0.7758946150140015
Average Sheep Distance: 0.3642532267517359
Maximum Sheep Distance: 0.46488750236021587
Elapsed Time: 1m 16s
********** 39 **********
Average Fitness: 0.2643333333333333
Maximum Fitness: 0.5666666666666668
Average Pen Distance: 0.4924819621510073
Maximum Pen Distance: 0.8628863071726275
Average Dog Distance: 0.6610608605723951
Maximum Dog Distance: 0.7623508864239331
Average Sheep Distance: 0.3589233145822326
Maximum Sheep Distance: 0.44648932134953734
Elapsed Time: 1m 12s
********** 40 **********
Average Fitness: 0.2936666666666667
Maximum Fitness: 0.5
Average Pen Distance: 0.48326577094397655
Maximum Pen Distance: 0.7276619113466825
Average Dog Distance: 0.6490062166691521
Maximum Dog Distance: 0.7737575930417958
Average Sheep Distance: 0.36269316803958807
Maximum Sheep Distance: 0.464506189248739
Elapsed Time: 1m 18s
********** 41 **********
Average Fitness: 0.29833333333333334
Maximum Fitness: 0.6
Average Pen Distance: 0.49959264116833324
Maximum Pen Distance: 0.8313076391370021
Average Dog Distance: 0.6585283119482684
Maximum Dog Distance: 0.7778947640241055
Average Sheep Distance: 0.3545582585897784
Maximum Sheep Distance: 0.44529985522006044
Elapsed Time: 1m 11s
********** 42 **********
Average Fitness: 0.3036666666666667
Maximum Fitness: 0.6
Average Pen Distance: 0.4990591681230985
Maximum Pen Distance: 0.8435748048578091
Average Dog Distance: 0.6639002977023958
Maximum Dog Distance: 0.7758898383113265
Average Sheep Distance: 0.34817323824342183
Maximum Sheep Distance: 0.46066551669504335
Elapsed Time: 1m 8s
********** 43 **********
Average Fitness: 0.308
Maximum Fitness: 0.6
Average Pen Distance: 0.5228600377959277
Maximum Pen Distance: 0.8153641070514657
Average Dog Distance: 0.668774468395452
Maximum Dog Distance: 0.7783734445946561
Average Sheep Distance: 0.3453026400656843
Maximum Sheep Distance: 0.49208889720413684
Elapsed Time: 1m 19s
********** 44 **********
Average Fitness: 0.31566666666666665
Maximum Fitness: 0.5666666666666668
Average Pen Distance: 0.51494445692872
Maximum Pen Distance: 0.7464061987461595
Average Dog Distance: 0.6643309903259204
Maximum Dog Distance: 0.7886617170060116
Average Sheep Distance: 0.3439207659711737
Maximum Sheep Distance: 0.44327600191905575
Elapsed Time: 1m 22s
********** 45 **********
Average Fitness: 0.3096666666666667
Maximum Fitness: 0.5333333333333333
Average Pen Distance: 0.5264596612552296
Maximum Pen Distance: 0.7030456628129236
Average Dog Distance: 0.6679104392107287
Maximum Dog Distance: 0.7664655511949282
Average Sheep Distance: 0.34183680406597733
Maximum Sheep Distance: 0.437461879486742
Elapsed Time: 1m 17s
********** 46 **********
Average Fitness: 0.29833333333333334
Maximum Fitness: 0.6
Average Pen Distance: 0.5080580609108545
Maximum Pen Distance: 0.7496145913469708
Average Dog Distance: 0.6469312526523876
Maximum Dog Distance: 0.7566001665629476
Average Sheep Distance: 0.34298333256224545
Maximum Sheep Distance: 0.46437862792521106
Elapsed Time: 1m 14s
********** 47 **********
Average Fitness: 0.31233333333333335
Maximum Fitness: 0.5666666666666667
Average Pen Distance: 0.5264515802401223
Maximum Pen Distance: 0.7752449856628661
Average Dog Distance: 0.6661878476285614
Maximum Dog Distance: 0.7752472379134933
Average Sheep Distance: 0.34833218882601247
Maximum Sheep Distance: 0.49787044636473315
Elapsed Time: 1m 21s
********** 48 **********
Average Fitness: 0.307
Maximum Fitness: 0.6333333333333333
Average Pen Distance: 0.512303950548513
Maximum Pen Distance: 0.688546477527205
Average Dog Distance: 0.6795657121248893
Maximum Dog Distance: 0.7804662235695852
Average Sheep Distance: 0.3412218261890257
Maximum Sheep Distance: 0.42480041180307854
Elapsed Time: 1m 27s
********** 49 **********
Average Fitness: 0.2816666666666667
Maximum Fitness: 0.6666666666666666
Average Pen Distance: 0.5167987047159113
Maximum Pen Distance: 0.7685528904391171
Average Dog Distance: 0.6758185966841631
Maximum Dog Distance: 0.7801911325179867
Average Sheep Distance: 0.3434055771938143
Maximum Sheep Distance: 0.44407424703157616
Elapsed Time: 1m 23s
********** 50 **********
Average Fitness: 0.3156666666666667
Maximum Fitness: 0.6333333333333333
Average Pen Distance: 0.5095022967838324
Maximum Pen Distance: 0.7386909668118657
Average Dog Distance: 0.6823114458371928
Maximum Dog Distance: 0.778600176710596
Average Sheep Distance: 0.3444591443477061
Maximum Sheep Distance: 0.5091754724292213
Elapsed Time: 1m 27s
********** 51 **********
Average Fitness: 0.3256666666666666
Maximum Fitness: 0.6
Average Pen Distance: 0.5159750619811313
Maximum Pen Distance: 0.7312437677258413
Average Dog Distance: 0.6738062504065238
Maximum Dog Distance: 0.7743553285202341
Average Sheep Distance: 0.3416086257069213
Maximum Sheep Distance: 0.46080272147982715
Elapsed Time: 1m 9s
********** 52 **********
Average Fitness: 0.31966666666666665
Maximum Fitness: 0.5333333333333333
Average Pen Distance: 0.5222010724423484
Maximum Pen Distance: 0.8722198669050915
Average Dog Distance: 0.6725032674781307
Maximum Dog Distance: 0.8179488546041421
Average Sheep Distance: 0.33868070327397004
Maximum Sheep Distance: 0.45885084735961174
Elapsed Time: 1m 16s
********** 53 **********
Average Fitness: 0.2996666666666667
Maximum Fitness: 0.5666666666666667
Average Pen Distance: 0.5289631610009369
Maximum Pen Distance: 0.7915236422299166
Average Dog Distance: 0.6751659813070526
Maximum Dog Distance: 0.7878824615476222
Average Sheep Distance: 0.3364841934614872
Maximum Sheep Distance: 0.506586665623559
Elapsed Time: 1m 16s
********** 54 **********
Average Fitness: 0.3
Maximum Fitness: 0.5666666666666667
Average Pen Distance: 0.5241534952312494
Maximum Pen Distance: 0.8157434313340469
Average Dog Distance: 0.6743832859069576
Maximum Dog Distance: 0.786556478645486
Average Sheep Distance: 0.3369096328767224
Maximum Sheep Distance: 0.46768906270753857
Elapsed Time: 1m 31s
********** 55 **********
Average Fitness: 0.299
Maximum Fitness: 0.5666666666666667
Average Pen Distance: 0.515668032138349
Maximum Pen Distance: 0.8031394825821613
Average Dog Distance: 0.6756161851464695
Maximum Dog Distance: 0.7831779716701712
Average Sheep Distance: 0.33051124458759085
Maximum Sheep Distance: 0.46106814536218704
Elapsed Time: 1m 11s
********** 56 **********
Average Fitness: 0.32233333333333325
Maximum Fitness: 0.7000000000000001
Average Pen Distance: 0.505219755618345
Maximum Pen Distance: 0.7902122519674671
Average Dog Distance: 0.6827208181837133
Maximum Dog Distance: 0.7781544496759966
Average Sheep Distance: 0.33038172553811374
Maximum Sheep Distance: 0.4472209148675291
Elapsed Time: 1m 8s
********** 57 **********
Average Fitness: 0.31999999999999995
Maximum Fitness: 0.5333333333333333
Average Pen Distance: 0.5160989111750123
Maximum Pen Distance: 0.8424086153951791
Average Dog Distance: 0.6896618792173342
Maximum Dog Distance: 0.8134981861622256
Average Sheep Distance: 0.3340225504899152
Maximum Sheep Distance: 0.4536267973494829
Elapsed Time: 1m 21s
********** 58 **********
Average Fitness: 0.3246666666666666
Maximum Fitness: 0.6
Average Pen Distance: 0.5156486756454656
Maximum Pen Distance: 0.7851519098537533
Average Dog Distance: 0.6796876812688875
Maximum Dog Distance: 0.7856431185434952
Average Sheep Distance: 0.33114346606417483
Maximum Sheep Distance: 0.4490819374845954
Elapsed Time: 1m 20s
********** 59 **********
Average Fitness: 0.3213333333333333
Maximum Fitness: 0.5666666666666667
Average Pen Distance: 0.5201003569470273
Maximum Pen Distance: 0.7307621092406307
Average Dog Distance: 0.6783308955165279
Maximum Dog Distance: 0.7930815565892061
Average Sheep Distance: 0.3271372662264644
Maximum Sheep Distance: 0.42257294372247406
Elapsed Time: 1m 20s
********** 60 **********
Average Fitness: 0.33033333333333326
Maximum Fitness: 0.6
Average Pen Distance: 0.5253609348468603
Maximum Pen Distance: 0.7470191880090685
Average Dog Distance: 0.6797617287863668
Maximum Dog Distance: 0.7808517567215336
Average Sheep Distance: 0.32181128115591795
Maximum Sheep Distance: 0.4565936403989152
Elapsed Time: 1m 11s
********** 61 **********
Average Fitness: 0.32766666666666666
Maximum Fitness: 0.5666666666666668
Average Pen Distance: 0.5261273387292482
Maximum Pen Distance: 0.7102100699682596
Average Dog Distance: 0.6696479463552163
Maximum Dog Distance: 0.7786990611605585
Average Sheep Distance: 0.3245039818482141
Maximum Sheep Distance: 0.42141458672329485
Elapsed Time: 1m 11s
********** 62 **********
Average Fitness: 0.3196666666666667
Maximum Fitness: 0.6
Average Pen Distance: 0.5333901396099631
Maximum Pen Distance: 0.87495117051038
Average Dog Distance: 0.6706439374577391
Maximum Dog Distance: 0.7693018534919044
Average Sheep Distance: 0.3258194470914299
Maximum Sheep Distance: 0.4535423854127693
Elapsed Time: 1m 21s
********** 63 **********
Average Fitness: 0.3276666666666666
Maximum Fitness: 0.6
Average Pen Distance: 0.5265158766402737
Maximum Pen Distance: 0.8343198318020458
Average Dog Distance: 0.6617977009723685
Maximum Dog Distance: 0.7798750852927405
Average Sheep Distance: 0.31336124729828957
Maximum Sheep Distance: 0.43665101928147126
Elapsed Time: 1m 23s
********** 64 **********
Average Fitness: 0.311
Maximum Fitness: 0.6666666666666666
Average Pen Distance: 0.5396450461611348
Maximum Pen Distance: 0.8301088719776795
Average Dog Distance: 0.6684182000622237
Maximum Dog Distance: 0.7832627485159219
Average Sheep Distance: 0.3290117133626221
Maximum Sheep Distance: 0.46574027994339423
Elapsed Time: 1m 12s
********** 65 **********
Average Fitness: 0.3413333333333333
Maximum Fitness: 0.5666666666666668
Average Pen Distance: 0.5353977040741901
Maximum Pen Distance: 0.7268557458034094
Average Dog Distance: 0.6747042184305281
Maximum Dog Distance: 0.7861263066261825
Average Sheep Distance: 0.31659304755330525
Maximum Sheep Distance: 0.44430859241010884
Elapsed Time: 1m 25s
********** 66 **********
Average Fitness: 0.3296666666666666
Maximum Fitness: 0.5333333333333333
Average Pen Distance: 0.5389965775910894
Maximum Pen Distance: 0.6999766000873316
Average Dog Distance: 0.6745067443470745
Maximum Dog Distance: 0.7858638679129325
Average Sheep Distance: 0.315868775017097
Maximum Sheep Distance: 0.4835682781600142
Elapsed Time: 1m 15s
********** 67 **********
Average Fitness: 0.3406666666666666
Maximum Fitness: 0.6666666666666666
Average Pen Distance: 0.5323089267943014
Maximum Pen Distance: 0.766691566546457
Average Dog Distance: 0.6845813197482701
Maximum Dog Distance: 0.7807627019402359
Average Sheep Distance: 0.32289025220392575
Maximum Sheep Distance: 0.45929552849774885
Elapsed Time: 1m 8s
********** 68 **********
Average Fitness: 0.34233333333333327
Maximum Fitness: 0.6
Average Pen Distance: 0.5554011888375302
Maximum Pen Distance: 0.8584950003021802
Average Dog Distance: 0.6840198684119777
Maximum Dog Distance: 0.7897367070120538
Average Sheep Distance: 0.3296188725453378
Maximum Sheep Distance: 0.4767925128981452
Elapsed Time: 1m 24s
********** 69 **********
Average Fitness: 0.34099999999999986
Maximum Fitness: 0.6
Average Pen Distance: 0.5523922163281929
Maximum Pen Distance: 0.8745676772053393
Average Dog Distance: 0.6756292671901896
Maximum Dog Distance: 0.8068165316465642
Average Sheep Distance: 0.32675497752881044
Maximum Sheep Distance: 0.44645764665495397
Elapsed Time: 1m 12s
********** 70 **********
Average Fitness: 0.33833333333333326
Maximum Fitness: 0.7000000000000001
Average Pen Distance: 0.5506581406537667
Maximum Pen Distance: 0.8282130545440914
Average Dog Distance: 0.6842944970857866
Maximum Dog Distance: 0.8132071271572882
Average Sheep Distance: 0.32776059009142955
Maximum Sheep Distance: 0.44076848872166935
Elapsed Time: 1m 27s
********** 71 **********
Average Fitness: 0.3460000000000001
Maximum Fitness: 0.5666666666666667
Average Pen Distance: 0.5550990445418534
Maximum Pen Distance: 0.8792957004174311
Average Dog Distance: 0.6781703756273504
Maximum Dog Distance: 0.7804027052761063
Average Sheep Distance: 0.33108215473663644
Maximum Sheep Distance: 0.5268331222827984
Elapsed Time: 1m 24s
********** 72 **********
Average Fitness: 0.35233333333333333
Maximum Fitness: 0.6333333333333334
Average Pen Distance: 0.5548143317210561
Maximum Pen Distance: 0.7785750936506748
Average Dog Distance: 0.6906709342414524
Maximum Dog Distance: 0.7755854503045224
Average Sheep Distance: 0.3272803032004818
Maximum Sheep Distance: 0.4288981367792439
Elapsed Time: 1m 11s
********** 73 **********
Average Fitness: 0.36500000000000005
Maximum Fitness: 0.7333333333333334
Average Pen Distance: 0.5519133329911058
Maximum Pen Distance: 0.8782560606374278
Average Dog Distance: 0.6875652659623244
Maximum Dog Distance: 0.7736866443527596
Average Sheep Distance: 0.33111989018925386
Maximum Sheep Distance: 0.4742369405675692
Elapsed Time: 1m 8s
********** 74 **********
Average Fitness: 0.374
Maximum Fitness: 0.6666666666666666
Average Pen Distance: 0.5551257530438893
Maximum Pen Distance: 0.8390213264615086
Average Dog Distance: 0.6885379110109962
Maximum Dog Distance: 0.7874908556400514
Average Sheep Distance: 0.3263007171134052
Maximum Sheep Distance: 0.45745713334248667
Elapsed Time: 1m 14s
********** 75 **********
Average Fitness: 0.3553333333333334
Maximum Fitness: 0.7666666666666666
Average Pen Distance: 0.577078575423928
Maximum Pen Distance: 0.8143512713352065
Average Dog Distance: 0.6761194326630577
Maximum Dog Distance: 0.8102700284223773
Average Sheep Distance: 0.32168805189825617
Maximum Sheep Distance: 0.4735318744766272
Elapsed Time: 1m 8s
********** 76 **********
Average Fitness: 0.37766666666666665
Maximum Fitness: 0.6
Average Pen Distance: 0.5710003856511319
Maximum Pen Distance: 0.8506077490020285
Average Dog Distance: 0.6856595977209736
Maximum Dog Distance: 0.7993485213195748
Average Sheep Distance: 0.31964383506242366
Maximum Sheep Distance: 0.46836995412980187
Elapsed Time: 1m 19s
********** 77 **********
Average Fitness: 0.3723333333333333
Maximum Fitness: 0.7000000000000001
Average Pen Distance: 0.5780004412664596
Maximum Pen Distance: 0.8279208438967203
Average Dog Distance: 0.6772293061080766
Maximum Dog Distance: 0.7849701926284128
Average Sheep Distance: 0.32000683547029907
Maximum Sheep Distance: 0.4290750601792322
Elapsed Time: 1m 17s
********** 78 **********
Average Fitness: 0.4053333333333333
Maximum Fitness: 0.7333333333333334
Average Pen Distance: 0.5762249725021368
Maximum Pen Distance: 0.7669813434549205
Average Dog Distance: 0.6738329065473581
Maximum Dog Distance: 0.796910264025528
Average Sheep Distance: 0.31494294701733766
Maximum Sheep Distance: 0.41239834448338625
Elapsed Time: 1m 11s
********** 79 **********
Average Fitness: 0.3876666666666667
Maximum Fitness: 0.7666666666666666
Average Pen Distance: 0.5955780164843109
Maximum Pen Distance: 0.8720706487896659
Average Dog Distance: 0.6584116621187465
Maximum Dog Distance: 0.7579674415499119
Average Sheep Distance: 0.32372860803969206
Maximum Sheep Distance: 0.4948229990056066
Elapsed Time: 1m 19s
********** 80 **********
Average Fitness: 0.3903333333333333
Maximum Fitness: 0.7666666666666666
Average Pen Distance: 0.5879896877107677
Maximum Pen Distance: 0.9445129820496865
Average Dog Distance: 0.6666985511508641
Maximum Dog Distance: 0.784044635824749
Average Sheep Distance: 0.32438890428750544
Maximum Sheep Distance: 0.4312738515080361
Elapsed Time: 1m 17s
********** 81 **********
Average Fitness: 0.4403333333333334
Maximum Fitness: 0.7666666666666666
Average Pen Distance: 0.5901095726659132
Maximum Pen Distance: 0.8462906735006873
Average Dog Distance: 0.6697193318225395
Maximum Dog Distance: 0.8137578919807592
Average Sheep Distance: 0.32464465404394327
Maximum Sheep Distance: 0.5454270523676764
Elapsed Time: 1m 16s
********** 82 **********
Average Fitness: 0.44733333333333336
Maximum Fitness: 0.7666666666666666
Average Pen Distance: 0.5758254823619108
Maximum Pen Distance: 0.7576784634852084
Average Dog Distance: 0.6616825136566375
Maximum Dog Distance: 0.7511006083110127
Average Sheep Distance: 0.31702082772459916
Maximum Sheep Distance: 0.4173887534707033
Elapsed Time: 1m 25s
********** 83 **********
Average Fitness: 0.44533333333333325
Maximum Fitness: 0.7333333333333334
Average Pen Distance: 0.5812079533218177
Maximum Pen Distance: 0.7680565787409616
Average Dog Distance: 0.6595658842851164
Maximum Dog Distance: 0.7558924488067736
Average Sheep Distance: 0.32332391788555326
Maximum Sheep Distance: 0.4225232578475144
Elapsed Time: 1m 18s
********** 84 **********
Average Fitness: 0.4563333333333333
Maximum Fitness: 0.6999999999999998
Average Pen Distance: 0.5726462062978025
Maximum Pen Distance: 0.8158978641290789
Average Dog Distance: 0.6617348573078121
Maximum Dog Distance: 0.7571777761632559
Average Sheep Distance: 0.3209429665213153
Maximum Sheep Distance: 0.4133069397117433
Elapsed Time: 1m 11s
********** 85 **********
Average Fitness: 0.43066666666666664
Maximum Fitness: 0.8000000000000002
Average Pen Distance: 0.566743020082211
Maximum Pen Distance: 0.7692442209693285
Average Dog Distance: 0.6543310272265396
Maximum Dog Distance: 0.761641586748491
Average Sheep Distance: 0.3199667363706281
Maximum Sheep Distance: 0.44022810617302444
Elapsed Time: 1m 10s
********** 86 **********
Average Fitness: 0.4713333333333333
Maximum Fitness: 0.7333333333333334
Average Pen Distance: 0.5640833768389508
Maximum Pen Distance: 0.7684759938446127
Average Dog Distance: 0.6493575134723539
Maximum Dog Distance: 0.7621916121881359
Average Sheep Distance: 0.3179863790104474
Maximum Sheep Distance: 0.4059055804762899
Elapsed Time: 1m 25s
********** 87 **********
Average Fitness: 0.5103333333333332
Maximum Fitness: 0.7666666666666666
Average Pen Distance: 0.5647167398809356
Maximum Pen Distance: 0.8541088322662818
Average Dog Distance: 0.6496600404903528
Maximum Dog Distance: 0.7618952283896149
Average Sheep Distance: 0.31441899766996584
Maximum Sheep Distance: 0.49527203262641645
Elapsed Time: 1m 18s
********** 88 **********
Average Fitness: 0.4716666666666666
Maximum Fitness: 0.7333333333333334
Average Pen Distance: 0.5698260175338958
Maximum Pen Distance: 0.8595914917260451
Average Dog Distance: 0.6419739364718865
Maximum Dog Distance: 0.7683627335117599
Average Sheep Distance: 0.3202404801315846
Maximum Sheep Distance: 0.4534483206052542
Elapsed Time: 1m 18s
********** 89 **********
Average Fitness: 0.47600000000000003
Maximum Fitness: 0.7333333333333334
Average Pen Distance: 0.5588646210428364
Maximum Pen Distance: 0.7766891798586064
Average Dog Distance: 0.6595885184998737
Maximum Dog Distance: 0.7676735979723004
Average Sheep Distance: 0.3114662332056874
Maximum Sheep Distance: 0.4978105121061402
Elapsed Time: 1m 16s
********** 90 **********
Average Fitness: 0.5263333333333334
Maximum Fitness: 0.7666666666666667
Average Pen Distance: 0.5565441371492933
Maximum Pen Distance: 0.7896425617088402
Average Dog Distance: 0.653291985335293
Maximum Dog Distance: 0.7429636987144961
Average Sheep Distance: 0.3200547946481783
Maximum Sheep Distance: 0.421875322344525
Elapsed Time: 1m 18s
********** 91 **********
Average Fitness: 0.48699999999999993
Maximum Fitness: 0.7333333333333334
Average Pen Distance: 0.5706131087314068
Maximum Pen Distance: 0.8517471888988078
Average Dog Distance: 0.6588076281005628
Maximum Dog Distance: 0.7372493283450375
Average Sheep Distance: 0.3119412666959518
Maximum Sheep Distance: 0.4340161858953899
Elapsed Time: 1m 22s
********** 92 **********
Average Fitness: 0.49500000000000005
Maximum Fitness: 0.7666666666666667
Average Pen Distance: 0.5556616135930151
Maximum Pen Distance: 0.8489897295068335
Average Dog Distance: 0.6529463658918877
Maximum Dog Distance: 0.7713724749356489
Average Sheep Distance: 0.3204653784261406
Maximum Sheep Distance: 0.47269376162630516
Elapsed Time: 1m 7s
********** 93 **********
Average Fitness: 0.5243333333333333
Maximum Fitness: 0.8000000000000002
Average Pen Distance: 0.5465659341516617
Maximum Pen Distance: 0.6635100611657206
Average Dog Distance: 0.6583200359059826
Maximum Dog Distance: 0.7687845857474529
Average Sheep Distance: 0.3114119215528451
Maximum Sheep Distance: 0.4600462992455993
Elapsed Time: 1m 10s
********** 94 **********
Average Fitness: 0.5126666666666666
Maximum Fitness: 0.7333333333333334
Average Pen Distance: 0.5495189917850452
Maximum Pen Distance: 0.8117570547550205
Average Dog Distance: 0.6627705755817596
Maximum Dog Distance: 0.8155180361058486
Average Sheep Distance: 0.3222026023437884
Maximum Sheep Distance: 0.46496491539142015
Elapsed Time: 1m 19s
********** 95 **********
Average Fitness: 0.5226666666666665
Maximum Fitness: 0.7666666666666666
Average Pen Distance: 0.5581183238181462
Maximum Pen Distance: 0.8228786773902019
Average Dog Distance: 0.6583388250119379
Maximum Dog Distance: 0.7433929862994194
Average Sheep Distance: 0.31475886539694126
Maximum Sheep Distance: 0.47269331014219634
Elapsed Time: 1m 8s
********** 96 **********
Average Fitness: 0.5173333333333333
Maximum Fitness: 0.7666666666666666
Average Pen Distance: 0.5462987252660936
Maximum Pen Distance: 0.8309864262656813
Average Dog Distance: 0.6616353089070499
Maximum Dog Distance: 0.8302097403630966
Average Sheep Distance: 0.3217522302117948
Maximum Sheep Distance: 0.5081853997359517
Elapsed Time: 1m 9s
********** 97 **********
Average Fitness: 0.504
Maximum Fitness: 0.7333333333333334
Average Pen Distance: 0.5631899456151422
Maximum Pen Distance: 0.7841476494934776
Average Dog Distance: 0.6563122107986853
Maximum Dog Distance: 0.7420066066374105
Average Sheep Distance: 0.3166863342959552
Maximum Sheep Distance: 0.43176020928308795
Elapsed Time: 1m 23s
********** 98 **********
Average Fitness: 0.4743333333333334
Maximum Fitness: 0.7999999999999999
Average Pen Distance: 0.5744287750337659
Maximum Pen Distance: 0.8427262341719445
Average Dog Distance: 0.6592649420525843
Maximum Dog Distance: 0.7903848578753915
Average Sheep Distance: 0.3263293338743683
Maximum Sheep Distance: 0.4863468936700084
Elapsed Time: 1m 17s
********** 99 **********
Average Fitness: 0.486
Maximum Fitness: 0.7333333333333334
Average Pen Distance: 0.5582778982364742
Maximum Pen Distance: 0.8113627183669442
Average Dog Distance: 0.665543338273664
Maximum Dog Distance: 0.8024478337598109
Average Sheep Distance: 0.3171755405630916
Maximum Sheep Distance: 0.4295277964109719
Elapsed Time: 1m 22s
********** 100 **********
Average Fitness: 0.5059999999999999
Maximum Fitness: 0.7666666666666666
Average Pen Distance: 0.5580244801886444
Maximum Pen Distance: 0.8461897713711325
Average Dog Distance: 0.6439656228059202
Maximum Dog Distance: 0.7899058585215571
Average Sheep Distance: 0.3229129646044344
Maximum Sheep Distance: 0.4375420995732607
Elapsed Time: 1m 10s
********** 1 **********
Average Fitness: 0.08533333333333332
Maximum Fitness: 0.3333333333333333
Average Pen Distance: 0.49799447934087515
Maximum Pen Distance: 0.7814699802919907
Average Dog Distance: 0.5419591006159915
Maximum Dog Distance: 0.8127431898103614
Average Sheep Distance: 0.41077491564531987
Maximum Sheep Distance: 0.505214468780898
Elapsed Time: 1m 12s
********** 2 **********
Average Fitness: 0.09066666666666665
Maximum Fitness: 0.3333333333333333
Average Pen Distance: 0.4666161116883969
Maximum Pen Distance: 0.8166312086292962
Average Dog Distance: 0.552013682971927
Maximum Dog Distance: 0.8324278337485512
Average Sheep Distance: 0.4156910449794251
Maximum Sheep Distance: 0.5048530731406974
Elapsed Time: 1m 28s
********** 3 **********
Average Fitness: 0.11166666666666666
Maximum Fitness: 0.3333333333333333
Average Pen Distance: 0.4285954117696326
Maximum Pen Distance: 0.8284323509980044
Average Dog Distance: 0.5557530083944967
Maximum Dog Distance: 0.8198485147571372
Average Sheep Distance: 0.4126669073360712
Maximum Sheep Distance: 0.5120180826278525
Elapsed Time: 1m 21s
********** 4 **********
Average Fitness: 0.09733333333333331
Maximum Fitness: 0.4666666666666666
Average Pen Distance: 0.4584154280635693
Maximum Pen Distance: 0.8216793820151184
Average Dog Distance: 0.5592730401083951
Maximum Dog Distance: 0.8026367871930343
Average Sheep Distance: 0.4151826676169284
Maximum Sheep Distance: 0.5143894560968264
Elapsed Time: 1m 23s
********** 5 **********
Average Fitness: 0.114
Maximum Fitness: 0.43333333333333335
Average Pen Distance: 0.40322797445637854
Maximum Pen Distance: 0.7552388154923396
Average Dog Distance: 0.5533166136982471
Maximum Dog Distance: 0.7820012598079197
Average Sheep Distance: 0.41587877033723586
Maximum Sheep Distance: 0.5176680704080755
Elapsed Time: 1m 27s
********** 6 **********
Average Fitness: 0.09699999999999999
Maximum Fitness: 0.4666666666666666
Average Pen Distance: 0.44204310991999773
Maximum Pen Distance: 0.845685713708296
Average Dog Distance: 0.5941693813524795
Maximum Dog Distance: 0.8209074264727936
Average Sheep Distance: 0.4078794296178517
Maximum Sheep Distance: 0.557378909108759
Elapsed Time: 1m 25s
********** 7 **********
Average Fitness: 0.10133333333333332
Maximum Fitness: 0.3333333333333333
Average Pen Distance: 0.44062502539100173
Maximum Pen Distance: 0.8022300106725363
Average Dog Distance: 0.5879725856349435
Maximum Dog Distance: 0.8288351481277966
Average Sheep Distance: 0.41495175132346196
Maximum Sheep Distance: 0.5479006233727864
Elapsed Time: 1m 26s
********** 8 **********
Average Fitness: 0.12733333333333333
Maximum Fitness: 0.3333333333333333
Average Pen Distance: 0.4024738877331937
Maximum Pen Distance: 0.7923875891934239
Average Dog Distance: 0.5779051934539383
Maximum Dog Distance: 0.8344378924522508
Average Sheep Distance: 0.40934638840376164
Maximum Sheep Distance: 0.5749158033821166
Elapsed Time: 1m 22s
********** 9 **********
Average Fitness: 0.11466666666666665
Maximum Fitness: 0.3333333333333333
Average Pen Distance: 0.4333011773756622
Maximum Pen Distance: 0.8050359970070661
Average Dog Distance: 0.5990688976380301
Maximum Dog Distance: 0.8535083986861052
Average Sheep Distance: 0.4055258786727486
Maximum Sheep Distance: 0.5032726999274955
Elapsed Time: 1m 13s
********** 10 **********
Average Fitness: 0.12666666666666665
Maximum Fitness: 0.39999999999999997
Average Pen Distance: 0.4508257648465576
Maximum Pen Distance: 0.8281985280210725
Average Dog Distance: 0.5766711391330505
Maximum Dog Distance: 0.8230278466218993
Average Sheep Distance: 0.4069533080176983
Maximum Sheep Distance: 0.4850563780712675
Elapsed Time: 1m 25s
********** 11 **********
Average Fitness: 0.11433333333333331
Maximum Fitness: 0.4000000000000001
Average Pen Distance: 0.4226037908844994
Maximum Pen Distance: 0.8287846713091135
Average Dog Distance: 0.5509274003548164
Maximum Dog Distance: 0.8052806186263504
Average Sheep Distance: 0.41144489266110623
Maximum Sheep Distance: 0.5314218754063493
Elapsed Time: 1m 16s
********** 12 **********
Average Fitness: 0.127
Maximum Fitness: 0.3333333333333333
Average Pen Distance: 0.4488682975348436
Maximum Pen Distance: 0.864608993819901
Average Dog Distance: 0.5718004447278153
Maximum Dog Distance: 0.7907822316442802
Average Sheep Distance: 0.40649885753272025
Maximum Sheep Distance: 0.4897055336814864
Elapsed Time: 1m 22s
********** 13 **********
Average Fitness: 0.136
Maximum Fitness: 0.43333333333333335
Average Pen Distance: 0.41996338614962847
Maximum Pen Distance: 0.8593030926673245
Average Dog Distance: 0.5598183240449459
Maximum Dog Distance: 0.8449018700723352
Average Sheep Distance: 0.40841596905212163
Maximum Sheep Distance: 0.48273329280719457
Elapsed Time: 1m 13s
********** 14 **********
Average Fitness: 0.15233333333333332
Maximum Fitness: 0.4000000000000001
Average Pen Distance: 0.38009421164426493
Maximum Pen Distance: 0.8388741314432996
Average Dog Distance: 0.5673577979434246
Maximum Dog Distance: 0.8714940673928321
Average Sheep Distance: 0.40510149273877616
Maximum Sheep Distance: 0.4793627897980494
Elapsed Time: 1m 11s
********** 15 **********
Average Fitness: 0.13666666666666666
Maximum Fitness: 0.39999999999999997
Average Pen Distance: 0.3953243511475577
Maximum Pen Distance: 0.8480220650547069
Average Dog Distance: 0.5916785981840353
Maximum Dog Distance: 0.8369686333626465
Average Sheep Distance: 0.4045120685019769
Maximum Sheep Distance: 0.5224782522692939
Elapsed Time: 1m 20s
********** 16 **********
Average Fitness: 0.1746666666666667
Maximum Fitness: 0.4666666666666666
Average Pen Distance: 0.4067985786377279
Maximum Pen Distance: 0.7929102745651241
Average Dog Distance: 0.6134785556505941
Maximum Dog Distance: 0.8176754281287092
Average Sheep Distance: 0.39940648906396026
Maximum Sheep Distance: 0.5101023673733581
Elapsed Time: 1m 17s
********** 17 **********
Average Fitness: 0.17633333333333337
Maximum Fitness: 0.39999999999999997
Average Pen Distance: 0.36886041812836906
Maximum Pen Distance: 0.8058977926558262
Average Dog Distance: 0.5912908171313017
Maximum Dog Distance: 0.7805289072438115
Average Sheep Distance: 0.39467684783719237
Maximum Sheep Distance: 0.47965908802269186
Elapsed Time: 1m 23s
********** 18 **********
Average Fitness: 0.18833333333333332
Maximum Fitness: 0.4000000000000001
Average Pen Distance: 0.37451329998476335
Maximum Pen Distance: 0.8038408212727969
Average Dog Distance: 0.6145507502652383
Maximum Dog Distance: 0.7811152000084475
Average Sheep Distance: 0.3972641999229083
Maximum Sheep Distance: 0.48358893649122986
Elapsed Time: 1m 25s
********** 19 **********
Average Fitness: 0.18966666666666668
Maximum Fitness: 0.4666666666666666
Average Pen Distance: 0.37600789989794686
Maximum Pen Distance: 0.7992326211082276
Average Dog Distance: 0.6365424149276645
Maximum Dog Distance: 0.8146340557839246
Average Sheep Distance: 0.3940267257185508
Maximum Sheep Distance: 0.485131011671375
Elapsed Time: 1m 20s
********** 20 **********
Average Fitness: 0.21233333333333335
Maximum Fitness: 0.5333333333333333
Average Pen Distance: 0.3718665377938411
Maximum Pen Distance: 0.7339656174240151
Average Dog Distance: 0.6366369859280779
Maximum Dog Distance: 0.7984525362220861
Average Sheep Distance: 0.39043957215886793
Maximum Sheep Distance: 0.5088621711502741
Elapsed Time: 1m 22s
********** 21 **********
Average Fitness: 0.21366666666666667
Maximum Fitness: 0.5
Average Pen Distance: 0.3726522471600377
Maximum Pen Distance: 0.8843991197075698
Average Dog Distance: 0.6361962333034256
Maximum Dog Distance: 0.7934322007725066
Average Sheep Distance: 0.38934419289395605
Maximum Sheep Distance: 0.5138220780215291
Elapsed Time: 1m 17s
********** 22 **********
Average Fitness: 0.231
Maximum Fitness: 0.43333333333333335
Average Pen Distance: 0.35205250065458704
Maximum Pen Distance: 0.7699302606049224
Average Dog Distance: 0.6462653103879061
Maximum Dog Distance: 0.8157709338369242
Average Sheep Distance: 0.39362544962694157
Maximum Sheep Distance: 0.5043007716510747
Elapsed Time: 1m 12s
********** 23 **********
Average Fitness: 0.21633333333333332
Maximum Fitness: 0.39999999999999997
Average Pen Distance: 0.3625716665439013
Maximum Pen Distance: 0.6525161124929348
Average Dog Distance: 0.6523091501037502
Maximum Dog Distance: 0.8038446406424508
Average Sheep Distance: 0.38621302083558035
Maximum Sheep Distance: 0.4773884778270303
Elapsed Time: 1m 11s
********** 24 **********
Average Fitness: 0.21833333333333335
Maximum Fitness: 0.43333333333333335
Average Pen Distance: 0.35107074201449623
Maximum Pen Distance: 0.6662764000479464
Average Dog Distance: 0.6364872096497265
Maximum Dog Distance: 0.8350377442976195
Average Sheep Distance: 0.39314135165139047
Maximum Sheep Distance: 0.4682557393740196
Elapsed Time: 1m 12s
********** 25 **********
Average Fitness: 0.2273333333333333
Maximum Fitness: 0.5
Average Pen Distance: 0.35616201223563465
Maximum Pen Distance: 0.7225736897966862
Average Dog Distance: 0.6459975302313525
Maximum Dog Distance: 0.8078932005818326
Average Sheep Distance: 0.39302340176304007
Maximum Sheep Distance: 0.4795270930919953
Elapsed Time: 1m 20s
********** 26 **********
Average Fitness: 0.22300000000000003
Maximum Fitness: 0.5333333333333333
Average Pen Distance: 0.3651313172924575
Maximum Pen Distance: 0.7380245893307755
Average Dog Distance: 0.6538957794446154
Maximum Dog Distance: 0.8143593785982022
Average Sheep Distance: 0.38987942099330264
Maximum Sheep Distance: 0.4813484467197318
Elapsed Time: 1m 12s
********** 27 **********
Average Fitness: 0.21200000000000002
Maximum Fitness: 0.43333333333333335
Average Pen Distance: 0.36838887113837443
Maximum Pen Distance: 0.7048666257561756
Average Dog Distance: 0.6516926986141219
Maximum Dog Distance: 0.8287226588351874
Average Sheep Distance: 0.3884034342619348
Maximum Sheep Distance: 0.5080268088190217
Elapsed Time: 1m 22s
********** 28 **********
Average Fitness: 0.25566666666666665
Maximum Fitness: 0.5333333333333333
Average Pen Distance: 0.3436451429434182
Maximum Pen Distance: 0.6804229209006684
Average Dog Distance: 0.6525685051327638
Maximum Dog Distance: 0.8105858818356455
Average Sheep Distance: 0.3988643472752421
Maximum Sheep Distance: 0.48038561548186
Elapsed Time: 1m 15s
********** 29 **********
Average Fitness: 0.22899999999999998
Maximum Fitness: 0.43333333333333335
Average Pen Distance: 0.36125608576097207
Maximum Pen Distance: 0.851136845858434
Average Dog Distance: 0.6516665149830101
Maximum Dog Distance: 0.8009497936368454
Average Sheep Distance: 0.39114333652986083
Maximum Sheep Distance: 0.4957876034782111
Elapsed Time: 1m 22s
********** 30 **********
Average Fitness: 0.23299999999999998
Maximum Fitness: 0.46666666666666673
Average Pen Distance: 0.36004626811019796
Maximum Pen Distance: 0.6462573455967235
Average Dog Distance: 0.6583110502644997
Maximum Dog Distance: 0.7853286413373018
Average Sheep Distance: 0.3865722496436539
Maximum Sheep Distance: 0.48226248776891606
Elapsed Time: 1m 10s
********** 31 **********
Average Fitness: 0.2323333333333333
Maximum Fitness: 0.43333333333333335
Average Pen Distance: 0.3435519598121138
Maximum Pen Distance: 0.8221303248288748
Average Dog Distance: 0.6377453716450822
Maximum Dog Distance: 0.7955487618719751
Average Sheep Distance: 0.38966425167845187
Maximum Sheep Distance: 0.4823821964829838
Elapsed Time: 1m 23s
********** 32 **********
Average Fitness: 0.22700000000000004
Maximum Fitness: 0.4666666666666666
Average Pen Distance: 0.35061345785726516
Maximum Pen Distance: 0.6005205657881478
Average Dog Distance: 0.6464421918863518
Maximum Dog Distance: 0.7994774540897397
Average Sheep Distance: 0.3851598615845181
Maximum Sheep Distance: 0.4965353899226666
Elapsed Time: 1m 9s
********** 33 **********
Average Fitness: 0.2533333333333333
Maximum Fitness: 0.5333333333333333
Average Pen Distance: 0.3712273127804361
Maximum Pen Distance: 0.8782309175138373
Average Dog Distance: 0.6349442111470109
Maximum Dog Distance: 0.7875852273186238
Average Sheep Distance: 0.3921069149804333
Maximum Sheep Distance: 0.4984374238131642
Elapsed Time: 1m 17s
********** 34 **********
Average Fitness: 0.242
Maximum Fitness: 0.43333333333333335
Average Pen Distance: 0.3841486519989696
Maximum Pen Distance: 0.6959485337859874
Average Dog Distance: 0.6605545395364203
Maximum Dog Distance: 0.8029858672494518
Average Sheep Distance: 0.38679601890478565
Maximum Sheep Distance: 0.5062251754458731
Elapsed Time: 1m 29s
********** 35 **********
Average Fitness: 0.24233333333333332
Maximum Fitness: 0.4666666666666666
Average Pen Distance: 0.39427440558678095
Maximum Pen Distance: 0.7316087087319295
Average Dog Distance: 0.66732211984128
Maximum Dog Distance: 0.8311670065498297
Average Sheep Distance: 0.3832007086113694
Maximum Sheep Distance: 0.4830324205565799
Elapsed Time: 1m 11s
********** 36 **********
Average Fitness: 0.242
Maximum Fitness: 0.5
Average Pen Distance: 0.38914629166529024
Maximum Pen Distance: 0.7248859302083269
Average Dog Distance: 0.6568109724208167
Maximum Dog Distance: 0.8026050366515302
Average Sheep Distance: 0.38301912865656357
Maximum Sheep Distance: 0.4997319405489957
Elapsed Time: 1m 16s
********** 37 **********
Average Fitness: 0.235
Maximum Fitness: 0.46666666666666673
Average Pen Distance: 0.3938511653022358
Maximum Pen Distance: 0.6765983456939958
Average Dog Distance: 0.6629443684565909
Maximum Dog Distance: 0.8131962583526459
Average Sheep Distance: 0.3797244780259568
Maximum Sheep Distance: 0.4761613591384048
Elapsed Time: 1m 16s
********** 38 **********
Average Fitness: 0.248
Maximum Fitness: 0.5
Average Pen Distance: 0.37317965710520506
Maximum Pen Distance: 0.6556767803176337
Average Dog Distance: 0.6578262331230817
Maximum Dog Distance: 0.7991724350589683
Average Sheep Distance: 0.38167079817655564
Maximum Sheep Distance: 0.49024554156524536
Elapsed Time: 1m 11s
********** 39 **********
Average Fitness: 0.252
Maximum Fitness: 0.5
Average Pen Distance: 0.397475329584033
Maximum Pen Distance: 0.8202575115941869
Average Dog Distance: 0.6730516966950565
Maximum Dog Distance: 0.8398049854014246
Average Sheep Distance: 0.37940057168958186
Maximum Sheep Distance: 0.4722556081547884
Elapsed Time: 1m 14s
********** 40 **********
Average Fitness: 0.24633333333333338
Maximum Fitness: 0.5333333333333333
Average Pen Distance: 0.3952460341113379
Maximum Pen Distance: 0.7059321090623348
Average Dog Distance: 0.6786002907094515
Maximum Dog Distance: 0.8421904213683015
Average Sheep Distance: 0.3832333537430649
Maximum Sheep Distance: 0.5263514809785578
Elapsed Time: 1m 23s
********** 41 **********
Average Fitness: 0.25433333333333336
Maximum Fitness: 0.5666666666666668
Average Pen Distance: 0.381802461962854
Maximum Pen Distance: 0.6789586152770456
Average Dog Distance: 0.6642867689273904
Maximum Dog Distance: 0.8262705507807779
Average Sheep Distance: 0.38469879371944565
Maximum Sheep Distance: 0.48345275545473027
Elapsed Time: 1m 22s
********** 42 **********
Average Fitness: 0.25666666666666665
Maximum Fitness: 0.5
Average Pen Distance: 0.39420378528984074
Maximum Pen Distance: 0.8862614256214324
Average Dog Distance: 0.6903129649017451
Maximum Dog Distance: 0.81428953519212
Average Sheep Distance: 0.38088917559594804
Maximum Sheep Distance: 0.5287460456946578
Elapsed Time: 1m 17s
********** 43 **********
Average Fitness: 0.2653333333333333
Maximum Fitness: 0.5333333333333333
Average Pen Distance: 0.4053320743913892
Maximum Pen Distance: 0.7740683118260482
Average Dog Distance: 0.7037974339511162
Maximum Dog Distance: 0.8369189990686653
Average Sheep Distance: 0.38426203084183747
Maximum Sheep Distance: 0.4560059969082144
Elapsed Time: 1m 9s
********** 44 **********
Average Fitness: 0.26766666666666666
Maximum Fitness: 0.5333333333333333
Average Pen Distance: 0.4055540836772415
Maximum Pen Distance: 0.6459200403183833
Average Dog Distance: 0.6932748134271806
Maximum Dog Distance: 0.8324514169037386
Average Sheep Distance: 0.38580771290062094
Maximum Sheep Distance: 0.48328722826594767
Elapsed Time: 1m 19s
********** 45 **********
Average Fitness: 0.262
Maximum Fitness: 0.5
Average Pen Distance: 0.4280795588106913
Maximum Pen Distance: 0.6522987675747057
Average Dog Distance: 0.7123132494039643
Maximum Dog Distance: 0.8215965356704342
Average Sheep Distance: 0.37407462244908546
Maximum Sheep Distance: 0.4537237771321779
Elapsed Time: 1m 12s
********** 46 **********
Average Fitness: 0.27
Maximum Fitness: 0.5333333333333333
Average Pen Distance: 0.4070840530359231
Maximum Pen Distance: 0.7103781958471108
Average Dog Distance: 0.6927550665694487
Maximum Dog Distance: 0.8815099450844789
Average Sheep Distance: 0.3784352499197607
Maximum Sheep Distance: 0.5053311141496641
Elapsed Time: 1m 14s
********** 47 **********
Average Fitness: 0.2633333333333333
Maximum Fitness: 0.5
Average Pen Distance: 0.395345619351052
Maximum Pen Distance: 0.7948758194136373
Average Dog Distance: 0.6860093142256306
Maximum Dog Distance: 0.8226171082940721
Average Sheep Distance: 0.3870972713072534
Maximum Sheep Distance: 0.5217932372701469
Elapsed Time: 1m 12s
********** 48 **********
Average Fitness: 0.257
Maximum Fitness: 0.5
Average Pen Distance: 0.3742895189126091
Maximum Pen Distance: 0.549315453229326
Average Dog Distance: 0.686601727096471
Maximum Dog Distance: 0.822957011350313
Average Sheep Distance: 0.383536969858606
Maximum Sheep Distance: 0.4920853546178206
Elapsed Time: 1m 17s
********** 49 **********
Average Fitness: 0.25933333333333336
Maximum Fitness: 0.5333333333333333
Average Pen Distance: 0.4097946655344061
Maximum Pen Distance: 0.7943490111760014
Average Dog Distance: 0.7076038798654984
Maximum Dog Distance: 0.8332762023908468
Average Sheep Distance: 0.37537831640525654
Maximum Sheep Distance: 0.48056977004425677
Elapsed Time: 1m 10s
********** 50 **********
Average Fitness: 0.25133333333333335
Maximum Fitness: 0.5666666666666668
Average Pen Distance: 0.426838903782261
Maximum Pen Distance: 0.6608840755207257
Average Dog Distance: 0.7098757029738707
Maximum Dog Distance: 0.8185646058404936
Average Sheep Distance: 0.37216002528860614
Maximum Sheep Distance: 0.4857087295422429
Elapsed Time: 1m 10s
********** 51 **********
Average Fitness: 0.2706666666666667
Maximum Fitness: 0.5
Average Pen Distance: 0.41012686637463225
Maximum Pen Distance: 0.6249992364126989
Average Dog Distance: 0.7061659403367477
Maximum Dog Distance: 0.8239456683914326
Average Sheep Distance: 0.37344125112103127
Maximum Sheep Distance: 0.4879065435810062
Elapsed Time: 1m 24s
********** 52 **********
Average Fitness: 0.26666666666666666
Maximum Fitness: 0.5666666666666667
Average Pen Distance: 0.43505000113248954
Maximum Pen Distance: 0.6912495667530264
Average Dog Distance: 0.711157286230705
Maximum Dog Distance: 0.8269539756188987
Average Sheep Distance: 0.37651237218557637
Maximum Sheep Distance: 0.4589229242117259
Elapsed Time: 1m 18s
********** 53 **********
Average Fitness: 0.2576666666666667
Maximum Fitness: 0.5333333333333333
Average Pen Distance: 0.43243620589288057
Maximum Pen Distance: 0.7416840756608662
Average Dog Distance: 0.7109574258430414
Maximum Dog Distance: 0.8126909555470349
Average Sheep Distance: 0.3668547309525614
Maximum Sheep Distance: 0.45353149892870226
Elapsed Time: 1m 21s
********** 54 **********
Average Fitness: 0.28733333333333333
Maximum Fitness: 0.5333333333333333
Average Pen Distance: 0.45341090623685587
Maximum Pen Distance: 0.8659119545396802
Average Dog Distance: 0.7169760185105842
Maximum Dog Distance: 0.8368659743265882
Average Sheep Distance: 0.36646910053427584
Maximum Sheep Distance: 0.5101920305096234
Elapsed Time: 1m 13s
********** 55 **********
Average Fitness: 0.2783333333333333
Maximum Fitness: 0.5
Average Pen Distance: 0.46458193185553903
Maximum Pen Distance: 0.7681906328318914
Average Dog Distance: 0.7176449498852613
Maximum Dog Distance: 0.8104017037180916
Average Sheep Distance: 0.3594867259967295
Maximum Sheep Distance: 0.44536530581457084
Elapsed Time: 1m 28s
********** 56 **********
Average Fitness: 0.301
Maximum Fitness: 0.6
Average Pen Distance: 0.4660781922113489
Maximum Pen Distance: 0.8727124364076397
Average Dog Distance: 0.7122945785982135
Maximum Dog Distance: 0.8626504879748452
Average Sheep Distance: 0.3611630390933648
Maximum Sheep Distance: 0.4922271762675736
Elapsed Time: 1m 14s
********** 57 **********
Average Fitness: 0.277
Maximum Fitness: 0.5333333333333333
Average Pen Distance: 0.45576579872195416
Maximum Pen Distance: 0.6285877758771026
Average Dog Distance: 0.7139809824140089
Maximum Dog Distance: 0.8216265717792371
Average Sheep Distance: 0.3565366311229946
Maximum Sheep Distance: 0.4564095996959274
Elapsed Time: 1m 18s
********** 58 **********
Average Fitness: 0.282
Maximum Fitness: 0.5666666666666665
Average Pen Distance: 0.480512073995474
Maximum Pen Distance: 0.8935005057796218
Average Dog Distance: 0.7059348460020917
Maximum Dog Distance: 0.8479550411580382
Average Sheep Distance: 0.3555038083976597
Maximum Sheep Distance: 0.49477020054443926
Elapsed Time: 1m 11s
********** 59 **********
Average Fitness: 0.2826666666666667
Maximum Fitness: 0.5666666666666668
Average Pen Distance: 0.46375244198548304
Maximum Pen Distance: 0.8291464405710571
Average Dog Distance: 0.7156428862679438
Maximum Dog Distance: 0.8605349433706055
Average Sheep Distance: 0.3498796899952668
Maximum Sheep Distance: 0.4668838562651873
Elapsed Time: 1m 10s
********** 60 **********
Average Fitness: 0.31733333333333336
Maximum Fitness: 0.6
Average Pen Distance: 0.4810440521916755
Maximum Pen Distance: 0.7756133545474584
Average Dog Distance: 0.7225232155838672
Maximum Dog Distance: 0.8189017582030966
Average Sheep Distance: 0.35659679014755313
Maximum Sheep Distance: 0.45630711297800897
Elapsed Time: 1m 18s
********** 61 **********
Average Fitness: 0.31000000000000005
Maximum Fitness: 0.5333333333333333
Average Pen Distance: 0.4816235078735766
Maximum Pen Distance: 0.846926469618233
Average Dog Distance: 0.7191394562605362
Maximum Dog Distance: 0.8132177441214795
Average Sheep Distance: 0.3463497829353348
Maximum Sheep Distance: 0.45252192464378926
Elapsed Time: 1m 20s
********** 62 **********
Average Fitness: 0.3263333333333333
Maximum Fitness: 0.6333333333333333
Average Pen Distance: 0.472673933963261
Maximum Pen Distance: 0.8604034142541659
Average Dog Distance: 0.7160144061852052
Maximum Dog Distance: 0.812394587223045
Average Sheep Distance: 0.3499267938356295
Maximum Sheep Distance: 0.4497808289677348
Elapsed Time: 1m 18s
********** 63 **********
Average Fitness: 0.33299999999999996
Maximum Fitness: 0.6
Average Pen Distance: 0.4677434938711245
Maximum Pen Distance: 0.6215656426592341
Average Dog Distance: 0.7157139908538008
Maximum Dog Distance: 0.8018916559948236
Average Sheep Distance: 0.33767190825866117
Maximum Sheep Distance: 0.4250531756357369
Elapsed Time: 1m 17s
********** 64 **********
Average Fitness: 0.318
Maximum Fitness: 0.6333333333333333
Average Pen Distance: 0.4789618473473694
Maximum Pen Distance: 0.8823697820078497
Average Dog Distance: 0.7147546608794897
Maximum Dog Distance: 0.8321692954840709
Average Sheep Distance: 0.3486097433741898
Maximum Sheep Distance: 0.4546004792636838
Elapsed Time: 1m 9s
********** 65 **********
Average Fitness: 0.32166666666666666
Maximum Fitness: 0.6
Average Pen Distance: 0.4790628565265951
Maximum Pen Distance: 0.6563098080223218
Average Dog Distance: 0.7164667201252232
Maximum Dog Distance: 0.8227123953477298
Average Sheep Distance: 0.33906320678617924
Maximum Sheep Distance: 0.4020662767532768
Elapsed Time: 1m 18s
********** 66 **********
Average Fitness: 0.32266666666666666
Maximum Fitness: 0.6333333333333333
Average Pen Distance: 0.48873255986378844
Maximum Pen Distance: 0.6618261455746836
Average Dog Distance: 0.7183194366043175
Maximum Dog Distance: 0.8164797894539965
Average Sheep Distance: 0.3420211901404892
Maximum Sheep Distance: 0.42833590330771765
Elapsed Time: 1m 12s
********** 67 **********
Average Fitness: 0.3423333333333333
Maximum Fitness: 0.7333333333333334
Average Pen Distance: 0.4887366467395964
Maximum Pen Distance: 0.7666555349457346
Average Dog Distance: 0.7133820666537968
Maximum Dog Distance: 0.8057284977641522
Average Sheep Distance: 0.33658311144177655
Maximum Sheep Distance: 0.4255019885612614
Elapsed Time: 1m 16s
********** 68 **********
Average Fitness: 0.3386666666666666
Maximum Fitness: 0.6333333333333333
Average Pen Distance: 0.4900328250407285
Maximum Pen Distance: 0.912200832246528
Average Dog Distance: 0.7108480284567811
Maximum Dog Distance: 0.7955170575435218
Average Sheep Distance: 0.3384892356970798
Maximum Sheep Distance: 0.4235243174998405
Elapsed Time: 1m 16s
********** 69 **********
Average Fitness: 0.35199999999999987
Maximum Fitness: 0.6666666666666666
Average Pen Distance: 0.49124562004046607
Maximum Pen Distance: 0.6867728503971472
Average Dog Distance: 0.7134865875715917
Maximum Dog Distance: 0.7961816695949245
Average Sheep Distance: 0.3358290399181172
Maximum Sheep Distance: 0.40895676048900076
Elapsed Time: 1m 18s
********** 70 **********
Average Fitness: 0.37733333333333335
Maximum Fitness: 0.6666666666666666
Average Pen Distance: 0.48813610121630807
Maximum Pen Distance: 0.9202126270938261
Average Dog Distance: 0.7042177356044133
Maximum Dog Distance: 0.7859613151261681
Average Sheep Distance: 0.33735758634500806
Maximum Sheep Distance: 0.5381612319035108
Elapsed Time: 1m 19s
********** 71 **********
Average Fitness: 0.3753333333333334
Maximum Fitness: 0.7000000000000001
Average Pen Distance: 0.4883243647963301
Maximum Pen Distance: 0.7816334317386561
Average Dog Distance: 0.6975966889027961
Maximum Dog Distance: 0.7978913665095378
Average Sheep Distance: 0.33052139739286795
Maximum Sheep Distance: 0.43026701448125476
Elapsed Time: 1m 19s
********** 72 **********
Average Fitness: 0.37766666666666665
Maximum Fitness: 0.6666666666666666
Average Pen Distance: 0.5000229480409166
Maximum Pen Distance: 0.8610537704399802
Average Dog Distance: 0.6944039808778812
Maximum Dog Distance: 0.789825064921111
Average Sheep Distance: 0.3298286583900716
Maximum Sheep Distance: 0.4320388067746263
Elapsed Time: 1m 17s
********** 73 **********
Average Fitness: 0.3916666666666667
Maximum Fitness: 0.6666666666666666
Average Pen Distance: 0.505401326157011
Maximum Pen Distance: 0.8326091411238888
Average Dog Distance: 0.6851765279105025
Maximum Dog Distance: 0.7799954976430228
Average Sheep Distance: 0.32830920372021616
Maximum Sheep Distance: 0.48822627434695115
Elapsed Time: 1m 12s
********** 74 **********
Average Fitness: 0.3946666666666668
Maximum Fitness: 0.7000000000000001
Average Pen Distance: 0.5099709335716163
Maximum Pen Distance: 0.8878315163509312
Average Dog Distance: 0.6831297010753
Maximum Dog Distance: 0.7939230017453993
Average Sheep Distance: 0.3295338820003552
Maximum Sheep Distance: 0.4997920205114479
Elapsed Time: 1m 18s
********** 75 **********
Average Fitness: 0.3933333333333333
Maximum Fitness: 0.6666666666666666
Average Pen Distance: 0.517816942811942
Maximum Pen Distance: 0.755470313704227
Average Dog Distance: 0.6773657888938768
Maximum Dog Distance: 0.7896180955638109
Average Sheep Distance: 0.3141525872437089
Maximum Sheep Distance: 0.4223126182675782
Elapsed Time: 1m 19s
********** 76 **********
Average Fitness: 0.4203333333333332
Maximum Fitness: 0.6666666666666666
Average Pen Distance: 0.5195550830133224
Maximum Pen Distance: 0.8777412017423529
Average Dog Distance: 0.6695831035817154
Maximum Dog Distance: 0.7871007001390792
Average Sheep Distance: 0.32625081511374987
Maximum Sheep Distance: 0.5202697156869376
Elapsed Time: 1m 15s
********** 77 **********
Average Fitness: 0.44966666666666655
Maximum Fitness: 0.7333333333333333
Average Pen Distance: 0.5165103495774662
Maximum Pen Distance: 0.8132400613113325
Average Dog Distance: 0.6719601993605814
Maximum Dog Distance: 0.7647453291026647
Average Sheep Distance: 0.32255967094668214
Maximum Sheep Distance: 0.4406668827060886
Elapsed Time: 1m 19s
********** 78 **********
Average Fitness: 0.45199999999999996
Maximum Fitness: 0.7000000000000001
Average Pen Distance: 0.5461036165230453
Maximum Pen Distance: 0.8311752187111678
Average Dog Distance: 0.6545297764604147
Maximum Dog Distance: 0.7375650886121888
Average Sheep Distance: 0.31515283094346114
Maximum Sheep Distance: 0.4186531941540352
Elapsed Time: 1m 18s
********** 79 **********
Average Fitness: 0.4703333333333334
Maximum Fitness: 0.7666666666666666
Average Pen Distance: 0.5459421790553406
Maximum Pen Distance: 0.8875574858503152
Average Dog Distance: 0.6662321181295267
Maximum Dog Distance: 0.7859424503132714
Average Sheep Distance: 0.3229517301276124
Maximum Sheep Distance: 0.4705572243878023
Elapsed Time: 1m 15s
********** 80 **********
Average Fitness: 0.4816666666666667
Maximum Fitness: 0.7666666666666667
Average Pen Distance: 0.5281785005415718
Maximum Pen Distance: 0.7172851639768862
Average Dog Distance: 0.659413167375512
Maximum Dog Distance: 0.7553747362992852
Average Sheep Distance: 0.32239862122702023
Maximum Sheep Distance: 0.42526702948192313
Elapsed Time: 1m 12s
********** 81 **********
Average Fitness: 0.4966666666666666
Maximum Fitness: 0.7333333333333334
Average Pen Distance: 0.5439622083411705
Maximum Pen Distance: 0.761070077371376
Average Dog Distance: 0.6579540526882828
Maximum Dog Distance: 0.7453130481100664
Average Sheep Distance: 0.31723687916076565
Maximum Sheep Distance: 0.4232717996263718
Elapsed Time: 1m 5s
********** 82 **********
Average Fitness: 0.5319999999999999
Maximum Fitness: 0.7666666666666667
Average Pen Distance: 0.5366270484125607
Maximum Pen Distance: 0.6583526762319895
Average Dog Distance: 0.6618261052984401
Maximum Dog Distance: 0.7588454527062697
Average Sheep Distance: 0.31930245001205265
Maximum Sheep Distance: 0.43581987148252704
Elapsed Time: 1m 11s
********** 83 **********
Average Fitness: 0.5266666666666667
Maximum Fitness: 0.7333333333333334
Average Pen Distance: 0.536649873680743
Maximum Pen Distance: 0.8267702744956972
Average Dog Distance: 0.6608012593342655
Maximum Dog Distance: 0.736951868244911
Average Sheep Distance: 0.32203671860803373
Maximum Sheep Distance: 0.44839650284534605
Elapsed Time: 1m 17s
********** 84 **********
Average Fitness: 0.4970000000000001
Maximum Fitness: 0.7666666666666667
Average Pen Distance: 0.5341104506660017
Maximum Pen Distance: 0.8624833390655358
Average Dog Distance: 0.6591456628302965
Maximum Dog Distance: 0.7393463640819018
Average Sheep Distance: 0.331769660149734
Maximum Sheep Distance: 0.4628176685256881
Elapsed Time: 1m 10s
********** 85 **********
Average Fitness: 0.54
Maximum Fitness: 0.7666666666666666
Average Pen Distance: 0.5266860509489927
Maximum Pen Distance: 0.6580908296827698
Average Dog Distance: 0.6704956219559824
Maximum Dog Distance: 0.752589303558863
Average Sheep Distance: 0.33623463565711986
Maximum Sheep Distance: 0.4231355519616607
Elapsed Time: 1m 9s
********** 86 **********
Average Fitness: 0.5396666666666666
Maximum Fitness: 0.7999999999999999
Average Pen Distance: 0.5147169296864853
Maximum Pen Distance: 0.7003275218685315
Average Dog Distance: 0.660805013887884
Maximum Dog Distance: 0.7423737327108048
Average Sheep Distance: 0.33051009542961507
Maximum Sheep Distance: 0.45722565026964884
Elapsed Time: 1m 13s
********** 87 **********
Average Fitness: 0.5333333333333333
Maximum Fitness: 0.7666666666666666
Average Pen Distance: 0.5132611053817759
Maximum Pen Distance: 0.7447139186423805
Average Dog Distance: 0.6490624704359094
Maximum Dog Distance: 0.7232455257024683
Average Sheep Distance: 0.32737433813028416
Maximum Sheep Distance: 0.4648678041878635
Elapsed Time: 1m 19s
********** 88 **********
Average Fitness: 0.5136666666666667
Maximum Fitness: 0.7666666666666666
Average Pen Distance: 0.5202239628225942
Maximum Pen Distance: 0.8316340865441948
Average Dog Distance: 0.6534978969943077
Maximum Dog Distance: 0.7378731585284615
Average Sheep Distance: 0.33520335977705784
Maximum Sheep Distance: 0.4531311363849144
Elapsed Time: 1m 9s
********** 89 **********
Average Fitness: 0.556
Maximum Fitness: 0.8000000000000002
Average Pen Distance: 0.513703102741325
Maximum Pen Distance: 0.777311895767569
Average Dog Distance: 0.6579338269970221
Maximum Dog Distance: 0.7639334092286965
Average Sheep Distance: 0.3293876591685747
Maximum Sheep Distance: 0.42334585086089316
Elapsed Time: 1m 9s
********** 90 **********
Average Fitness: 0.5533333333333332
Maximum Fitness: 0.8333333333333334
Average Pen Distance: 0.5085587101287958
Maximum Pen Distance: 0.8399767862571587
Average Dog Distance: 0.6458937224109639
Maximum Dog Distance: 0.7552458273206707
Average Sheep Distance: 0.33612167870286613
Maximum Sheep Distance: 0.4619032972645267
Elapsed Time: 1m 5s
********** 91 **********
Average Fitness: 0.5463333333333332
Maximum Fitness: 0.8333333333333334
Average Pen Distance: 0.51290802080013
Maximum Pen Distance: 0.8397328210690264
Average Dog Distance: 0.6372436396209461
Maximum Dog Distance: 0.7210931929719968
Average Sheep Distance: 0.3364356988570574
Maximum Sheep Distance: 0.4743719641317967
Elapsed Time: 1m 7s
********** 92 **********
Average Fitness: 0.5706666666666667
Maximum Fitness: 0.8333333333333334
Average Pen Distance: 0.4943465208577004
Maximum Pen Distance: 0.7568244446248085
Average Dog Distance: 0.6394527701791586
Maximum Dog Distance: 0.7378734420165179
Average Sheep Distance: 0.3371839601085065
Maximum Sheep Distance: 0.42605803345995596
Elapsed Time: 1m 15s
********** 93 **********
Average Fitness: 0.574
Maximum Fitness: 0.8666666666666667
Average Pen Distance: 0.5101926900560472
Maximum Pen Distance: 0.8627316529658278
Average Dog Distance: 0.6536822765930907
Maximum Dog Distance: 0.7313142365852117
Average Sheep Distance: 0.3420344106783293
Maximum Sheep Distance: 0.4335623633013319
Elapsed Time: 1m 14s
********** 94 **********
Average Fitness: 0.5746666666666665
Maximum Fitness: 0.8666666666666667
Average Pen Distance: 0.5135139589605026
Maximum Pen Distance: 0.9350635893919544
Average Dog Distance: 0.6528779142844862
Maximum Dog Distance: 0.7369408590232491
Average Sheep Distance: 0.3402577773696865
Maximum Sheep Distance: 0.4388948860838533
Elapsed Time: 1m 11s
********** 95 **********
Average Fitness: 0.564
Maximum Fitness: 0.7666666666666666
Average Pen Distance: 0.5060176054204697
Maximum Pen Distance: 0.7526172832974561
Average Dog Distance: 0.6530649117540318
Maximum Dog Distance: 0.7725511565666446
Average Sheep Distance: 0.34210721008438283
Maximum Sheep Distance: 0.43755938412261797
Elapsed Time: 1m 16s
********** 96 **********
Average Fitness: 0.5543333333333333
Maximum Fitness: 0.9
Average Pen Distance: 0.5005882655435475
Maximum Pen Distance: 0.8037169438860557
Average Dog Distance: 0.653402089085681
Maximum Dog Distance: 0.7305396306693486
Average Sheep Distance: 0.33327251709563604
Maximum Sheep Distance: 0.43769335768686535
Elapsed Time: 1m 12s
********** 97 **********
Average Fitness: 0.573
Maximum Fitness: 0.8333333333333334
Average Pen Distance: 0.5013326991220416
Maximum Pen Distance: 0.8352115364165374
Average Dog Distance: 0.6518307904787156
Maximum Dog Distance: 0.7336744988971876
Average Sheep Distance: 0.3419093862881688
Maximum Sheep Distance: 0.48033044736080277
Elapsed Time: 1m 6s
********** 98 **********
Average Fitness: 0.5489999999999999
Maximum Fitness: 0.7999999999999999
Average Pen Distance: 0.5080399035628814
Maximum Pen Distance: 0.8324253072965105
Average Dog Distance: 0.6485809574425025
Maximum Dog Distance: 0.7194267995461687
Average Sheep Distance: 0.33502027354336616
Maximum Sheep Distance: 0.46465652131385515
Elapsed Time: 1m 7s
********** 99 **********
Average Fitness: 0.567
Maximum Fitness: 0.7666666666666667
Average Pen Distance: 0.5109633102558084
Maximum Pen Distance: 0.8057815329247155
Average Dog Distance: 0.6507831722895567
Maximum Dog Distance: 0.7414711025224864
Average Sheep Distance: 0.3261352335354619
Maximum Sheep Distance: 0.41812500831745747
Elapsed Time: 1m 2s
********** 100 **********
Average Fitness: 0.5706666666666667
Maximum Fitness: 0.8666666666666666
Average Pen Distance: 0.5038667375353157
Maximum Pen Distance: 0.8288382833239923
Average Dog Distance: 0.6415221749097705
Maximum Dog Distance: 0.716835303565909
Average Sheep Distance: 0.33102763461484513
Maximum Sheep Distance: 0.4261229615090893
Elapsed Time: 1m 12s
********** 1 **********
Average Fitness: 0.10133333333333333
Maximum Fitness: 0.3
Average Pen Distance: 0.4871645686397559
Maximum Pen Distance: 0.8022132826213282
Average Dog Distance: 0.6041112026668729
Maximum Dog Distance: 0.8240370621569588
Average Sheep Distance: 0.4045646620233143
Maximum Sheep Distance: 0.4879289926189488
Elapsed Time: 1m 20s
********** 2 **********
Average Fitness: 0.10299999999999997
Maximum Fitness: 0.26666666666666666
Average Pen Distance: 0.42952711195475624
Maximum Pen Distance: 0.7495756601453731
Average Dog Distance: 0.5612206397604191
Maximum Dog Distance: 0.8518669936094113
Average Sheep Distance: 0.41073663769806495
Maximum Sheep Distance: 0.5156691229691615
Elapsed Time: 1m 19s
********** 3 **********
Average Fitness: 0.109
Maximum Fitness: 0.3333333333333333
Average Pen Distance: 0.43057996918516184
Maximum Pen Distance: 0.8717201598888185
Average Dog Distance: 0.5526090411397403
Maximum Dog Distance: 0.8049428020312103
Average Sheep Distance: 0.4188411794165104
Maximum Sheep Distance: 0.5293853786728183
Elapsed Time: 1m 12s
********** 4 **********
Average Fitness: 0.11633333333333333
Maximum Fitness: 0.3666666666666667
Average Pen Distance: 0.41894716770480545
Maximum Pen Distance: 0.8426282829142231
Average Dog Distance: 0.5418945471697723
Maximum Dog Distance: 0.8228897668505653
Average Sheep Distance: 0.41155898335616853
Maximum Sheep Distance: 0.494710004356767
Elapsed Time: 1m 23s
********** 5 **********
Average Fitness: 0.11433333333333334
Maximum Fitness: 0.3666666666666667
Average Pen Distance: 0.41453298483734224
Maximum Pen Distance: 0.8656269669504092
Average Dog Distance: 0.5422164732187357
Maximum Dog Distance: 0.8732078141426297
Average Sheep Distance: 0.40618127799642906
Maximum Sheep Distance: 0.5131409132335958
Elapsed Time: 1m 18s
********** 6 **********
Average Fitness: 0.09299999999999999
Maximum Fitness: 0.30000000000000004
Average Pen Distance: 0.438453225049585
Maximum Pen Distance: 0.8064560917185277
Average Dog Distance: 0.5793882643419278
Maximum Dog Distance: 0.8741115269152943
Average Sheep Distance: 0.41198899328972927
Maximum Sheep Distance: 0.5137058072323443
Elapsed Time: 1m 14s
********** 7 **********
Average Fitness: 0.1
Maximum Fitness: 0.36666666666666664
Average Pen Distance: 0.4308122165823618
Maximum Pen Distance: 0.8420675146401377
Average Dog Distance: 0.5764179506781477
Maximum Dog Distance: 0.8406068775565174
Average Sheep Distance: 0.41199754186346427
Maximum Sheep Distance: 0.5276608763718742
Elapsed Time: 1m 20s
********** 8 **********
Average Fitness: 0.09999999999999998
Maximum Fitness: 0.3333333333333333
Average Pen Distance: 0.4232560565451587
Maximum Pen Distance: 0.835301678549741
Average Dog Distance: 0.582590272111151
Maximum Dog Distance: 0.8552952750848325
Average Sheep Distance: 0.4172050919690519
Maximum Sheep Distance: 0.5179380995160346
Elapsed Time: 1m 26s
********** 9 **********
Average Fitness: 0.11133333333333333
Maximum Fitness: 0.30000000000000004
Average Pen Distance: 0.42465458315528287
Maximum Pen Distance: 0.7619472749555078
Average Dog Distance: 0.5790083237702488
Maximum Dog Distance: 0.8596760036864782
Average Sheep Distance: 0.4144680345595859
Maximum Sheep Distance: 0.5368214976276033
Elapsed Time: 1m 27s
********** 10 **********
Average Fitness: 0.121
Maximum Fitness: 0.5
Average Pen Distance: 0.40402846508493523
Maximum Pen Distance: 0.7711340392981864
Average Dog Distance: 0.5934020891032411
Maximum Dog Distance: 0.8482608978065241
Average Sheep Distance: 0.41607105353353846
Maximum Sheep Distance: 0.5129052150098973
Elapsed Time: 1m 27s
********** 11 **********
Average Fitness: 0.11933333333333332
Maximum Fitness: 0.3333333333333333
Average Pen Distance: 0.36777489310560635
Maximum Pen Distance: 0.8340080155278873
Average Dog Distance: 0.5838904447339326
Maximum Dog Distance: 0.8260581461501437
Average Sheep Distance: 0.4117509056317196
Maximum Sheep Distance: 0.5183876784157672
Elapsed Time: 1m 19s
********** 12 **********
Average Fitness: 0.12933333333333333
Maximum Fitness: 0.4333333333333334
Average Pen Distance: 0.3697009451535787
Maximum Pen Distance: 0.8442701444868467
Average Dog Distance: 0.5756587918525224
Maximum Dog Distance: 0.8721405722857392
Average Sheep Distance: 0.4144417242445453
Maximum Sheep Distance: 0.5279296194430793
Elapsed Time: 1m 21s
********** 13 **********
Average Fitness: 0.1383333333333333
Maximum Fitness: 0.39999999999999997
Average Pen Distance: 0.3806335055865949
Maximum Pen Distance: 0.8512958434402371
Average Dog Distance: 0.594623084050902
Maximum Dog Distance: 0.8436941655116885
Average Sheep Distance: 0.41825863766734733
Maximum Sheep Distance: 0.496302125677701
Elapsed Time: 1m 23s
********** 14 **********
Average Fitness: 0.135
Maximum Fitness: 0.4666666666666666
Average Pen Distance: 0.37911361596920273
Maximum Pen Distance: 0.7491319328652143
Average Dog Distance: 0.6001003711665925
Maximum Dog Distance: 0.8354033905122283
Average Sheep Distance: 0.4164119861016058
Maximum Sheep Distance: 0.5080880331564849
Elapsed Time: 1m 25s
********** 15 **********
Average Fitness: 0.13866666666666666
Maximum Fitness: 0.4000000000000001
Average Pen Distance: 0.3893246741833478
Maximum Pen Distance: 0.8664154246635599
Average Dog Distance: 0.6170536785017429
Maximum Dog Distance: 0.8665717795666756
Average Sheep Distance: 0.4084760754516118
Maximum Sheep Distance: 0.4888171422048824
Elapsed Time: 1m 25s
********** 16 **********
Average Fitness: 0.13899999999999998
Maximum Fitness: 0.3333333333333333
Average Pen Distance: 0.39584323665693844
Maximum Pen Distance: 0.8346855711767264
Average Dog Distance: 0.6314835751708481
Maximum Dog Distance: 0.8240472092433816
Average Sheep Distance: 0.4042240717100602
Maximum Sheep Distance: 0.525941328119507
Elapsed Time: 1m 24s
********** 17 **********
Average Fitness: 0.15
Maximum Fitness: 0.43333333333333335
Average Pen Distance: 0.37710098120471963
Maximum Pen Distance: 0.7462734389415905
Average Dog Distance: 0.6403260734438811
Maximum Dog Distance: 0.8892239275018574
Average Sheep Distance: 0.4064950504096527
Maximum Sheep Distance: 0.49908811380988416
Elapsed Time: 1m 24s
********** 18 **********
Average Fitness: 0.15933333333333333
Maximum Fitness: 0.5333333333333333
Average Pen Distance: 0.3667318508861871
Maximum Pen Distance: 0.7381751074860449
Average Dog Distance: 0.6208684709199068
Maximum Dog Distance: 0.866893750707888
Average Sheep Distance: 0.4050549268950134
Maximum Sheep Distance: 0.5180226349372054
Elapsed Time: 1m 21s
********** 19 **********
Average Fitness: 0.14766666666666664
Maximum Fitness: 0.5
Average Pen Distance: 0.40650416070962664
Maximum Pen Distance: 0.8407601855063227
Average Dog Distance: 0.6448379866950256
Maximum Dog Distance: 0.8811893108003606
Average Sheep Distance: 0.4027283893815429
Maximum Sheep Distance: 0.5088340458471424
Elapsed Time: 1m 27s
********** 20 **********
Average Fitness: 0.14466666666666667
Maximum Fitness: 0.4666666666666666
Average Pen Distance: 0.4093580736238566
Maximum Pen Distance: 0.835942495351165
Average Dog Distance: 0.6447750595553161
Maximum Dog Distance: 0.9000526890051764
Average Sheep Distance: 0.4121842123302201
Maximum Sheep Distance: 0.4895543200392578
Elapsed Time: 1m 21s
********** 21 **********
Average Fitness: 0.14533333333333334
Maximum Fitness: 0.4000000000000001
Average Pen Distance: 0.4133494596814963
Maximum Pen Distance: 0.6837768433408558
Average Dog Distance: 0.6606444493497823
Maximum Dog Distance: 0.8402255771958457
Average Sheep Distance: 0.3961776988963962
Maximum Sheep Distance: 0.48887526544194504
Elapsed Time: 1m 23s
********** 22 **********
Average Fitness: 0.17433333333333337
Maximum Fitness: 0.3666666666666667
Average Pen Distance: 0.4001358590627676
Maximum Pen Distance: 0.7340712298763957
Average Dog Distance: 0.6744479827881489
Maximum Dog Distance: 0.8611055468416863
Average Sheep Distance: 0.397920193995945
Maximum Sheep Distance: 0.4654485605303329
Elapsed Time: 1m 25s
********** 23 **********
Average Fitness: 0.17066666666666666
Maximum Fitness: 0.5666666666666667
Average Pen Distance: 0.39801150258897977
Maximum Pen Distance: 0.7676522068618049
Average Dog Distance: 0.6652773186748212
Maximum Dog Distance: 0.8375246309223895
Average Sheep Distance: 0.39365881648427586
Maximum Sheep Distance: 0.5153224064909211
Elapsed Time: 1m 20s
********** 24 **********
Average Fitness: 0.16266666666666668
Maximum Fitness: 0.4666666666666666
Average Pen Distance: 0.40269046273632836
Maximum Pen Distance: 0.7223609991530685
Average Dog Distance: 0.6451208367664742
Maximum Dog Distance: 0.8650083163069043
Average Sheep Distance: 0.4008097029031049
Maximum Sheep Distance: 0.5163306566194079
Elapsed Time: 1m 14s
********** 25 **********
Average Fitness: 0.1656666666666667
Maximum Fitness: 0.4666666666666666
Average Pen Distance: 0.40052751551912025
Maximum Pen Distance: 0.7447364057116693
Average Dog Distance: 0.6422879189759773
Maximum Dog Distance: 0.8371471317730901
Average Sheep Distance: 0.3898353015429022
Maximum Sheep Distance: 0.49583582976091095
Elapsed Time: 1m 15s
********** 26 **********
Average Fitness: 0.18433333333333335
Maximum Fitness: 0.5333333333333333
Average Pen Distance: 0.4177878037552969
Maximum Pen Distance: 0.6931187506283921
Average Dog Distance: 0.6646610511841645
Maximum Dog Distance: 0.8354562897548977
Average Sheep Distance: 0.3895709296693263
Maximum Sheep Distance: 0.48253935222212396
Elapsed Time: 1m 31s
********** 27 **********
Average Fitness: 0.1696666666666667
Maximum Fitness: 0.3333333333333333
Average Pen Distance: 0.38949408035163857
Maximum Pen Distance: 0.8123351641134127
Average Dog Distance: 0.6483215312339096
Maximum Dog Distance: 0.8465824160139501
Average Sheep Distance: 0.39208791163571094
Maximum Sheep Distance: 0.483978944078324
Elapsed Time: 1m 23s
********** 28 **********
Average Fitness: 0.17633333333333337
Maximum Fitness: 0.43333333333333335
Average Pen Distance: 0.3799315061173759
Maximum Pen Distance: 0.7606697966228947
Average Dog Distance: 0.6443077043269674
Maximum Dog Distance: 0.8388799513370628
Average Sheep Distance: 0.3934671898654708
Maximum Sheep Distance: 0.5315900966043706
Elapsed Time: 1m 22s
********** 29 **********
Average Fitness: 0.17400000000000002
Maximum Fitness: 0.5666666666666667
Average Pen Distance: 0.3731706752010697
Maximum Pen Distance: 0.6849729254560563
Average Dog Distance: 0.6452410717293067
Maximum Dog Distance: 0.8814789301325664
Average Sheep Distance: 0.39598465373067676
Maximum Sheep Distance: 0.5129401364865344
Elapsed Time: 1m 27s
********** 30 **********
Average Fitness: 0.1876666666666667
Maximum Fitness: 0.5333333333333333
Average Pen Distance: 0.3854877907001125
Maximum Pen Distance: 0.6345291900291903
Average Dog Distance: 0.6461554740736841
Maximum Dog Distance: 0.8606069478076211
Average Sheep Distance: 0.39622636737448436
Maximum Sheep Distance: 0.5049251036589012
Elapsed Time: 1m 23s
********** 31 **********
Average Fitness: 0.182
Maximum Fitness: 0.5
Average Pen Distance: 0.40159638511156387
Maximum Pen Distance: 0.6920301048437322
Average Dog Distance: 0.6577352570511712
Maximum Dog Distance: 0.8230994611763621
Average Sheep Distance: 0.3986232285693362
Maximum Sheep Distance: 0.5129570007765739
Elapsed Time: 1m 15s
********** 32 **********
Average Fitness: 0.19
Maximum Fitness: 0.43333333333333335
Average Pen Distance: 0.4269123912112844
Maximum Pen Distance: 0.7215125559919983
Average Dog Distance: 0.6632130500654314
Maximum Dog Distance: 0.8463930940634427
Average Sheep Distance: 0.38601393251030447
Maximum Sheep Distance: 0.47691185340510583
Elapsed Time: 1m 28s
********** 33 **********
Average Fitness: 0.21433333333333338
Maximum Fitness: 0.4666666666666666
Average Pen Distance: 0.4037477875048998
Maximum Pen Distance: 0.763298287514226
Average Dog Distance: 0.6505143913538949
Maximum Dog Distance: 0.8523960663366967
Average Sheep Distance: 0.3864634031942428
Maximum Sheep Distance: 0.4895870274129656
Elapsed Time: 1m 25s
********** 34 **********
Average Fitness: 0.20833333333333331
Maximum Fitness: 0.43333333333333335
Average Pen Distance: 0.4108264232879338
Maximum Pen Distance: 0.812593834337303
Average Dog Distance: 0.6316723771189232
Maximum Dog Distance: 0.8009519445419259
Average Sheep Distance: 0.3960230774899766
Maximum Sheep Distance: 0.5332560765528577
Elapsed Time: 1m 11s
********** 35 **********
Average Fitness: 0.22066666666666668
Maximum Fitness: 0.4666666666666666
Average Pen Distance: 0.40615400190218004
Maximum Pen Distance: 0.7666640497500087
Average Dog Distance: 0.6364589464033108
Maximum Dog Distance: 0.8087673200983394
Average Sheep Distance: 0.388772097794168
Maximum Sheep Distance: 0.4772086854173438
Elapsed Time: 1m 21s
********** 36 **********
Average Fitness: 0.20400000000000001
Maximum Fitness: 0.5666666666666668
Average Pen Distance: 0.42335031371799103
Maximum Pen Distance: 0.833508014992538
Average Dog Distance: 0.6418303319772036
Maximum Dog Distance: 0.8116822054078932
Average Sheep Distance: 0.3940077505461882
Maximum Sheep Distance: 0.48666884598670695
Elapsed Time: 1m 19s
********** 37 **********
Average Fitness: 0.2083333333333334
Maximum Fitness: 0.43333333333333335
Average Pen Distance: 0.4055179206795046
Maximum Pen Distance: 0.7248892668957211
Average Dog Distance: 0.640029514869292
Maximum Dog Distance: 0.7988312299459671
Average Sheep Distance: 0.39257503187119464
Maximum Sheep Distance: 0.4866980712430054
Elapsed Time: 1m 27s
********** 38 **********
Average Fitness: 0.20633333333333337
Maximum Fitness: 0.46666666666666673
Average Pen Distance: 0.41617312088297914
Maximum Pen Distance: 0.7771863687552409
Average Dog Distance: 0.6432971495089178
Maximum Dog Distance: 0.8098029304668694
Average Sheep Distance: 0.38983414073546396
Maximum Sheep Distance: 0.5184148471339406
Elapsed Time: 1m 21s
********** 39 **********
Average Fitness: 0.22366666666666674
Maximum Fitness: 0.5333333333333333
Average Pen Distance: 0.39020308631969747
Maximum Pen Distance: 0.7219534153648031
Average Dog Distance: 0.640754667671109
Maximum Dog Distance: 0.8206346978427052
Average Sheep Distance: 0.3925670333981137
Maximum Sheep Distance: 0.4886023315393894
Elapsed Time: 1m 14s
********** 40 **********
Average Fitness: 0.24100000000000002
Maximum Fitness: 0.5333333333333333
Average Pen Distance: 0.3917904101843716
Maximum Pen Distance: 0.6665148900234141
Average Dog Distance: 0.6560008466381063
Maximum Dog Distance: 0.8136540507426734
Average Sheep Distance: 0.39796309368058547
Maximum Sheep Distance: 0.5383375070726942
Elapsed Time: 1m 22s
********** 41 **********
Average Fitness: 0.23199999999999998
Maximum Fitness: 0.5
Average Pen Distance: 0.3819513295611324
Maximum Pen Distance: 0.6707359261758468
Average Dog Distance: 0.6634209403704677
Maximum Dog Distance: 0.8056036200908402
Average Sheep Distance: 0.39451931620546327
Maximum Sheep Distance: 0.48662003884471844
Elapsed Time: 1m 18s
********** 42 **********
Average Fitness: 0.252
Maximum Fitness: 0.5
Average Pen Distance: 0.3736760853435985
Maximum Pen Distance: 0.6116044918560014
Average Dog Distance: 0.6705583998810961
Maximum Dog Distance: 0.8189551645175305
Average Sheep Distance: 0.39049656683810596
Maximum Sheep Distance: 0.46898455192165533
Elapsed Time: 1m 11s
********** 43 **********
Average Fitness: 0.25266666666666665
Maximum Fitness: 0.6333333333333333
Average Pen Distance: 0.3958324410397235
Maximum Pen Distance: 0.6785206553911381
Average Dog Distance: 0.6842314662101029
Maximum Dog Distance: 0.8243202321212367
Average Sheep Distance: 0.39289889636727615
Maximum Sheep Distance: 0.4761520670785688
Elapsed Time: 1m 14s
********** 44 **********
Average Fitness: 0.23366666666666672
Maximum Fitness: 0.4666666666666666
Average Pen Distance: 0.38988629958116333
Maximum Pen Distance: 0.7002541429698734
Average Dog Distance: 0.6688493250756717
Maximum Dog Distance: 0.8115011829019202
Average Sheep Distance: 0.3848993167101099
Maximum Sheep Distance: 0.4864979901365995
Elapsed Time: 1m 15s
********** 45 **********
Average Fitness: 0.26733333333333337
Maximum Fitness: 0.5
Average Pen Distance: 0.3821187348067955
Maximum Pen Distance: 0.6224676245144597
Average Dog Distance: 0.6690951199559856
Maximum Dog Distance: 0.7971345202073108
Average Sheep Distance: 0.38654970994707477
Maximum Sheep Distance: 0.4842833117196754
Elapsed Time: 1m 17s
********** 46 **********
Average Fitness: 0.2533333333333333
Maximum Fitness: 0.5333333333333333
Average Pen Distance: 0.39805279297972246
Maximum Pen Distance: 0.6360264214031357
Average Dog Distance: 0.6787146765926729
Maximum Dog Distance: 0.8556920837862645
Average Sheep Distance: 0.3896984729804994
Maximum Sheep Distance: 0.47685385769483224
Elapsed Time: 1m 14s
********** 47 **********
Average Fitness: 0.24733333333333335
Maximum Fitness: 0.5333333333333333
Average Pen Distance: 0.3973647810531138
Maximum Pen Distance: 0.7293879371381533
Average Dog Distance: 0.6873943698702163
Maximum Dog Distance: 0.8369435256050094
Average Sheep Distance: 0.3873532891878619
Maximum Sheep Distance: 0.46757652718364584
Elapsed Time: 1m 17s
********** 48 **********
Average Fitness: 0.27
Maximum Fitness: 0.6
Average Pen Distance: 0.39606513495762713
Maximum Pen Distance: 0.7240862959714517
Average Dog Distance: 0.6871933312054115
Maximum Dog Distance: 0.8381089655410997
Average Sheep Distance: 0.3888563377050061
Maximum Sheep Distance: 0.5026859008041855
Elapsed Time: 1m 18s
********** 49 **********
Average Fitness: 0.263
Maximum Fitness: 0.5333333333333333
Average Pen Distance: 0.39364609971729325
Maximum Pen Distance: 0.862093446665368
Average Dog Distance: 0.6731065711314201
Maximum Dog Distance: 0.8016708615643696
Average Sheep Distance: 0.3883296727759104
Maximum Sheep Distance: 0.5135633760134062
Elapsed Time: 1m 13s
********** 50 **********
Average Fitness: 0.2803333333333333
Maximum Fitness: 0.5333333333333333
Average Pen Distance: 0.3890925711909726
Maximum Pen Distance: 0.6609333375749289
Average Dog Distance: 0.6689671795073945
Maximum Dog Distance: 0.7890253390030848
Average Sheep Distance: 0.3925995898078589
Maximum Sheep Distance: 0.46644824004638497
Elapsed Time: 1m 11s
********** 51 **********
Average Fitness: 0.2693333333333333
Maximum Fitness: 0.5000000000000001
Average Pen Distance: 0.37582516933046617
Maximum Pen Distance: 0.7975730492595282
Average Dog Distance: 0.670956006392022
Maximum Dog Distance: 0.7987994939693731
Average Sheep Distance: 0.3900902475985927
Maximum Sheep Distance: 0.5340021101286923
Elapsed Time: 1m 15s
********** 52 **********
Average Fitness: 0.2713333333333333
Maximum Fitness: 0.6
Average Pen Distance: 0.37121176988199067
Maximum Pen Distance: 0.6232502286498324
Average Dog Distance: 0.6778925153133293
Maximum Dog Distance: 0.7806146719147279
Average Sheep Distance: 0.38699355885739734
Maximum Sheep Distance: 0.4427059091196645
Elapsed Time: 1m 20s
********** 53 **********
Average Fitness: 0.26766666666666666
Maximum Fitness: 0.5666666666666668
Average Pen Distance: 0.3698548312278385
Maximum Pen Distance: 0.7293632210515981
Average Dog Distance: 0.675701735992107
Maximum Dog Distance: 0.8252111110714874
Average Sheep Distance: 0.3958304273172652
Maximum Sheep Distance: 0.5575415312410921
Elapsed Time: 1m 15s
********** 54 **********
Average Fitness: 0.30200000000000005
Maximum Fitness: 0.6333333333333333
Average Pen Distance: 0.3995600526019144
Maximum Pen Distance: 0.7003873604769133
Average Dog Distance: 0.7078354576320821
Maximum Dog Distance: 0.8108870146625434
Average Sheep Distance: 0.38728658987361114
Maximum Sheep Distance: 0.5205202625006516
Elapsed Time: 1m 15s
********** 55 **********
Average Fitness: 0.2763333333333333
Maximum Fitness: 0.5666666666666667
Average Pen Distance: 0.41004841379492973
Maximum Pen Distance: 0.6602392400076794
Average Dog Distance: 0.7074846503108735
Maximum Dog Distance: 0.8210598207909922
Average Sheep Distance: 0.382639408616138
Maximum Sheep Distance: 0.4488905300312361
Elapsed Time: 1m 19s
********** 56 **********
Average Fitness: 0.30133333333333334
Maximum Fitness: 0.5333333333333333
Average Pen Distance: 0.3990727495153636
Maximum Pen Distance: 0.6344440147841571
Average Dog Distance: 0.7084778175380424
Maximum Dog Distance: 0.8283739843878601
Average Sheep Distance: 0.38928009669526764
Maximum Sheep Distance: 0.4673687400760964
Elapsed Time: 1m 16s
********** 57 **********
Average Fitness: 0.2766666666666666
Maximum Fitness: 0.5666666666666667
Average Pen Distance: 0.40185043155116285
Maximum Pen Distance: 0.628585943658884
Average Dog Distance: 0.6913317550616704
Maximum Dog Distance: 0.8531054711515417
Average Sheep Distance: 0.39397558682875405
Maximum Sheep Distance: 0.5072242373250219
Elapsed Time: 1m 19s
********** 58 **********
Average Fitness: 0.2776666666666667
Maximum Fitness: 0.5333333333333333
Average Pen Distance: 0.4197794146584837
Maximum Pen Distance: 0.6512774413592122
Average Dog Distance: 0.6966711495487817
Maximum Dog Distance: 0.8078020169562444
Average Sheep Distance: 0.3858101356708653
Maximum Sheep Distance: 0.47140196173729404
Elapsed Time: 1m 15s
********** 59 **********
Average Fitness: 0.28933333333333333
Maximum Fitness: 0.5666666666666665
Average Pen Distance: 0.41738425124238693
Maximum Pen Distance: 0.5691110018917752
Average Dog Distance: 0.6968478310708848
Maximum Dog Distance: 0.8025064701622217
Average Sheep Distance: 0.38726475968399193
Maximum Sheep Distance: 0.47801747293306246
Elapsed Time: 1m 20s
********** 60 **********
Average Fitness: 0.28733333333333333
Maximum Fitness: 0.5333333333333333
Average Pen Distance: 0.41967000443014785
Maximum Pen Distance: 0.7016390620728797
Average Dog Distance: 0.6886633917282028
Maximum Dog Distance: 0.830190192900691
Average Sheep Distance: 0.3894752099127395
Maximum Sheep Distance: 0.4761340380321109
Elapsed Time: 1m 15s
********** 61 **********
Average Fitness: 0.2943333333333333
Maximum Fitness: 0.6
Average Pen Distance: 0.4158312541498483
Maximum Pen Distance: 0.5772402142745868
Average Dog Distance: 0.6953738341529083
Maximum Dog Distance: 0.8259270751414003
Average Sheep Distance: 0.3832768073652544
Maximum Sheep Distance: 0.48074322283818965
Elapsed Time: 1m 21s
********** 62 **********
Average Fitness: 0.30966666666666665
Maximum Fitness: 0.5333333333333333
Average Pen Distance: 0.40375683056291495
Maximum Pen Distance: 0.588913882806457
Average Dog Distance: 0.6877354125929451
Maximum Dog Distance: 0.8134284403970412
Average Sheep Distance: 0.3906521267193054
Maximum Sheep Distance: 0.4958875649755963
Elapsed Time: 1m 17s
********** 63 **********
Average Fitness: 0.29400000000000004
Maximum Fitness: 0.6
Average Pen Distance: 0.41416863480302596
Maximum Pen Distance: 0.8216265330001429
Average Dog Distance: 0.6990455751234154
Maximum Dog Distance: 0.8066257999422651
Average Sheep Distance: 0.3908784962959635
Maximum Sheep Distance: 0.546123548035305
Elapsed Time: 1m 12s
********** 64 **********
Average Fitness: 0.29766666666666663
Maximum Fitness: 0.5
Average Pen Distance: 0.4280841466416359
Maximum Pen Distance: 0.6446279585832643
Average Dog Distance: 0.7041908343942164
Maximum Dog Distance: 0.814040450156685
Average Sheep Distance: 0.3893903940434063
Maximum Sheep Distance: 0.4781798426854893
Elapsed Time: 1m 23s
********** 65 **********
Average Fitness: 0.276
Maximum Fitness: 0.5
Average Pen Distance: 0.42016986254627525
Maximum Pen Distance: 0.6579215804779625
Average Dog Distance: 0.7110264512952216
Maximum Dog Distance: 0.7955004977316676
Average Sheep Distance: 0.3806563896119845
Maximum Sheep Distance: 0.446529809466214
Elapsed Time: 1m 17s
********** 66 **********
Average Fitness: 0.26666666666666666
Maximum Fitness: 0.5666666666666667
Average Pen Distance: 0.4214436250913933
Maximum Pen Distance: 0.6734280288324871
Average Dog Distance: 0.7155653314818351
Maximum Dog Distance: 0.8161481185717424
Average Sheep Distance: 0.3816251851979367
Maximum Sheep Distance: 0.4487240360830091
Elapsed Time: 1m 21s
********** 67 **********
Average Fitness: 0.2843333333333333
Maximum Fitness: 0.5333333333333333
Average Pen Distance: 0.414066418852862
Maximum Pen Distance: 0.7224170826604613
Average Dog Distance: 0.7070559664746419
Maximum Dog Distance: 0.837597496530254
Average Sheep Distance: 0.38744399332243185
Maximum Sheep Distance: 0.514488664288225
Elapsed Time: 1m 15s
********** 68 **********
Average Fitness: 0.27366666666666667
Maximum Fitness: 0.5333333333333333
Average Pen Distance: 0.4037031165020403
Maximum Pen Distance: 0.6064521345293161
Average Dog Distance: 0.6947808222053371
Maximum Dog Distance: 0.8078286456128346
Average Sheep Distance: 0.38696831473992854
Maximum Sheep Distance: 0.4778096507066802
Elapsed Time: 1m 14s
********** 69 **********
Average Fitness: 0.306
Maximum Fitness: 0.5333333333333333
Average Pen Distance: 0.4049006032193947
Maximum Pen Distance: 0.6353877045676309
Average Dog Distance: 0.7018055048086417
Maximum Dog Distance: 0.8238479793949361
Average Sheep Distance: 0.3858820530270261
Maximum Sheep Distance: 0.4610491418254188
Elapsed Time: 1m 15s
********** 70 **********
Average Fitness: 0.3113333333333333
Maximum Fitness: 0.5666666666666668
Average Pen Distance: 0.4006584970252314
Maximum Pen Distance: 0.5621673680374865
Average Dog Distance: 0.7077862304796209
Maximum Dog Distance: 0.8057252931673954
Average Sheep Distance: 0.38675050815570955
Maximum Sheep Distance: 0.4701492386189959
Elapsed Time: 1m 27s
********** 71 **********
Average Fitness: 0.2853333333333333
Maximum Fitness: 0.5333333333333333
Average Pen Distance: 0.4049482350688873
Maximum Pen Distance: 0.7326489496911984
Average Dog Distance: 0.7048497493443096
Maximum Dog Distance: 0.8255239472902912
Average Sheep Distance: 0.3901085579823977
Maximum Sheep Distance: 0.480230965649326
Elapsed Time: 1m 12s
********** 72 **********
Average Fitness: 0.2906666666666667
Maximum Fitness: 0.7000000000000001
Average Pen Distance: 0.39161071933976016
Maximum Pen Distance: 0.7852770967006855
Average Dog Distance: 0.694546603876745
Maximum Dog Distance: 0.7883231681143313
Average Sheep Distance: 0.38924355136622846
Maximum Sheep Distance: 0.495616582488776
Elapsed Time: 1m 13s
********** 73 **********
Average Fitness: 0.3066666666666667
Maximum Fitness: 0.5666666666666668
Average Pen Distance: 0.391824119351626
Maximum Pen Distance: 0.6102786080089498
Average Dog Distance: 0.6877641652411054
Maximum Dog Distance: 0.8001688814148186
Average Sheep Distance: 0.38672523725067803
Maximum Sheep Distance: 0.4631948958209655
Elapsed Time: 1m 12s
********** 74 **********
Average Fitness: 0.29133333333333333
Maximum Fitness: 0.5666666666666667
Average Pen Distance: 0.3772808127432248
Maximum Pen Distance: 0.6589729916755306
Average Dog Distance: 0.682967770305299
Maximum Dog Distance: 0.7921101819875385
Average Sheep Distance: 0.38819720977221167
Maximum Sheep Distance: 0.4742574735652658
Elapsed Time: 1m 21s
********** 75 **********
Average Fitness: 0.32233333333333336
Maximum Fitness: 0.5666666666666667
Average Pen Distance: 0.37314508929478196
Maximum Pen Distance: 0.5816234233360266
Average Dog Distance: 0.6832600023888328
Maximum Dog Distance: 0.7825021878833008
Average Sheep Distance: 0.3952734928934465
Maximum Sheep Distance: 0.49024083445213523
Elapsed Time: 1m 15s
********** 76 **********
Average Fitness: 0.321
Maximum Fitness: 0.5333333333333333
Average Pen Distance: 0.36534020232362197
Maximum Pen Distance: 0.5771770246375661
Average Dog Distance: 0.6792181245069021
Maximum Dog Distance: 0.8015405311878836
Average Sheep Distance: 0.39515411770890885
Maximum Sheep Distance: 0.46049713246724994
Elapsed Time: 1m 15s
********** 77 **********
Average Fitness: 0.31
Maximum Fitness: 0.7333333333333334
Average Pen Distance: 0.38623784903507924
Maximum Pen Distance: 0.5998017881105252
Average Dog Distance: 0.6818919034076001
Maximum Dog Distance: 0.7779086096405557
Average Sheep Distance: 0.3925842792277732
Maximum Sheep Distance: 0.46564637025332783
Elapsed Time: 1m 16s
********** 78 **********
Average Fitness: 0.30766666666666664
Maximum Fitness: 0.5
Average Pen Distance: 0.3663104924124184
Maximum Pen Distance: 0.5947179232551093
Average Dog Distance: 0.6717784559900185
Maximum Dog Distance: 0.7722189913055587
Average Sheep Distance: 0.39057020628259004
Maximum Sheep Distance: 0.4863218704852413
Elapsed Time: 1m 13s
********** 79 **********
Average Fitness: 0.314
Maximum Fitness: 0.6
Average Pen Distance: 0.3851246947618645
Maximum Pen Distance: 0.643165771665842
Average Dog Distance: 0.6877917639599381
Maximum Dog Distance: 0.8160232584379662
Average Sheep Distance: 0.38801823576152933
Maximum Sheep Distance: 0.4692564139899342
Elapsed Time: 1m 8s
********** 80 **********
Average Fitness: 0.32366666666666666
Maximum Fitness: 0.5666666666666667
Average Pen Distance: 0.3876763225697665
Maximum Pen Distance: 0.6430858350652814
Average Dog Distance: 0.6988753104334878
Maximum Dog Distance: 0.825755346293532
Average Sheep Distance: 0.38743941731857945
Maximum Sheep Distance: 0.48014647850292896
Elapsed Time: 1m 15s
********** 81 **********
Average Fitness: 0.298
Maximum Fitness: 0.6666666666666666
Average Pen Distance: 0.40107735422982765
Maximum Pen Distance: 0.6007206847654382
Average Dog Distance: 0.6985851910749757
Maximum Dog Distance: 0.8041503138990672
Average Sheep Distance: 0.38774830101173335
Maximum Sheep Distance: 0.4863429733921532
Elapsed Time: 1m 14s
********** 82 **********
Average Fitness: 0.2873333333333333
Maximum Fitness: 0.6
Average Pen Distance: 0.39561842448643925
Maximum Pen Distance: 0.5653252519075299
Average Dog Distance: 0.6995243823126583
Maximum Dog Distance: 0.8029961973886688
Average Sheep Distance: 0.39315698610398386
Maximum Sheep Distance: 0.4669101659586073
Elapsed Time: 1m 11s
********** 83 **********
Average Fitness: 0.3183333333333333
Maximum Fitness: 0.6333333333333334
Average Pen Distance: 0.3974101074495383
Maximum Pen Distance: 0.6288000127619423
Average Dog Distance: 0.7066908094978159
Maximum Dog Distance: 0.8115307886020169
Average Sheep Distance: 0.39581737921973215
Maximum Sheep Distance: 0.49038285385134445
Elapsed Time: 1m 12s
********** 84 **********
Average Fitness: 0.31366666666666665
Maximum Fitness: 0.5333333333333333
Average Pen Distance: 0.38596223354059767
Maximum Pen Distance: 0.594151743931865
Average Dog Distance: 0.6974523268554098
Maximum Dog Distance: 0.8067905993208955
Average Sheep Distance: 0.39083420425336
Maximum Sheep Distance: 0.47434076653123586
Elapsed Time: 1m 23s
********** 85 **********
Average Fitness: 0.28933333333333333
Maximum Fitness: 0.6
Average Pen Distance: 0.392811877696052
Maximum Pen Distance: 0.80847300849664
Average Dog Distance: 0.6985558350094925
Maximum Dog Distance: 0.8172577364204439
Average Sheep Distance: 0.38788873207743363
Maximum Sheep Distance: 0.4889682344647121
Elapsed Time: 1m 20s
********** 86 **********
Average Fitness: 0.31600000000000006
Maximum Fitness: 0.5666666666666667
Average Pen Distance: 0.391291512619374
Maximum Pen Distance: 0.7003280266150763
Average Dog Distance: 0.697778595667554
Maximum Dog Distance: 0.8513663816173698
Average Sheep Distance: 0.39453047251692697
Maximum Sheep Distance: 0.4777690276434918
Elapsed Time: 1m 21s
********** 87 **********
Average Fitness: 0.31033333333333335
Maximum Fitness: 0.6
Average Pen Distance: 0.3743974218842024
Maximum Pen Distance: 0.5568728405884804
Average Dog Distance: 0.6978708733505142
Maximum Dog Distance: 0.7942213970336892
Average Sheep Distance: 0.3932648559282644
Maximum Sheep Distance: 0.5358503199492964
Elapsed Time: 1m 16s
********** 88 **********
Average Fitness: 0.32499999999999996
Maximum Fitness: 0.5666666666666668
Average Pen Distance: 0.3921936686559594
Maximum Pen Distance: 0.7683574636578321
Average Dog Distance: 0.709257874237542
Maximum Dog Distance: 0.7997608839230609
Average Sheep Distance: 0.38922311566998025
Maximum Sheep Distance: 0.4693724940726249
Elapsed Time: 1m 24s
********** 89 **********
Average Fitness: 0.31499999999999995
Maximum Fitness: 0.5333333333333333
Average Pen Distance: 0.37279147304632326
Maximum Pen Distance: 0.6577079758398482
Average Dog Distance: 0.6938835698252707
Maximum Dog Distance: 0.8044725362281069
Average Sheep Distance: 0.3885548880930474
Maximum Sheep Distance: 0.4838962893068491
Elapsed Time: 1m 14s
********** 90 **********
Average Fitness: 0.3173333333333333
Maximum Fitness: 0.6
Average Pen Distance: 0.3750061870492384
Maximum Pen Distance: 0.6885016722184193
Average Dog Distance: 0.6941367760382389
Maximum Dog Distance: 0.7926744252565854
Average Sheep Distance: 0.3936449130012786
Maximum Sheep Distance: 0.4879584236747601
Elapsed Time: 1m 16s
********** 91 **********
Average Fitness: 0.31366666666666665
Maximum Fitness: 0.5333333333333333
Average Pen Distance: 0.38010189261898164
Maximum Pen Distance: 0.5654220576926122
Average Dog Distance: 0.6923684736823726
Maximum Dog Distance: 0.8231984607987745
Average Sheep Distance: 0.3935235563208878
Maximum Sheep Distance: 0.47507530453815255
Elapsed Time: 1m 10s
********** 92 **********
Average Fitness: 0.31133333333333335
Maximum Fitness: 0.6999999999999998
Average Pen Distance: 0.3863120974617446
Maximum Pen Distance: 0.544797608286049
Average Dog Distance: 0.6931527804348224
Maximum Dog Distance: 0.7973906268773835
Average Sheep Distance: 0.38870049571064624
Maximum Sheep Distance: 0.5022613189280621
Elapsed Time: 1m 27s
********** 93 **********
Average Fitness: 0.3246666666666666
Maximum Fitness: 0.5666666666666668
Average Pen Distance: 0.4060313755240534
Maximum Pen Distance: 0.6938218782883209
Average Dog Distance: 0.7005359269294297
Maximum Dog Distance: 0.8293261951709762
Average Sheep Distance: 0.38766022869513167
Maximum Sheep Distance: 0.4597416630399478
Elapsed Time: 1m 8s
********** 94 **********
Average Fitness: 0.3116666666666667
Maximum Fitness: 0.5666666666666668
Average Pen Distance: 0.40813503921437005
Maximum Pen Distance: 0.6397135111445116
Average Dog Distance: 0.7020630851171892
Maximum Dog Distance: 0.8076307849565451
Average Sheep Distance: 0.3850432256801536
Maximum Sheep Distance: 0.4569769659428032
Elapsed Time: 1m 15s
********** 95 **********
Average Fitness: 0.3133333333333333
Maximum Fitness: 0.5000000000000001
Average Pen Distance: 0.4065499324076359
Maximum Pen Distance: 0.5662661905255404
Average Dog Distance: 0.6981193257025723
Maximum Dog Distance: 0.8101526027506135
Average Sheep Distance: 0.38237231217255535
Maximum Sheep Distance: 0.5007531268920755
Elapsed Time: 1m 8s
********** 96 **********
Average Fitness: 0.31766666666666665
Maximum Fitness: 0.5666666666666668
Average Pen Distance: 0.40934611472202376
Maximum Pen Distance: 0.7952197462128799
Average Dog Distance: 0.7062717175046528
Maximum Dog Distance: 0.8475108444147184
Average Sheep Distance: 0.3853925397721031
Maximum Sheep Distance: 0.4640405597684712
Elapsed Time: 1m 18s
********** 97 **********
Average Fitness: 0.318
Maximum Fitness: 0.6666666666666666
Average Pen Distance: 0.4073250106362775
Maximum Pen Distance: 0.5865693457034878
Average Dog Distance: 0.695808868126423
Maximum Dog Distance: 0.8517341693784887
Average Sheep Distance: 0.3866679267995123
Maximum Sheep Distance: 0.4947809998643062
Elapsed Time: 1m 9s
********** 98 **********
Average Fitness: 0.31866666666666665
Maximum Fitness: 0.6333333333333333
Average Pen Distance: 0.38741501155620983
Maximum Pen Distance: 0.5477999751739909
Average Dog Distance: 0.6851281874424399
Maximum Dog Distance: 0.8001327205088926
Average Sheep Distance: 0.39377142222436495
Maximum Sheep Distance: 0.4943973736250386
Elapsed Time: 1m 17s
********** 99 **********
Average Fitness: 0.321
Maximum Fitness: 0.6333333333333333
Average Pen Distance: 0.39761177723821794
Maximum Pen Distance: 0.6775591941683737
Average Dog Distance: 0.6860332478996916
Maximum Dog Distance: 0.8255094007309628
Average Sheep Distance: 0.3980658202297296
Maximum Sheep Distance: 0.4883651534226566
Elapsed Time: 1m 11s
********** 100 **********
Average Fitness: 0.3136666666666667
Maximum Fitness: 0.6
Average Pen Distance: 0.40483455470711427
Maximum Pen Distance: 0.643466884951454
Average Dog Distance: 0.6988775130550064
Maximum Dog Distance: 0.8086784139917116
Average Sheep Distance: 0.38815263841076897
Maximum Sheep Distance: 0.45694760823049574
Elapsed Time: 1m 14s
