mode,environment,dogs,gen,cap-avg,cap-max,cap-min,cap-std,dog-avg,dog-max,dog-min,dog-std,fit-avg,fit-max,fit-min,fit-std,mrph-avg,mrph-max,mrph-min,mrph-std,pen-avg,pen-max,pen-min,pen-std,shp-avg,shp-max,shp-min,shp-std
evolving,field,15dogs,1,0.037249999999999964,0.16999999999999996,0.0,0.03947005645234963,0.637687319378993,0.7873929989626824,0.32144905012308006,0.08794057211332329,0.026074999999999952,0.11899999999999993,0.0,0.027629039516644728,0.49396379750965497,0.8396411570558507,0.1531973699588869,0.15123167737074492,0.49454446259177376,0.8100248837588998,0.12683551532388826,0.13043133185569158,0.3756178527984627,0.479148157464895,0.30186022591245787,0.03542929578235775
evolving,field,15dogs,2,0.04139999999999995,0.17999999999999997,0.0,0.04111077131525005,0.6281604291107772,0.783021935899873,0.30808516147437287,0.09541673011500437,0.02897999999999996,0.12599999999999995,0.0,0.028777539920675027,0.49638147556462114,0.8495875807121568,0.1541186788389184,0.15047394123759822,0.46610256549131723,0.7756836215576485,0.1159704547905102,0.13280545807008556,0.37646536875337266,0.4810180296747163,0.30275141066603795,0.03546200152723216
evolving,field,15dogs,3,0.04733333333333329,0.20333333333333328,0.0,0.04569861061242618,0.6123813939875153,0.7837140436458521,0.30573005117149143,0.10347992365741362,0.033133333333333286,0.14233333333333326,0.0,0.0319890274286983,0.5001906423909853,0.8336157837205734,0.16584672596915312,0.14317630471918524,0.42718602662953475,0.7271679174676839,0.1144751515271788,0.13219844044852821,0.3789817670325192,0.4748549947992761,0.3085612457748374,0.03505125613570094
evolving,field,15dogs,4,0.05611666666666661,0.21166666666666661,0.0,0.05068133927521738,0.5885068892805876,0.7727744288399314,0.3084685483996928,0.10884208827506611,0.03928166666666663,0.1481666666666666,0.0,0.035476937492652155,0.5080154372730318,0.8341157011466309,0.16108475445434994,0.14239859785931924,0.3916743530314092,0.6947166527123873,0.11559941665898019,0.1321969346482304,0.3829369829232586,0.4802379826241137,0.30751008718064254,0.03608351355777458
evolving,field,15dogs,5,0.061799999999999945,0.24166666666666664,0.0,0.05279961360016953,0.563728471980341,0.7743675307876853,0.3066904041778217,0.11070390212305985,0.043259999999999944,0.16916666666666663,0.0,0.03695972952011865,0.5150545350231066,0.8173974902457589,0.18095325686960115,0.1401386875661872,0.35153142061403597,0.6583064213024554,0.11496213401703873,0.1267793371838845,0.38616181099015706,0.47466144483525097,0.3071891732954553,0.03464926254448293
evolving,field,15dogs,6,0.07429999999999995,0.26666666666666666,0.0,0.05820977728847589,0.5458663165494264,0.7625955729901969,0.2966747572470955,0.10830740575004878,0.05200999999999996,0.1866666666666666,0.0,0.04074684410193312,0.5260993747363865,0.82223478848701,0.20815277249412137,0.13352632657603067,0.32090632433202027,0.6054686385058978,0.10977325600733104,0.11479379395638264,0.38860356594696144,0.47737447323651044,0.3081813007836166,0.03421421550528531
evolving,field,15dogs,7,0.08189999999999995,0.2716666666666666,0.0,0.05785829615056064,0.5246569897166619,0.7491700564675857,0.2972829344482837,0.1051339215786985,0.05732999999999996,0.1901666666666666,0.0,0.04050080730539242,0.5380273859342047,0.8343896125536346,0.22105784750037327,0.12964148234524644,0.2946456371826377,0.5679531625528048,0.10994421975969246,0.10550651723954751,0.3915517516414394,0.47879386956052883,0.3156188803712309,0.033328712759660095
evolving,field,15dogs,8,0.08783333333333329,0.25166666666666665,0.0,0.058247518976056165,0.515016633327733,0.7272279460695914,0.2973400805227195,0.0956576565572549,0.06148333333333329,0.1761666666666666,0.0,0.04077326328323928,0.5476242194339076,0.8344061074604963,0.2182883157032672,0.12635806378917863,0.2818201370421999,0.5292401360077439,0.10970707154386358,0.09274129968820782,0.3920424444621026,0.4723975891896791,0.3190016750586299,0.03160342938353234
evolving,field,15dogs,9,0.09253333333333327,0.2816666666666666,0.0,0.060084040818498816,0.508830736159169,0.7284283450918163,0.30780643601602986,0.09366003000728149,0.06477333333333328,0.19716666666666663,0.0,0.042058828572949146,0.5551319076404108,0.8358896689055115,0.23451353971446404,0.12916235858500597,0.275516476903385,0.5115079896551787,0.12068022587611109,0.09173289442499755,0.3931720722915117,0.47435271568186615,0.31950258131483983,0.03160820402722715
evolving,field,15dogs,10,0.09348333333333328,0.28833333333333333,0.0,0.06252258465579515,0.508207229167537,0.7281947822024735,0.32392181091983946,0.091883820226248,0.06543833333333329,0.20183333333333325,0.0,0.04376580925905656,0.5641267356418227,0.8402353676233373,0.2345337320356926,0.1243417433380648,0.2718965175224731,0.5226150986119232,0.12194926798009306,0.08874901386632221,0.39273938549537213,0.47614101986659046,0.3213660810835356,0.031083304034272154
evolving,field,15dogs,11,0.10046666666666662,0.2816666666666666,0.0016666666666666648,0.061088722152807695,0.502405174595719,0.716605284395611,0.32272150843000774,0.08690649217377697,0.07032666666666662,0.19716666666666663,0.001166666666666665,0.04276210550696536,0.5645938001578619,0.8380572681466543,0.24523635118630072,0.12195265572060601,0.26574485837758877,0.5034587318426356,0.12436480975422988,0.08434372086943544,0.3935432828701761,0.47322578505527935,0.3187180629866698,0.030527875663478792
evolving,field,15dogs,12,0.10173333333333327,0.29166666666666663,0.0,0.06135749803747533,0.5016492527423068,0.7332856389975307,0.3363773988709635,0.08459453825264962,0.07121333333333328,0.2041666666666666,0.0,0.042950248626232715,0.5717099837265667,0.8355322517262864,0.243918477087017,0.11904538915412724,0.26441821333811516,0.5015022178893254,0.13339783250664625,0.07948444953105174,0.39348468464869973,0.4746559073411024,0.3223119214772365,0.030438346634872448
evolving,field,15dogs,13,0.10309999999999994,0.30333333333333334,0.0,0.06273286933120964,0.49808061605678666,0.7141082551685483,0.3378060849539451,0.07789674136716589,0.07216999999999994,0.21233333333333332,0.0,0.04391300853184673,0.5732247121828515,0.8453377341076564,0.28662100069462754,0.11785113611944573,0.2593505449720364,0.5019806408031471,0.13423726445450132,0.07532146495381942,0.39343007857734874,0.47269749122835797,0.32290231009330556,0.028988625749891174
evolving,field,15dogs,14,0.10526666666666662,0.31666666666666665,0.0,0.06350690800197664,0.49779068395243053,0.7152461805390914,0.3566880389893884,0.08060926006890036,0.07368666666666662,0.2216666666666666,0.0,0.04445483560138362,0.57445478254623,0.844409490657352,0.2691768511201015,0.12038449370969025,0.2609456619488025,0.5045102236119259,0.14017240276263349,0.0762709202556287,0.39239089055235854,0.4716275569593159,0.32134851976315404,0.029795255045878034
evolving,field,15dogs,15,0.10571666666666661,0.2783333333333333,0.0,0.06183245759419052,0.49372363216346293,0.7022374180851777,0.3603826151776256,0.0739038845517113,0.07400166666666662,0.19483333333333328,0.0,0.043282720315933346,0.5843498063516407,0.8508027782742416,0.2837634111620012,0.11945939848581714,0.25643259820625885,0.48667512820885256,0.14420020428810837,0.06905503043637565,0.39373667132583196,0.4774759962017233,0.3255792768984978,0.028514201923078252
evolving,field,15dogs,16,0.1078333333333333,0.29666666666666663,0.0,0.0644379272157582,0.4915812005150187,0.7037946214087759,0.35947458392677967,0.06799522914705662,0.07548333333333329,0.2076666666666666,0.0,0.045106549051030724,0.5824790868026573,0.8589881815426429,0.27898022139894413,0.12001878519962213,0.2555884310469986,0.49989883350625597,0.15285551510198075,0.06350283680770791,0.39333579410339037,0.4728449573951926,0.3277723146729506,0.027668009722828867
evolving,field,15dogs,17,0.10981666666666663,0.31166666666666665,0.0016666666666666648,0.0634459765967835,0.4929774955816075,0.7045330004637119,0.3738931575801431,0.06472474816272028,0.07687166666666663,0.21816666666666662,0.001166666666666665,0.04441218361774844,0.5754920021164251,0.8480568619873414,0.2887415913792018,0.11509042184122772,0.2579807639188514,0.5081906455968807,0.15630607027627189,0.06017900918958219,0.3934347519963334,0.47239110321442235,0.32476789838186504,0.02794222901081886
evolving,field,15dogs,18,0.10931666666666662,0.30166666666666664,0.0,0.06499946083650723,0.4870791130769002,0.7185260432619366,0.36380018094931466,0.06435289777373163,0.07652166666666661,0.21116666666666659,0.0,0.04549962258555505,0.5784814379423389,0.8346624327513463,0.28499377737916637,0.11646542193765838,0.2518490764566702,0.49996418023060685,0.14907674589325554,0.058335471090402526,0.39379619839574703,0.4635111825523426,0.32735913260319816,0.026739613948269077
evolving,field,15dogs,19,0.10898333333333328,0.29166666666666663,0.0,0.06331504156133863,0.48806195116694395,0.7073726936585367,0.37126661318900067,0.0621056357502465,0.07628833333333328,0.2041666666666666,0.0,0.04432052909293703,0.5792569889539909,0.8398026113695816,0.27757285103178053,0.11580319092187366,0.2512380886074973,0.49054976216958107,0.15750218575795044,0.05603435494304906,0.3938734795306319,0.47105687630103593,0.31925803375467127,0.027887384675744857
evolving,field,15dogs,20,0.1101166666666666,0.305,0.0,0.06456490563579267,0.4847909555840375,0.7056317805042511,0.37866984889727895,0.05906494277884835,0.07708166666666662,0.21349999999999994,0.0,0.04519543394505485,0.581462057162289,0.8427966874846289,0.3065725528777788,0.11613400370717797,0.24907921170219288,0.4956718252259317,0.17121640248907186,0.054081436580444696,0.39391534208482215,0.4703940713880638,0.32238650307334443,0.0266978428758963
evolving,field,15dogs,21,0.11208333333333328,0.31,0.0016666666666666648,0.064453983047406,0.4834579054304097,0.7111638674187238,0.378366646960998,0.06052375265994053,0.07845833333333327,0.21699999999999994,0.001166666666666665,0.04511778813318419,0.5802642426069581,0.8357019112674579,0.2660811269952652,0.11869506479333962,0.24872623393333582,0.5022015848794039,0.17322693604149617,0.05539780560614466,0.39407484219974287,0.4745299929947987,0.3250687534757458,0.02683822783427936
evolving,field,15dogs,22,0.10939999999999994,0.30166666666666664,0.0,0.06419106959627245,0.48249592089387017,0.7209071575792952,0.3815768110093563,0.060620574916668925,0.07657999999999995,0.21116666666666659,0.0,0.0449337487173907,0.5765384833775877,0.841062082350553,0.2649795269762766,0.12019288591308108,0.2487719224548152,0.4876182789166951,0.17442233268872379,0.05574620509113219,0.39388457599031407,0.4643634441203077,0.3267958621679753,0.026639284340004267
evolving,field,15dogs,23,0.10806666666666662,0.30333333333333334,0.0016666666666666648,0.06439681866365762,0.48286169789094435,0.7001469461648563,0.3816116700418073,0.059136948407530754,0.07564666666666663,0.21233333333333326,0.001166666666666665,0.04507777306456031,0.575102360853345,0.8352401287269222,0.25627989404010076,0.12162759962878944,0.2474637438301522,0.48287253513590295,0.1703358365555785,0.054264657644576185,0.3936824346686674,0.4639728890673525,0.32388486751886736,0.02648318648761171
evolving,field,15dogs,24,0.11036666666666661,0.31333333333333335,0.0,0.06377068542884595,0.4817567581235115,0.6998086629922692,0.38121488676845383,0.05829193015104715,0.07725666666666661,0.2193333333333333,0.0,0.04463947980019214,0.5734884510034479,0.8389259384156936,0.27366580671465635,0.12086822988772634,0.2477651010985967,0.4946062797151763,0.1739175981959457,0.05332498703099621,0.39455666496161645,0.4704046627372286,0.3282861392047974,0.02573001754295704
evolving,field,15dogs,25,0.11279999999999994,0.30333333333333334,0.0016666666666666648,0.06505195429832936,0.47718783878982124,0.7018140069033888,0.38273316693827353,0.056569082286133075,0.07895999999999995,0.21233333333333326,0.001166666666666665,0.045536368008830534,0.5743921795128012,0.840726751063767,0.2632711680690206,0.12002370703146874,0.244827827635464,0.5004052199193155,0.17211797888817212,0.05184576138668924,0.3946952143839411,0.46470878175155617,0.32889162233971014,0.02521881988881544
evolving,field,15dogs,26,0.1118333333333333,0.3083333333333333,0.0016666666666666648,0.06685263654925667,0.48067983179351204,0.6938770915373602,0.3798095722868607,0.05689155886769576,0.07828333333333329,0.21583333333333327,0.001166666666666665,0.046796845584479656,0.5721903102389267,0.8181267590031039,0.26449915178886957,0.11826436832448428,0.24537698419862936,0.48386993258700206,0.17476375584257658,0.050676405530286496,0.39458187990170107,0.4740704742567253,0.3283798527797767,0.02661151675461405
evolving,field,15dogs,27,0.11068333333333327,0.31166666666666665,0.0,0.06704641070513319,0.47833471296595265,0.690072700443914,0.3809846745512674,0.05611454375631593,0.07747833333333329,0.21816666666666662,0.0,0.046932487493593224,0.5737325615188021,0.8321339831292566,0.27712020332314136,0.11366366450234569,0.2442987475678097,0.4896281190119516,0.17499824637132516,0.049203734849753364,0.3950701059855168,0.471275961355191,0.3303594851548633,0.0266765758010168
evolving,field,15dogs,28,0.10958333333333328,0.295,0.0016666666666666648,0.0643021437385866,0.47926637140842265,0.7123840045864601,0.3806444692645114,0.05845348819747216,0.07670833333333328,0.20649999999999996,0.001166666666666665,0.045011500617010605,0.5742039923396268,0.8341625919842052,0.2600891980351148,0.11790643595964449,0.24541618211566255,0.5041801536824925,0.1744335686961213,0.05248070329546641,0.39431492149467906,0.4690315076598074,0.3234243619641574,0.026728132654309504
evolving,field,15dogs,29,0.11079999999999994,0.3133333333333333,0.0,0.06575598710182687,0.4782670999213766,0.7231067592188147,0.3780004296167291,0.060390339836454976,0.07755999999999995,0.2193333333333333,0.0,0.0460291909712788,0.5730512153396016,0.8389750286168007,0.24666505690478976,0.12127366176804277,0.244089119713964,0.4967981180545988,0.1712033014081721,0.052492485567042446,0.3956350611732009,0.4645247598257186,0.3241796329728787,0.02651894118796424
evolving,field,15dogs,30,0.11179999999999994,0.3083333333333333,0.0016666666666666648,0.06498730158226798,0.47596374287766874,0.7016909698936112,0.3801205759178136,0.055312518635072805,0.07825999999999995,0.21583333333333327,0.001166666666666665,0.04549111110758757,0.5763606949693233,0.8347648266731195,0.24200157759899082,0.12134510109457006,0.24417256622559988,0.4995750333075161,0.1745886050619499,0.050504779047404136,0.3940548936860718,0.4653460448922292,0.328099593302348,0.025622590495684543
evolving,field,15dogs,31,0.1096666666666666,0.29166666666666663,0.0,0.0640289178078813,0.4773109544402538,0.6929089032917812,0.3822404484413773,0.056317362569310137,0.07676666666666662,0.2041666666666666,0.0,0.04482024246551687,0.5814151903479787,0.8281040490388503,0.26534037398520516,0.11725089175281736,0.24329649507038922,0.4687775918155048,0.1755815083632557,0.047228566432728845,0.3945602217304896,0.465296270601362,0.32667808863585085,0.02568498391067537
evolving,field,15dogs,32,0.11366666666666662,0.31499999999999995,0.0033333333333333296,0.06508646227221306,0.4774991635058868,0.6831463305645992,0.3806280414921735,0.05600049700962517,0.07956666666666662,0.22049999999999992,0.00233333333333333,0.0455605235905491,0.5844157028913151,0.8229462631054302,0.2661798014291575,0.11225403651611669,0.2430537389796931,0.4642345148374529,0.17385127031542105,0.04857263648795537,0.39548105592482796,0.47489125344253624,0.3302390363481397,0.02604290747517395
evolving,field,15dogs,33,0.11319999999999994,0.32166666666666666,0.0,0.06617763882437841,0.47860866137980346,0.6892136310629915,0.3813983980629908,0.05619766511544046,0.07923999999999995,0.2251666666666666,0.0,0.04632434717706487,0.588515053555933,0.8412978707002935,0.2811999908291948,0.11348210734342681,0.2440794002398981,0.4787040421119014,0.17815417705460757,0.049639957564168204,0.39460643785183247,0.4663163285958264,0.3234184974438097,0.0265020170352445
evolving,field,15dogs,34,0.11188333333333329,0.2983333333333333,0.0016666666666666648,0.06461771955585115,0.4760824303205785,0.7015607241675499,0.3784680145809266,0.05318065225513069,0.0783183333333333,0.2088333333333333,0.001166666666666665,0.045232403689095785,0.5872814043497583,0.8295197231086064,0.2866461317132471,0.11133598348917464,0.24261846517502278,0.4700870713864444,0.17794412629837836,0.04603160855794939,0.3941119106142013,0.46789919527988505,0.3287751884434941,0.0254008500683147
evolving,field,15dogs,35,0.10988333333333329,0.31333333333333335,0.0016666666666666648,0.06354267522793017,0.4771380610656279,0.7128114494063492,0.3832466352710506,0.05365181743657778,0.07691833333333328,0.2193333333333333,0.001166666666666665,0.0444798726595511,0.5890872854217987,0.832354531584266,0.29327441808995125,0.11046478827813973,0.24224643509705293,0.48448493130773207,0.17409341162265016,0.04691287110158802,0.39490730236292426,0.4749576702121918,0.33086587743369245,0.026178604648024063
evolving,field,15dogs,36,0.1128666666666666,0.30166666666666664,0.004999999999999995,0.0635608895117851,0.47678811848843716,0.7194564292037496,0.3766625083580811,0.05644749292890874,0.07900666666666663,0.21116666666666659,0.003499999999999995,0.044492622658249555,0.5870577500438444,0.8334915112803873,0.2977848703326937,0.10986867744571065,0.24427756381616295,0.5122932774510301,0.1727998450845468,0.052394788601602314,0.3941826133723737,0.4682948032759139,0.32445443170945387,0.026035438616604345
evolving,field,15dogs,37,0.11109999999999995,0.30166666666666664,0.0033333333333333296,0.06315942791320893,0.4757973003952328,0.6986140661231331,0.38403279678747987,0.053398190173447616,0.07776999999999995,0.21116666666666664,0.00233333333333333,0.04421159953924624,0.5848986068578844,0.8324537777911777,0.28344637236918013,0.11146360223222854,0.2433713633398244,0.4894468248256193,0.17253241080839735,0.0488009431251853,0.3950808671704308,0.4679630147011672,0.32336534242467474,0.02629654878042765
evolving,field,15dogs,38,0.11226666666666663,0.2983333333333333,0.0,0.06478975498008469,0.47587459739435867,0.7013715092556027,0.38097932363471954,0.05410782206801713,0.07858666666666661,0.2088333333333333,0.0,0.04535282848605926,0.587456815978016,0.837045581559001,0.2673509715671048,0.10943304182544107,0.24376169747359794,0.5033848521651496,0.17357151709866797,0.051196760883623314,0.39470683183184396,0.46543345415733073,0.32673261432538897,0.02589082523046423
evolving,field,15dogs,39,0.11353333333333329,0.3,0.0016666666666666648,0.06456871210223371,0.4736488748750487,0.6924223022890994,0.38624219961121853,0.05061921351173264,0.07947333333333328,0.20999999999999996,0.001166666666666665,0.04519809847156357,0.5882609226622495,0.8332242188288899,0.26185905042655067,0.10988607307803155,0.24116277020088212,0.4756568634406323,0.1747200925922006,0.04599278056215743,0.39505095770674137,0.4652361309070307,0.32999461509163364,0.026164193772901245
evolving,field,15dogs,40,0.1102166666666666,0.3,0.0016666666666666648,0.06274970454933403,0.47600587239245506,0.6963888533066621,0.38033015766884426,0.05195629514289772,0.07715166666666662,0.20999999999999996,0.001166666666666665,0.04392479318453381,0.5876302352108281,0.8358008625465739,0.30746274823872544,0.10815294793907462,0.24288060309985396,0.49254119025191656,0.17418896094037198,0.047201283374514895,0.39471893089746807,0.46451453887587546,0.32708256937329305,0.02497672360060377
evolving,field,15dogs,41,0.11199999999999995,0.29666666666666663,0.0016666666666666648,0.06469331787974697,0.473416643632548,0.6712036794940424,0.37404500534162016,0.05003626635711489,0.07839999999999997,0.2076666666666666,0.001166666666666665,0.04528532251582286,0.585671752020622,0.8361283225533546,0.2774423332951964,0.11243974027973369,0.24301106983821677,0.46566341381555015,0.17513991413014543,0.046342377516714196,0.3942459750221502,0.45800576369728807,0.3266471410630604,0.025280828739068284
evolving,field,15dogs,42,0.11384999999999994,0.29999999999999993,0.0016666666666666648,0.06524827297739458,0.4735447205335898,0.6755440155911205,0.3751016490580275,0.05048381679251438,0.07969499999999996,0.20999999999999996,0.001166666666666665,0.04567379108417617,0.583559542599483,0.842188450456265,0.3050888234152719,0.10814627914158684,0.2410492249059839,0.45658186355680447,0.17115739190538842,0.04446386697013774,0.39530748903747426,0.46755759370139244,0.32866448325844594,0.025550498554875133
evolving,field,15dogs,43,0.11286666666666663,0.3083333333333333,0.0,0.06591465099751212,0.47616348881758946,0.6946262879370378,0.38024233834396226,0.05219699025685974,0.07900666666666661,0.21583333333333327,0.0,0.04614025569825847,0.5830340259808819,0.832649463903628,0.29020565243934576,0.11389620861067347,0.24360107520551438,0.5008059039432327,0.17322126254517445,0.04908061001412589,0.39476138836747693,0.4701878367520096,0.32470712820114617,0.026539574148256383
evolving,field,15dogs,44,0.11154999999999995,0.3133333333333333,0.0,0.06448876588237003,0.4763776436457917,0.708859767416093,0.3844701528638072,0.0536422158264756,0.07808499999999995,0.2193333333333333,0.0,0.04514213611765899,0.5815064023064919,0.8409690288125107,0.2434967374448455,0.1183553557533255,0.2438989271347888,0.5040383807415251,0.17241393437651042,0.05055223145351297,0.39523529215046327,0.4693376548834352,0.3271593144165722,0.02573470509107998
evolving,field,15dogs,45,0.11458333333333329,0.30166666666666664,0.0,0.06727460884651151,0.4734238354421606,0.6821418458759689,0.37950183083320654,0.05009850028492067,0.0802083333333333,0.21116666666666659,0.0,0.047092226192558026,0.5834933951244861,0.8367062055676495,0.2996020060176476,0.1128315523962486,0.24132729770213732,0.4807452245023304,0.17233791881389185,0.047472800445046905,0.39625285633696106,0.46806193496332166,0.3296765591037791,0.026157845779239148
evolving,field,15dogs,46,0.11369999999999995,0.30166666666666664,0.0,0.0652821133071793,0.4706488007851995,0.6969396905087293,0.3816397353036255,0.050395122765292746,0.07958999999999995,0.21116666666666659,0.0,0.0456974793150255,0.5827230868398836,0.8273271675974163,0.26588177204543767,0.10847251087680876,0.23943801447140114,0.4810343986163429,0.17113299153476835,0.04643448508000152,0.3961355776381751,0.471231896568844,0.3296638644405224,0.026301370039729145
evolving,field,15dogs,47,0.11291666666666662,0.3083333333333333,0.0033333333333333296,0.0662361631566447,0.47178372256736323,0.7024274169666149,0.37693768763627816,0.053655078019749294,0.07904166666666661,0.21583333333333327,0.00233333333333333,0.046365314209651266,0.5745502397960871,0.8303092927102513,0.262504724406833,0.11150071303015248,0.24127475307393625,0.5075946794326894,0.17303814126312486,0.05099502681924343,0.39590790908097323,0.4659915661601371,0.324736609625668,0.026044805227273454
evolving,field,15dogs,48,0.11141666666666661,0.30666666666666664,0.0,0.06632521134032673,0.47190308447246593,0.7151681908155141,0.3798832099669927,0.05155824248380235,0.07799166666666661,0.21466666666666662,0.0,0.0464276479382287,0.5738487811167796,0.8179065794729368,0.28181822606921186,0.11469001358329471,0.2426569377896321,0.5096446843033624,0.1747848055800479,0.04885533007119276,0.3952682671505925,0.4579294401427303,0.3235651537511919,0.025032460415460433
evolving,field,15dogs,49,0.11093333333333329,0.295,0.0016666666666666648,0.06424538139704204,0.4725203301389026,0.7042427002866785,0.3787833276554043,0.05328950259179124,0.07765333333333328,0.20649999999999996,0.001166666666666665,0.044971766977929414,0.5745226378827141,0.8329326440014905,0.2818451248328957,0.11284646830641616,0.24214656872049223,0.4930092297816218,0.17155306541901189,0.0486677412275342,0.3950398376832368,0.4677878072664086,0.3266137262090737,0.025455979871584915
evolving,field,15dogs,50,0.1124333333333333,0.29999999999999993,0.0016666666666666648,0.0644419584718097,0.47112343486727204,0.6956234358117135,0.3755806893858421,0.053746621417731524,0.07870333333333329,0.20999999999999996,0.001166666666666665,0.04510937093026677,0.5758922965790833,0.8293353402169444,0.2543746528536904,0.1138473893203571,0.24205786548164837,0.4939811336979253,0.1756055110289575,0.05134732452278481,0.3954071113323883,0.4714825900265961,0.32149891959704285,0.026274178136330966
evolving,field,15dogs,51,0.11416666666666661,0.31166666666666665,0.0,0.06579328325975739,0.4707538095125968,0.6978953432699037,0.3792169620946013,0.053134545770508836,0.07991666666666661,0.21816666666666662,0.0,0.04605529828183016,0.576645805182469,0.8355655233062519,0.2630390765611805,0.11581033698742497,0.2395533083425469,0.48394626710372607,0.16798687619648214,0.04851636168637925,0.39569415447014944,0.4643163626310157,0.32826415317920254,0.02564168163067369
evolving,field,15dogs,52,0.11236666666666661,0.29999999999999993,0.0,0.06371183405821239,0.4694945363205214,0.7016695294959868,0.3802718011792955,0.05103342255529721,0.07865666666666662,0.20999999999999996,0.0,0.04459828384074865,0.5836910489596445,0.8406910355269351,0.2753472427237517,0.11698348570986358,0.23853373221958724,0.47882600951089155,0.1696444553776487,0.04535782380783771,0.3968541947418465,0.4671623591502498,0.3337317726446635,0.02551111419905589
evolving,field,15dogs,53,0.1122166666666666,0.32166666666666666,0.0,0.06614905074189804,0.46987809520936186,0.6870508852834762,0.38140408672922177,0.05020614434106121,0.07855166666666663,0.2251666666666666,0.0,0.046304335519328596,0.5812143496955516,0.8419871957887712,0.2767995886464337,0.1156550208160402,0.23899712073844145,0.47539006687003715,0.17604179950928436,0.04608854441160658,0.3957399490769006,0.46479217554765545,0.3261511098068966,0.025541561344464912
evolving,field,15dogs,54,0.11094999999999995,0.3133333333333333,0.0,0.06411613144482095,0.4708567755642288,0.6995640316175763,0.3795498718833589,0.05364093413190337,0.07766499999999996,0.21933333333333324,0.0,0.04488129201137463,0.5836647459048007,0.8297820665307883,0.2639465699047256,0.1136412008982379,0.2410890929996254,0.488862608898173,0.1750152565327422,0.04956679201525803,0.395086564300161,0.46385517647586616,0.32605068163240397,0.026366498638994186
evolving,field,15dogs,55,0.11098333333333328,0.29666666666666663,0.0,0.06453881841255185,0.4720426094119744,0.6926834579843713,0.3820372858615135,0.052622303242349,0.07768833333333329,0.2076666666666666,0.0,0.04517717288878629,0.584077299769086,0.8246377232949575,0.27174092691164786,0.11077576638887539,0.2412092288979042,0.4917933921365103,0.1769142455938782,0.047418303818688765,0.3945059934369636,0.4669734893117722,0.3263510304696572,0.02615221362923506
evolving,field,15dogs,56,0.11196666666666659,0.30166666666666664,0.0,0.0649001637758608,0.47139383409493074,0.6869603001345768,0.37746129588928756,0.05125189361780037,0.07837666666666662,0.21116666666666664,0.0,0.04543011464310255,0.5846028527535782,0.8449777163668944,0.28412650967626274,0.11280196365739921,0.24057261209388106,0.46264764720682094,0.17450612925758238,0.04711592464620108,0.39525647105874084,0.46619509706981904,0.327270264045701,0.02545017110131086
evolving,field,15dogs,57,0.11029999999999995,0.29999999999999993,0.0,0.06395854761050125,0.4724232069904065,0.6957595648675278,0.3785519242363977,0.0542841909876983,0.07720999999999996,0.20999999999999996,0.0,0.04477098332735086,0.5817432534794661,0.8455322518928694,0.2644398854683176,0.11876970782092466,0.24257006481928317,0.482913429532519,0.17113786700234399,0.0517539817262815,0.39464203160599987,0.46709210004286394,0.32512406886417045,0.026301016723949706
evolving,field,15dogs,58,0.11429999999999996,0.29999999999999993,0.0,0.06464668753097381,0.47134272874819816,0.7095824430391873,0.376369911671383,0.05435076240568594,0.08000999999999994,0.2099999999999999,0.0,0.04525268127168164,0.5889085638640494,0.8377199671760162,0.24580569946462277,0.11905873433719613,0.24131284655062357,0.5030876487793329,0.17585357023804002,0.05148477990963919,0.3948920795878448,0.46804716248316397,0.32730853769301016,0.026488417017523164
evolving,field,15dogs,59,0.11118333333333327,0.295,0.0,0.06447624562161108,0.47361206682286394,0.7092563955937063,0.38113647075570584,0.05633230190149587,0.0778283333333333,0.20649999999999996,0.0,0.04513337193512773,0.5896078138841793,0.8384372209719289,0.25818543098266866,0.11591620699776588,0.24285427511983904,0.5043952459846569,0.17505683175514933,0.05408733722094424,0.3954351399608403,0.46268545496130287,0.33012526636855866,0.02491795888513109
evolving,field,15dogs,60,0.11138333333333328,0.29166666666666663,0.0,0.06377557038623005,0.47191926475857837,0.7175444103721198,0.38535675214076637,0.05507862780369732,0.07796833333333328,0.2041666666666666,0.0,0.044642899270361004,0.5878327630824024,0.8368557374762368,0.2875885885762632,0.11571440427248778,0.24260969331498655,0.5103845402463365,0.17042459377760982,0.05328877637261663,0.3958077070002677,0.4722312773436978,0.32418427852912796,0.026239466203183414
evolving,field,15dogs,61,0.11061666666666663,0.30333333333333334,0.0,0.06637675923998702,0.4728570264951063,0.717380741482959,0.38100704709023325,0.05568304170922848,0.07743166666666662,0.21233333333333332,0.0,0.04646373146799089,0.5868132854374039,0.8441176365641635,0.27653343289398163,0.11730729842244281,0.24255834269315243,0.49179393961973555,0.17147975421261138,0.0523786030014761,0.3946211740972766,0.4672166569450022,0.3232511796900782,0.026913576032498304
evolving,field,15dogs,62,0.11154999999999995,0.29333333333333333,0.0,0.06526577057295971,0.47294427408784606,0.6963303712427019,0.3828733269620183,0.05171484714509507,0.07808499999999993,0.20533333333333328,0.0,0.045686039401071764,0.5900342052305743,0.8390919419218303,0.28272996674368567,0.11448715172942221,0.24138334072431836,0.4985664868560525,0.17479490003216985,0.0486321691608571,0.3952883732945587,0.46722732201258205,0.3227957379268093,0.026349341147770322
evolving,field,15dogs,63,0.11238333333333328,0.29333333333333333,0.0,0.0648053617678606,0.4717027395179282,0.6855601745581942,0.37694345540567414,0.050438293546414846,0.0786683333333333,0.20533333333333328,0.0,0.0453637532375024,0.5939487257846293,0.843156239821808,0.2636382065761317,0.11608674838342066,0.24029129156618242,0.48439795848845746,0.1743769113028278,0.047127709359983685,0.3958136896871446,0.4689841583843205,0.3223882893396515,0.02648712129988632
evolving,field,15dogs,64,0.11378333333333328,0.29,0.0016666666666666648,0.0644216957783554,0.4716390833998128,0.6948413168599272,0.3777651598291957,0.05160669373409155,0.07964833333333328,0.20299999999999993,0.001166666666666665,0.04509518704484876,0.5936811539585851,0.8518436794974672,0.2687726906348359,0.11797866861870247,0.24144614571242462,0.497871878944261,0.1704210899047707,0.05073645556049485,0.39619764748544306,0.46554302006497983,0.3306314575779962,0.02526452261288916
evolving,field,15dogs,65,0.11358333333333329,0.31166666666666665,0.0,0.06660866481632458,0.4709375857950648,0.688831932757638,0.37724687210663943,0.05206515475706595,0.07950833333333329,0.21816666666666662,0.0,0.046626065371427196,0.5908308147481085,0.840155584233238,0.2854723261201913,0.11364136369228021,0.2413559363826201,0.48599004341215035,0.17141325028004867,0.04888320454767125,0.39511233628962616,0.4675473469847936,0.325948763806845,0.026258066253009214
evolving,field,15dogs,66,0.11249999999999996,0.2883333333333333,0.0016666666666666648,0.06333613526365942,0.4725470443487307,0.6999691295470291,0.38020201055462277,0.05303316826937393,0.07874999999999996,0.20183333333333325,0.001166666666666665,0.04433529468456156,0.5946419997440946,0.8457763085347556,0.2818652635228694,0.11419540747200266,0.24110353975437043,0.4882640344448987,0.17251847135982523,0.04856216895466663,0.3948813218752614,0.46530795885176823,0.3315944087662531,0.025575868145617648
evolving,field,15dogs,67,0.11216666666666661,0.3083333333333333,0.0016666666666666648,0.06470149569069636,0.46915947565263616,0.6795245110934016,0.3764542077981986,0.05049212646756218,0.07851666666666662,0.21583333333333327,0.001166666666666665,0.04529104698348743,0.5960592156284942,0.8472538254981279,0.27982819051143426,0.11283878744965345,0.2391943795114108,0.4691454701669322,0.17075233603117287,0.046520444438684076,0.39608435139089665,0.47499201634461635,0.33143046979011237,0.02573858775169798
evolving,field,15dogs,68,0.11174999999999993,0.31333333333333335,0.0,0.06582742563579883,0.4740698092761443,0.6926318675330526,0.3803895951355753,0.05461143739352249,0.07822499999999995,0.2193333333333333,0.0,0.046079197945059144,0.594437303642175,0.8470094018042957,0.29475842398823987,0.11345693717612652,0.24429248634179693,0.5081094452861346,0.17224182601606194,0.054278935365341494,0.3951759497593478,0.47284417760995234,0.32464890299597554,0.026238717783789944
evolving,field,15dogs,69,0.11188333333333329,0.29999999999999993,0.0033333333333333296,0.06353388092977445,0.47381852019191895,0.6881286863000977,0.37874165454452,0.05455741161840207,0.0783183333333333,0.2099999999999999,0.00233333333333333,0.04447371665084209,0.5960864766169693,0.8474512528462871,0.28503666184280035,0.11444460078476845,0.24261462831847558,0.4696654178678775,0.17421348895239758,0.05005498178061176,0.3947360972339906,0.4645886699229055,0.3311928016044224,0.025452303114100218
evolving,field,15dogs,70,0.11319999999999994,0.29333333333333333,0.0,0.0638173432180196,0.47394674867934955,0.6855921828972755,0.38736151342269126,0.05313139707248069,0.07923999999999995,0.20533333333333328,0.0,0.044672140252613714,0.5975133856395248,0.8341543028156554,0.2902971074908759,0.11230344135226114,0.24226858989928016,0.46782843902853977,0.1721448755507643,0.048399035764807335,0.39491933005395835,0.4623066559036628,0.3264589343114286,0.02585767768751603
evolving,field,15dogs,71,0.11439999999999995,0.305,0.0,0.06674873320871176,0.4726916317608142,0.7123073557969553,0.3775105782900719,0.05319288957169629,0.08007999999999996,0.21349999999999994,0.0,0.04672411324609823,0.5977269591025941,0.8379395675431969,0.291087209290418,0.11597822535951711,0.24236184987066983,0.4902643500620214,0.17177952382554235,0.049120412321858056,0.3955902716208528,0.46973003285220516,0.3262993633026891,0.02575149980273165
evolving,field,15dogs,72,0.11379999999999994,0.305,0.0,0.06556763745111677,0.4718298253196854,0.6714505889474617,0.38064929048214946,0.0497853141242104,0.07965999999999995,0.21349999999999994,0.0,0.04589734621578173,0.5972586953317824,0.8296378871674905,0.28313320658641367,0.11625322766075741,0.24034786090137553,0.46768146807732885,0.1748749094320646,0.045270469648580315,0.39619632346609307,0.4627857514896629,0.3299553634445971,0.02609808590502901
evolving,field,15dogs,73,0.11434999999999995,0.30666666666666664,0.0,0.06589136004008092,0.4719593052077526,0.6796854933976568,0.3770058584081041,0.053871912495270825,0.08004499999999995,0.21466666666666662,0.0,0.046123952028056615,0.5940234288913337,0.8453535279339259,0.27988357373650685,0.11440008220437108,0.24160209803536672,0.4992033450671528,0.17332128889970308,0.05269038600161034,0.3959156818005471,0.47178074001969417,0.32983748121845186,0.026722987333829884
evolving,field,15dogs,74,0.11174999999999995,0.31166666666666665,0.0,0.06603494393251165,0.47233820168028107,0.6830050497389946,0.3822593552005776,0.053841800154767194,0.07822499999999996,0.21816666666666662,0.0,0.04622446075275812,0.5882812015847946,0.8430244128007184,0.25841836657807565,0.11941490626166298,0.24121791437230442,0.49106503300339616,0.17434462483897248,0.05002511281223319,0.3955495588458712,0.4711925274051706,0.3226961205886566,0.026578983361363728
evolving,field,15dogs,75,0.1118333333333333,0.30166666666666664,0.0016666666666666648,0.06250733336117202,0.47207655249457636,0.702443129964594,0.3804804403257501,0.05646161152241164,0.07828333333333329,0.21116666666666659,0.001166666666666665,0.04375513335282041,0.5900176427049273,0.8381053032196462,0.2709709061497134,0.11483469392793104,0.2413870833592513,0.49198954958449626,0.17190347630086278,0.05234653157207364,0.39547006294734005,0.4658699982275709,0.33215046974701534,0.024915483906176615
evolving,field,15dogs,76,0.11243333333333327,0.295,0.0,0.06493049626311313,0.47277079477674466,0.6957597311699095,0.3784902565294021,0.05425162430184608,0.07870333333333328,0.20649999999999996,0.0,0.045451347384179185,0.5886415878009952,0.844230141763165,0.2903646296763972,0.11297804386051084,0.24232903212710313,0.5027965504311785,0.1723343587563984,0.05278283474173797,0.39488399955991105,0.4667778380174374,0.3266523734855922,0.026381090139407558
evolving,field,15dogs,77,0.11234999999999995,0.295,0.0016666666666666648,0.06303687469510956,0.4728850806871188,0.6794449788169541,0.38021255878543514,0.05095201101521889,0.07864499999999995,0.20649999999999996,0.001166666666666665,0.04412581228657668,0.5866396208935184,0.8456416348893718,0.2932003522625122,0.11361651027851158,0.24112279518876562,0.45818797849456494,0.1742253659730434,0.045720662112683955,0.3953720112181695,0.4718195336779766,0.3304782101896587,0.02612000015391805
evolving,field,15dogs,78,0.11291666666666662,0.28833333333333333,0.0,0.06429268328236791,0.47329251426606883,0.6987801355754105,0.38490541836353453,0.053387614800937934,0.07904166666666662,0.20183333333333325,0.0,0.04500487829765752,0.5835339974976822,0.8454637920933864,0.2692741300819389,0.11753192620445896,0.24403877533866786,0.48924512160956385,0.17523187529455508,0.051607490177238716,0.39501487826177156,0.4639919402833881,0.32957924944322786,0.025535920596935286
evolving,field,15dogs,79,0.11176666666666661,0.29333333333333333,0.0,0.0651330931450196,0.4726596560155908,0.6985224145397492,0.38233499480301736,0.05405041582113711,0.07823666666666663,0.20533333333333328,0.0,0.0455931652015137,0.5859201297355642,0.8409552012130137,0.2612282158647381,0.12107192619698293,0.2413520053270312,0.5014454639883178,0.17014542381419873,0.049681260858712176,0.39599719769982267,0.47176388008069114,0.32651678367095194,0.025855143515952767
evolving,field,15dogs,80,0.11141666666666664,0.30333333333333334,0.0,0.06415863586896439,0.4742664028320197,0.7197172953009481,0.3874660670866542,0.054937923023274784,0.07799166666666663,0.21233333333333326,0.0,0.04491104510827505,0.5844703433760563,0.8414325094002875,0.284578806849941,0.11485815345372893,0.2427718632362977,0.5201103886942182,0.17700252238750935,0.053000335669174205,0.39491443652061503,0.4734641118191297,0.3220238096824775,0.02691583865828434
evolving,field,15dogs,81,0.11231666666666659,0.29333333333333333,0.0033333333333333296,0.06441927395404774,0.47225348998389166,0.6984686387626493,0.3801390633125152,0.051084724289219306,0.07862166666666662,0.20533333333333328,0.00233333333333333,0.04509349176783341,0.5850026652718643,0.8416866834880782,0.2642922476749277,0.11637809647099173,0.24045455266084592,0.48828919710293384,0.1724135360338484,0.048112843674425046,0.39529753955147706,0.4670870593725606,0.3243652948902852,0.026230490523978363
evolving,field,15dogs,82,0.11491666666666663,0.315,0.0,0.06744997293762686,0.4739188478257546,0.6926314637367496,0.37777626159177863,0.052820437001666755,0.08044166666666663,0.22049999999999997,0.0,0.04721498105633877,0.5812089921910817,0.8369837617401107,0.26186379124900366,0.11747274806114047,0.24257062865667325,0.5004723171179696,0.1712774244556356,0.05085037415071886,0.39430609340334344,0.4648932531968272,0.3257614333842046,0.02582935532863483
evolving,field,15dogs,83,0.11159999999999995,0.31666666666666665,0.0,0.06451182455365988,0.47297424927613374,0.7252265650344789,0.38027558353659524,0.0561829478573897,0.07811999999999995,0.2216666666666666,0.0,0.04515827718756191,0.5811993888464079,0.8489279928291475,0.2792095129262222,0.11601916260070226,0.24279400810930393,0.5184183032481151,0.17018752626680297,0.05332318178722566,0.3952425493383767,0.4662074508452877,0.33083407723861546,0.02540294199807257
evolving,field,15dogs,84,0.11704999999999996,0.3183333333333333,0.0016666666666666648,0.06779400132908867,0.47273295116568637,0.6980771196732554,0.37892212731819774,0.05227973230662523,0.08193499999999995,0.22283333333333327,0.001166666666666665,0.04745580093036206,0.5818827688497354,0.8574769508243476,0.25438771068314325,0.11955166418417433,0.24120065723887446,0.48442243966515486,0.17142978961707167,0.0501054961382301,0.39558115992566234,0.4738154267341944,0.33072208289971283,0.026154762418801585
evolving,field,15dogs,85,0.11464999999999995,0.29,0.0,0.06469900119393465,0.4727033252432314,0.7053125434126895,0.38015197181348637,0.052515498711797434,0.08025499999999997,0.20299999999999993,0.0,0.045289300835754234,0.5826810166447983,0.8415617550625806,0.2809547116948254,0.11650901812687028,0.2414347447013591,0.48928567411105195,0.17313398792494186,0.04769529681332273,0.3946900471325714,0.47113505727962257,0.32201421222169657,0.026289467736165324
evolving,field,15dogs,86,0.11373333333333328,0.29833333333333334,0.0,0.06661788624411744,0.4753190929074128,0.7204269477151424,0.38235474977770223,0.055413799938286344,0.07961333333333329,0.2088333333333333,0.0,0.046632520370882176,0.5754483756720652,0.8399412397548784,0.25864954202105095,0.11822223866973443,0.24373780833971032,0.5174626660308529,0.1759232582577842,0.05346405262763988,0.3950833145691938,0.4673487702981417,0.3279516052474031,0.025499321791553148
evolving,field,15dogs,87,0.11378333333333328,0.30666666666666664,0.0,0.0649853648630407,0.4756123514719615,0.697781196486948,0.3781403620148466,0.058074543313878554,0.0796483333333333,0.21466666666666662,0.0,0.04548975540412846,0.5806282164501277,0.8465109720366797,0.29072151873115004,0.11353408366220644,0.24352309769928954,0.48188930518207435,0.17079131931069316,0.05256371671698272,0.39359424340971827,0.4694697685065072,0.3198780836640252,0.027017298018018016
evolving,field,15dogs,88,0.11291666666666662,0.30999999999999994,0.0,0.06627338997584599,0.4694618645669868,0.6966007541993559,0.37452431909684347,0.051674634222841555,0.07904166666666661,0.21699999999999994,0.0,0.04639137298309217,0.5847015240674451,0.8352045211418277,0.26935268811409274,0.1129550870212724,0.23833897473942223,0.48892862128853815,0.17382438328329525,0.04603107060667993,0.39647461911535614,0.46707473018115664,0.3282549863545853,0.025728036384306936
evolving,field,15dogs,89,0.11518333333333328,0.31166666666666665,0.0016666666666666648,0.06562757820012959,0.4704947252926173,0.6723456332130872,0.3740892668239536,0.050687118228504725,0.08062833333333329,0.21816666666666662,0.001166666666666665,0.04593930474009071,0.5787753504928455,0.8203785877022629,0.29618142827829136,0.10833490304945985,0.23924596422648695,0.44629032644370437,0.1733975949658645,0.04333307651198472,0.3962062770150296,0.471368311020641,0.3302054832105599,0.026418869767332043
evolving,field,15dogs,90,0.11428333333333329,0.30999999999999994,0.004999999999999995,0.0659319949293603,0.47374925032273074,0.7169606699404631,0.37956236429492296,0.05505081861361334,0.07999833333333328,0.21699999999999994,0.003499999999999995,0.0461523964505522,0.5805212955081868,0.8198491601198873,0.27880909831516215,0.1090772526237157,0.24096933130194592,0.5013296129553706,0.1727381455654449,0.05136455607693206,0.3960089698004726,0.47276065896348574,0.33072459750449934,0.026294424234235086
evolving,field,15dogs,91,0.11196666666666663,0.30166666666666664,0.0,0.06530331856847993,0.4753446965762492,0.7059798073225567,0.38170908670162473,0.05230013181116274,0.07837666666666662,0.21116666666666664,0.0,0.04571232299793593,0.5819223439725153,0.8384281058505735,0.2725062547814461,0.11292047844864173,0.2421702718603269,0.5109326074706677,0.16886989053722934,0.05000030594836128,0.3945103666514536,0.4686965534464525,0.3217291150460299,0.025837534025328308
evolving,field,15dogs,92,0.11196666666666662,0.31333333333333335,0.0033333333333333296,0.06601435655285841,0.47727393482509173,0.7028829210028352,0.383946622836807,0.05460950293307985,0.07837666666666662,0.2193333333333333,0.00233333333333333,0.04621004958700087,0.5803514766803314,0.8237994201603881,0.2901114403144858,0.11095375520178268,0.2441588774693379,0.4804034312337057,0.17442430065773826,0.04958543451585581,0.3939947414486803,0.46674101454167516,0.3267242662349393,0.026114904784118986
evolving,field,15dogs,93,0.1122166666666666,0.2983333333333333,0.0016666666666666648,0.06451449936511808,0.4731203338408908,0.6939927671357934,0.38342264423718636,0.05062395856222196,0.07855166666666663,0.20883333333333326,0.001166666666666665,0.045160149555582646,0.5826623119980409,0.8276115071400401,0.2949690539610716,0.10878196081310712,0.24061178472934247,0.4896191164385484,0.17225258486741477,0.046501745097891796,0.3946603658340357,0.46743600582949607,0.3261993405175055,0.02536430275912102
evolving,field,15dogs,94,0.11224999999999993,0.30333333333333334,0.0016666666666666648,0.0653574158349259,0.4746638448909943,0.7142559478055006,0.38435674338614173,0.05303168081633854,0.07857499999999995,0.21233333333333326,0.001166666666666665,0.0457501910844481,0.5807721751588513,0.8240801310866981,0.29135169612435724,0.11128733192196856,0.2419122860228343,0.5070046413367996,0.1747492837760629,0.04861384381086678,0.3942309079838264,0.46140823060291114,0.32614641790068255,0.025376439338999024
evolving,field,15dogs,95,0.1144833333333333,0.30999999999999994,0.0,0.06655476559090331,0.474413385059069,0.7187111615634557,0.3814839465119534,0.05469578785909518,0.08013833333333328,0.21699999999999994,0.0,0.04658833591363231,0.5808705826345806,0.818984642348034,0.3052608635538503,0.10949759307374814,0.2420669185013761,0.4945101902394252,0.1730952582434169,0.049980526604202595,0.3938495024483141,0.465145979327011,0.31995644510266347,0.026201850767452472
evolving,field,15dogs,96,0.11341666666666664,0.30166666666666664,0.0033333333333333296,0.06539052674756936,0.47528494045270486,0.7053665187328045,0.3849849945676115,0.05224415192740739,0.07939166666666661,0.21116666666666664,0.00233333333333333,0.04577336872329853,0.5815174684531232,0.8238719709174613,0.2923768784253842,0.11176828107780448,0.24181340609887197,0.4898618286451534,0.1710627206935432,0.04801642734631928,0.3944007403672946,0.4807767360206209,0.3245867703163108,0.026689756509572136
evolving,field,15dogs,97,0.11233333333333329,0.30166666666666664,0.0016666666666666648,0.06495965228904046,0.47749036820855445,0.6948800094997807,0.3924840128409194,0.05243123876625103,0.07863333333333329,0.21116666666666659,0.001166666666666665,0.04547175660232831,0.5799692365359759,0.8010527721624259,0.29670610943087855,0.10885638371786233,0.24298411708245352,0.4671635954795317,0.17951843118795624,0.04582171932321067,0.3946894834893321,0.4646450029296054,0.3243280071316458,0.025762982821492447
evolving,field,15dogs,98,0.11344999999999997,0.30666666666666664,0.0016666666666666648,0.06308324726568718,0.476368469954919,0.6846382465185124,0.3878003913334184,0.05117122221038808,0.07941499999999996,0.21466666666666662,0.001166666666666665,0.04415827308598099,0.5798449350347072,0.8103705204991629,0.29618756770841326,0.11236526911713096,0.24481686275594966,0.4881077325133079,0.17613083488893252,0.05023807386234003,0.39451262105818674,0.46716413870828644,0.32671728898456054,0.02602525399735217
evolving,field,15dogs,99,0.11293333333333329,0.31666666666666665,0.0,0.06674035932838927,0.47529340293470196,0.6874428621282025,0.3820610046395147,0.04929014666698006,0.0790533333333333,0.2216666666666666,0.0,0.04671825152987248,0.5800144972969823,0.8174415422105199,0.2883525659453555,0.11141631998362903,0.24263284316998077,0.46245779407729054,0.17744256451742402,0.04476032329132488,0.39483473420842946,0.4674978378239759,0.33099617451273233,0.02605973445266112
evolving,field,15dogs,100,0.11179999999999994,0.30666666666666664,0.0,0.0638439380225354,0.4752443980964839,0.712764741486555,0.3823550340777446,0.052040149266570114,0.07825999999999997,0.21466666666666662,0.0,0.04469075661577475,0.5805415954049383,0.816639285809865,0.2528667271548241,0.11530668166667532,0.2425039336126121,0.5129935128133745,0.17571829275286904,0.049465925427687255,0.3950951781389807,0.46965094396162865,0.33066875867063966,0.026116997214228665
evolving,field,20dogs,1,0.027833333333333286,0.14333333333333328,0.0,0.02898478213518475,0.6962452765168237,0.8568320573044362,0.3289810376422192,0.09748335360573042,0.019483333333333287,0.10033333333333327,0.0,0.020289347494629302,0.5017295813976318,0.8498241748071094,0.14883997202855395,0.14910459718976915,0.49368209990262935,0.8257032753640612,0.1286322225366108,0.13715646685688343,0.3366350971846696,0.44189968166572147,0.2672260552192988,0.0351840769137827
evolving,field,20dogs,2,0.030955555555555504,0.13444444444444442,0.0,0.03070263190993902,0.683268565903226,0.8615376156052967,0.3520612286347015,0.10441624148358175,0.021668888888888842,0.09411111111111103,0.0,0.02149184233695731,0.5068392456932777,0.841265822413334,0.16645445753078572,0.14550420154951452,0.45326049015388986,0.7938694548881178,0.14279307170998184,0.136361259116979,0.33776623212822166,0.4323423751598548,0.2636811140767753,0.03430150346734834
evolving,field,20dogs,3,0.03611111111111107,0.15888888888888886,0.0,0.033710744138632245,0.668109564346331,0.8552656594832563,0.33227362060332927,0.11354352730873234,0.025277777777777725,0.11122222222222215,0.0,0.023597520897042555,0.5009523352914781,0.8504623849818211,0.1729811445646169,0.14532494038022925,0.4173737910548475,0.7440569729696229,0.12255800692000171,0.13224647726434027,0.3378670135191361,0.4334702777721158,0.26230750697846916,0.03577625604934876
evolving,field,20dogs,4,0.040022222222222174,0.1666666666666666,0.0,0.03526526863463093,0.6460665300911159,0.8531991719971858,0.3135766876655982,0.11986020604942041,0.028015555555555505,0.11666666666666661,0.0,0.02468568804424163,0.5100744414839379,0.8400643416869805,0.16630780034879594,0.14069315516040481,0.382122977366524,0.6880290642989279,0.12227061861165336,0.12909643226688328,0.3424587937146855,0.4372557645380704,0.26583658747289296,0.036061436205206646
evolving,field,20dogs,5,0.04496666666666663,0.17111111111111107,0.0,0.037804946800078995,0.6231193126211911,0.8446670109657974,0.3218193171469285,0.11958674720479592,0.031476666666666604,0.11977777777777769,0.0,0.02646346276005529,0.5135904041200678,0.8393587307481873,0.18991857248184563,0.1397906722155851,0.3502714379387328,0.6291497443815014,0.12236302774252576,0.12012824746530262,0.3453952474339114,0.4365490936832012,0.26727532027191947,0.036016538949253586
evolving,field,20dogs,6,0.04988888888888883,0.18999999999999995,0.0,0.039978832024319864,0.6027772091653139,0.830729436303862,0.3206265426295226,0.117568934944791,0.034922222222222174,0.13299999999999992,0.0,0.027985182417023878,0.5211402708800857,0.8369969037983797,0.17205121232580986,0.13821486017135537,0.32598593467002906,0.6076257538636811,0.11548694465487579,0.1133017152306098,0.34859826859799037,0.44057286577806015,0.2720382091100743,0.03631485639208889
evolving,field,20dogs,7,0.053311111111111066,0.17444444444444437,0.0,0.03895862636814411,0.5837343677751823,0.8198254093625144,0.31473834214419627,0.11627116344252161,0.03731777777777774,0.12211111111111103,0.0,0.027271038457700857,0.526477665061579,0.8270481035590509,0.1922088410352748,0.13417874019241274,0.30913921746920947,0.5731057591247366,0.11537046053903162,0.10353700281714,0.3489360164114214,0.4425068580779586,0.27052974255942525,0.03585471072602828
evolving,field,20dogs,8,0.057822222222222164,0.1844444444444444,0.0,0.03956974139100233,0.5663672159106148,0.8101308247956984,0.32186466131185953,0.11214738394516025,0.04047555555555551,0.12911111111111104,0.0,0.027698818973701616,0.5365571572949926,0.8353606341272041,0.20732797614707596,0.13099277554477937,0.29175426505379004,0.5671334299447253,0.12047905914733355,0.09501507676925965,0.3516104277505042,0.4405635357556851,0.27010147675056156,0.0348160403104001
evolving,field,20dogs,9,0.05962222222222217,0.19888888888888887,0.0,0.04087270126722435,0.561717672596716,0.8095832552394462,0.32372440775423084,0.11329307163731364,0.041735555555555505,0.13922222222222216,0.0,0.028610890887057032,0.5446993233081637,0.8426179584146736,0.193898967236451,0.13532808036227306,0.28739666126242647,0.5376775989417969,0.12110956214108712,0.09186559374307442,0.3512210330016531,0.43598643357966127,0.2751507159313915,0.03389159928972694
evolving,field,20dogs,10,0.06343333333333329,0.18888888888888883,0.0,0.04096642916415426,0.5553698985715989,0.79036518010186,0.3276634061572751,0.10898174583312485,0.04440333333333328,0.13222222222222216,0.0,0.028676500414907963,0.5576120459929723,0.8501802756561533,0.2311848504409324,0.13487198270843626,0.2798780259747457,0.512413078251061,0.13017393277511247,0.08293111513277167,0.3498758490139987,0.4334811835116847,0.2748607945144224,0.032989049835619275
evolving,field,20dogs,11,0.06335555555555548,0.1933333333333333,0.0,0.042022490489558945,0.5504993018705145,0.8034817991261219,0.32476065038693874,0.11224357212479033,0.04434888888888884,0.13533333333333325,0.0,0.02941574334269124,0.5577999511367406,0.8340555062214292,0.21559197514729173,0.13080968325925027,0.2777373649220729,0.5196809457413736,0.1334252140380346,0.08503760720102733,0.3512745767207286,0.4322685576151592,0.2733279957595048,0.033603749890747416
evolving,field,20dogs,12,0.0661333333333333,0.19222222222222218,0.00111111111111111,0.04162351604603927,0.5416584564061935,0.7913038997869658,0.3251581789824204,0.1081760861553724,0.04629333333333329,0.13455555555555548,0.000777777777777775,0.02913646123222747,0.5650600650865438,0.8364718726743385,0.23112164945728186,0.12840354618864777,0.27084508523925166,0.508012383694443,0.1291920291392878,0.08295817061746795,0.35142849614001487,0.43149026633003096,0.27839425777886945,0.03285662865403662
evolving,field,20dogs,13,0.06704444444444438,0.20222222222222216,0.00111111111111111,0.04242644351604147,0.5343147004443098,0.7818365657740702,0.32784712726085835,0.10837911434378078,0.04693111111111107,0.1415555555555555,0.000777777777777775,0.029698510461229004,0.5585709139138083,0.8359019584246722,0.23472189957396555,0.12780521326549757,0.26685612933818026,0.5109630438152262,0.13334610428857513,0.08204713582071946,0.35323264423466366,0.4312294748860336,0.2765986785728183,0.032865572356235634
evolving,field,20dogs,14,0.0693444444444444,0.20444444444444437,0.0,0.04333532949049644,0.5317935292195268,0.7907706264903097,0.3310818637561629,0.10781855856353142,0.04854111111111106,0.14311111111111108,0.0,0.0303347306433475,0.5572964482953591,0.8467671601482332,0.22402731324780606,0.12863979378291862,0.2626858656223842,0.506910570543373,0.13308554600624195,0.08091220276239486,0.354423917447974,0.432314578592762,0.2816915242549775,0.032447330810505534
evolving,field,20dogs,15,0.07011111111111107,0.20777777777777776,0.0,0.04421564435571955,0.5246967143408667,0.7941384324062624,0.32936064798267084,0.10343272324311867,0.04907777777777773,0.14544444444444435,0.0,0.030950951049003667,0.5566149573093031,0.8302981641051849,0.2334909605527114,0.1289300338178893,0.25786818696285047,0.49467659413340437,0.13480633338123663,0.07486088758096444,0.353935445644736,0.42843944086587155,0.28012064179225565,0.031634995530746814
evolving,field,20dogs,16,0.06941111111111106,0.20555555555555555,0.0,0.04372052782043481,0.5220639554311879,0.7839812559860657,0.3345411332950574,0.10000356850264633,0.04858777777777772,0.14388888888888882,0.0,0.03060436947430435,0.5562854240070342,0.8402383518859079,0.25234672723712914,0.12609428738051223,0.2579314630335109,0.49934305383515865,0.13962217132252316,0.07510697456233394,0.3547512343299176,0.43050093763082414,0.27951387444142317,0.03126014229019003
evolving,field,20dogs,17,0.07129999999999995,0.21777777777777776,0.0,0.04480248015925506,0.5165990639209569,0.7911335874432346,0.33014496309407276,0.09857913178750684,0.049909999999999954,0.15244444444444438,0.0,0.031361736111478515,0.5627492831247474,0.8294044200686275,0.23720053643630398,0.12689171014470896,0.2560372003431305,0.5024723107713825,0.145772630574283,0.07308148765343872,0.3552537795949567,0.42531354714433445,0.2780927732957367,0.029784681027671213
evolving,field,20dogs,18,0.07193333333333327,0.20666666666666664,0.00111111111111111,0.04278821611832702,0.5130914060864569,0.7877530379383971,0.3458310044008677,0.0970056657098308,0.05035333333333329,0.1446666666666666,0.000777777777777775,0.02995175128282889,0.5582799704478203,0.8245048159327683,0.24048189605288642,0.1223058312140394,0.2506389224926516,0.5053203106287245,0.14434559387739568,0.0737829520478058,0.35673054147353594,0.43286779192383884,0.2836938093087101,0.02996285240934086
evolving,field,20dogs,19,0.06989999999999995,0.18999999999999997,0.00111111111111111,0.04228826758956432,0.5105725600958932,0.7715233875110374,0.3428769500002412,0.09837748994084285,0.04892999999999995,0.13299999999999995,0.000777777777777775,0.029601787312695,0.5614111916981965,0.8432114301063042,0.2486200924700761,0.12250732069010843,0.2510772122615278,0.49441663973220207,0.1467073591439874,0.07721048552069736,0.35665884752869614,0.4292077826681898,0.28269759944399736,0.030045769761385767
evolving,field,20dogs,20,0.07216666666666662,0.20111111111111107,0.00222222222222222,0.0440255173990736,0.5056422737583156,0.7709339270721852,0.34583236788553845,0.09554214193939208,0.05051666666666662,0.14077777777777772,0.00155555555555555,0.0308178621793515,0.558213135861416,0.8306567963763867,0.2575624988947378,0.12070629863475435,0.24686451823498423,0.5028678327201335,0.14925512242076625,0.07491884094095833,0.3588019125962302,0.43063027911642165,0.28283397209194094,0.029923188058339285
evolving,field,20dogs,21,0.0705555555555555,0.19999999999999996,0.0,0.04271377564589348,0.4953900926440317,0.7591451735242766,0.3499645377910898,0.08735018265244705,0.04938888888888884,0.13999999999999996,0.0,0.029899642952125428,0.5624041314979303,0.817099501693944,0.261339949591924,0.11428912295268201,0.23806062198752728,0.4878532879757797,0.14985285540634852,0.06588445219057412,0.3608380440786577,0.4293194616236171,0.284432898275824,0.02912103844142495
evolving,field,20dogs,22,0.07393333333333327,0.20666666666666664,0.0,0.044852898316900314,0.49318497569826214,0.7647815550232705,0.3449311751579607,0.0870388463897265,0.051753333333333276,0.1446666666666666,0.0,0.031397028821830195,0.5573904065271736,0.803874242956452,0.2402790506345216,0.11376035260111166,0.23701722133799122,0.4981904408465415,0.14917355428847198,0.06534870971511908,0.36082255762337395,0.42988265329320374,0.28491868324329966,0.028097280383651464
evolving,field,20dogs,23,0.07428888888888882,0.20777777777777776,0.00111111111111111,0.043868267023745994,0.4926605258855187,0.7720724180609305,0.3447770029496748,0.08753746777125905,0.05200222222222217,0.14544444444444438,0.000777777777777775,0.03070778691662217,0.5612681129680961,0.8001984493254909,0.25258868864154915,0.11296436395748957,0.23602909930581556,0.5003306088894581,0.14650915990278013,0.06623743773363341,0.36157715598425916,0.4259419910260166,0.2869401737813627,0.028181155616532543
evolving,field,20dogs,24,0.07285555555555549,0.21111111111111108,0.0,0.044654021236100364,0.4896334447710077,0.7875122362478002,0.34802078477870924,0.08372918744715843,0.05099888888888884,0.14777777777777773,0.0,0.03125781486527023,0.5595296416840553,0.8118743412466662,0.260590959391828,0.11293105176817415,0.23312210775506106,0.5014047429652484,0.147841799659809,0.0639941643878518,0.3628564323613623,0.43278321899792455,0.2876875340634102,0.02746660862416101
evolving,field,20dogs,25,0.07462222222222217,0.20666666666666664,0.0,0.044151369262088354,0.48890786512410783,0.7588916344401573,0.34705140140132296,0.08357446847314368,0.052235555555555514,0.1446666666666666,0.0,0.030905958483461827,0.5598104204603087,0.8073743414335344,0.2646240525234577,0.11605300404401031,0.23350132323569528,0.4861119579709422,0.15074780946083471,0.06353870593246382,0.3631151649129879,0.42928173039400574,0.2848036558369327,0.027907084384449544
evolving,field,20dogs,26,0.07512222222222217,0.20444444444444437,0.0,0.044153893067112406,0.487382871635978,0.7684343208896942,0.34794497895233434,0.08460903667236366,0.05258555555555552,0.14311111111111102,0.0,0.03090772514697867,0.5583589472870093,0.8083489714008495,0.25741018305310304,0.11513278901172123,0.23231242212441736,0.4918717425953149,0.14715145231529053,0.0655257393993258,0.36363603849605464,0.4330009112449066,0.2875160946919678,0.026998092110336484
evolving,field,20dogs,27,0.07424444444444439,0.19777777777777775,0.0,0.0442519834540521,0.48802338723159205,0.7842026102170363,0.3510556252843694,0.08376994199323932,0.05197111111111106,0.13844444444444437,0.0,0.030976388417836436,0.5529406530808453,0.8209275418337617,0.21757412828703337,0.11940975397846416,0.2346621106101591,0.5166834150387657,0.14989983944244117,0.06789302739552773,0.3630717499258628,0.43077569406706206,0.2867174022180959,0.027477205378945786
evolving,field,20dogs,28,0.07467777777777773,0.2155555555555555,0.0,0.044479308617916775,0.4893810578477618,0.7774325523757699,0.3506070483479798,0.08233695730531276,0.05227444444444439,0.15088888888888882,0.0,0.031135516032541714,0.5546339872730509,0.8001867178664037,0.2344173580599572,0.11622458600028256,0.2341560375844513,0.5080541389867826,0.15102388539425135,0.06356355976680851,0.3626696998149282,0.43817870076936155,0.2887306712678993,0.027764320890566564
evolving,field,20dogs,29,0.0748444444444444,0.2155555555555555,0.00111111111111111,0.04406747705865096,0.487379686323241,0.7620224327744399,0.34985936793115757,0.08025032548528152,0.052391111111111055,0.15088888888888882,0.000777777777777775,0.030847233941055652,0.5570868719892006,0.7947653173214929,0.23136059453813837,0.11477297135994671,0.23471744029688132,0.4945764674392182,0.15168571658983906,0.06264173688057441,0.36275949409746144,0.4309501118159303,0.28899126791854063,0.026378246500877018
evolving,field,20dogs,30,0.0744666666666666,0.1966666666666666,0.0,0.0435961311907998,0.4850265518056758,0.762722714209931,0.340181844263122,0.07445576615325902,0.052126666666666634,0.1376666666666666,0.0,0.03051729183355984,0.5554632731211412,0.7995942304656929,0.24722087470239407,0.11541151909303185,0.23210905273704596,0.4955295226863262,0.1480222199333513,0.05643566128485485,0.363846148439789,0.4352331810278168,0.29057202262258175,0.026031017196748586
evolving,field,20dogs,31,0.07501111111111106,0.20777777777777776,0.00111111111111111,0.044401866818204676,0.48180597179413676,0.7808548419963212,0.3433007369882687,0.07696644469285883,0.05250777777777772,0.1454444444444444,0.000777777777777775,0.03108130677274326,0.558012501637607,0.8162795275204718,0.25227117359278806,0.11438671829204006,0.22906989933696037,0.49565329680826586,0.14628506211331566,0.05932076998145993,0.3644259004376996,0.4318556081696673,0.28851457137209935,0.024985905745392594
evolving,field,20dogs,32,0.07429999999999994,0.2055555555555555,0.0,0.045971888451072807,0.484914494545042,0.7624367998872057,0.3495868380139034,0.07610533145597237,0.052009999999999966,0.14388888888888882,0.0,0.03218032191575096,0.5584739959562858,0.8084869234654253,0.246737254998829,0.11445893502733084,0.23249366430129434,0.4886866517850327,0.1462053747711331,0.058690202110154036,0.3633292241761198,0.43131279827467195,0.2908068597116572,0.025417831305607614
evolving,field,20dogs,33,0.0754444444444444,0.22888888888888886,0.0,0.04570438879483577,0.48312955442517963,0.7814800441316427,0.3567822052957753,0.07746915317410996,0.052811111111111066,0.16022222222222218,0.0,0.03199307215638503,0.5619133727902988,0.8082395008481276,0.2704668571349088,0.11525358232272294,0.23012781785127956,0.5009502894562532,0.1516569394760088,0.059462736056221197,0.36416845151842875,0.4303861136914223,0.2902819733274608,0.026176734485609855
evolving,field,20dogs,34,0.07421111111111106,0.21444444444444438,0.0,0.044063937378532106,0.4884116621346992,0.790463279074965,0.3591621377218391,0.0803766509954712,0.05194777777777772,0.15011111111111103,0.0,0.030844756164972453,0.5633421176320088,0.8260543219924447,0.2563933772210691,0.11899215123285978,0.2331824727345541,0.50239967828453,0.15082970133778134,0.06250496794411194,0.3631356218526821,0.4274601712415496,0.28505127141521963,0.025779894999367236
evolving,field,20dogs,35,0.07723333333333328,0.2311111111111111,0.0,0.047247573094117215,0.4880358977785778,0.7889288763800626,0.3556803257355256,0.07876219536946795,0.054063333333333276,0.16177777777777771,0.0,0.033073301165882016,0.5637593759746815,0.8174647421565956,0.27953063721573107,0.11423898813247942,0.2330539156112177,0.5087646723305008,0.14719611784013545,0.06025598359333332,0.3627886248638385,0.4296013974464322,0.2857223669816137,0.026806478389794185
evolving,field,20dogs,36,0.07437777777777772,0.20333333333333328,0.0,0.04361718754209247,0.48942115610830783,0.7737579110527302,0.3543870896470675,0.07872048720791412,0.05206444444444439,0.14233333333333326,0.0,0.030532031279464716,0.5612723555946978,0.8315269283977254,0.26992611598678595,0.11515421869370468,0.23671904253691367,0.4874074209228082,0.1510682219245752,0.0594050979015084,0.3625489466732368,0.4274312873306503,0.28672119645105,0.026672119047228233
evolving,field,20dogs,37,0.07503333333333327,0.21888888888888886,0.0,0.04506333713114702,0.4854386260413658,0.779270210162386,0.35851203826553124,0.07213312521839527,0.0525233333333333,0.15322222222222218,0.0,0.03154433599180291,0.5622971451015106,0.8232593110715681,0.2548272800309991,0.1167992803000586,0.23281083030933086,0.5040737347736726,0.1489086561262929,0.05608406283007826,0.36339310561914767,0.4303824474216088,0.29370856592626526,0.024859919917433904
evolving,field,20dogs,38,0.07413333333333329,0.20777777777777776,0.00111111111111111,0.04419016361135932,0.4878043736010957,0.759900329215798,0.3673099942907482,0.06861244236331818,0.05189333333333329,0.14544444444444438,0.000777777777777775,0.03093311452795152,0.5607645311708513,0.8106449242575483,0.24837171300729244,0.11911682719863141,0.23470982866863563,0.47874831375258375,0.1598985484549222,0.04951164680586801,0.36206679077395376,0.4292958479973371,0.28905443528778124,0.02535574587915823
evolving,field,20dogs,39,0.07428888888888883,0.20666666666666664,0.0,0.04506231932316293,0.488518922419526,0.7714597761563814,0.36606900451130414,0.06864676821340088,0.052002222222222186,0.1446666666666666,0.0,0.03154362352621404,0.5668076339099306,0.8051895433864662,0.2613965409539466,0.11495203529918141,0.23467975904517407,0.4951181998688459,0.1674074154586916,0.04925235789126327,0.36364471466853854,0.4286278540971087,0.2926086853026237,0.024890693804946178
evolving,field,20dogs,40,0.07352222222222217,0.21888888888888886,0.0,0.04657421787469637,0.488662761767087,0.7632620100778946,0.36866546068008976,0.06643559556113768,0.05146555555555551,0.15322222222222218,0.0,0.03260195251228745,0.5694521468963633,0.8109557156858095,0.24408630785176574,0.11564979277077432,0.23457113358870876,0.47415434910612336,0.1618366692991203,0.04911042009692845,0.36273171261496956,0.4307104191550396,0.2882446859910207,0.02448222492255957
evolving,field,20dogs,41,0.07397777777777773,0.21111111111111108,0.0,0.043402905644126265,0.486336466493579,0.7459208389767673,0.3679245759279123,0.06478628302003495,0.05178444444444439,0.14777777777777773,0.0,0.03038203395088837,0.5737145361198422,0.8227052935073107,0.25931054809552523,0.11869411484024536,0.23409684846046183,0.4929070356438623,0.1660062850429294,0.04787312536432847,0.36331557116903374,0.4247582443211214,0.2886967816714236,0.024558011107937674
evolving,field,20dogs,42,0.07463333333333327,0.2133333333333333,0.0,0.04530041295819913,0.490856633953835,0.7776958162883324,0.36427463371921165,0.07218709827691291,0.052243333333333274,0.14933333333333326,0.0,0.031710289070739375,0.5711208184815082,0.8039486885350406,0.27991660128592505,0.11646702714326167,0.23772164431677947,0.5223342679347167,0.16276659047390662,0.05702637472304439,0.36184890495065336,0.42995978820091585,0.2831742172091693,0.02657105268691179
evolving,field,20dogs,43,0.07659999999999995,0.20777777777777776,0.0,0.046043065906561965,0.48792673833836747,0.7743871785946328,0.36649155664902483,0.07048925897140372,0.05361999999999996,0.14544444444444438,0.0,0.032230146134593345,0.5751827025135494,0.8138823448468049,0.2524926916203599,0.11576081203842678,0.23542485038063474,0.49009531642065884,0.165254307492594,0.05294959238484707,0.36358486597150075,0.43441073255787616,0.2882473501300028,0.025606923004325648
evolving,field,20dogs,44,0.0750666666666666,0.20555555555555555,0.0,0.04484873534297932,0.4886197200906416,0.7668950248809102,0.373869321092902,0.06558055715560332,0.05254666666666662,0.14388888888888882,0.0,0.03139411474008551,0.5764108463932985,0.8215195412405472,0.23865148820271193,0.1156406306278965,0.23538598336736444,0.4920610264160804,0.16212741870013025,0.04929430381335387,0.36286400686008125,0.4261955710837163,0.2911966752458915,0.024523049428620623
evolving,field,20dogs,45,0.07434444444444441,0.21222222222222217,0.00111111111111111,0.04447384187611095,0.4872513232829864,0.7564192187163037,0.36826364765337083,0.06647279493108307,0.05204111111111106,0.14855555555555547,0.000777777777777775,0.031131689313277654,0.5762755101220678,0.8295710454602219,0.2543977506453382,0.11187702685433679,0.23469462156717774,0.4885703350209263,0.16184737014184056,0.05086875896758965,0.36323502882741165,0.43190465511442416,0.28503728801263384,0.02584350219066232
evolving,field,20dogs,46,0.07578888888888884,0.2055555555555555,0.0,0.045107778695245376,0.48571517863185953,0.7529741776741325,0.3675880492654206,0.06437182265463921,0.05305222222222217,0.14388888888888884,0.0,0.03157544508667175,0.5741662150348904,0.8122460709027605,0.2934093330752207,0.10982692582472438,0.23240521340229833,0.46953420125250334,0.16120771170723208,0.044478422851250546,0.36295448344223546,0.42851550587093384,0.29760812608060055,0.024265657012522424
evolving,field,20dogs,47,0.07672222222222216,0.20888888888888885,0.00222222222222222,0.04406925713323258,0.48899913682677615,0.7590296203883362,0.3676971538936439,0.06536587988197029,0.053705555555555506,0.14622222222222217,0.00155555555555555,0.03084847999326278,0.5720667841928259,0.8060970136824211,0.24664116433688904,0.11287569608517863,0.23400883683884205,0.4625692296867543,0.16524252617123594,0.04478095396664536,0.36262384756319543,0.42937652047073316,0.2958678988565659,0.024355881082594105
evolving,field,20dogs,48,0.07388888888888884,0.2077777777777777,0.0,0.04398651794964919,0.4883584644155009,0.7760912514844766,0.37282111760630815,0.0677976191607479,0.05172222222222217,0.14544444444444438,0.0,0.030790562564754424,0.5760521897725844,0.8244964151732608,0.2537593618104891,0.11517344350139773,0.23582308900698506,0.507810788198443,0.16446483507760395,0.05223032616220118,0.36257117387718896,0.42791632162925647,0.2837389774898252,0.025365349806470833
evolving,field,20dogs,49,0.07451111111111106,0.20444444444444443,0.00111111111111111,0.045760830204645546,0.48659453800600955,0.7587256314994208,0.3706214190443928,0.06687076632725356,0.05215777777777773,0.14311111111111105,0.000777777777777775,0.03203258114325187,0.5736064634650734,0.8180535751967308,0.2470521225306057,0.11656543757919338,0.23387181997641288,0.48889941698600836,0.16269362818671845,0.050609561403602246,0.363758041582542,0.4256402370652498,0.2882532941285564,0.025030797015198263
evolving,field,20dogs,50,0.07541111111111107,0.20222222222222216,0.0,0.04327405964622195,0.4871229724932887,0.7820519981240668,0.37250757706430426,0.06760255011487937,0.05278777777777773,0.1415555555555555,0.0,0.030291841752355348,0.5762107525433231,0.826847364881192,0.23993636767815105,0.11318474735550436,0.23596353378338902,0.5119814101355069,0.16368086300990628,0.05024937974791706,0.36358231827049425,0.44087751397742075,0.28747059975694544,0.025899047329391252
evolving,field,20dogs,51,0.07439999999999994,0.21888888888888886,0.0,0.046948529153713905,0.48779102379171607,0.7411086825236247,0.36906129218478473,0.0631518746875627,0.05207999999999996,0.15322222222222215,0.0,0.03286397040759971,0.5737486557834175,0.8190617264843818,0.272793344169935,0.11368284393395671,0.23412182910990045,0.4507221300096352,0.1661331990863137,0.043018322865916364,0.36292332733175037,0.4291138254541519,0.2969317919956368,0.024388780198030504
evolving,field,20dogs,52,0.07512222222222217,0.21111111111111108,0.0,0.04439707464582064,0.48929503641035577,0.7609895867494048,0.3624943553628011,0.06738130526715672,0.0525855555555555,0.14777777777777773,0.0,0.031077952252074447,0.5733011888491842,0.8241618563329434,0.26618960297685323,0.1147238359712683,0.23574671143412274,0.48016704080035355,0.16334953398888513,0.05061781093419696,0.36183096407246246,0.4314477490221563,0.2894343049648093,0.0248848028781085
evolving,field,20dogs,53,0.07303333333333328,0.20111111111111107,0.0,0.043607122356903394,0.4886747976180974,0.7618622587999168,0.36999496648494684,0.06755659093006214,0.05112333333333328,0.14077777777777772,0.0,0.03052498564983235,0.5691186202141455,0.8162643563031218,0.2689121296534099,0.11398497434899632,0.234889761994059,0.4773047549324517,0.1620969167636304,0.050469112139320524,0.3632881358225995,0.42628337277435346,0.28700527166922096,0.025298374266160096
evolving,field,20dogs,54,0.07519999999999996,0.2155555555555555,0.00111111111111111,0.04593187492148946,0.48766438059415396,0.7372245968107283,0.3698160221430678,0.06509862829190179,0.052639999999999944,0.15088888888888882,0.000777777777777775,0.032152312445042595,0.5736491617692773,0.8133475048158905,0.2609424900789729,0.11493390148234632,0.23431659915813247,0.4555763037319832,0.1637995335496303,0.048089436656269316,0.36269569916257155,0.42733914102334014,0.294510223274368,0.024762763695627153
evolving,field,20dogs,55,0.0751666666666666,0.21111111111111108,0.0,0.04567434354823238,0.48863457061624505,0.7636439822160422,0.3823794327342125,0.0636241774985569,0.05261666666666661,0.14777777777777773,0.0,0.03197204048376265,0.5717534260708447,0.8242771119741252,0.2451258364722217,0.11454287960970284,0.2348279028530324,0.48899875822256184,0.1620878204809187,0.047916594362480976,0.36314017830179535,0.42811037249535167,0.2908728807992145,0.024431148508803742
evolving,field,20dogs,56,0.0756666666666666,0.20999999999999996,0.00222222222222222,0.0449539823871619,0.4889490156956122,0.7331076570273678,0.3729653476525999,0.06218585397215768,0.05296666666666662,0.14699999999999994,0.00155555555555555,0.031467787671013304,0.575400167042541,0.826171850888351,0.26582439521614776,0.11525201045493741,0.2343466828011406,0.4486846400189787,0.16162970801073523,0.04465475284276585,0.3630871985587368,0.4311309250838026,0.2940312966167632,0.024482564479160186
evolving,field,20dogs,57,0.07396666666666661,0.20444444444444437,0.0,0.0444377104157229,0.48940073570038944,0.7866811300050546,0.37172435573273777,0.07115040143888574,0.05177666666666662,0.14311111111111105,0.0,0.031106397291006012,0.5818887826486348,0.833707730846281,0.2352090023240397,0.11686001272757374,0.23701636557395883,0.5015091390675481,0.16485096619774803,0.05410184735750682,0.36260280239607856,0.4299358214926478,0.28781311165863016,0.02558525949184063
evolving,field,20dogs,58,0.0759444444444444,0.21666666666666665,0.00111111111111111,0.04545228649821802,0.48716545976755715,0.7645007099887297,0.3765945552318076,0.06392360645975201,0.05316111111111106,0.15166666666666662,0.000777777777777775,0.031816600548752606,0.5892997336653162,0.8283972282722913,0.2706972018953375,0.112996750944412,0.23421601219302546,0.481036216303138,0.16543474469426098,0.0473248328416756,0.36345927963460994,0.4290484477449583,0.29154927516125095,0.02446331193674048
evolving,field,20dogs,59,0.07643333333333327,0.20111111111111107,0.00222222222222222,0.044064269543616516,0.4840744468019674,0.7564351875840881,0.36822851315549676,0.06178918069420587,0.05350333333333327,0.14077777777777772,0.00155555555555555,0.030844988680531545,0.5938677740833248,0.8372735605368871,0.2897351496509434,0.11125628961932288,0.23216315985517394,0.47953646272574124,0.16321511981257025,0.04370474628497188,0.3633253535474513,0.4308207182529534,0.2940521295649543,0.023954689045472065
evolving,field,20dogs,60,0.07683333333333328,0.2155555555555555,0.00111111111111111,0.04518210332717956,0.48705871719606586,0.7860603406067079,0.3745820236804857,0.0645082726329269,0.05378333333333328,0.15088888888888882,0.000777777777777775,0.03162747232902567,0.5851448709086937,0.8252324265972483,0.2877089263575758,0.11065283755202064,0.23418503026281418,0.5030550263921973,0.16606708629290662,0.047908547920771816,0.3629145431147257,0.43433779153185403,0.2883158892782402,0.025056080709339873
evolving,field,20dogs,61,0.07759999999999995,0.2155555555555555,0.0,0.04583726387067206,0.4870414179057773,0.7753492307163882,0.3751115414638856,0.06409129398659308,0.054319999999999945,0.15088888888888882,0.0,0.03208608470947042,0.5788654642267964,0.8101638603431841,0.29137582775409326,0.1097607206378562,0.2343190507414835,0.4874693405172267,0.16581006508088733,0.04759170787237845,0.3632977677639359,0.42742042254960777,0.2882276606881137,0.0242127855526005
evolving,field,20dogs,62,0.07611111111111106,0.20777777777777776,0.00111111111111111,0.04489028274965688,0.4878953084828665,0.772731301743036,0.37093277171171707,0.06575728909789433,0.05327777777777772,0.14544444444444438,0.000777777777777775,0.031423197924759796,0.5765266609159838,0.8086838488044419,0.2822351909445339,0.11275910131458577,0.23566545858012727,0.49994169249804016,0.16757776211281625,0.05067445973221859,0.3624222981859241,0.42712082231979015,0.2879601398790149,0.02411695278302711
evolving,field,20dogs,63,0.07692222222222216,0.21777777777777776,0.0,0.04562241037559262,0.48584699739624754,0.7770662116465302,0.3798161916942383,0.06430101871626984,0.0538455555555555,0.15244444444444438,0.0,0.03193568726291483,0.5752622560740995,0.8253210087130405,0.28105958901334777,0.11109949991995757,0.2349086536992216,0.5032399123546917,0.16465900960542282,0.049346962175836485,0.3635091445129885,0.43097803999329065,0.2915918328674986,0.02472612524659492
evolving,field,20dogs,64,0.07728888888888884,0.20444444444444443,0.0,0.044424380587760395,0.484176029745489,0.7669373157162087,0.37296374720290926,0.06192822208216351,0.05410222222222216,0.14311111111111102,0.0,0.031097066411432256,0.5786688994466362,0.8132912694335086,0.2669812746688667,0.10917365297375922,0.23309646657681907,0.48390468099479617,0.1668674242145573,0.04461385106575331,0.36440234606716265,0.430777524148754,0.2950643744097937,0.02396258557664824
evolving,field,20dogs,65,0.07577777777777774,0.20666666666666664,0.0,0.044064342617826054,0.4875462854192832,0.7662164292319281,0.3784800809929799,0.06370753158933637,0.053044444444444394,0.1446666666666666,0.0,0.030845039832478216,0.5789155281551045,0.814596788405261,0.2767485099244639,0.10572028697268128,0.2358032084454305,0.4961615748961098,0.16750666160322775,0.048692829345291774,0.36469068861112247,0.4337059898145883,0.2917661200975878,0.02547199808208765
evolving,field,20dogs,66,0.07536666666666662,0.20999999999999996,0.0,0.0449672274954688,0.4853516136194173,0.7710042949724814,0.3720252579703806,0.06275736615559599,0.05275666666666662,0.14699999999999994,0.0,0.03147705924682814,0.5807599555894483,0.802493649668536,0.2800423455981198,0.10706200739708024,0.2327028890370748,0.4909599761923614,0.16770646923479918,0.04704502222038006,0.3633189422569546,0.42819200715026273,0.2880718738876561,0.024675046011181655
evolving,field,20dogs,67,0.07477777777777773,0.2233333333333333,0.0,0.04576803576488592,0.485273207894971,0.7631678026516252,0.3681299973910911,0.0628535360695835,0.0523444444444444,0.15633333333333327,0.0,0.03203762503542012,0.5766091870464026,0.8083022252097554,0.2964990435030005,0.1069418139063203,0.23402302675871206,0.4939694068277888,0.16373916768612687,0.04699950811983746,0.3643606352087133,0.42808870131808463,0.2932508415590488,0.024011302263734262
evolving,field,20dogs,68,0.07683333333333328,0.2155555555555555,0.0,0.04616225417713113,0.4875768772184378,0.753141048694798,0.3729885762962391,0.06378893500227201,0.05378333333333327,0.15088888888888882,0.0,0.03231357792399177,0.5736591059113281,0.8232460790634846,0.2647925690962814,0.11092313367134939,0.23489845055149366,0.48477718911791845,0.1681587337732079,0.047972990354016885,0.3631564151584296,0.4244233903183178,0.28931162794337256,0.02479177719242162
evolving,field,20dogs,69,0.07531111111111105,0.20666666666666664,0.00111111111111111,0.04424405600916638,0.4857946544602692,0.761187495179716,0.36767885975462283,0.06346667499878791,0.05271777777777773,0.1446666666666666,0.000777777777777775,0.030970839206416433,0.5755518322340166,0.8257308126827052,0.25371207193207973,0.11160896065983839,0.23551826322736905,0.4881146203838317,0.16479197418792002,0.04898698546281958,0.3636832279650353,0.42731665238644007,0.2911938685531517,0.023851297953650173
evolving,field,20dogs,70,0.0745666666666666,0.21111111111111108,0.00222222222222222,0.0442843510718587,0.48748849905885316,0.7579978753512242,0.3741022120719597,0.06534551720430243,0.052196666666666613,0.14777777777777773,0.00155555555555555,0.030999045750301074,0.576267001480079,0.8330846341680809,0.285263029230155,0.11076594286974402,0.23503492120651295,0.4586436814129592,0.16620008408136389,0.047914030332542254,0.3633558591961904,0.4335063348229057,0.29349644907777284,0.0247972320433224
evolving,field,20dogs,71,0.07397777777777773,0.21222222222222223,0.0,0.04426411740461253,0.4871073511656986,0.7583626320357679,0.37324155034852635,0.06193226575220141,0.0517844444444444,0.1485555555555555,0.0,0.030984882183228757,0.5818852211158108,0.8268296205063999,0.27516119627891716,0.10798280821492971,0.23383908275601115,0.47449841604912935,0.16719268733479795,0.04452091463659767,0.3630935348025832,0.42715815924326916,0.2918891498394713,0.02445888636186183
evolving,field,20dogs,72,0.07666666666666662,0.2233333333333333,0.0,0.046238155919102394,0.48482776754347856,0.7419929221146926,0.3757343235461184,0.05916643024058722,0.053666666666666606,0.15633333333333327,0.0,0.032366709143371655,0.5867001726106531,0.8368858359834104,0.2644424993082762,0.11127549013624927,0.2342051913329092,0.482642310405871,0.16715311908147842,0.04562657706175992,0.3639784289307294,0.42753546581000423,0.2933497918813129,0.02384996161136596
evolving,field,20dogs,73,0.07539999999999995,0.21888888888888886,0.0,0.044877560193446006,0.48814657278919044,0.7604282766436486,0.3769921035626433,0.06315526980631048,0.05277999999999996,0.15322222222222218,0.0,0.03141429213541219,0.5821916332100867,0.8241732390254232,0.28380389684630825,0.10855579232953035,0.23562518638934976,0.4810579711941146,0.16840063111106002,0.04791739107111416,0.36321813609805964,0.4278271994059552,0.2928270778695735,0.024034391186757126
evolving,field,20dogs,74,0.0789444444444444,0.20888888888888885,0.00111111111111111,0.0456189637973091,0.4878813953098149,0.7541538442835799,0.37519625399920403,0.06339660814534792,0.05526111111111106,0.14622222222222217,0.000777777777777775,0.03193327465811636,0.5840223289126893,0.8161086021970754,0.2635805477588639,0.10704191952780792,0.23387107683005776,0.4578137298498053,0.16824370658217364,0.04367150225339462,0.36413158781411653,0.42641212503177944,0.29031159767895226,0.024542084015457565
evolving,field,20dogs,75,0.07662222222222217,0.20666666666666664,0.00111111111111111,0.0450872596023822,0.49052610262254265,0.7655421773768992,0.3705496608801223,0.06647159964184197,0.053635555555555506,0.1446666666666666,0.000777777777777775,0.031561081721667515,0.5783530918034072,0.8162058770088292,0.26834170935763674,0.10908347865105524,0.23636293000428066,0.49573156421600706,0.1677185772833542,0.04902275542283664,0.36264863189711977,0.4302746867261818,0.2926398267164258,0.02447897979985704
evolving,field,20dogs,76,0.07552222222222219,0.20777777777777776,0.0,0.045159825770888846,0.49302986363950974,0.7776638047888251,0.37498741958832904,0.06920686703606402,0.0528655555555555,0.14544444444444438,0.0,0.03161187803962216,0.5800872587743345,0.8229106474215462,0.2819538554986042,0.10848316296988332,0.23740301391920413,0.5094782951169432,0.16590506771653374,0.05407416180564799,0.3626089794187594,0.43003120745131396,0.28845952582708534,0.02561915721722725
evolving,field,20dogs,77,0.07498888888888883,0.2233333333333333,0.00111111111111111,0.046180270670311066,0.48971280921213084,0.7634097435279019,0.3749932278451434,0.06558770267851241,0.052492222222222176,0.15633333333333327,0.000777777777777775,0.03232618946921774,0.581304697498531,0.8263483021688499,0.26053599366091473,0.11392855574179081,0.23532722398110165,0.49365776023357266,0.16999704390144707,0.047907591578431455,0.3640389250267811,0.4363955068626586,0.29555332633753917,0.025430162347653017
evolving,field,20dogs,78,0.07737777777777771,0.20888888888888885,0.00111111111111111,0.044458375703420865,0.48660765586854815,0.7660656168911337,0.3727110188719588,0.06295674133635631,0.05416444444444439,0.14622222222222217,0.000777777777777775,0.03112086299239459,0.5906555137782101,0.8337662809253314,0.30046548583894295,0.11001030665889185,0.2342591720254968,0.4864008259599249,0.16813234178188063,0.047299879317642804,0.3628180930768287,0.4261918064575162,0.28820960921184646,0.02444178741723966
evolving,field,20dogs,79,0.07703333333333327,0.20555555555555555,0.0,0.04395534284549669,0.4863804474360472,0.7645479736386572,0.3807579265716941,0.06465036123740597,0.05392333333333328,0.14388888888888882,0.0,0.030768739991847656,0.5925157506540178,0.8302562673799061,0.2823846823974306,0.10764087466694654,0.23373999636204118,0.4806860086963513,0.16405494471954393,0.04664178244604018,0.36300131867717733,0.42807331572001034,0.2927089678023627,0.02428628194733144
evolving,field,20dogs,80,0.07359999999999994,0.20222222222222222,0.0,0.04348482756737641,0.48560560640031947,0.7569446218693885,0.37166425750299475,0.06384443977493941,0.051519999999999955,0.1415555555555555,0.0,0.03043937929716347,0.5921153400846781,0.8062845083153537,0.2679163104891201,0.10894468396326625,0.23368920334322904,0.46287242875107354,0.17140672165692108,0.04582421855858086,0.36282519697763055,0.4231417990874622,0.28688935811768257,0.02405212532894953
evolving,field,20dogs,81,0.07577777777777772,0.21666666666666665,0.0,0.04397097154158597,0.48755316744045335,0.7645890082972774,0.37611289641353857,0.06614537945437786,0.053044444444444394,0.15166666666666662,0.0,0.030779680079110174,0.5929171160903005,0.8174879627625626,0.2812191122967517,0.10971613380751619,0.23496502775987751,0.4971593365086992,0.1681688525196308,0.05048320772197109,0.36321021420826416,0.4278258651569907,0.2836795578519249,0.025473264957050833
evolving,field,20dogs,82,0.07457777777777772,0.20333333333333328,0.0,0.04360621249498739,0.48699682115905585,0.7852639965667322,0.3757969432060189,0.06386080543914312,0.0522044444444444,0.14233333333333326,0.0,0.030524348746491146,0.5895383059346259,0.8373019226746774,0.26162259267287735,0.10946300557012936,0.23380471433076036,0.5124395904914852,0.1663430176302053,0.04973993071880486,0.36334264167747093,0.4321890044327201,0.2886982035692819,0.02500323689856056
evolving,field,20dogs,83,0.07599999999999994,0.21444444444444438,0.00111111111111111,0.045106794819728846,0.48393937236269513,0.7427000988115889,0.3725745678543899,0.0599138033844299,0.053199999999999935,0.15011111111111103,0.000777777777777775,0.03157475637381018,0.592021767203024,0.8118314853154068,0.29379571691375295,0.1043100014220197,0.23135274608106066,0.4536141068490626,0.16559300254576553,0.042782990408033225,0.36421800095279966,0.4313879145355729,0.2986576321536548,0.02411660128782109
evolving,field,20dogs,84,0.07612222222222217,0.21999999999999997,0.0,0.044754999929340525,0.4863692630014988,0.7669784111803458,0.3778909913976278,0.06133749657384446,0.053285555555555496,0.15399999999999994,0.0,0.031328499950538345,0.5881124138018252,0.8101588453319086,0.28671531188256255,0.1062381693717838,0.2322702395120734,0.48528794438252937,0.16680109873958104,0.04502488979725174,0.36355329843391176,0.43188992227015355,0.2926633790043551,0.024171426971676672
evolving,field,20dogs,85,0.0757444444444444,0.21777777777777776,0.0,0.046422376252929456,0.48431552305451,0.7410095497685486,0.3754010407111499,0.057691875643647396,0.05302111111111106,0.15244444444444438,0.0,0.032495663377050614,0.5940226232832255,0.8144374461047252,0.30009884456243674,0.10755055843828427,0.2323869494022525,0.4717314627655848,0.165085930668542,0.04290335732699348,0.36357536357863685,0.42699155874787537,0.29667115160125423,0.023528164306575616
evolving,field,20dogs,86,0.07644444444444438,0.21888888888888886,0.0,0.04608168115132056,0.48751039629396437,0.7531268597913152,0.3770948031811339,0.06317351762422084,0.053511111111111044,0.15322222222222215,0.0,0.032257176805924374,0.5956936119722901,0.8269682524436794,0.2760983264305086,0.10787448410369986,0.23451555138330824,0.47607763509237977,0.166954077310548,0.04704862196960738,0.3635908677625757,0.4319858631490427,0.2900303458178117,0.02465849774753171
evolving,field,20dogs,87,0.07591111111111105,0.21888888888888883,0.0,0.046286374550333846,0.4853955841453653,0.7560800243810085,0.375808663338302,0.061431257472821,0.053137777777777714,0.15322222222222218,0.0,0.03240046218523368,0.5957973533659568,0.8258852112021706,0.29757883131455914,0.10775430050407864,0.2336729692590024,0.49547056656829325,0.16669616807855653,0.04742065619925192,0.36377678029063526,0.4302297157418673,0.2942181894464648,0.023022133308452243
evolving,field,20dogs,88,0.07509999999999994,0.19888888888888884,0.00111111111111111,0.042827312005227394,0.4868121176755372,0.7648149037717262,0.3750037743137066,0.062242993937247935,0.052569999999999964,0.1392222222222222,0.000777777777777775,0.02997911840365917,0.5930066286738717,0.8253504900557515,0.3071157824782583,0.1030082405516842,0.23344708467892752,0.4831533227206727,0.16612641931315325,0.04650788273815288,0.36290481475883307,0.4270726788789784,0.294281859525681,0.024488450614149802
evolving,field,20dogs,89,0.07662222222222216,0.20888888888888885,0.0,0.04482108270803821,0.4844808318712193,0.7669493273914035,0.3756046807692032,0.06169594874547314,0.053635555555555506,0.14622222222222217,0.0,0.03137475789562673,0.591538590073155,0.8145699900368927,0.30040535933772783,0.10772108416017438,0.23246718782804837,0.5035518359194481,0.1676466211267983,0.04715360816108426,0.36339140875771514,0.4276392337544307,0.2916744147843021,0.024280135819736197
evolving,field,20dogs,90,0.07582222222222217,0.19888888888888884,0.0,0.044046162953516335,0.48849052905049906,0.7561815833010244,0.3789802308445264,0.06432344201963354,0.05307555555555551,0.13922222222222216,0.0,0.030832314067461418,0.5909063419962776,0.8278839611219215,0.282279370010283,0.1107566463021653,0.23529395973036782,0.4963692801343565,0.16683818058259384,0.04920962508706227,0.3628893767419364,0.42831812443051087,0.2920238058482324,0.02459234602503093
evolving,field,20dogs,91,0.07676666666666661,0.2155555555555555,0.0,0.045241617898233534,0.4837686767815196,0.7546338290697431,0.37466221821726786,0.05945620787481957,0.05373666666666662,0.15088888888888882,0.0,0.03166913252876347,0.5931763806038405,0.8312051901579327,0.29247581909922543,0.10948686506301641,0.23131304962340274,0.465783906096938,0.1635619834084102,0.04343423488588133,0.3635654438586579,0.4297182859635192,0.28451366387319776,0.02442381763320399
evolving,field,20dogs,92,0.07637777777777774,0.21666666666666665,0.0,0.0453712778114221,0.4859923343358079,0.782168412987063,0.37143967993001714,0.06469351827451028,0.053464444444444384,0.15166666666666662,0.0,0.03175989446799544,0.5822029922042787,0.8216129680062169,0.25213845847288496,0.11296572943831218,0.23400067066827152,0.505234888408719,0.1656450562981481,0.04879767101208514,0.36333666838719103,0.43063474282202463,0.29096851667154777,0.024435251071062238
evolving,field,20dogs,93,0.0766555555555555,0.20222222222222216,0.0,0.04421751436941933,0.48827259468979056,0.7592779712197888,0.37540714610082204,0.06454659739004957,0.053658888888888846,0.1415555555555555,0.0,0.030952260058593518,0.5865475683513969,0.8210708735470524,0.25774943031314457,0.11297308586717907,0.23450891756266876,0.48640850831127136,0.16961490335928714,0.04785880912447906,0.36423346830248976,0.433436255960068,0.2850433501128279,0.02552909139840261
evolving,field,20dogs,94,0.07667777777777772,0.20999999999999996,0.00111111111111111,0.04515967520280875,0.4869823909620088,0.7738328253904299,0.3704883446131908,0.0673994645226485,0.05367444444444439,0.14699999999999994,0.000777777777777775,0.031611772641966115,0.5880662379484424,0.8192622077083408,0.263621775217897,0.11354967887282046,0.2341255909940682,0.48109286266880397,0.16238743047640147,0.047936001601497594,0.36459298583108735,0.4249546163286338,0.29069317599951294,0.024609308515234955
evolving,field,20dogs,95,0.07565555555555549,0.21888888888888886,0.0,0.044900462955060116,0.48645293438856385,0.7734689975980661,0.37888227005573305,0.06559448165932426,0.05295888888888883,0.15322222222222218,0.0,0.03143032406854206,0.5883789034660469,0.8113488090498654,0.2740913319937331,0.1095621876631617,0.23391988751264509,0.48346350089394524,0.16313749908753625,0.050397536663032094,0.36492994612488033,0.431569824498212,0.28724038794043205,0.024861042054530675
evolving,field,20dogs,96,0.0754666666666666,0.22444444444444445,0.0,0.045766027794356505,0.4802188777590529,0.7666718628630134,0.37318849167994983,0.06067257480454996,0.0528266666666666,0.15711111111111106,0.0,0.03203621945604954,0.5932171287777355,0.8152674880672384,0.2881254680159126,0.10918938759183223,0.23074898066933242,0.49251416787105057,0.16272768358950743,0.04693532064105866,0.36500774529583485,0.4276411600597216,0.294672533181344,0.023808947211405047
evolving,field,20dogs,97,0.07479999999999995,0.21222222222222217,0.0,0.04575134910581647,0.48327636147997327,0.7511366473521767,0.3756838736818072,0.05797441970706577,0.05235999999999995,0.1485555555555555,0.0,0.03202594437407151,0.5945257576483263,0.8148551645920492,0.2614142223877103,0.11217219945720378,0.23358527073244773,0.4929070175755024,0.1684719515172871,0.04484707879250146,0.36474474391394546,0.43259741632924575,0.29229583492846,0.02418731949192725
evolving,field,20dogs,98,0.07656666666666662,0.2055555555555555,0.0,0.04327452543910115,0.48407442094824765,0.7559205143850394,0.37796462715481527,0.0598841377648484,0.05359666666666661,0.14388888888888882,0.0,0.030292167807370797,0.5977535674331108,0.8295463859815355,0.28181786356668087,0.1096615798250028,0.23250314347773693,0.4566822245355997,0.16596912667702457,0.04139706935643399,0.3647575817495021,0.4306892560678728,0.29768935230507976,0.02426897883598899
evolving,field,20dogs,99,0.07608888888888883,0.19999999999999996,0.00111111111111111,0.045177822641021256,0.48506846507220513,0.7599155140511924,0.3788870208016073,0.06337783346125095,0.053262222222222155,0.13999999999999996,0.000777777777777775,0.031624475848714875,0.5952125324443012,0.8296384939773969,0.2972393930468594,0.10897495410694828,0.23337874633893793,0.4755510075946939,0.16567314481991421,0.04788071170383211,0.3642316970413517,0.4284071697835009,0.2914658489051573,0.02402674913117006
evolving,field,20dogs,100,0.07447777777777773,0.20777777777777776,0.00111111111111111,0.044325830497111356,0.48570318508358223,0.7652857250471394,0.3775236815593081,0.06245220406470895,0.05213444444444439,0.14544444444444438,0.000777777777777775,0.03102808134797793,0.5894654749591567,0.817730620978993,0.28639166750694256,0.10905426047027525,0.23445106925223355,0.48440752732244546,0.16476599147636845,0.04697142508144543,0.3638226910127519,0.42943330939659285,0.2971102265679712,0.02390273377001699
evolving,ice,15dogs,1,0.028366666666666613,0.14777777777777773,0.0,0.029815097553486304,0.6967823004041842,0.8675543498894275,0.31913069601491173,0.09836470230360665,0.019856666666666606,0.10344444444444438,0.0,0.020870568287440393,0.5083460671392893,0.8457696455502051,0.17415204702486087,0.14770715490896774,0.4918743605276421,0.8090970642896632,0.12410221604256992,0.13384462781887044,0.33671190834064946,0.4483434608993959,0.267552232701879,0.036513099518861544
evolving,ice,15dogs,2,0.030577777777777725,0.13666666666666663,0.0,0.031095747727534467,0.6789643085390203,0.8606705478998448,0.32440598411812915,0.1124427343351923,0.02140444444444439,0.09566666666666661,0.0,0.021767023409274125,0.5162640560317102,0.8557346377033394,0.15873379432817367,0.14722653733168073,0.4531254872129528,0.7869673897634362,0.13613196014432177,0.13467404694333138,0.33852751068026526,0.4348292631566132,0.26522118040692666,0.03591287005383357
evolving,ice,15dogs,3,0.037266666666666615,0.15999999999999995,0.0,0.034503491827349034,0.6496600592105354,0.8528465688820699,0.3095313221087388,0.1252002745462324,0.02608666666666661,0.11199999999999992,0.0,0.024152444279144314,0.5269212181126803,0.8583608235484979,0.15217394112080818,0.14447946612685433,0.40829463094468893,0.7033286878184265,0.12181096254438244,0.13344931653161798,0.34317114783370745,0.4418004616650322,0.2662688287482069,0.03687312888470409
evolving,ice,15dogs,4,0.04208888888888884,0.15999999999999998,0.0,0.03603145248839484,0.6283439399286579,0.8465779255118173,0.2936761054234524,0.1309575682863868,0.029462222222222174,0.11199999999999995,0.0,0.025222016741876362,0.5362443683214668,0.8535806067126505,0.18451453469238682,0.1383364275111034,0.3740527295407515,0.6624594449451434,0.11725527003473661,0.1317909254948537,0.34818254293718054,0.4388891452842759,0.2716267711114523,0.037033457456467765
evolving,ice,15dogs,5,0.044566666666666616,0.16222222222222218,0.0,0.03624377175633197,0.6010935993452546,0.8426150758373183,0.3063152963991001,0.1307502147003802,0.03119666666666663,0.11355555555555549,0.0,0.025370640229432355,0.5428214156371531,0.8507438612807604,0.20796120879598484,0.13403717534971785,0.3454171916636947,0.6470144559460693,0.12215239015788906,0.12527329622595998,0.3510936895352,0.43768674395639284,0.27644025907459013,0.035643009363546786
evolving,ice,15dogs,6,0.05104444444444439,0.17777777777777773,0.0,0.03893275100023094,0.5781524564055689,0.8353883627786776,0.292108320192324,0.12938328349704936,0.03573111111111107,0.12444444444444439,0.0,0.027252925700161634,0.5529499119305048,0.8429937834774869,0.22024321972750993,0.13486019539738334,0.3193807824776432,0.6065654305395676,0.11800040666588547,0.1158704401550578,0.3545676840488123,0.4428202695227932,0.2737613414323273,0.03609318654527244
evolving,ice,15dogs,7,0.052711111111111056,0.17333333333333328,0.0,0.03925485660054894,0.5668023920278485,0.827561100318384,0.28068774700301946,0.12188101763236994,0.03689777777777774,0.12133333333333327,0.0,0.02747839962038424,0.5603039669096208,0.8655551167185166,0.18538547746626532,0.1412976227659631,0.3046269649615953,0.5763312278142375,0.10936821855691106,0.10572060443988462,0.3548377556340416,0.4409226448759342,0.27493204733391985,0.03431089750032995
evolving,ice,15dogs,8,0.056222222222222173,0.18444444444444438,0.0,0.040140901946818394,0.5503652342789851,0.7988776955834556,0.30181593321005135,0.1112557711468692,0.0393555555555555,0.12911111111111104,0.0,0.02809863136277287,0.5682841284961191,0.850377662494196,0.23373277431726985,0.13392209477975142,0.28771121126416915,0.5510418635952672,0.11722439813176326,0.0942351492638892,0.3586380696445336,0.4407995627746307,0.27991679666871727,0.03214041465484373
evolving,ice,15dogs,9,0.05827777777777772,0.1833333333333333,0.0,0.038290088118108814,0.5471773839454734,0.7916074036647871,0.3264654314842054,0.1038081044024864,0.04079444444444438,0.12833333333333327,0.0,0.026803061682676155,0.5742949124367397,0.8352238593984523,0.23981157516323112,0.12946257393469446,0.2830100910440402,0.5382432050284636,0.12512047123818856,0.08763021500987662,0.35724322794166713,0.4375034654518619,0.28225599905322385,0.03082738006389394
evolving,ice,15dogs,10,0.060533333333333286,0.18888888888888883,0.0,0.04000025735269623,0.5428277977268522,0.8005994782017576,0.33735196043404525,0.09766111540369606,0.04237333333333329,0.13222222222222216,0.0,0.028000180146887342,0.5848059556483017,0.8351254642724001,0.2560559963817324,0.12479724556942491,0.27935009354701107,0.5325605706366818,0.12396679501289871,0.08364495573420434,0.3581285015000169,0.4403054648640234,0.28640064142894706,0.03087689820500684
evolving,ice,15dogs,11,0.06242222222222217,0.19222222222222218,0.0,0.04191827865904528,0.5337225584981576,0.7862164906121285,0.3343875523559183,0.09523893964836437,0.0436955555555555,0.13455555555555548,0.0,0.029342795061331677,0.5900614191757186,0.8493565420415852,0.25832380471217736,0.12187869882227494,0.27219152515116807,0.5141084651193782,0.12766863707188011,0.07574052558377055,0.3584362571329097,0.43965079943561786,0.28810483372125073,0.030193093674066
evolving,ice,15dogs,12,0.061366666666666625,0.18111111111111106,0.0,0.03995807873663621,0.5325537215273382,0.7698706471911891,0.3294899637658909,0.09333602637015667,0.04295666666666661,0.1267777777777777,0.0,0.02797065511564533,0.5973373543454176,0.8505068023492264,0.28593661398945835,0.11900773457929188,0.2710363347853132,0.515162954471672,0.12353300361520378,0.07396184183738483,0.35812771205012595,0.43018125714228655,0.28485775072570535,0.030049311865165084
evolving,ice,15dogs,13,0.06372222222222217,0.21222222222222217,0.0,0.041930534052938215,0.5301296178573994,0.7764554038173375,0.3349147099111391,0.09374064986454313,0.0446055555555555,0.1485555555555555,0.0,0.029351373837056733,0.5918224859257506,0.8497349478524653,0.26386787373162024,0.11858748963460734,0.27084774176575804,0.5006927126070064,0.1324442783180764,0.07471509507392644,0.3577237214167514,0.43638422476628486,0.28181737714517946,0.030946853165954753
evolving,ice,15dogs,14,0.06327777777777772,0.19333333333333327,0.0,0.039933552529041745,0.5349390651816629,0.7752688887353395,0.3583416605934084,0.09172257042654089,0.04429444444444441,0.13533333333333328,0.0,0.02795348677032921,0.5896854659307331,0.8485534213488867,0.25209179077604554,0.12094776744625294,0.2752467695405493,0.5068623437599175,0.15568984985726592,0.07189929556674039,0.35742148037219884,0.4367894547114761,0.2826276247614815,0.03018472451703615
evolving,ice,15dogs,15,0.06574444444444441,0.1933333333333333,0.0,0.04250919829245366,0.5355752237002609,0.7812762302602909,0.35786396571023227,0.09218501445310488,0.046021111111111054,0.13533333333333328,0.0,0.02975643880471752,0.5916208659106054,0.865702051625021,0.27340197203891553,0.12416379839770371,0.27550589271767423,0.5305815152722066,0.15730158475524725,0.0711420023227293,0.3562988597652887,0.4310681714834697,0.2855246852613762,0.029434104456897276
evolving,ice,15dogs,16,0.06489999999999996,0.1933333333333333,0.0,0.04184639691381484,0.5300454124266178,0.7699258294599962,0.3605159224361681,0.08686126587662477,0.04542999999999995,0.13533333333333325,0.0,0.029292477839670362,0.5972315803213777,0.8622123911383921,0.2756063398113626,0.12276775745520616,0.27077215085560835,0.4967030393118329,0.1523166429754883,0.06571842723310031,0.3573735995738907,0.4364554892878437,0.2911470454748419,0.028878583049000827
evolving,ice,15dogs,17,0.06429999999999994,0.19111111111111106,0.0,0.04051006382762845,0.528847132415087,0.7726498881257002,0.36101019691727887,0.08596040934511333,0.04500999999999995,0.13377777777777772,0.0,0.028357044679339905,0.5926371887367667,0.8558933548840614,0.28208505465974076,0.11952751359333118,0.2739526450519726,0.5120830253189133,0.16032191424593728,0.06659598409230535,0.3567438021713104,0.42850459494392856,0.28811983800703206,0.028045874107205132
evolving,ice,15dogs,18,0.0665444444444444,0.20666666666666664,0.0,0.04153340785935774,0.5206888750693733,0.7518439271571998,0.3606205631582901,0.08281753131413284,0.04658111111111105,0.1446666666666666,0.0,0.02907338550155041,0.5920761200984173,0.8536282333547393,0.26679367445626956,0.12085018819325402,0.26733881770547974,0.4776607801593843,0.15618060711053575,0.06115392452731153,0.3582712497989474,0.4357017775125754,0.29201293746347623,0.028192205313449063
evolving,ice,15dogs,19,0.0655555555555555,0.20333333333333328,0.0,0.04277693003270032,0.5209241827087671,0.7671228296610286,0.35518443356506835,0.08411889073407292,0.04588888888888883,0.14233333333333326,0.0,0.0299438510228902,0.58744541812715,0.847305903209557,0.2716830905453033,0.12303930808438338,0.26665884960674296,0.5039856606416686,0.16008913902568353,0.06225221102227245,0.3583250212956802,0.4383175675760323,0.27961798233852503,0.029688371526351214
evolving,ice,15dogs,20,0.0681444444444444,0.20777777777777776,0.0,0.042968482730189314,0.5229496902902069,0.7851987290128337,0.3705622158853806,0.08461176054745555,0.047701111111111055,0.14544444444444438,0.0,0.030077937911132512,0.5878214658835711,0.8556110176033336,0.27370764377954504,0.12348250810961178,0.26724923808485823,0.49718772565892716,0.16573598477125825,0.060692301899504884,0.35786332090203266,0.42878847425119143,0.2858257745327045,0.027635221134968763
evolving,ice,15dogs,21,0.06749999999999995,0.20333333333333328,0.0,0.042375109899622544,0.518000781941719,0.7832854076049166,0.3778200483203364,0.08141207742452368,0.047249999999999945,0.14233333333333326,0.0,0.02966257692973575,0.5915909226142773,0.8595374440008221,0.27353352363336136,0.12466821718254298,0.2676730150782682,0.5141068687828255,0.18147853502256023,0.05947120970386206,0.3586953510271674,0.4288757159888948,0.2819334297603401,0.027907819735668315
evolving,ice,15dogs,22,0.06581111111111106,0.18777777777777774,0.0,0.04069784556965422,0.5160600370613393,0.7700593899190404,0.3803473474086723,0.07806569592685325,0.04606777777777772,0.1314444444444444,0.0,0.02848849189875794,0.5945881981925837,0.8480529104215568,0.2726466508554006,0.12402057063000346,0.26411676068458856,0.4831555471674168,0.18124704788196205,0.05678931540798236,0.3593898941394552,0.4279421725130133,0.28807401171773095,0.027075318830398244
evolving,ice,15dogs,23,0.06683333333333327,0.19777777777777775,0.0,0.04205976519618011,0.514675766975492,0.7625661374188666,0.37762760045998023,0.07842564944843683,0.04678333333333329,0.13844444444444437,0.0,0.029441835637326053,0.6012211460677355,0.8352439011460069,0.27326740304376135,0.12125435324646094,0.2661520667109968,0.48439131432409155,0.18097152216762766,0.05838876770207985,0.36023771131878607,0.42634211883005263,0.2878752333918416,0.02706597443604223
evolving,ice,15dogs,24,0.0658666666666666,0.1866666666666666,0.0,0.04163626113962308,0.5166774210901288,0.791911443247818,0.381605046326918,0.08323623467249744,0.046106666666666615,0.1306666666666666,0.0,0.029145382797736145,0.5956965932766338,0.8534516103980083,0.28380593045002545,0.12097600922390188,0.26670668448544366,0.5129999796761785,0.1834932663198116,0.06366465985087641,0.3593553560855895,0.42619372041605474,0.282701509714291,0.027665163539306602
evolving,ice,15dogs,25,0.06578888888888884,0.1933333333333333,0.0,0.041382264238725194,0.515127412303699,0.7670193218735943,0.38714053871300824,0.07778409024335767,0.046052222222222175,0.13533333333333325,0.0,0.028967584967107617,0.5987866799036612,0.8544832644817639,0.28502700147311366,0.11853521939924902,0.26497109369965166,0.503627021107457,0.179030111749707,0.058015611202317977,0.3595762348964044,0.4321155055577292,0.2871403700946776,0.027573652279386213
evolving,ice,15dogs,26,0.06721111111111107,0.20555555555555555,0.0,0.04396674207365394,0.5194870559989655,0.7860980031210357,0.38578900291671164,0.07915174048547191,0.04704777777777774,0.14388888888888884,0.0,0.030776719451557733,0.5957948439428483,0.8555950606979067,0.2593109544599982,0.12121985912942698,0.26687519822426065,0.5059136385173388,0.18288136204794297,0.05992842827069848,0.3588696096088838,0.4290624897494033,0.2863185495674051,0.027656806510614397
evolving,ice,15dogs,27,0.06811111111111105,0.19555555555555554,0.0,0.042564306575642044,0.5144242460995792,0.7470524977682663,0.3729793680956354,0.07363772007059849,0.04767777777777772,0.13688888888888884,0.0,0.029795014602949414,0.6001543586488293,0.866222669728524,0.2953849506230194,0.11813230669579163,0.2631414825540723,0.4760735229392406,0.17897762729548575,0.05474485620188106,0.3590175396106635,0.4288481265931369,0.290088637239114,0.026771927483140435
evolving,ice,15dogs,28,0.06687777777777773,0.20777777777777776,0.0,0.04364711110754206,0.517388002596622,0.7604038466056442,0.3890674433225688,0.07234876799582045,0.04681444444444439,0.1454444444444444,0.0,0.030552977775279443,0.596055309422366,0.8414512499063367,0.28634843958353023,0.11858908733369536,0.26546162829405245,0.504619723844341,0.17975745323658368,0.057297879354915794,0.35812034866532094,0.43046117169479736,0.28711297283348436,0.026947090222843684
evolving,ice,15dogs,29,0.06789999999999993,0.20111111111111107,0.0,0.04349881530522714,0.5209997391275804,0.7711805341304514,0.3829740082239737,0.07526365637411284,0.04752999999999995,0.14077777777777772,0.0,0.030449170713658973,0.5975036755533663,0.8535130696525366,0.26298820340946183,0.12185791591877007,0.26613137564170236,0.49351992747326906,0.17953468926299293,0.05802424742530743,0.35743337832771366,0.42294034265129216,0.2835687124312237,0.02686543872184353
evolving,ice,15dogs,30,0.0691555555555555,0.19111111111111106,0.0,0.04254726755695387,0.5164694107775428,0.7697879645264236,0.3841061441401359,0.07044449382831589,0.04840888888888883,0.13377777777777772,0.0,0.0297830872898677,0.5973670992465748,0.8504530942836144,0.2516486618142243,0.12225991603623645,0.2620263535845677,0.5108364619535036,0.17804638738686523,0.05463939897954832,0.3592795628480002,0.4270988736975367,0.29221095963987714,0.025674971715195567
evolving,ice,15dogs,31,0.06755555555555551,0.19666666666666663,0.0,0.04302982443328362,0.5177568144947009,0.7750628260789532,0.3854152782349777,0.07352890606939513,0.04728888888888884,0.1376666666666666,0.0,0.030120877103298506,0.5923220035485494,0.8427842652785745,0.24261841868386766,0.12287156543365643,0.2617751342136335,0.5020461228906334,0.17921409601817267,0.05587512828351798,0.3583606934714225,0.43288586220269,0.29083375082122886,0.026679400573551615
evolving,ice,15dogs,32,0.06756666666666661,0.19222222222222216,0.0,0.04215781576424708,0.5181716683735209,0.7921540993883496,0.3842334420084623,0.0728589511848706,0.04729666666666661,0.13455555555555548,0.0,0.029510471034972917,0.5928528996058635,0.8550166043236189,0.2823084583946236,0.12197318824672324,0.2627434820626414,0.5166690918134298,0.1772661672443177,0.058083555876410745,0.358037270990593,0.4251970061306937,0.28654484981981065,0.026875933907794504
evolving,ice,15dogs,33,0.06894444444444439,0.19999999999999996,0.0,0.04299111071789571,0.5189345855825935,0.7709826290509619,0.3888924269998947,0.07236076550496094,0.04826111111111106,0.13999999999999996,0.0,0.030093777502526974,0.5938513726545767,0.857897421770344,0.2541244775300013,0.12428553931457487,0.26326708185569175,0.4978264528918938,0.1778105374001054,0.0546934344061798,0.3588104018810007,0.43426764685680624,0.2860873999911088,0.026875923287420424
evolving,ice,15dogs,34,0.06669999999999995,0.1955555555555555,0.00111111111111111,0.042200813110061595,0.5193151511306322,0.7583405184959676,0.3870413242447192,0.06684063891684495,0.04668999999999994,0.1368888888888888,0.000777777777777775,0.02954056917704311,0.5969489534422252,0.8361436582249,0.24048941007629504,0.11995686390588911,0.26439630346039955,0.5125662337587759,0.18134318550192194,0.052572241153871456,0.35852397988776585,0.42498702012785194,0.29063312359763954,0.02580488688467391
evolving,ice,15dogs,35,0.06701111111111106,0.19555555555555548,0.0,0.04166379487508236,0.5185869355283954,0.7851028232834717,0.39379421593948893,0.0703401213784065,0.04690777777777773,0.1368888888888888,0.0,0.029164656412557645,0.599629602129653,0.8324798903056039,0.2724377220569413,0.11719247582041223,0.2642291076905646,0.5160554112806861,0.1836419305773233,0.05530747581544611,0.35736017233479156,0.42658837887916956,0.28360164254891895,0.02639128198234252
evolving,ice,15dogs,36,0.06818888888888883,0.1933333333333333,0.0,0.042517340657658095,0.5204144489742402,0.7760860867676739,0.38722639726287,0.06734485401382874,0.04773222222222216,0.13533333333333325,0.0,0.02976213846036064,0.6053251951686804,0.842729136814661,0.26306471506484136,0.11589796347450698,0.2648497487278928,0.5125709134720746,0.18210795666896,0.05381081477244003,0.35727876417693677,0.42602280177108687,0.28957217774442423,0.025108847279356757
evolving,ice,15dogs,37,0.06752222222222218,0.19999999999999996,0.0,0.04306170022125937,0.5244763307744045,0.7774153661636596,0.38979879618401353,0.0692027213406487,0.0472655555555555,0.13999999999999993,0.0,0.030143190154881545,0.6059770705804504,0.8447979414629317,0.2999215603523787,0.11715757363189491,0.2679934169867782,0.5103496708952251,0.18102380020153921,0.054663696096771505,0.35626251101915746,0.42707365800907404,0.2908099778048532,0.025780521653615614
evolving,ice,15dogs,38,0.06652222222222216,0.19777777777777775,0.0,0.041396132802855215,0.5177843344772645,0.7673226189550355,0.3856992341961386,0.06690190420947954,0.04656555555555551,0.1384444444444444,0.0,0.028977292961998642,0.6024998657902924,0.8442874545669256,0.2812587507964934,0.11713686322633712,0.2651026860454071,0.50069916707992,0.1778145575984869,0.053509106283100884,0.3586573756133539,0.43007740468748734,0.28671093819988036,0.025767840814386673
evolving,ice,15dogs,39,0.06871111111111107,0.19222222222222218,0.0,0.0422737306172903,0.517381984885849,0.7628369603984149,0.3913815619982494,0.06596019073299093,0.048097777777777725,0.13455555555555548,0.0,0.029591611432103197,0.5941828445799859,0.8469541277436274,0.25656670968339335,0.11930901861161443,0.26546004785023103,0.5109613400371797,0.18949491781621863,0.05374840942058271,0.3575225249552624,0.417834459860531,0.2859221095044995,0.02492622214705065
evolving,ice,15dogs,40,0.06868888888888883,0.19888888888888884,0.0,0.04215063512939776,0.5188835717021203,0.7656587604260616,0.4131588278095991,0.06365983643202751,0.04808222222222217,0.13922222222222216,0.0,0.029505444590578418,0.5920355409118196,0.8394262921766945,0.2576964218565025,0.11851071063320635,0.264589230264081,0.4984891601148478,0.19064630371399655,0.0513872859809552,0.35807779040494525,0.4287478402215396,0.2872739664611858,0.02584199583974599
evolving,ice,15dogs,41,0.06742222222222218,0.19999999999999996,0.0,0.04258199318774078,0.5174168270580193,0.7898355367292242,0.4067924978540545,0.06861088908531171,0.04719555555555552,0.13999999999999993,0.0,0.02980739523141853,0.5963607292988353,0.8561155005345411,0.2597668897871088,0.11688294782225758,0.2649051736607951,0.5185203366304598,0.1881721678217019,0.055907566643942475,0.35819786365601336,0.43165574668694634,0.2855373193439201,0.026749328645341675
evolving,ice,15dogs,42,0.06912222222222217,0.1966666666666666,0.0,0.04294148515130011,0.5176801288419401,0.7644404002446418,0.3931491308056278,0.06645901694018914,0.04838555555555551,0.1376666666666666,0.0,0.030059039605910064,0.5943222704274629,0.8423209249316643,0.2602987584324382,0.11666337268972934,0.2638879800531441,0.5102621188797033,0.18741144527690085,0.05594964476059351,0.3578334530526385,0.42230250470429437,0.2909149688120878,0.025567082365504423
evolving,ice,15dogs,43,0.06852222222222216,0.19666666666666663,0.00111111111111111,0.04238085944045233,0.5141113735447973,0.7571323978528384,0.3958130518873054,0.06537553496212331,0.047965555555555504,0.1376666666666666,0.000777777777777775,0.029666601608316624,0.5976284993984081,0.8337033604005091,0.27922349568133964,0.11342868209457864,0.2614224794647649,0.49439841447249366,0.1890123958280788,0.051015078768219535,0.3578659231964987,0.4259445541252673,0.28815892226468365,0.025741464741156045
evolving,ice,15dogs,44,0.0677444444444444,0.20333333333333328,0.0,0.042035610602574054,0.5187056394802251,0.7571689484670145,0.3966811370521449,0.06649089559527406,0.04742111111111106,0.14233333333333326,0.0,0.029424927421801826,0.5993928400958988,0.8365267521690593,0.2776912310020996,0.11466901553145584,0.26399022057515514,0.48143085082557313,0.18685359334571836,0.05112079258335302,0.35693473957130034,0.42129536708142484,0.2892177340067398,0.02552093937609904
evolving,ice,15dogs,45,0.06708888888888884,0.18999999999999997,0.0,0.04169485953025019,0.5163861294564692,0.7671426437080842,0.39875628709960437,0.06540889878477876,0.04696222222222217,0.13299999999999992,0.0,0.029186401671175134,0.5983636885287751,0.8436664858311298,0.2656380471327396,0.11642540367500545,0.2623812081330303,0.5156838979029026,0.18701953880465044,0.04997882422770943,0.3585116853959359,0.4264435359341917,0.2875194623029023,0.0246543517416654
evolving,ice,15dogs,46,0.06887777777777773,0.18999999999999997,0.0,0.04169698111012039,0.5168360213123163,0.7841168626259944,0.4025987829863559,0.06556642834128482,0.04821444444444438,0.13299999999999995,0.0,0.029187886777084247,0.5966388014018273,0.8356606439317573,0.2764859871622251,0.11472371901778719,0.2630132428128472,0.5084212142250889,0.18931066283396025,0.053035286678409475,0.35795624913542906,0.4239467170961129,0.2825848223436213,0.025339324617792158
evolving,ice,15dogs,47,0.06708888888888884,0.19888888888888884,0.00111111111111111,0.042611741535436606,0.5156634073757368,0.7665555645487849,0.40440865214128374,0.06604266360166601,0.04696222222222217,0.13922222222222216,0.000777777777777775,0.029828219074805613,0.5968858084902992,0.8447938424497753,0.2898526020383163,0.115221012436766,0.26363498153727827,0.505338402992557,0.1889798999493253,0.05394946980424394,0.35812265179392216,0.42627848996630113,0.28790698708928425,0.025493164068037248
evolving,ice,15dogs,48,0.06977777777777772,0.19777777777777772,0.0,0.042747411778617295,0.5149985143762038,0.7727936444030898,0.40091919310554075,0.06583559739528691,0.04884444444444439,0.13844444444444437,0.0,0.029923188245032095,0.6014870142134313,0.832361022480295,0.30685147340123964,0.11217692044189478,0.2624860977526516,0.4984943294630556,0.18527994983579998,0.05224784400811435,0.3584498080081414,0.42779173172382173,0.2950023861281518,0.024454085658157078
evolving,ice,15dogs,49,0.06743333333333326,0.18888888888888883,0.0,0.04155979920543608,0.5161063357372067,0.7838424666857202,0.4011637620354773,0.06342418851270482,0.047203333333333285,0.13222222222222216,0.0,0.029091859443805233,0.5999166174041786,0.8365212806299578,0.27937295520428324,0.11171259684282724,0.26263294189314157,0.5085791847853095,0.1911194301077272,0.05089402582369514,0.35855949285394423,0.42682726903542145,0.2878008369372905,0.02548913077518363
evolving,ice,15dogs,50,0.06585555555555549,0.19222222222222216,0.0,0.041580474241748495,0.516155190293761,0.7705049424850725,0.3992968991300011,0.06342603819348186,0.04609888888888883,0.13455555555555548,0.0,0.029106331969223926,0.597122693973441,0.8265598033262649,0.28154866694755326,0.10970023799819976,0.26256511700624435,0.49456650406963193,0.19020110243418098,0.050360568708858654,0.359228230867347,0.42571631769545987,0.2900610276411062,0.024561221757269144
evolving,ice,15dogs,51,0.06979999999999995,0.20777777777777776,0.0,0.043724581704558896,0.5146166945847613,0.7592242289360928,0.39950209253107405,0.06221628063275465,0.048859999999999945,0.14544444444444438,0.0,0.030607207193191193,0.5951282636037151,0.8272219750050818,0.2764058611757364,0.11003488526632228,0.26322559384601985,0.5111224071733894,0.19278570545187151,0.05075043104124886,0.3589115281777303,0.4294533801390418,0.2885385009692083,0.025677204019088212
evolving,ice,15dogs,52,0.06973333333333329,0.18888888888888883,0.0,0.04204950650665422,0.5150205002536388,0.7605247128387699,0.40055212839372933,0.060931867724855406,0.04881333333333328,0.13222222222222216,0.0,0.029434654554657942,0.5964804442135281,0.8231253714883895,0.2734495059164456,0.11176241099387507,0.26433634467259337,0.5028685451201566,0.18911193072068674,0.048934177735578274,0.35939361378116946,0.42971760302258677,0.29378108244749945,0.024553567958048354
evolving,ice,15dogs,53,0.06696666666666662,0.20777777777777776,0.0,0.04370801254804679,0.5152141590099275,0.7806883247556059,0.40696886433816803,0.0647508545549219,0.04687666666666661,0.14544444444444438,0.0,0.03059560878363274,0.5937703965454877,0.8276929584136429,0.29182108622068126,0.11180145410745188,0.26276564027628324,0.5114251366948634,0.18946839402464163,0.05195507845454134,0.35818639855416623,0.4285716257891282,0.28543395679205047,0.025309132972627612
evolving,ice,15dogs,54,0.06982222222222215,0.1966666666666666,0.00111111111111111,0.04187171042540977,0.5146655371957211,0.7536032684180535,0.4057942229335544,0.0597315106305896,0.0488755555555555,0.1376666666666666,0.000777777777777775,0.029310197297786823,0.5992840756599712,0.8359078225759031,0.2683756093088103,0.11075049409117774,0.26146955148339723,0.49490025317972786,0.18600544274125022,0.04851909180748586,0.3588858835792234,0.4265972830338908,0.2867409354646689,0.024645537391643685
evolving,ice,15dogs,55,0.0690444444444444,0.1944444444444444,0.0,0.042295688307159664,0.5148447127754352,0.7746204738271841,0.40257908787996727,0.06236619128988389,0.04833111111111105,0.13611111111111104,0.0,0.02960698181501175,0.5993702921786841,0.8363277363591903,0.2853811811830768,0.11007988355409906,0.26211960645656496,0.4957627068842587,0.18700053902409372,0.04848955746222457,0.3582308659025458,0.43090421127723183,0.2862426142547521,0.024963586913655744
evolving,ice,15dogs,56,0.06856666666666662,0.18666666666666662,0.00111111111111111,0.04118599395429681,0.5161007268748847,0.7485193069945978,0.4063902135292544,0.05916806453748524,0.04799666666666662,0.1306666666666666,0.000777777777777775,0.028830195768007733,0.5999532533624062,0.823623885935217,0.28326770934375356,0.10993562602758755,0.26200101946807647,0.478649590104064,0.19073597074708368,0.047265119905376816,0.35883189492799283,0.4277363855545289,0.292876849599727,0.024681720468064206
evolving,ice,15dogs,57,0.06906666666666661,0.20111111111111107,0.0,0.04310736786138196,0.5124214847341537,0.7716461685457167,0.39957138178265145,0.060010355320279075,0.04834666666666662,0.14077777777777772,0.0,0.03017515750296735,0.5996998946196215,0.8352661914812354,0.2981173944825605,0.11161033588344886,0.2591314160565874,0.47449048367566454,0.18734552642757799,0.04505815704788617,0.3606123146662407,0.42641713802146075,0.29343213833190696,0.02392869722790362
evolving,ice,15dogs,58,0.06797777777777772,0.20333333333333328,0.0,0.04224520484312371,0.5138973381546886,0.7544096510634464,0.4022262795274079,0.059196646139542196,0.047584444444444395,0.14233333333333326,0.0,0.029571643390186586,0.6006785473012818,0.834269328792373,0.29054177562160416,0.1130821554138457,0.2608630670800253,0.4774376429913281,0.18819448832348826,0.04548569880563351,0.3596101790103502,0.424829332912235,0.2931568929643832,0.024034241087661952
evolving,ice,15dogs,59,0.06912222222222217,0.2077777777777777,0.0,0.04419175347775923,0.517173674979069,0.7773708085900917,0.40153365520888357,0.06883238762960461,0.0483855555555555,0.14544444444444438,0.0,0.030934227434431433,0.5979449928568726,0.8424623762417074,0.28226661177568657,0.1166160567101047,0.2656566764258827,0.5147543602288261,0.1875724763642332,0.055177297562676975,0.35857033623222767,0.4252494768116183,0.28589019109747416,0.026253057272094416
evolving,ice,15dogs,60,0.06766666666666662,0.20888888888888885,0.0,0.04363345969333092,0.5182008264413931,0.7769466998384092,0.40396560480143506,0.0663135906971557,0.04736666666666661,0.14622222222222217,0.0,0.030543421785331627,0.5946269869996712,0.8461839917981806,0.2865726225424266,0.11904389534306561,0.26562761315019856,0.5020931102596806,0.18576770297023598,0.053020674735413276,0.3590318839883613,0.4279465796776676,0.28820479214158234,0.026071644246029663
evolving,ice,15dogs,61,0.06838888888888885,0.20555555555555555,0.00111111111111111,0.043466633591104475,0.5184168247706862,0.7823617724600058,0.40166197309134954,0.06548094276491258,0.04787222222222216,0.14388888888888882,0.000777777777777775,0.03042664351377312,0.5875624216456523,0.8304799048377894,0.2874090152160538,0.11543455025557489,0.2657550834023908,0.5218114817428257,0.19160090011747152,0.054908639861876454,0.3581612800321312,0.42779095951582624,0.2861807741131983,0.025257682343849307
evolving,ice,15dogs,62,0.0687555555555555,0.20111111111111107,0.0,0.042993955637790626,0.5197558636699802,0.7611208342218208,0.39785014651313333,0.06425481082751754,0.048128888888888846,0.14077777777777772,0.0,0.030095768946453418,0.5874146141319099,0.8297528295376463,0.2796808990785228,0.11662740688700404,0.26601750839499644,0.4965680250805019,0.19007844034800872,0.05144560990857072,0.35778303786348653,0.4259177911593174,0.2911822697931601,0.025474474135548264
evolving,ice,15dogs,63,0.06732222222222217,0.1866666666666666,0.0,0.04047379070895669,0.5207855113386639,0.7951251262769051,0.4057969200324096,0.06590659768316828,0.04712555555555552,0.1306666666666666,0.0,0.028331653496269666,0.5849505008704942,0.8252622705587169,0.28483121009993684,0.11358601226454515,0.2660995549023374,0.5135992176634564,0.18906931058569595,0.05385954646851328,0.35783231695574647,0.427894518264169,0.28525427622292665,0.026269145698653774
evolving,ice,15dogs,64,0.06749999999999994,0.19111111111111106,0.0,0.04182561180607196,0.5190019895581643,0.7742901447285382,0.40564981820332974,0.06384163415948306,0.047249999999999945,0.13377777777777772,0.0,0.029277928264250352,0.5924414110903864,0.8336856826021796,0.27526415735207366,0.11609906503326714,0.26496070973397884,0.4978742480349115,0.18962874622508966,0.052325720674363016,0.35815872487222555,0.4268030199594328,0.28380352405393794,0.02499018042568532
evolving,ice,15dogs,65,0.06792222222222215,0.19999999999999996,0.0,0.042045114758801246,0.5197946238949401,0.7769859205260959,0.40011534099595847,0.06613787502752946,0.0475455555555555,0.13999999999999996,0.0,0.029431580331160855,0.5986029773719408,0.8324322552740652,0.280443648537572,0.11677099775953434,0.26331909226121847,0.5076177568980074,0.19436144327732638,0.05433632150491392,0.35753620440950684,0.42170133362350637,0.2901812718031357,0.025234573844550502
evolving,ice,15dogs,66,0.06506666666666662,0.20333333333333328,0.0,0.04176795536483622,0.5200584938158606,0.7768888600621627,0.40561625354164343,0.06506641992078768,0.045546666666666624,0.14233333333333326,0.0,0.02923756875538534,0.5924083352339066,0.8292264360907469,0.2701359761417842,0.11798942354164717,0.26410320473309123,0.5071804054371178,0.18786737661939348,0.054345251508272664,0.35819284040193,0.42835661284253596,0.28559300728012615,0.02559351430363708
evolving,ice,15dogs,67,0.0689555555555555,0.1966666666666666,0.0,0.0420145425604056,0.5166795023361825,0.7555274590273351,0.4028885621676454,0.06340431671732749,0.04826888888888883,0.1376666666666666,0.0,0.029410179792283907,0.5954891009791676,0.8291095188493331,0.2888331505250203,0.11352198693806152,0.2630103561955892,0.48029837635556205,0.1877535422803589,0.051251489252318636,0.35874421993987565,0.426390316041285,0.28628675141341253,0.02550515712702548
evolving,ice,15dogs,68,0.06798888888888883,0.2033333333333333,0.0,0.0423466548839426,0.5155191840250897,0.7756134827772614,0.40298004728165865,0.06131400504227893,0.04759222222222218,0.14233333333333326,0.0,0.029642658418759803,0.5950140369019383,0.839668582038124,0.28581353266890863,0.11498859748733874,0.26284204917664933,0.5211978215962859,0.18721808421915587,0.053218939792247656,0.3580334877621953,0.4299837878185926,0.28930520743824834,0.024811088196928646
evolving,ice,15dogs,69,0.06776666666666661,0.19222222222222218,0.0,0.04191589889387589,0.5145302874845288,0.7613076754600201,0.40469654228695473,0.05682962543285021,0.04743666666666661,0.13455555555555548,0.0,0.029341129225713115,0.5950436410384063,0.8268160706371587,0.27700605538600476,0.11335360233943445,0.2594159674833121,0.5029698909452412,0.1926665912503766,0.046533300404333476,0.3586740810260346,0.4295026399339923,0.29039256444872735,0.02513012996218948
evolving,ice,15dogs,70,0.06795555555555549,0.19777777777777772,0.00111111111111111,0.0421961526478664,0.5142742218666401,0.7831279233667745,0.3983502729910334,0.06254388018631112,0.047568888888888834,0.13844444444444437,0.000777777777777775,0.029537306853506456,0.5960855253223177,0.8180456122409036,0.2845600935334202,0.10952614913279868,0.25948103358028923,0.5296576298735449,0.18974646064664305,0.05194498043109856,0.3579390603642633,0.42760563823274095,0.28825829211592857,0.02532676191249466
evolving,ice,15dogs,71,0.0692444444444444,0.20222222222222216,0.0,0.04246484147998112,0.5153131952899569,0.7811939989143173,0.4025280477987483,0.06205106326944578,0.04847111111111106,0.1415555555555555,0.0,0.02972538903598677,0.5960807819283275,0.8221317673999504,0.2822610302759273,0.11050886057074985,0.2614751777158336,0.5093206433273596,0.19159134218017576,0.04974829925556062,0.3572943422111536,0.4217889170350353,0.29071262676505255,0.024086232556396775
evolving,ice,15dogs,72,0.06792222222222218,0.1966666666666666,0.00111111111111111,0.0423922522365587,0.5186055043057698,0.7615469737117977,0.40575939719276366,0.06275605814368074,0.0475455555555555,0.1376666666666666,0.000777777777777775,0.02967457656559106,0.5929782854855261,0.8207518847083957,0.29251097937362985,0.10815428812002108,0.261241380274973,0.487635223857557,0.189412390759998,0.050908474373174306,0.35811959367593543,0.43212967221136267,0.2887500328097884,0.024752154710420915
evolving,ice,15dogs,73,0.06797777777777772,0.18888888888888886,0.00111111111111111,0.04186127382448592,0.5165957870148065,0.7590280928584978,0.4026242793761849,0.05965447823783745,0.04758444444444439,0.13222222222222216,0.000777777777777775,0.02930289167714013,0.5971409593790679,0.8387989552047455,0.2927025885919444,0.10875709891438537,0.26075722443902755,0.4929810991135238,0.18968657199329905,0.047789104635390725,0.3571218558642789,0.42534646262756787,0.28952268470079356,0.025194717500853704
evolving,ice,15dogs,74,0.06783333333333327,0.20666666666666664,0.0,0.0429234369372471,0.5160675248771623,0.7366689993949193,0.40410295140149366,0.05647937494190497,0.04748333333333328,0.14466666666666658,0.0,0.030046405856072954,0.6030737257906135,0.8414142762613338,0.3012457008315444,0.10803395057049214,0.2602325583334849,0.4716247288095839,0.18967756690471912,0.043108863267168854,0.35766385435335035,0.4263193961524981,0.29959352246730153,0.023802916002872345
evolving,ice,15dogs,75,0.06793333333333328,0.19777777777777772,0.0,0.04160835116617211,0.517335595411671,0.7752967109438097,0.3962094018768656,0.06280946863523432,0.04755333333333329,0.13844444444444437,0.0,0.029125845816320467,0.6035866916214496,0.8406631997527519,0.29752435985180004,0.10924017730111346,0.26056670564462847,0.5170515155547565,0.19077325157083347,0.050834852455683185,0.3580849901627298,0.42633570734234,0.2841660199982544,0.025690431267333974
evolving,ice,15dogs,76,0.06802222222222218,0.20222222222222216,0.0,0.04308339734582163,0.5170544300262844,0.7762023534521327,0.40003452816379087,0.06083404297875498,0.04761555555555551,0.1415555555555555,0.0,0.030158378142075132,0.6091303862298354,0.8467791731123814,0.3050862333390208,0.10990598422140471,0.2602137759033835,0.5000256580109256,0.19326160513872834,0.04669477259871775,0.3580669222664041,0.4264612191173011,0.2890512982679403,0.02468132079746404
evolving,ice,15dogs,77,0.06721111111111107,0.19111111111111106,0.00111111111111111,0.041466097706374175,0.5185954704767572,0.7735137051895888,0.40099963989247656,0.06445989498848213,0.04704777777777773,0.13377777777777772,0.000777777777777775,0.029026268394461895,0.6061107767135947,0.833965570840667,0.2897473652093946,0.10800799328524588,0.2623866967139131,0.524916618201873,0.19062667398948638,0.05263589953148384,0.35703267496615976,0.4224873643100441,0.2855207346286953,0.02517700001990607
evolving,ice,15dogs,78,0.0681777777777777,0.20444444444444443,0.0,0.04226693427765648,0.5202294232033384,0.7792314999548646,0.4026429007792422,0.06603458226069486,0.04772444444444439,0.14311111111111102,0.0,0.029586853994359515,0.6024764906050615,0.8352893476765649,0.2821548566387272,0.10959093587640019,0.2636176672974559,0.5071509051309049,0.19175198788610442,0.053899548682431075,0.35685923752443205,0.4211774151877369,0.28703572051033494,0.02538627206667963
evolving,ice,15dogs,79,0.06878888888888883,0.20111111111111107,0.0,0.042461037422340406,0.5195475990677518,0.7683124873877445,0.4021529327979472,0.06178869331912194,0.048152222222222166,0.14077777777777772,0.0,0.029722726195638267,0.6084837099924356,0.852353315140513,0.3026808471602318,0.112068946818161,0.26192251817963175,0.5072849232302662,0.1871333126541032,0.049144614745994956,0.3584338424023436,0.42531011394400614,0.2897569312373486,0.025097820724859537
evolving,ice,15dogs,80,0.06781111111111107,0.19111111111111106,0.0,0.041585186582828546,0.5176607207364319,0.7533366681358977,0.3969888964703455,0.05855703746992143,0.047467777777777734,0.13377777777777772,0.0,0.02910963060797996,0.6061166223128478,0.8383535181955123,0.3095125606859573,0.10812501782212494,0.26081883431064573,0.4874188597787664,0.18898707223311828,0.04591655810342167,0.3574007263005369,0.4251521715569465,0.29082076791618655,0.024224992263828217
evolving,ice,15dogs,81,0.06787777777777773,0.20999999999999996,0.0,0.04297523912898425,0.5175061510100659,0.7830639687347458,0.4054848211977166,0.06415560578590611,0.04751444444444438,0.14699999999999994,0.0,0.030082667390288954,0.6091518124849571,0.8441239240779665,0.2965380337001499,0.11160612272779494,0.2611653116237141,0.5235386581130822,0.1874470005596354,0.051444854560201314,0.35751739825701595,0.42302965020907807,0.28702059904332056,0.02499060764300277
evolving,ice,15dogs,82,0.06663333333333328,0.18777777777777774,0.0,0.04072054496247733,0.5178883598752804,0.7637491058610184,0.40892808549422377,0.06200491472076193,0.04664333333333328,0.1314444444444444,0.0,0.02850438147373412,0.6113830999427394,0.8375021076073701,0.2792433793847553,0.11270217363188517,0.2607461472550918,0.5112469833935734,0.19350891113632793,0.04859576942315168,0.35759125455529933,0.42579032457957283,0.28969657004026966,0.024581535114987355
evolving,ice,15dogs,83,0.06899999999999995,0.1966666666666666,0.0,0.04219417824795321,0.5174851946016669,0.7634270568649542,0.40332252416194053,0.06130237498935061,0.04829999999999994,0.13766666666666663,0.0,0.02953592477356723,0.6077058503431425,0.832321349075045,0.29732540945021746,0.11106976594482847,0.25969133890932145,0.48229924741046065,0.18617759390872113,0.04722449599662236,0.3569778012907121,0.42376207095233936,0.2903668758674246,0.02490641568853094
evolving,ice,15dogs,84,0.06823333333333327,0.1944444444444444,0.0,0.04231189695299427,0.5163294442566668,0.7776928873925975,0.39501186431980406,0.06570387584484287,0.04776333333333328,0.13611111111111104,0.0,0.02961832786709596,0.6022563395574687,0.8390429312745777,0.297618294362918,0.1112393997420035,0.2599117316092396,0.5043512051638533,0.1896128034791709,0.04975847761108863,0.35925204160650653,0.4267288817047158,0.29161000715232516,0.024950258122886072
evolving,ice,15dogs,85,0.06842222222222216,0.19111111111111106,0.0,0.042098948505517576,0.5209006590766847,0.7925949879716134,0.4055005480501297,0.0663976819186202,0.047895555555555504,0.13377777777777772,0.0,0.02946926395386229,0.6032506422928848,0.8326341041061918,0.289889413132873,0.11139708878738705,0.2622889149614639,0.5298693182955053,0.19042643145601576,0.05324870037859105,0.35752840214376297,0.42973246074001326,0.290237295783161,0.02568782715843208
evolving,ice,15dogs,86,0.07072222222222216,0.20777777777777776,0.0,0.04287096898761999,0.5198476177529913,0.7740459310467138,0.40929389287225104,0.06392071271816821,0.049505555555555504,0.1454444444444444,0.0,0.03000967829133397,0.5924657952039054,0.8238671335446652,0.29237129540341605,0.11368278478917493,0.2605831991438034,0.5205497636175543,0.1872291674450311,0.0509249326707373,0.3573051265601619,0.42616557660759974,0.29051750081075556,0.025300613393763806
evolving,ice,15dogs,87,0.06816666666666663,0.20444444444444437,0.0,0.042238009444245335,0.5221230195024777,0.7921474471543983,0.40870713150214194,0.06734252864305905,0.04771666666666663,0.14311111111111105,0.0,0.02956660661097172,0.5906319650110905,0.8239323215986891,0.2616322709641724,0.11851677293439729,0.26333131270008,0.535187504774313,0.19107795871251668,0.056150015585813604,0.3571057420789329,0.4310955555361399,0.2843530278789642,0.02638381428191299
evolving,ice,15dogs,88,0.06954444444444438,0.18999999999999997,0.0,0.0412094515493618,0.5195474442137873,0.741425391924285,0.4020160561713612,0.061029949065693,0.04868111111111106,0.13299999999999995,0.0,0.028846616084553245,0.5912799342323203,0.8239059333263826,0.28156625353002485,0.1148222046126485,0.26111753552853706,0.46515428172688295,0.19060736576402543,0.047449664898181906,0.3586997038828217,0.4305658351141429,0.2950175205021622,0.0253783615536644
evolving,ice,15dogs,89,0.06597777777777772,0.20111111111111107,0.0,0.041562356962974285,0.5209399115428439,0.7620395668115743,0.4053610995230148,0.06470428744508978,0.04618444444444438,0.14077777777777772,0.0,0.02909364987408199,0.5898800712210082,0.8279818220113514,0.2705782877159738,0.11875345053752444,0.26124040005551213,0.5004622691008528,0.1891436907078938,0.05138589204693952,0.35754725695356104,0.4239776203410403,0.2835376191894531,0.02523765238774973
evolving,ice,15dogs,90,0.06584444444444439,0.1944444444444444,0.0,0.04211071288885437,0.5186565909692546,0.7772631188745495,0.4000382696134538,0.06347267294800864,0.04609111111111107,0.13611111111111104,0.0,0.02947749902219804,0.5908936056290581,0.8424536180265975,0.26962759125079094,0.11913565946226753,0.2604810229141492,0.5085376180831175,0.19188054357852521,0.04990383941339673,0.35785503397718627,0.4224108665387572,0.2884300462743075,0.02492623227721217
evolving,ice,15dogs,91,0.06693333333333326,0.20222222222222216,0.00111111111111111,0.042411146031584225,0.5147367147425193,0.7424979988196933,0.4031982505769734,0.05818310392629432,0.04685333333333328,0.1415555555555555,0.000777777777777775,0.029687802222108935,0.5991444942511224,0.8396039052195702,0.2928105814216735,0.11598248414129289,0.2587163770183468,0.49544940953454086,0.187374910327721,0.04734909293768618,0.3588994285862563,0.42728659891301124,0.28953913473138876,0.0250820929266899
evolving,ice,15dogs,92,0.06723333333333328,0.19999999999999996,0.0,0.042066596679187454,0.515832523407013,0.7627670706751887,0.40681922220603983,0.05864880586694191,0.04706333333333329,0.13999999999999993,0.0,0.02944661767543119,0.6026291550306737,0.8281565685418135,0.29509450941937493,0.11244973830194653,0.2584333042928159,0.4756705085235116,0.18935585019863965,0.045361326800440686,0.35824815813637795,0.42440110424342564,0.29270958880457126,0.024753892066845914
evolving,ice,15dogs,93,0.0681444444444444,0.19222222222222218,0.0,0.04104484873245275,0.5160829592008951,0.7424118626559439,0.40538827041873954,0.05889607586391612,0.04770111111111107,0.13455555555555548,0.0,0.028731394112716906,0.603295547844656,0.833131576611061,0.29104881138456373,0.11159200033527683,0.2597099108541706,0.4827668086027061,0.18982153527814333,0.04655199221317051,0.35834536859370025,0.42546820746117564,0.29068261870354767,0.024580648555276335
evolving,ice,15dogs,94,0.06784444444444439,0.1955555555555555,0.0,0.04289954410028677,0.516607390281733,0.7516164247122974,0.40738787954540234,0.059377659042860756,0.04749111111111105,0.1368888888888888,0.0,0.03002968087020073,0.6094031887038275,0.8572001528456825,0.3058678809002368,0.11107321202190197,0.25967191941419726,0.4976766593862587,0.1917993739246522,0.04587463220244534,0.3568386886987876,0.4274823040833004,0.28784662352619034,0.024729440846117865
evolving,ice,15dogs,95,0.06884444444444439,0.1966666666666666,0.0,0.04229737504393756,0.5177439316788596,0.7721585486298628,0.4076370704479128,0.06137293343521172,0.04819111111111106,0.1376666666666666,0.0,0.029608162530756276,0.6079738665871876,0.8369538538290934,0.2950994994005744,0.11060589630553572,0.26015377493739106,0.4943451661617204,0.18973268953512493,0.047442892421135835,0.35789404404257424,0.4270835802630047,0.28565620238106315,0.024224037355943397
evolving,ice,15dogs,96,0.06838888888888883,0.20222222222222216,0.0,0.04234767919963104,0.5169046688953649,0.7534109419590445,0.401114892475678,0.060270475402568434,0.04787222222222216,0.1415555555555555,0.0,0.029643375439741715,0.6056956107657367,0.8440724118812313,0.30788083233972274,0.11006806177173348,0.26098574784025436,0.47814755847386214,0.19004255015255483,0.04658982128303748,0.35811781576882556,0.4232311276803042,0.2879988328446698,0.024302803274273387
evolving,ice,15dogs,97,0.07055555555555551,0.20444444444444443,0.0,0.04386291306678889,0.5174241951751247,0.7774822007811588,0.4047058684691878,0.0620160079967345,0.04938888888888884,0.14311111111111105,0.0,0.030704039146752217,0.6081395160887291,0.8461859688620121,0.30094237880081437,0.11073403549351477,0.26004421800275374,0.48111444789978053,0.19065483010934814,0.0471265544382659,0.35710600596937997,0.42160720377904715,0.29254018877742083,0.02472912036957705
evolving,ice,15dogs,98,0.0695666666666666,0.20111111111111107,0.0,0.042161354483508724,0.5137658312988497,0.7811809671486681,0.3982332027196952,0.06344668812267845,0.048696666666666624,0.14077777777777772,0.0,0.029512948138456098,0.6092758356781294,0.8383286628011897,0.2982179524740106,0.10899268193983391,0.2589192539059036,0.4931830183939375,0.18705789282115518,0.04932604279621306,0.35729125193291517,0.4167494317723556,0.28863098357146544,0.02398760075487056
evolving,ice,15dogs,99,0.06947777777777772,0.20333333333333328,0.00111111111111111,0.04332129879528869,0.5166587762181145,0.7704705995045624,0.40069290414059583,0.0654130714382412,0.04863444444444441,0.14233333333333326,0.000777777777777775,0.03032490915670206,0.605684673868533,0.8413077701867857,0.33318438567288833,0.10569670313187858,0.26020696532434723,0.49183255670854437,0.19186529814648842,0.05157702258571619,0.3580285880545918,0.4271729707613037,0.28537268443553465,0.025550578032478094
evolving,ice,15dogs,100,0.06711111111111105,0.19777777777777775,0.0,0.04217662938385703,0.5163928730147559,0.7630722448429473,0.3992625248224607,0.0644734002561061,0.04697777777777771,0.13844444444444437,0.0,0.02952364056869991,0.6055953347343834,0.8361583742404841,0.3166419759232044,0.11015435643021561,0.2611906418533319,0.49315968801349436,0.18986053500113798,0.050124608834429776,0.3567961356563229,0.42461071317076166,0.2860593509093462,0.025016081352212755
evolving,ice,20dogs,1,0.03856666666666663,0.1833333333333333,0.0,0.039679046208329155,0.6408558692189352,0.8027075035859381,0.30131440813333565,0.09077925614350893,0.02699666666666663,0.12833333333333327,0.0,0.027775332345830395,0.49388959999314686,0.8384911091305595,0.13364343346294952,0.1553972216263522,0.4937923712965847,0.8056742982555545,0.11171945458034031,0.1265844413231088,0.3754563854265937,0.4887792840073285,0.3016885120927958,0.03667033036392569
evolving,ice,20dogs,2,0.042799999999999956,0.19999999999999996,0.0,0.044025954454925374,0.6281854187107283,0.7960806500349429,0.2978736947614076,0.09888633330589043,0.029959999999999952,0.13999999999999993,0.0,0.03081816811844774,0.49904001329960285,0.8319670453419008,0.15306509048882483,0.1503857356618372,0.4549570263914922,0.7400494208970703,0.11261782389477445,0.12776076119192847,0.37547582295018345,0.4818919649445629,0.3048817734423157,0.03571646617579284
evolving,ice,20dogs,3,0.04744999999999995,0.1983333333333333,0.0,0.04572618181468342,0.6115148102815129,0.7897433146318051,0.2848224347339767,0.10838944221525611,0.033214999999999946,0.13883333333333325,0.0,0.03200832727027837,0.5124796381179506,0.8503351534139625,0.1590561935180645,0.1488084749778587,0.41929995260003194,0.6861051756532468,0.10710563804961903,0.13115601488117018,0.379254307982725,0.48123127682881545,0.3095196508465494,0.036335105598804415
evolving,ice,20dogs,4,0.05293333333333329,0.1983333333333333,0.0,0.04738049773654993,0.5946512756309609,0.778609095095302,0.2793450572568318,0.11356796009213806,0.037053333333333285,0.13883333333333325,0.0,0.03316634841558493,0.5205676052376836,0.8666402358304177,0.156439480354233,0.15046257188930365,0.38855155180072737,0.6564278750144024,0.09797114967449888,0.13245226182606917,0.3795343453684813,0.47274531657756586,0.30810391612934035,0.034253447745129104
evolving,ice,20dogs,5,0.060816666666666616,0.24333333333333332,0.0,0.05120287427997805,0.5676639507774437,0.7763150382612286,0.27279304138916094,0.11854410277736169,0.04257166666666661,0.17033333333333328,0.0,0.035842011995984614,0.5375304898662236,0.8582170845338581,0.16867022414643199,0.1464293400503918,0.34847000406808637,0.618401040158829,0.09458317161980805,0.13015295040902417,0.3837461822798723,0.47238749857351203,0.30840172894746165,0.03553712251229347
evolving,ice,20dogs,6,0.06628333333333328,0.22666666666666663,0.0,0.051929827775934176,0.5448179482241614,0.7699762076834,0.28245946589871057,0.11734851040259235,0.04639833333333328,0.1586666666666666,0.0,0.0363508794431539,0.5446105440419633,0.8355854258145771,0.1869398501773631,0.1395525589489392,0.31775752872555624,0.603237833792385,0.10158686730623034,0.12157300387326671,0.3881476722580156,0.47706201130244963,0.31056431810830265,0.035066840429405575
evolving,ice,20dogs,7,0.07269999999999996,0.24,0.0,0.055010324153287785,0.5288107222409465,0.7493484684932088,0.2843425427534545,0.11226206432629855,0.050889999999999956,0.16799999999999995,0.0,0.03850722690730143,0.5526362748220721,0.8390498210112904,0.20182223085451972,0.13525165085895058,0.2961785300916262,0.5847206989542003,0.10017863929410557,0.11225771973110801,0.3897415023127,0.481885384602686,0.31505025997750524,0.03390109131468487
evolving,ice,20dogs,8,0.07751666666666661,0.26499999999999996,0.0,0.056832419491989916,0.51579666562067,0.7470252636032146,0.2852803877024892,0.10647072838708857,0.05426166666666661,0.18549999999999994,0.0,0.03978269364439292,0.5570981453763242,0.8445522800685208,0.22697915405364877,0.13021758028791622,0.2783524542409742,0.5644711792665269,0.10711065774372393,0.1050040781035571,0.3908065501063604,0.47922958262814513,0.3143629246669362,0.033774003814880674
evolving,ice,20dogs,9,0.08154999999999993,0.255,0.0,0.056424890796832904,0.5006290682902848,0.7376002531809582,0.2941193340999454,0.0995750703512216,0.057084999999999955,0.17849999999999994,0.0,0.03949742355778301,0.5641305462454875,0.8429323849402941,0.23308325429631016,0.12902611499617192,0.2599332194367844,0.5449186849602168,0.10767058414139515,0.09130167982005827,0.3934850095702644,0.4725550604800318,0.3187004997956624,0.031167394257229347
evolving,ice,20dogs,10,0.08584999999999995,0.2716666666666666,0.0,0.058035527990981106,0.4945088683308758,0.7384911434219735,0.3034064400901723,0.09604004722336107,0.060094999999999954,0.1901666666666666,0.0,0.04062486959368676,0.5700695164924535,0.8424978991408307,0.2310599690391979,0.12627807142277583,0.25221668417788884,0.5305898963528152,0.11325955176031596,0.08387866762074818,0.3934583131766817,0.4742906083077815,0.3231270768350172,0.03001993010354696
evolving,ice,20dogs,11,0.09043333333333327,0.2733333333333333,0.0,0.05998569292535566,0.48035244826909934,0.7050807743479952,0.3038027053652942,0.08442362745251007,0.06330333333333328,0.19133333333333327,0.0,0.04198998504774894,0.5747260473564606,0.8442597610158797,0.24906358918473423,0.1234780240859189,0.24141954943566168,0.49044213072712645,0.11844058174197787,0.07335326234444031,0.3953074393512611,0.4715501538380492,0.32137244550715116,0.029317170057378363
evolving,ice,20dogs,12,0.09288333333333329,0.2633333333333333,0.0,0.05704824745558146,0.47459481374835083,0.7054243919903962,0.3107794444471858,0.08197744359779077,0.06501833333333328,0.18433333333333327,0.0,0.039933773218906995,0.5811267450056473,0.8476641744910116,0.2628275254954194,0.12209129447785168,0.23854523784694348,0.5053527814473397,0.11994969097181836,0.07243140808658272,0.3941276106609676,0.47057750327904396,0.3246341214797369,0.02918953789476913
evolving,ice,20dogs,13,0.09341666666666662,0.265,0.0,0.05863876459012032,0.4736233839284686,0.7111555035223567,0.3050616832312336,0.07914189161815696,0.06539166666666663,0.18549999999999994,0.0,0.04104713521308419,0.5762608533202107,0.8322957622452052,0.2484722052079184,0.12229572216666633,0.23620002730019002,0.5008717635970977,0.1223316707417385,0.06986604794282399,0.39501815729391815,0.47055011709747135,0.325625907832896,0.028451324773525473
evolving,ice,20dogs,14,0.09374999999999994,0.2616666666666666,0.0,0.05928112025219754,0.46636806362006045,0.6807278392854825,0.3148297601143394,0.07144723274750994,0.06562499999999993,0.1831666666666666,0.0,0.04149678417653825,0.5843266282184322,0.8510434781015863,0.26716630384154144,0.12213852203945226,0.23023169280455505,0.4779856413117544,0.1270290670745116,0.06115408199621131,0.39616631901309673,0.46825319221104145,0.32091147789485414,0.027598217541545622
evolving,ice,20dogs,15,0.09621666666666663,0.2683333333333333,0.0,0.05981564118404176,0.4632919698509353,0.6971313065859261,0.3256496552908398,0.07003205524363106,0.06735166666666662,0.18783333333333327,0.0,0.04187094882882921,0.5842387441556763,0.8549781850678094,0.2480720147553531,0.12465031352286171,0.2274599628537543,0.47181154493372457,0.1267978681337071,0.05875420312179293,0.3971773117189422,0.4687450062599609,0.3320424195714237,0.026608095966689442
evolving,ice,20dogs,16,0.09698333333333328,0.25999999999999995,0.0,0.058867791972098814,0.4630063445368622,0.6912413499464491,0.3208378293921506,0.07046835584908276,0.06788833333333329,0.18199999999999994,0.0,0.04120745438046916,0.5789029477068166,0.8618172904870637,0.24699456364042516,0.12990736023417726,0.2278811818338861,0.47150063634090944,0.12740946781558724,0.05985640952531559,0.39812295619616456,0.46773318748810455,0.3258978499173818,0.027885954786115098
evolving,ice,20dogs,17,0.0956166666666666,0.2866666666666666,0.0,0.061927709651122174,0.46429234222262944,0.7170361136655463,0.33154969093144615,0.07447716794969314,0.06693166666666663,0.2006666666666666,0.0,0.043349396755785516,0.5770036250169491,0.8386902640605879,0.255097093831256,0.12739632338884893,0.22870715263174873,0.5110784701115562,0.13213876070177988,0.06810552140264606,0.39801501980601917,0.47654743020446266,0.3221115259279681,0.028811236376971673
evolving,ice,20dogs,18,0.09704999999999994,0.2716666666666666,0.0,0.058289183161477055,0.4623529291488665,0.7117740811328247,0.3143401007395711,0.07385901415460337,0.06793499999999997,0.1901666666666666,0.0,0.04080242821303392,0.5735685096517215,0.8440319789362674,0.2536778601959004,0.12591407162395746,0.22813121791509058,0.5103826193943538,0.12444546730546786,0.06681856922662113,0.3967320577589981,0.47221002587604455,0.32514575460905354,0.027717573652816185
evolving,ice,20dogs,19,0.09893333333333328,0.27999999999999997,0.0,0.06055922217287415,0.46119692077409163,0.7085741255451563,0.3276373323204487,0.06991089233006079,0.06925333333333328,0.19599999999999992,0.0,0.04239145552101188,0.5742220079696492,0.840894994317296,0.24413818478659755,0.12526970621717104,0.22587807574201474,0.49620093085546113,0.13155681012157378,0.06148519369737069,0.3974996778918488,0.47046076284198246,0.32106488285221185,0.027837295710014233
evolving,ice,20dogs,20,0.09554999999999995,0.2683333333333333,0.0016666666666666648,0.05879954422536164,0.4582028716627331,0.6958393907420893,0.3307177986725724,0.06900082051631315,0.06688499999999994,0.18783333333333327,0.001166666666666665,0.041159680957753145,0.5752308591010821,0.8469436353683426,0.25482811116656856,0.12488958644624193,0.22307439001838056,0.5029714105026113,0.13144498296721233,0.06147367281098661,0.39799591712260984,0.4735502664368064,0.3261881456782855,0.028184619056066385
evolving,ice,20dogs,21,0.0947333333333333,0.2683333333333333,0.0016666666666666648,0.05767455153447384,0.45858408219683017,0.7209198708956609,0.33143129401499644,0.06695794715840532,0.0663133333333333,0.18783333333333327,0.001166666666666665,0.040372186074131663,0.5724143455528725,0.854251532977441,0.2400929126081109,0.12300644011737745,0.22239087380190617,0.5328284047599393,0.13269657322056286,0.061146598301600144,0.39841381348644833,0.47297534650210904,0.3261138480319145,0.02702953448032529
evolving,ice,20dogs,22,0.09703333333333329,0.2783333333333333,0.0016666666666666648,0.05972465047137798,0.4556259876494916,0.6688144799864746,0.32968901470744416,0.06377835118964428,0.0679233333333333,0.19483333333333328,0.001166666666666665,0.041807255329964564,0.5767401477969545,0.8372625104427888,0.27105051834282445,0.11936481763299733,0.22057802547004787,0.4697685087141039,0.13326078955582368,0.0563856773199826,0.39785657665872404,0.4749631428486253,0.3234750760110737,0.027703887619026063
evolving,ice,20dogs,23,0.09881666666666661,0.2683333333333333,0.0,0.05887941623634803,0.4529498454692796,0.6886301331568835,0.33336047864072454,0.06178569220547344,0.06917166666666662,0.18783333333333327,0.0,0.04121559136544358,0.5794022266014601,0.844616885099031,0.28455370721559897,0.11648598071758302,0.21847824486542464,0.4841523310311609,0.13306154878881876,0.0553757565387709,0.3984963748949897,0.4659940828683843,0.3269836394800832,0.026094885893773255
evolving,ice,20dogs,24,0.09746666666666662,0.285,0.0016666666666666648,0.059162748207510205,0.45426968727936046,0.6831968225638122,0.3329629284153029,0.06523088702522313,0.06822666666666663,0.19949999999999996,0.001166666666666665,0.041413923745257125,0.5818676553007115,0.841043143075253,0.24442984403433812,0.11883624940222617,0.21881521600932277,0.4641972082707694,0.1350940364434414,0.057843860888263335,0.3991247937352486,0.47685770099203495,0.3219984647435459,0.027752158540970063
evolving,ice,20dogs,25,0.1000166666666666,0.2766666666666666,0.0,0.06032940570495735,0.44979783228082704,0.6614694440367547,0.33346627634726045,0.06125718290576693,0.07001166666666661,0.1936666666666666,0.0,0.042230583993470135,0.5816108204980134,0.8398143119305816,0.2526977816398425,0.11454184217325765,0.21418616318149822,0.4429687671304647,0.13163196480724956,0.052796543212797475,0.3995607045249757,0.47203395206974835,0.33197981550535227,0.026578312185641516
evolving,ice,20dogs,26,0.09624999999999996,0.275,0.0,0.059441721693235625,0.44955962050139203,0.6655040987256442,0.3351921446749761,0.059109169054592445,0.06737499999999993,0.19249999999999995,0.0,0.041609205185264904,0.5811756832136077,0.8388960423820041,0.2938547931798686,0.11427757184561493,0.213888930493131,0.4510354961072188,0.12654033306888396,0.05214794144262819,0.39886623069491833,0.47511398700662405,0.33346085212547033,0.02602996756644068
evolving,ice,20dogs,27,0.09729999999999994,0.2683333333333333,0.0016666666666666648,0.05837344061952071,0.45062720590677185,0.7051099834905333,0.3447253487205903,0.061289026016588234,0.06810999999999996,0.18783333333333327,0.001166666666666665,0.04086140843366446,0.5839038641742254,0.8488705546731851,0.26492979108024034,0.11907360833094575,0.21543490724584888,0.4976313830683311,0.1442482107071103,0.05678588182559528,0.3996459274057621,0.4692729589418156,0.33346650952734874,0.02663359382767023
evolving,ice,20dogs,28,0.09839999999999995,0.2733333333333333,0.0,0.06171670706792226,0.451677848069073,0.692518654001797,0.34481195359041417,0.0609660127686266,0.06887999999999996,0.19133333333333327,0.0,0.04320169494754557,0.5803821267982521,0.8374166587288026,0.27498343393719676,0.11743291093362374,0.2145400455944127,0.4964005074336816,0.14242010184584325,0.05614567265287383,0.3988368947337724,0.46573833827514594,0.33014821095213287,0.025407050678471738
evolving,ice,20dogs,29,0.09649999999999995,0.26499999999999996,0.0,0.05799294332935871,0.4496930107061097,0.673908236190257,0.34465167581450096,0.05792609685084162,0.06754999999999994,0.18549999999999994,0.0,0.04059506033055106,0.5780243616102769,0.8367630086094338,0.280613615115112,0.11537953370716861,0.2132118559498326,0.436587202230912,0.14058338178255786,0.050340357397422306,0.39993310830781476,0.47485146243964893,0.3314841447906396,0.026281642035104007
evolving,ice,20dogs,30,0.09903333333333328,0.2716666666666666,0.0,0.059498909265386854,0.4487692382320475,0.7013960866795361,0.34389762041476324,0.05813171755494213,0.06932333333333329,0.1901666666666666,0.0,0.04164923648577078,0.5775546481363382,0.8278969955295767,0.2645269011564269,0.11467580522393177,0.21236536088653182,0.49752823458884254,0.14289112129203216,0.05113923839685338,0.40039842366716283,0.4751465946608383,0.3316396662284888,0.025321688809415488
evolving,ice,20dogs,31,0.09991666666666663,0.2833333333333333,0.0,0.06076926946329828,0.44834987275806243,0.6744744904285337,0.3439562738480782,0.056334974080022415,0.06994166666666662,0.19833333333333325,0.0,0.04253848862430877,0.5776286885871487,0.8230009934709731,0.28836020925566613,0.11296062242904951,0.2117002906906696,0.462883290260938,0.1414054869439279,0.049168645821035466,0.4005069745835804,0.46857439087177327,0.3312177660554859,0.025210357446648967
evolving,ice,20dogs,32,0.09994999999999994,0.275,0.0016666666666666648,0.059219415890576485,0.44798943417815434,0.663140026766526,0.3464385067999495,0.054976527713055445,0.06996499999999996,0.19249999999999995,0.001166666666666665,0.041453591123403535,0.5769454685207804,0.8375556708543443,0.2701712016542227,0.1153618811304282,0.20957211970683937,0.4283965845586919,0.14217776744070082,0.04649162109527369,0.40019875289474205,0.46660332186417924,0.32854754723980356,0.024946718390601225
evolving,ice,20dogs,33,0.09703333333333326,0.27499999999999997,0.0,0.05874996470119568,0.44904100068468883,0.7096080395789075,0.34622279243698123,0.061458523171233084,0.06792333333333327,0.19249999999999995,0.0,0.041124975290836946,0.5773892715783382,0.8352247087381179,0.26583471212664206,0.11669906761552332,0.21177673215340284,0.5149036518804112,0.1440571028961877,0.05519617085115068,0.3997072724850169,0.46760516986729295,0.32453691767664694,0.026078803051430795
evolving,ice,20dogs,34,0.09928333333333329,0.2716666666666666,0.0,0.05957321966507704,0.44582606077302245,0.6895390930784058,0.34313242636671665,0.05708511729941671,0.0694983333333333,0.19016666666666662,0.0,0.04170125376555392,0.5771687454723251,0.8390116371414097,0.25908321187952194,0.11886071405806278,0.2099649026829939,0.4717015932270888,0.14172956529167574,0.04981234064573056,0.4009016838882946,0.46900575109598097,0.328156375811646,0.025674648682166273
evolving,ice,20dogs,35,0.09858333333333327,0.2733333333333333,0.0,0.059171118877817674,0.4488099373199498,0.7206055861073888,0.34395234331706964,0.060739344466505384,0.06900833333333328,0.19133333333333327,0.0,0.04141978321447235,0.574193262905887,0.8159314695264955,0.22833055917223688,0.1204819781262495,0.2123904449239798,0.49389737000859774,0.14095946569284595,0.05403027388867313,0.40013701287879,0.4744806768913981,0.3368521685206666,0.025222317058367534
evolving,ice,20dogs,36,0.09753333333333328,0.26666666666666666,0.0,0.05864204376593614,0.445743291844616,0.6759156353495163,0.34336175478732656,0.053695708851265254,0.06827333333333328,0.18666666666666662,0.0,0.04104943063615528,0.57811663469378,0.8316214018178607,0.25453005198309864,0.11760227239785952,0.20944019420669444,0.4778081313470205,0.1378862299767793,0.04742263069499132,0.39934297309112937,0.4658485350598025,0.33399362320347636,0.025214684221134293
evolving,ice,20dogs,37,0.09826666666666661,0.2816666666666666,0.0,0.0607938009361624,0.44489058119475644,0.6855634273597153,0.33903681918187745,0.05707332317367845,0.06878666666666662,0.1971666666666666,0.0,0.04255566065531367,0.5806291311278626,0.8331153733794971,0.2751679000348114,0.11968437361660081,0.20974400826469086,0.47282800520930807,0.13958215946458125,0.04891242915779593,0.4004924590635713,0.4697949440205611,0.32459753036141986,0.02633898602445777
evolving,ice,20dogs,38,0.09698333333333328,0.265,0.0,0.059578979012588754,0.4439499638782542,0.6930085798734525,0.34843704487212207,0.057645309108530676,0.0678883333333333,0.18549999999999994,0.0,0.041705285308812096,0.5848791102820605,0.8385290070167152,0.25473594505632163,0.12054919759773916,0.21013226397124388,0.4654877122347199,0.13974560566290045,0.050929670893811195,0.3992918895727593,0.47478687510561846,0.32475675222943523,0.026200619180446843
evolving,ice,20dogs,39,0.09863333333333328,0.285,0.0,0.061187107413618415,0.44394175114519363,0.6621004720592849,0.34526442645382227,0.05324142058561483,0.06904333333333328,0.19949999999999996,0.0,0.04283097518953286,0.5873167376101635,0.8437125389849328,0.26801512383311876,0.11921681593872216,0.20899850995541694,0.4510540646191634,0.14175256202674008,0.0463338723164025,0.3997816102264015,0.4738326552928271,0.3285459122115157,0.02569088566449897
evolving,ice,20dogs,40,0.09931666666666662,0.25999999999999995,0.0,0.057256711221281995,0.44423830678651505,0.7069101462894383,0.3479652537497441,0.05916643579474775,0.06952166666666663,0.18199999999999994,0.0,0.040079697854897366,0.595660558269355,0.8642453648352717,0.2621034460329274,0.12203655179048242,0.2105151198926722,0.498244559017058,0.14081312287979791,0.05390043082418593,0.4009107362150625,0.4687780015200323,0.3299828537829764,0.025144874700399743
evolving,ice,20dogs,41,0.10058333333333329,0.27499999999999997,0.0016666666666666648,0.05856464893541249,0.44213758864619734,0.6725346805682834,0.3413812342073263,0.0528884708485831,0.07040833333333328,0.19249999999999995,0.001166666666666665,0.040995254254788734,0.5950724814852073,0.8517105439352373,0.26744961024681413,0.11689775656581702,0.20807380347786847,0.45948443565796016,0.1450128787361073,0.04566081927197089,0.40079190384830693,0.46703045990381337,0.33405746930979047,0.02454781862851291
evolving,ice,20dogs,42,0.0987166666666666,0.27666666666666667,0.0016666666666666648,0.06103719493180063,0.4435407866710471,0.6772547385054146,0.3455742130716622,0.05426585926858633,0.0691016666666666,0.1936666666666666,0.001166666666666665,0.04272603645226041,0.592370394922464,0.8383335760629447,0.2848642881194874,0.11493536890744627,0.2088264588755761,0.4722591249899374,0.14288079323362227,0.04966485328201729,0.4003893378900119,0.46852024893330224,0.3355329070031118,0.025087403632102247
evolving,ice,20dogs,43,0.10079999999999993,0.27499999999999997,0.0016666666666666648,0.05926459164844463,0.4433857645928329,0.6945690328922118,0.34400839658784177,0.05564271671981891,0.07055999999999996,0.19249999999999995,0.001166666666666665,0.04148521415391122,0.5936968313748948,0.8494306668788021,0.2898154472957263,0.11302781994299285,0.20912167566360554,0.48262261569061,0.13881454670541243,0.050612906953242186,0.4002148239989044,0.4712962726253177,0.326963494400826,0.026044245975337887
evolving,ice,20dogs,44,0.10308333333333328,0.2883333333333333,0.0,0.061142731973252595,0.4432464710506063,0.6789887370735987,0.3476649393891575,0.05492579553606743,0.07215833333333328,0.20183333333333325,0.0,0.0427999123812768,0.5921702345805152,0.8379829983354605,0.29682626237986326,0.1106561833335769,0.20840197616891426,0.46810133440701973,0.140682150470487,0.049086128533494165,0.4000099331552966,0.47136376417075454,0.3306881497057851,0.025376712416178265
evolving,ice,20dogs,45,0.10194999999999996,0.29333333333333333,0.0016666666666666648,0.0617916907562364,0.4435190076879224,0.6887168090826246,0.345479128644049,0.05425042561349465,0.07136499999999996,0.20533333333333328,0.001166666666666665,0.043254183529365456,0.5958530479337641,0.8314827027298088,0.29461962438467204,0.11006082523315068,0.207804704407964,0.4544119703619753,0.14134192187744296,0.04621562969141964,0.40102815658399943,0.4774783658164362,0.33189177168163275,0.026217537973674702
evolving,ice,20dogs,46,0.09979999999999994,0.2716666666666666,0.0,0.05958470510730979,0.4414961726246699,0.6712003657926803,0.34782538632166726,0.05243256672771508,0.06985999999999995,0.1901666666666666,0.0,0.041709293575116844,0.5990327321747826,0.8415765961146379,0.30353811841883854,0.11025982398036645,0.20668911737544743,0.436879060243775,0.14238992777398757,0.04499285736486845,0.401900056823965,0.47300528769197303,0.33098824648103825,0.02586677889676913
evolving,ice,20dogs,47,0.09719999999999995,0.27666666666666667,0.0,0.059222425096409,0.441338156657234,0.6739554697979765,0.3436237886288831,0.05468997415363536,0.06803999999999995,0.1936666666666666,0.0,0.04145569756748628,0.5960101516517802,0.8477101250410481,0.30036657083522444,0.11273577977571492,0.2071917131652564,0.4836183095297558,0.1415030187147261,0.049675975360065995,0.4009889292635366,0.4697994380704956,0.3329780783191028,0.024753865355559415
evolving,ice,20dogs,48,0.10106666666666661,0.2799999999999999,0.0,0.0602117911988177,0.44093282976754794,0.6865179621643495,0.3448978700158793,0.05452857488864946,0.07074666666666661,0.19599999999999995,0.0,0.04214825383917237,0.6001423129152593,0.8472410412992213,0.3080752111414481,0.11253022453974584,0.20607637431950404,0.451975057294702,0.1408103716618948,0.04519530105968951,0.40037858573192053,0.4640914731035399,0.334139252205892,0.02507961282004086
evolving,ice,20dogs,49,0.09849999999999996,0.2766666666666666,0.0016666666666666648,0.05953309781622253,0.44039928483647167,0.6768261944006289,0.3457278832979267,0.05278471772937547,0.06894999999999997,0.1936666666666666,0.001166666666666665,0.041673168471355736,0.5994716575706656,0.8292693774637669,0.312579859792992,0.11095231057516337,0.20618972942501412,0.4523623973962619,0.14388778608168848,0.04540559610592128,0.399902445012017,0.46742885688429475,0.33196430645982267,0.024774184460892336
evolving,ice,20dogs,50,0.10079999999999996,0.2733333333333333,0.0016666666666666648,0.05873907862349444,0.4396742721836241,0.6531908990838045,0.3451312505809574,0.0508701607117056,0.07055999999999994,0.19133333333333327,0.001166666666666665,0.041117355036446084,0.5970365849968188,0.8460639500372945,0.30761659896235277,0.11229314479976571,0.204496827294293,0.42670306281071485,0.14534614019599987,0.0411353565183762,0.40020642663723854,0.46926437294487694,0.33293240516074596,0.02472008243739397
evolving,ice,20dogs,51,0.09701666666666661,0.2683333333333333,0.0,0.05856803529523634,0.43980619584996095,0.685179454253863,0.3438645925963145,0.05510048408202826,0.06791166666666662,0.18783333333333327,0.0,0.04099762470666543,0.5897326309560967,0.8403643218960726,0.2714600631223953,0.11325443947105214,0.2065158261458103,0.46137524434590926,0.14196467103561125,0.0466059880490011,0.40017923552484563,0.4711262116165866,0.3273347929739662,0.025754867538768694
evolving,ice,20dogs,52,0.10303333333333328,0.2816666666666666,0.0,0.06172703973599893,0.4411780049807222,0.6762629221022283,0.34651343030475545,0.05239733530905244,0.07212333333333329,0.1971666666666666,0.0,0.043208927815199236,0.5955107753427974,0.833850789007362,0.28098738106843657,0.11413841635699218,0.20682350036939492,0.4473365629443694,0.14382635488478174,0.04555899181999875,0.4012329032268749,0.4753384385461934,0.33914668701640555,0.02528832360981122
evolving,ice,20dogs,53,0.10018333333333329,0.2633333333333333,0.0,0.06054985329612409,0.43941349559267334,0.7049152754677402,0.3381265247028912,0.0561990767941601,0.07012833333333329,0.18433333333333327,0.0,0.042384897307286847,0.5982877782839032,0.8466555567735565,0.2976318844367463,0.114987999078449,0.20635456700951046,0.5107022138862413,0.13842132891992454,0.051108843931959656,0.40168710856101414,0.4752363183829593,0.3318803333902341,0.02609186358299161
evolving,ice,20dogs,54,0.09778333333333328,0.27833333333333327,0.0,0.0588111206877925,0.4410126150419508,0.6843359935126659,0.346268611574529,0.054212439253445696,0.06844833333333328,0.19483333333333328,0.0,0.04116778448145474,0.5968687618814122,0.8260712496210486,0.2694852661178242,0.11390751919549927,0.20696249737428069,0.4839386807481182,0.14471016936556078,0.04837544094686958,0.4001965084789306,0.4727637710351781,0.32802606161909914,0.025759530437221227
evolving,ice,20dogs,55,0.09804999999999994,0.27999999999999997,0.0,0.05913202875325717,0.4415752306834045,0.6902638854190689,0.33816503255832486,0.05600419640227043,0.06863499999999993,0.19599999999999992,0.0,0.04139242012728,0.5974894697116993,0.8306490056310338,0.29695530425867167,0.11494404657467086,0.2076703451230953,0.47977524309154,0.14182746868534862,0.04988812833301291,0.39951839575476655,0.46700170023530607,0.33146375197287337,0.02551289374775793
evolving,ice,20dogs,56,0.09863333333333327,0.2766666666666666,0.0,0.059664366519048315,0.4400322679612345,0.6696173844426793,0.3461462471396229,0.05171020844983395,0.06904333333333328,0.1936666666666666,0.0,0.041765056563333805,0.5947739129413683,0.8257854264084938,0.29686556916935813,0.11070107998821115,0.20592559336138044,0.44214412944098286,0.14292910694495856,0.046772628833839223,0.4018495574186615,0.4712097945319731,0.3357844352683494,0.025320007613031537
evolving,ice,20dogs,57,0.09936666666666662,0.27999999999999997,0.0016666666666666648,0.060460177547208005,0.44181002963984406,0.6869283812248733,0.3430740689643911,0.05330820294665032,0.06955666666666661,0.19599999999999992,0.001166666666666665,0.04232212428304559,0.5967553889852188,0.8368847089421445,0.26458009940752925,0.11556004523935508,0.20753652511798554,0.46275910601653736,0.14402971875894774,0.04700175668871932,0.4014942709626645,0.4756709149704699,0.33184237334894046,0.02555697260919103
evolving,ice,20dogs,58,0.10099999999999995,0.27999999999999997,0.0016666666666666648,0.060874436320114036,0.4393544511481459,0.6817293008807974,0.3484112010832528,0.05339868768600187,0.07069999999999996,0.19599999999999995,0.001166666666666665,0.042612105424079796,0.5994299833604281,0.8308808910063068,0.3040372935317614,0.11143151943739067,0.2058797423813385,0.4638120912652514,0.13771879078010144,0.04808568133082429,0.4012474552131925,0.47209021973887755,0.3340394302355736,0.025275161195145317
evolving,ice,20dogs,59,0.09973333333333328,0.2783333333333333,0.0,0.05860455368863797,0.44069166162417456,0.7027090300443722,0.34574539217732125,0.055833916759547464,0.06981333333333328,0.19483333333333328,0.0,0.04102318758204658,0.5982838775286702,0.842028629509443,0.27135526745542415,0.11197730998476474,0.20725261853253102,0.5102029119005154,0.14224829188972232,0.05172528011579166,0.40042208507447025,0.47556434899946487,0.32664700776788896,0.02629293868165162
evolving,ice,20dogs,60,0.10123333333333329,0.29333333333333333,0.0,0.06121623200926819,0.441984586861747,0.6843117627887068,0.35000968715251835,0.055342702225721054,0.07086333333333329,0.20533333333333328,0.0,0.04285136240648772,0.5935266498595773,0.8259952898548392,0.27844986161802787,0.10974150931420223,0.20811589300539937,0.47565863966424826,0.1441105840338049,0.05007309244246742,0.40119952652036617,0.47394133688889745,0.32890199888790245,0.025651183200929784
evolving,ice,20dogs,61,0.10198333333333327,0.2833333333333333,0.0,0.06101390844702907,0.4399222694828088,0.6737888712798905,0.3450829828433434,0.05369369823046818,0.07138833333333329,0.19833333333333328,0.0,0.04270973591292032,0.5942594454190028,0.8378194441631355,0.26411123120000146,0.10642676438231177,0.20588020029527732,0.478281934698762,0.1418136642009341,0.046735452145264665,0.40097597880800856,0.4681081689979319,0.336961819482683,0.02428827825932518
evolving,ice,20dogs,62,0.09954999999999994,0.2783333333333333,0.0,0.059996445734935996,0.4412706290764368,0.7022554063749473,0.34272722579891146,0.05871477540826033,0.06968499999999994,0.19483333333333328,0.0,0.041997512014455174,0.5920105029218593,0.8264511904015199,0.27062917499229916,0.10936089792499452,0.20704395844268864,0.4941401583861674,0.14254979909016058,0.053020571855636724,0.40039032095541627,0.46840134827825536,0.3308090939026857,0.02524569558246924
evolving,ice,20dogs,63,0.10048333333333329,0.275,0.0,0.06023874273312809,0.4380445595923975,0.6809579938732806,0.34328332445390675,0.05279639214132954,0.07033833333333328,0.19249999999999995,0.0,0.042167119913189645,0.5903380619532517,0.8228947752153879,0.29750515161184765,0.10733562715623828,0.2048762573675318,0.4679535407399931,0.14537080157370713,0.044621714411458555,0.4008715625533396,0.48120774847069364,0.3308776823042811,0.025399446649133385
evolving,ice,20dogs,64,0.10063333333333328,0.2683333333333333,0.0016666666666666648,0.059545883788038025,0.4413601719500978,0.6906857950884089,0.3410964433784269,0.0584228224103164,0.07044333333333327,0.18783333333333327,0.001166666666666665,0.0416821186516266,0.5815958324424786,0.8212924939676999,0.25303508839261274,0.1121104163231206,0.20744694148644743,0.4720197205158132,0.1436495178637624,0.05091865504657782,0.40114848399128744,0.46702777762424985,0.3276791895552908,0.025514613312273792
evolving,ice,20dogs,65,0.10004999999999994,0.2733333333333333,0.0016666666666666648,0.05848018725434216,0.44082462836583663,0.6836194356673666,0.3440453461341141,0.05587750985256036,0.07003499999999996,0.19133333333333327,0.001166666666666665,0.04093613107803949,0.587435686491203,0.8224914017993761,0.29455571132807923,0.11003690044881635,0.20633706496179913,0.4719310587186249,0.14356089597634186,0.04809851296681007,0.3999151793423636,0.4735995337045238,0.32911143001609966,0.025285112692926902
evolving,ice,20dogs,66,0.09883333333333327,0.285,0.0,0.06079894782758707,0.4415832204864502,0.6841646736636644,0.34170987680399945,0.0578188188487055,0.06918333333333328,0.19949999999999996,0.0,0.042559263479310945,0.5849897735543468,0.8333556977875313,0.24727642539383013,0.11641830946879586,0.207912103343805,0.4866388802008986,0.14032049336142705,0.05081844050280461,0.40172502356028117,0.4740803819973383,0.32783878196931904,0.02587678417568349
evolving,ice,20dogs,67,0.10151666666666662,0.2783333333333333,0.0,0.060846429112079624,0.44257180589130096,0.6974926359399152,0.3430600397974051,0.060425622152259925,0.07106166666666662,0.19483333333333328,0.0,0.04259250037845573,0.582047234394605,0.8244496378436821,0.24810047812004804,0.11995977154551,0.20953636323579267,0.4749876022924425,0.1408793704103468,0.05192419649140286,0.39990036595922845,0.46733281319301734,0.32463803052413553,0.02592770319141035
evolving,ice,20dogs,68,0.09851666666666661,0.27999999999999997,0.0016666666666666648,0.060079485863830995,0.44184875909995974,0.7147966973986506,0.3394235836342528,0.060333168334074094,0.06896166666666662,0.19599999999999995,0.001166666666666665,0.04205564010468167,0.5789264316856918,0.8213262043433239,0.23800093126253546,0.11974665974795487,0.20842170983636404,0.5070309720016357,0.1408213245169901,0.05323686925756258,0.4001810582629986,0.4734913740914254,0.3233704684305507,0.026106195412685718
evolving,ice,20dogs,69,0.0991166666666666,0.285,0.0016666666666666648,0.06036205953273046,0.441634151201188,0.6994959078792472,0.3412746274028602,0.05886273784675207,0.06938166666666662,0.19949999999999996,0.001166666666666665,0.0422534416729113,0.5828917080421018,0.8327191197446318,0.25106418630701205,0.11734736195536208,0.20902704369177108,0.48134453584213377,0.14126594523221553,0.05253263069103015,0.40031950577975983,0.4766504132738877,0.32686670530563167,0.025999365200576708
evolving,ice,20dogs,70,0.09964999999999993,0.27666666666666667,0.0016666666666666648,0.05854981972236402,0.44367049702158656,0.6997935465211768,0.3442995162988399,0.058580959797440504,0.06975499999999994,0.1936666666666666,0.001166666666666665,0.04098487380565479,0.5810851582072701,0.8287824334744615,0.25743868510468115,0.11546001232181613,0.2103212362448033,0.48223234386804725,0.14179467946998703,0.05186595189437827,0.40123172242513183,0.47467597955489926,0.3332706775223559,0.026008661597927796
evolving,ice,20dogs,71,0.09884999999999997,0.27499999999999997,0.0,0.05880045133959044,0.44072998654175716,0.6778362219062171,0.34628537166132073,0.05658657349551344,0.06919499999999995,0.19249999999999995,0.0,0.041160315937713285,0.5836215060747177,0.8336955065066485,0.26503632514597764,0.1141754566864169,0.2070698822711577,0.45490073481325927,0.14050015163997254,0.050148100212805705,0.40125186098007254,0.47506576689052665,0.33211891039911207,0.025720543063442642
evolving,ice,20dogs,72,0.09858333333333329,0.25999999999999995,0.0,0.05770679945879707,0.4403758674469917,0.6847381013364784,0.3488060642871891,0.05648754780059671,0.0690083333333333,0.18199999999999994,0.0,0.040394759621157926,0.5861660295098206,0.8202355838962726,0.27006081324702136,0.1121275413027373,0.2066133910827886,0.44809116798049475,0.14286027671208046,0.04796829548908722,0.40150412189731,0.46969210842045994,0.32925982860889297,0.025357493615718475
evolving,ice,20dogs,73,0.0991166666666666,0.27999999999999997,0.0016666666666666648,0.0609386952746402,0.44290111726169734,0.7118371109991003,0.34014026972652067,0.061022379826381944,0.06938166666666662,0.19599999999999995,0.001166666666666665,0.04265708669224812,0.5867736440885103,0.8366266122388841,0.2802934006903162,0.1132163409812282,0.20887561914016395,0.49070493571144863,0.1438841329815943,0.055221173336491305,0.39978291203968747,0.4702043170642223,0.3270695474577687,0.02538159013415823
evolving,ice,20dogs,74,0.1007833333333333,0.2816666666666666,0.0,0.061033929155945466,0.44073533908939566,0.6756097657681396,0.34243192723586346,0.05533308827742336,0.0705483333333333,0.1971666666666666,0.0,0.04272375040916179,0.5845137535498296,0.8380227996324312,0.2742146711158002,0.11593786944339468,0.20538817932572542,0.44417413593207955,0.14093063873032308,0.045924997717606365,0.4012945920238825,0.47392014314445274,0.33344655900251935,0.025076717260198833
evolving,ice,20dogs,75,0.09786666666666662,0.26999999999999996,0.0,0.05897389057290403,0.44321003967992095,0.6976366239110747,0.3483289851437098,0.05892753437776865,0.06850666666666662,0.18899999999999995,0.0,0.04128172340103281,0.5775326913608572,0.8208963062969117,0.2582074845401032,0.11626294362342934,0.2083020593424727,0.4887706788628918,0.1433138652359118,0.05216393704584869,0.40035117111478546,0.47467966810327555,0.32923499865910505,0.02689004177215092
evolving,ice,20dogs,76,0.10018333333333326,0.27499999999999997,0.0,0.06085425339869403,0.4444836931617582,0.6952250534533718,0.34146409754594076,0.06367583382492707,0.07012833333333326,0.19249999999999995,0.0,0.042597977379085813,0.5782546285790829,0.8223469696114973,0.24547077850427276,0.11388499512722228,0.2105436836963012,0.4938992897833029,0.14175095115066713,0.057398926199549984,0.3997997078082913,0.47359091527750474,0.32675479630032633,0.026848248736815895
evolving,ice,20dogs,77,0.10108333333333328,0.285,0.0,0.06213645307979704,0.44275198546563477,0.6996986929068162,0.3409503297902847,0.05999228940399724,0.07075833333333328,0.19949999999999996,0.0,0.04349551715585791,0.5830973113590215,0.829467402229336,0.2478150844482115,0.11550357304350123,0.20810732218645875,0.47048387074900616,0.14048365322004644,0.052829338388331606,0.4013421555980915,0.46985683423025204,0.3306546925453269,0.02623856328134328
evolving,ice,20dogs,78,0.10143333333333329,0.2716666666666666,0.0,0.05897466767005301,0.44096502160892015,0.6785072792148223,0.35056221612968247,0.05378907168150617,0.07100333333333328,0.1901666666666666,0.0,0.04128226736903708,0.585757092384659,0.828769049562673,0.2539255134171557,0.11678504584750538,0.2065478967373605,0.4572497212324131,0.1454475123086613,0.04742455649923555,0.40164653847390824,0.4735362604927653,0.3309966369852077,0.02519159666944607
evolving,ice,20dogs,79,0.09771666666666662,0.2833333333333333,0.0,0.05881546250778159,0.4413129353458974,0.7061856289785271,0.344893954876337,0.060689284675518,0.06840166666666661,0.19833333333333328,0.0,0.04117082375544709,0.5855893892007672,0.8365133735182846,0.23798124516341557,0.11866291006104332,0.20886310556743162,0.48641323378918794,0.14018824269296573,0.05476365154083469,0.40089972744276425,0.4703182875640559,0.32731488395526476,0.025168409321542733
evolving,ice,20dogs,80,0.10233333333333328,0.2866666666666666,0.0,0.06117981713029223,0.4439615697362777,0.6866199931984464,0.34776864650689127,0.05813702050089593,0.0716333333333333,0.2006666666666666,0.0,0.042825871991204544,0.5850134914302756,0.8361017347984869,0.24782643185451053,0.11991941064138005,0.2091647959745333,0.4757572796914299,0.14351688607686502,0.05211480623170102,0.40032764547959204,0.46478521072191575,0.32333351868228594,0.02596533414562512
evolving,ice,20dogs,81,0.09906666666666661,0.2816666666666666,0.0,0.06042160389479273,0.44260345070627605,0.7109752609797604,0.3426328769007879,0.05961680959948542,0.0693466666666666,0.1971666666666666,0.0,0.04229512272635488,0.5818244722054009,0.833200395437032,0.2694722529797725,0.12016706771212818,0.20951020473529786,0.5052582250950347,0.14142627062803076,0.05545743935763384,0.39999744075111415,0.4708768283382573,0.32320045294038424,0.025844287715072835
evolving,ice,20dogs,82,0.09571666666666663,0.25999999999999995,0.0016666666666666648,0.05749406747803402,0.44409462334187716,0.6960671336748888,0.34667360679391124,0.05752611099161427,0.06700166666666661,0.1819999999999999,0.001166666666666665,0.040245847234623794,0.5841951297017905,0.8250142054666005,0.25649825725475445,0.11936770266257264,0.2083524436881639,0.5010166773345429,0.13921674200642817,0.052468309032563644,0.4002171305876052,0.4750229793000367,0.32878976802760546,0.02690608631468925
evolving,ice,20dogs,83,0.09803333333333328,0.2833333333333333,0.0,0.059795639809983946,0.44674030402662057,0.7170919903989713,0.34677052515864915,0.06249032140202547,0.06862333333333329,0.19833333333333328,0.0,0.04185694786698875,0.5880140665694837,0.8289633494903065,0.26530631816037165,0.11753370138585792,0.21113304310822575,0.49954228608373763,0.1410091973976721,0.057337222103976695,0.4004971371827442,0.472315888766844,0.3260751209418797,0.02607150383550842
evolving,ice,20dogs,84,0.09979999999999996,0.2816666666666666,0.0,0.0605476577485914,0.446239770489642,0.7140682429192566,0.34248176123231,0.060005156548099584,0.06985999999999995,0.19716666666666663,0.0,0.04238336042401396,0.5869037881568748,0.8254390658015456,0.2839649588180276,0.11169696483805662,0.20938289220360123,0.4989025068318476,0.14173243632208618,0.053532891470794666,0.4001012435152025,0.47625435087736945,0.3305780580225616,0.02601450556404524
evolving,ice,20dogs,85,0.09949999999999995,0.29666666666666663,0.0,0.06073969419195039,0.44315504719323495,0.6827567563745409,0.3395432081273762,0.05418956616991198,0.06964999999999996,0.2076666666666666,0.0,0.04251778593436526,0.5828740681251982,0.810883934282136,0.2922812155954935,0.10783095414620344,0.20739528321068387,0.47126735461219055,0.14261722886389314,0.0462121479077447,0.4000647605599935,0.47246864028218793,0.32720156976440873,0.025510162776987633
evolving,ice,20dogs,86,0.10089999999999996,0.2816666666666666,0.0,0.061569111345178104,0.44519632213644994,0.6925240807477768,0.34281605349433225,0.05748943585627671,0.07062999999999994,0.19716666666666663,0.0,0.04309837794162467,0.579264708011989,0.8248983077544867,0.2692575780902949,0.11295154271467642,0.20917742594187358,0.46971913628233875,0.14325957039298082,0.05020131223291239,0.40063033449899654,0.47130674842537185,0.3357363191291805,0.025637513704045732
evolving,ice,20dogs,87,0.09893333333333328,0.2833333333333333,0.0016666666666666648,0.061116100358217,0.44675144437988495,0.6783965856778152,0.35250025884631414,0.05711536885504302,0.06925333333333329,0.19833333333333328,0.001166666666666665,0.04278127025075189,0.575847894725938,0.8145535037077891,0.2699747757678829,0.11375812632329521,0.21036708861105327,0.4771422803272357,0.14182427086069416,0.0525512218258701,0.39950809800755455,0.4705207513152049,0.33397148093614887,0.025476175057642287
evolving,ice,20dogs,88,0.10059999999999995,0.2799999999999999,0.0,0.0608378038948705,0.44591410777342533,0.7025765852580838,0.34419892053238,0.05913419320815293,0.07041999999999995,0.19599999999999992,0.0,0.04258646272640933,0.5766416703059313,0.8294480512133061,0.26125676533363884,0.11433646169364753,0.21012071121719827,0.5065324400087284,0.14608930142382087,0.05319175303580803,0.39974974623125303,0.470127232147065,0.3217133829964805,0.026285208468107096
evolving,ice,20dogs,89,0.10128333333333328,0.2716666666666666,0.0033333333333333296,0.05841905369072916,0.44332685219630524,0.6811542935795665,0.3440214064866582,0.05329904582239951,0.07089833333333329,0.19016666666666662,0.00233333333333333,0.040893337583510395,0.581845938057998,0.8404012908053206,0.2578073810393665,0.1156844784970695,0.20732372809680713,0.4662531786112096,0.14488320018854467,0.04571315747717493,0.4006957722550954,0.4708626330531048,0.33331767311149624,0.024972854187995164
evolving,ice,20dogs,90,0.10094999999999994,0.285,0.0,0.0598955951584584,0.44259378256719506,0.6824778047795731,0.34627116055173957,0.05519896732058448,0.07066499999999996,0.19949999999999996,0.0,0.04192691661092086,0.5799590836979994,0.8397220368748057,0.28297959277512075,0.11292762847644508,0.2082858071220824,0.4906786580972355,0.1440215238549928,0.0502434280395032,0.4011925340649758,0.47229081440056503,0.3257849296891105,0.025917734083781247
evolving,ice,20dogs,91,0.10101666666666662,0.2816666666666666,0.0016666666666666648,0.0599726876812231,0.4413462176643811,0.7072822126451183,0.34462224478019327,0.05598437019499747,0.0707116666666666,0.1971666666666666,0.001166666666666665,0.04198088137685615,0.5855188461996014,0.838624251403416,0.2788243334575619,0.11205573756895917,0.2063265300987002,0.4772624495366089,0.14126771007290853,0.04946365060637804,0.4014765905664544,0.4675781402621572,0.33065193409356664,0.024762478277197936
evolving,ice,20dogs,92,0.1001166666666666,0.2716666666666666,0.0,0.06023496931204344,0.4410026604841044,0.6740897167604513,0.3440356811899866,0.0544606974761318,0.07008166666666663,0.1901666666666666,0.0,0.04216447851843039,0.5872385375299098,0.8306933015963212,0.2991932575796886,0.10984902693794323,0.20738224371244657,0.47044748475215525,0.14042583483701182,0.04846202230043669,0.40223039591719373,0.47637964050225284,0.33634713090601925,0.025386817886382123
evolving,ice,20dogs,93,0.09958333333333327,0.27666666666666667,0.0,0.05943505959400951,0.4428478817722989,0.6863918889143845,0.3477183493353434,0.057094537203554466,0.06970833333333327,0.1936666666666666,0.0,0.041604541715806645,0.5848543267488983,0.8173608240626266,0.2703502390836462,0.11281789656951854,0.20856150942862933,0.4735530955211383,0.14490171596143608,0.050822791861609026,0.40065335468902286,0.4727169295051186,0.32548637626924243,0.02663245852937071
evolving,ice,20dogs,94,0.09936666666666662,0.2716666666666666,0.0,0.06065554465711452,0.4437788746252135,0.6984480146294922,0.3427011579567019,0.059019164911590774,0.06955666666666663,0.1901666666666666,0.0,0.04245888125998016,0.5808740107415999,0.8283367284237053,0.27030205265021673,0.11684157628092176,0.20937418252727044,0.49167375114531325,0.14040829884028536,0.053285025878778994,0.4003559502884196,0.4702983959892246,0.3249752726538325,0.02645438548664753
evolving,ice,20dogs,95,0.10226666666666662,0.26666666666666666,0.0016666666666666648,0.05993435681284842,0.4468895150082708,0.708922843238384,0.3516128907985131,0.06153769902695085,0.07158666666666662,0.1866666666666666,0.001166666666666665,0.04195404976899386,0.5752832844637721,0.8240046845843084,0.2533614078557966,0.11388116034671966,0.21071625483922424,0.5193323744094875,0.14508990761066354,0.055667491603600364,0.40143582399527666,0.472906768582628,0.3289662582716251,0.026306188097228244
evolving,ice,20dogs,96,0.10149999999999995,0.29666666666666663,0.0,0.06189512300718662,0.4449634484167982,0.7029031721125459,0.34613833914107983,0.06034327584688963,0.07104999999999996,0.2076666666666666,0.0,0.04332658610503061,0.5777593587152288,0.8331279194649234,0.2698508736200392,0.1194925975846245,0.20976141515237923,0.48817586750838105,0.14367271231110382,0.05473148505713249,0.40063884341783834,0.475765907055376,0.32657697658300655,0.026327041515659132
evolving,ice,20dogs,97,0.1011166666666666,0.29166666666666663,0.0016666666666666648,0.0596235273663684,0.44598905072874695,0.6895400094883627,0.3432730778336378,0.058541375122121396,0.0707816666666666,0.2041666666666666,0.001166666666666665,0.041736469156457866,0.5862996053359085,0.8263154429368769,0.271866242300527,0.11458752818904083,0.20999754019759465,0.4706156872870828,0.14201399391514744,0.04987547982441307,0.3998784605582323,0.4671497661905276,0.33220274152772494,0.025674558624053705
evolving,ice,20dogs,98,0.10104999999999993,0.27666666666666667,0.0,0.0591893414273527,0.444336038797848,0.6793995303556446,0.34312936091037044,0.05889661050442553,0.07073499999999996,0.1936666666666666,0.0,0.04143253899914688,0.5934184737601358,0.8345032332505318,0.2820885501747754,0.11223130853303723,0.20968269961974367,0.4635350266798183,0.14299576211850712,0.051116129025729,0.3996381825011767,0.46958099368361916,0.32759404234068285,0.02579683007444019
evolving,ice,20dogs,99,0.10058333333333327,0.285,0.0,0.059942700796821104,0.44366459292873417,0.6861821406881271,0.34279535282965873,0.05835573276618387,0.0704083333333333,0.19949999999999996,0.0,0.04195989055777475,0.5925591680545715,0.8304875547025423,0.28127617240269165,0.11309640870433187,0.20916833331009377,0.4640310033965207,0.14573898211700534,0.05031598889983986,0.40090694274234495,0.4666704659007614,0.33037720441070395,0.024942475956283166
evolving,ice,20dogs,100,0.09903333333333328,0.2733333333333333,0.0,0.05990359123547786,0.4418723136863238,0.6802922674219835,0.34801938068556887,0.05267153311503379,0.06932333333333328,0.19133333333333327,0.0,0.041932513864834486,0.5971747556290194,0.8298426052665002,0.2938571913925557,0.11205706411628999,0.2070845863171536,0.47007928763222867,0.14614070656317124,0.04574698967577771,0.40124460943012086,0.4687167512706981,0.32829126892247457,0.024992561069608295
evolving,ice_mud_high,15dogs,1,0.026699999999999953,0.12888888888888886,0.0,0.02824125370203772,0.700108918286313,0.8512660833024288,0.3394440762924239,0.09365407401048984,0.01868999999999994,0.09022222222222216,0.0,0.019768877591426405,0.5006314704693617,0.8334486972032884,0.14316281073461903,0.15084340096306717,0.4947298348311072,0.8066875567714821,0.1366234572232811,0.1348955847669866,0.33569239195849454,0.43417661852785044,0.26753853918658355,0.03453348346074559
evolving,ice_mud_high,15dogs,2,0.03021111111111105,0.12999999999999995,0.0,0.029515657968354675,0.6835900121092584,0.8667687629177842,0.3181738269126918,0.10947880363043065,0.02114777777777773,0.09099999999999994,0.0,0.020660960577848254,0.5062411908747301,0.8484625731419904,0.16639737967455231,0.14720443859047636,0.4537976623783374,0.7474246180078961,0.11790501761289258,0.13332518046224093,0.33709209414408764,0.43800418061600455,0.26714757465569605,0.03581767853926896
evolving,ice_mud_high,15dogs,3,0.03448888888888885,0.13666666666666663,0.0,0.031877773594304264,0.6650606125195737,0.851277500082792,0.32284063218198583,0.11598462288493258,0.02414222222222217,0.0956666666666666,0.0,0.02231444151601298,0.5181999655282592,0.8616094394491481,0.16787736059552885,0.15008458008209663,0.41442994245205594,0.716988869714418,0.1209376806504999,0.13125283247171196,0.33826713095031086,0.43650561196148957,0.26374253069945,0.035597461390503425
evolving,ice_mud_high,15dogs,4,0.03755555555555551,0.14666666666666664,0.0,0.03293084988016048,0.6380914503297064,0.8472747993867568,0.31972028654722046,0.12373426604170272,0.026288888888888827,0.1026666666666666,0.0,0.023051594916112327,0.5228825216558503,0.8409756883218111,0.17187869874866707,0.14504601276684187,0.3775565222194041,0.6843368778650687,0.1159412358207705,0.1318358481732686,0.344413898728157,0.4393017414783558,0.27050346041692336,0.03641034132491687
evolving,ice_mud_high,15dogs,5,0.041722222222222174,0.1544444444444444,0.0,0.03383560279557492,0.6097409165395414,0.8435619790668847,0.30243555123203003,0.13057855559531256,0.029205555555555505,0.10811111111111105,0.0,0.023684921956902423,0.5326617580596625,0.8471963694022939,0.18213874515617084,0.13936786344081936,0.3445929217284583,0.6465150547092302,0.10647199004738835,0.12530056500800577,0.3512585917740148,0.4404159226204559,0.27087539668377436,0.03672321206339448
evolving,ice_mud_high,15dogs,6,0.04466666666666661,0.16777777777777775,0.0,0.03611669308449535,0.5853842045232313,0.8395123022958849,0.2858784343365211,0.13030291823124565,0.03126666666666662,0.11744444444444438,0.0,0.02528168515914673,0.5429167718244365,0.8466200109435855,0.19887105097151617,0.13677750827355506,0.31921374569653194,0.6183119174200888,0.1092650691593475,0.11917323158592719,0.35449557805105236,0.44302930072925256,0.2743838587920554,0.0360615418561075
evolving,ice_mud_high,15dogs,7,0.04748888888888884,0.1655555555555555,0.0,0.035154321960692576,0.5668573804797924,0.8337275923216969,0.3004624833861709,0.1277401298750775,0.033242222222222166,0.11588888888888882,0.0,0.024608025372484778,0.5468468112948391,0.8594110818130639,0.20789315761301408,0.134926741264084,0.29995536761799146,0.5820048517615785,0.11119334185596394,0.11096466877108205,0.35789431210937217,0.43772504564073006,0.2760502210934239,0.034648659388275764
evolving,ice_mud_high,15dogs,8,0.05038888888888883,0.16333333333333327,0.0,0.03685531256825339,0.5496721734584118,0.8070818667447959,0.2932321916047641,0.12200815031408019,0.035272222222222184,0.11433333333333326,0.0,0.025798718797777342,0.5500519049473769,0.8451751329697723,0.22093155330241948,0.1324870418476897,0.28660934646401526,0.5675750862562052,0.10992349642226411,0.10442166168133324,0.36060307199438535,0.44180272386591585,0.27825365151130976,0.03427344599338076
evolving,ice_mud_high,15dogs,9,0.05148888888888883,0.16666666666666663,0.0,0.03593554041012194,0.5457672091601066,0.8105238860170829,0.29338371951243947,0.11873879637271334,0.03604222222222217,0.11666666666666661,0.0,0.025154878287085347,0.5531932579574868,0.8320971138463259,0.21830828625392992,0.1304648077713459,0.282431547602208,0.5622595261992097,0.10724923825849106,0.10104999673959252,0.35982884081931926,0.44498740825504834,0.27825500879436377,0.03452857975560698
evolving,ice_mud_high,15dogs,10,0.05296666666666663,0.1666666666666666,0.0,0.03785387040283143,0.5344181668836534,0.8059610386351187,0.2832977088858738,0.11581481309734978,0.03707666666666662,0.11666666666666661,0.0,0.02649770928198199,0.559807516642662,0.8256183183024388,0.23374328360850122,0.12710847708482192,0.2716739245317157,0.548116698599126,0.10746913663254469,0.09491124755396008,0.3607576338301831,0.4434913247514861,0.2821136533570783,0.03236775186027467
evolving,ice_mud_high,15dogs,11,0.055977777777777724,0.1722222222222222,0.0,0.03774210465657053,0.5335967508537082,0.8081981190561616,0.2996958395714774,0.12012205067094162,0.03918444444444439,0.1205555555555555,0.0,0.026419473259599358,0.5689083578965857,0.8562542750944611,0.2171654773218487,0.130941786271562,0.2719879178908419,0.543471885966458,0.11388747186858621,0.09993384409961055,0.3614447661675896,0.4386623344376834,0.2810403774539966,0.03337143293943541
evolving,ice_mud_high,15dogs,12,0.05474444444444441,0.16888888888888884,0.0,0.03740183741471388,0.5230237054814171,0.8046803312961867,0.2893839803527433,0.12247771653057064,0.038321111111111056,0.11822222222222216,0.0,0.026181286190299708,0.5826575749292291,0.8753266711270612,0.24388746453717705,0.12717942100629728,0.2645541159301863,0.5249998739342864,0.10725304624762888,0.09860297516436653,0.36349603507299644,0.44300014205359767,0.2800439183228166,0.033302865477480376
evolving,ice_mud_high,15dogs,13,0.0573666666666666,0.1855555555555555,0.0,0.038776059692037824,0.5154702197484118,0.783766532301121,0.2917458812757065,0.11434539855217292,0.04015666666666662,0.1298888888888888,0.0,0.02714324178442647,0.5927508792154547,0.8673891721146779,0.2583983624834765,0.12824785487492452,0.26059426411916786,0.5202763751804881,0.11098280918265183,0.09200262429895899,0.3649286428532999,0.449907581593428,0.2861885263288224,0.03247997603143567
evolving,ice_mud_high,15dogs,14,0.057355555555555514,0.18444444444444438,0.0,0.03904763091445124,0.5075479365676994,0.7799447659333332,0.296473612275335,0.11048247058002761,0.04014888888888884,0.12911111111111104,0.0,0.02733334164011585,0.5948211797656657,0.8657943673294334,0.2729266076682135,0.1255233563419081,0.2530888532521323,0.5237737685567179,0.11034777960036482,0.08892477018041237,0.36505562939279657,0.441687489226897,0.28296062648292913,0.03273275420669671
evolving,ice_mud_high,15dogs,15,0.05538888888888882,0.17111111111111105,0.0,0.037670503500692946,0.5035587343568161,0.7822880356821134,0.29157597750834124,0.10942661674618151,0.03877222222222219,0.11977777777777772,0.0,0.02636935245048505,0.5971896858728332,0.8645252188007226,0.27424667289793436,0.12538228747979946,0.24847760919073814,0.5087758795265184,0.11150727073110085,0.08801656694636853,0.36631276174320915,0.44387209225623503,0.28342664209713114,0.03251037218597607
evolving,ice_mud_high,15dogs,16,0.05774444444444439,0.17888888888888885,0.00111111111111111,0.037878518094131425,0.4993966511202957,0.7908385031827211,0.28707468719520984,0.1100170786757918,0.04042111111111106,0.12522222222222218,0.000777777777777775,0.026514962665891977,0.5923773502073179,0.8561881008952528,0.2605526358911486,0.12577581697041426,0.2440061268180062,0.5162715387083835,0.10779426850976184,0.08850444975341787,0.3672269328276246,0.4414236593242178,0.28679514203362666,0.031249320892534425
evolving,ice_mud_high,15dogs,17,0.05748888888888883,0.16999999999999996,0.0,0.03833878141952675,0.4917607418447442,0.7797600926532258,0.29761748679705724,0.10636683196234316,0.040242222222222165,0.11899999999999995,0.0,0.0268371469936687,0.5971821176088052,0.8671734011602302,0.2697198930567257,0.1265052560641226,0.24181170259350387,0.510141419273437,0.11635691035632781,0.08451123635027932,0.3667426119462626,0.437956427575733,0.284542342662147,0.030782659185865934
evolving,ice_mud_high,15dogs,18,0.05713333333333328,0.17777777777777773,0.0,0.03931778932633637,0.48756133304469734,0.7729853813916716,0.2957142004500393,0.10850195726635962,0.03999333333333329,0.12444444444444439,0.0,0.027522452528435454,0.5970315102537718,0.8538082191916511,0.25286575618750257,0.1276451966309596,0.23937020593067543,0.5193977338265177,0.11591879225654651,0.08667496010551828,0.36819324407534076,0.446181348172004,0.2812628011025203,0.03228004979223835
evolving,ice_mud_high,15dogs,19,0.05881111111111107,0.18222222222222217,0.0,0.03854530244762298,0.47773939200430987,0.7759293669591184,0.29724651932862456,0.10435352211338882,0.041167777777777734,0.12755555555555548,0.0,0.026981711713336083,0.5986247883510073,0.8770494980975716,0.2416686312721684,0.12601913165022047,0.23165773577672494,0.5146222488304487,0.11214820653410092,0.08351177526345842,0.37041496719197015,0.4458510658782105,0.2874272824459648,0.030918868979390817
evolving,ice_mud_high,15dogs,20,0.05928888888888882,0.17777777777777776,0.0,0.03956449490801016,0.47844197624788115,0.7726245819748281,0.2977361306890772,0.10224803360812626,0.041502222222222176,0.12444444444444439,0.0,0.02769514643560707,0.6015281034585704,0.8497875016692393,0.2754384617217267,0.1199638246881837,0.2324966666784321,0.5251608386668393,0.11613081530588247,0.08253393991413188,0.36884787211217485,0.445305687536962,0.28770651387337287,0.030859050237990782
evolving,ice_mud_high,15dogs,21,0.05839999999999995,0.17222222222222217,0.0,0.03813137574250768,0.4767245396605867,0.7747575021154871,0.3008123378680145,0.09694882453690584,0.04087999999999995,0.1205555555555555,0.0,0.02669196301975537,0.6068617514512753,0.8581171175690656,0.28982918931570106,0.12075727982271067,0.23220679238700986,0.502678166456272,0.11334295247166867,0.07728196091001702,0.36868208408845354,0.438315097648635,0.2897329689396374,0.029353642480526944
evolving,ice_mud_high,15dogs,22,0.05877777777777772,0.1766666666666666,0.0,0.038818453403863154,0.48153095091961867,0.7609825630139019,0.30430986859626935,0.09310481119189834,0.04114444444444439,0.12366666666666659,0.0,0.0271729173827042,0.601982286151962,0.8583730222156774,0.27538022033383813,0.12083710410132611,0.2388630559946606,0.5030091712899276,0.11636447229976879,0.07404373010326953,0.3669769725665514,0.4392489143774969,0.2885343180343122,0.029908916984322437
evolving,ice_mud_high,15dogs,23,0.05891111111111107,0.1866666666666666,0.0,0.03986232648250262,0.4732893742711325,0.7792181022813179,0.3066633958484934,0.09263619775634761,0.041237777777777734,0.1306666666666666,0.0,0.02790362853775182,0.5994172735924332,0.8512831929301721,0.2810448637901743,0.11887111287477539,0.23471613523945792,0.5345641181681289,0.11491275603380421,0.07392359546021514,0.368314897435931,0.4422314567140374,0.2844441364639478,0.029374184387682366
evolving,ice_mud_high,15dogs,24,0.058188888888888846,0.18222222222222215,0.0,0.03921724859902618,0.4747611326609406,0.7375597371122005,0.3062203350603982,0.08616216089108429,0.04073222222222217,0.12755555555555548,0.0,0.027452074019318318,0.605167140548051,0.8551336552412516,0.2842312644974458,0.11621644191472982,0.23318386298211874,0.48174317493110774,0.11907997626781489,0.06685565859799183,0.3687511441064195,0.43598261276848416,0.291332129972728,0.02824694442123295
evolving,ice_mud_high,15dogs,25,0.06024444444444439,0.18888888888888883,0.0,0.03988488363402518,0.476510875079286,0.7563510960080236,0.31954120924925666,0.08329727655462844,0.04217111111111107,0.13222222222222219,0.0,0.027919418543817597,0.5984030542988578,0.8611717123074583,0.287198584634299,0.11961857993320968,0.2353436981247611,0.4892243456441582,0.12023534693088309,0.06572950131614816,0.3687793940356968,0.43776219771792235,0.29555662600463917,0.027382767889744662
evolving,ice_mud_high,15dogs,26,0.059788888888888836,0.1833333333333333,0.0,0.039308749719060725,0.4770083432217693,0.7473897441759447,0.32259494164165686,0.08383785785632304,0.04185222222222217,0.12833333333333327,0.0,0.027516124803342486,0.6022086447601456,0.8580227355799964,0.29048735681976534,0.11750617035583706,0.23635684102071286,0.4835229686064747,0.1211468489791507,0.06730534464200014,0.36781811615542176,0.4374162217628558,0.2947682605455577,0.02808321035188055
evolving,ice_mud_high,15dogs,27,0.059033333333333285,0.17777777777777773,0.0,0.038888829538262025,0.47735727108294235,0.7743181302386819,0.3136326631609484,0.09167849217514297,0.04132333333333328,0.12444444444444436,0.0,0.027222180676783402,0.5969345593705895,0.8553471649036934,0.2509373127861445,0.12072712557080634,0.2360484005921676,0.5242629817143294,0.11765771687827431,0.0754427899775513,0.36852097149974933,0.4377779687337989,0.290693454878885,0.02898753192031368
evolving,ice_mud_high,15dogs,28,0.0598666666666666,0.1833333333333333,0.0,0.03937970615509874,0.4864817950915798,0.7990993594944069,0.31789317168097997,0.09942348004198216,0.04190666666666662,0.12833333333333327,0.0,0.0275657943085691,0.5983883347763409,0.8494178356150733,0.27526306935045874,0.12104756886510229,0.24203754931200433,0.5384463405947411,0.11691689053666025,0.084691169985304,0.36730228152571787,0.4390045141619375,0.28593759195447566,0.029986209550511206
evolving,ice_mud_high,15dogs,29,0.05967777777777772,0.1922222222222222,0.0,0.039630901531957266,0.4818723294237284,0.7675964390649672,0.3230925275463236,0.09007976531887996,0.041774444444444406,0.13455555555555548,0.0,0.027741631072370054,0.6028212339789996,0.8531154834022555,0.2903108505388345,0.11908436987125512,0.23713893874173048,0.4936208563394356,0.11739257650158899,0.07520828659014055,0.36763495158068304,0.43546826446227926,0.28775163186331426,0.029054432491509324
evolving,ice_mud_high,15dogs,30,0.06124444444444438,0.18666666666666662,0.00111111111111111,0.03895107799593666,0.48157492891389636,0.7662934729514975,0.317625803710404,0.08793461216439745,0.042871111111111075,0.1306666666666666,0.000777777777777775,0.027265754597155644,0.5993674868837147,0.8650584352898105,0.2858544316593926,0.11906336487983489,0.23765716708477097,0.5079324407823198,0.11803204690707916,0.072464615426134,0.3683601674381722,0.4397913671771866,0.28680126640219955,0.028499001227560262
evolving,ice_mud_high,15dogs,31,0.060222222222222156,0.1766666666666666,0.0,0.039434074962680754,0.4832975407014303,0.7678426333079353,0.3162421536905339,0.08658458336695891,0.042155555555555516,0.12366666666666662,0.0,0.027603852473876516,0.5943856978675642,0.8564353266156992,0.28645329557474564,0.11989470965380904,0.23836894418342158,0.5197419160474023,0.11898011570418943,0.07291445947049799,0.36618906248609495,0.4406961409184421,0.28416239829802553,0.02869901967805441
evolving,ice_mud_high,15dogs,32,0.05994444444444439,0.1822222222222222,0.0,0.0390880315715029,0.485742198928762,0.7795889577319294,0.31565309544526376,0.09013041564557536,0.04196111111111106,0.12755555555555548,0.0,0.027361622100052024,0.5978297303924779,0.8606605928210259,0.29572862935638866,0.11928500168537189,0.24048548826302102,0.5099291001857783,0.11947418437821226,0.07562492114385298,0.36672269648864153,0.43932309129301983,0.2885271275589686,0.029273543012616882
evolving,ice_mud_high,15dogs,33,0.058977777777777726,0.18111111111111106,0.0,0.040067833400514646,0.4851218470839564,0.7575337337921911,0.31857465875732144,0.0801208669231365,0.0412844444444444,0.1267777777777777,0.0,0.028047483380360234,0.6009354121629563,0.8644843620260627,0.28148491889613403,0.1180059358843717,0.24184078076965823,0.5022914459772873,0.11606373103042142,0.06460355827861938,0.36681050678201527,0.4360968519166997,0.2918008394977349,0.027550788938233334
evolving,ice_mud_high,15dogs,34,0.06167777777777772,0.19555555555555554,0.0,0.0404436735229463,0.48665533301463465,0.7745630741289069,0.31792892407021245,0.08226857287705573,0.04317444444444439,0.13688888888888884,0.0,0.02831057146606238,0.5991944464769962,0.8510235272423706,0.2758045559417722,0.11810141558809847,0.24366164689388087,0.5035990249923981,0.1153730761764766,0.06650851246709594,0.36626845695764865,0.4443947762113519,0.28981521170799207,0.027121746006692267
evolving,ice_mud_high,15dogs,35,0.059466666666666626,0.17888888888888882,0.0,0.039525915398009905,0.4882415346040407,0.7837083711680644,0.3205935594139563,0.0780773881682381,0.04162666666666662,0.12522222222222215,0.0,0.0276681407786069,0.6040276839869363,0.8514838725499259,0.2776518056796221,0.11660052101239429,0.2452933583624463,0.5267445910007476,0.12074411429817336,0.06300879560804415,0.36495315950370544,0.44071053372029245,0.287431848962078,0.026680132963324575
evolving,ice_mud_high,15dogs,36,0.05899999999999994,0.17999999999999997,0.0,0.038868973822809405,0.4884111436217749,0.7433889372796815,0.3297601262031965,0.07542841890501764,0.04129999999999995,0.12599999999999995,0.0,0.02720828167596655,0.6052426973675626,0.8573947436176684,0.2831091546582216,0.12053947925117611,0.24513777496382358,0.4733434218588859,0.12991837480151974,0.059370825268651506,0.3662512214881073,0.4382904934505988,0.28895883223767893,0.027379476919157236
evolving,ice_mud_high,15dogs,37,0.059144444444444375,0.17555555555555552,0.0,0.03816296465506778,0.49411898737374493,0.7650099008638783,0.3318564228292891,0.07651491378625895,0.04140111111111106,0.12288888888888883,0.0,0.02671407525854742,0.6036332945469154,0.8495219552116074,0.2898225923420535,0.11945357370169005,0.2491540329046203,0.48493203549963504,0.13011544645671694,0.05865373725351194,0.365148663261512,0.4332764170556855,0.29315082398401604,0.026330837690809027
evolving,ice_mud_high,15dogs,38,0.06298888888888884,0.19222222222222216,0.0,0.04009609311997895,0.49528417412104914,0.7859937595652184,0.3229732700821422,0.08185098399154266,0.04409222222222217,0.13455555555555548,0.0,0.02806726518398524,0.6032729028808617,0.8671874172626991,0.3068407440028241,0.11952445439052173,0.25066710556814953,0.5103124397871872,0.13347706376945617,0.06200501457159809,0.365056886901002,0.4355371114011649,0.2868859284887657,0.02697121752182611
evolving,ice_mud_high,15dogs,39,0.060833333333333274,0.1822222222222222,0.0,0.040788669613927866,0.4919941002723613,0.7789146626038546,0.33896779552099565,0.07777972164630095,0.042583333333333286,0.12755555555555548,0.0,0.02855206872974949,0.5956593990547863,0.8560814823774965,0.27062941817153807,0.11998497041893316,0.2504643714214526,0.5283314093689093,0.1531394275500375,0.05950073584019463,0.3648898243002926,0.4371331354636441,0.28557540971384476,0.026844849573154396
evolving,ice_mud_high,15dogs,40,0.060933333333333284,0.18999999999999997,0.0,0.04042360633873014,0.4933330056005737,0.765987133186119,0.345653622719191,0.07627517083690186,0.0426533333333333,0.13299999999999995,0.0,0.028296524437111087,0.5952773843222429,0.8514191004059866,0.2780441968899303,0.12192795110882701,0.25022891467058817,0.50712947662761,0.15287355923002305,0.058561854924941294,0.3651492451695307,0.43371775280888036,0.28770944435308776,0.02716159487969589
evolving,ice_mud_high,15dogs,41,0.060722222222222164,0.1833333333333333,0.00111111111111111,0.03986142017902485,0.49582399755212825,0.7772951830522352,0.35199234159162185,0.07456641895430312,0.042505555555555505,0.12833333333333324,0.000777777777777775,0.02790299412531739,0.596118270912491,0.8528538453132256,0.2608315487114671,0.12205467151492233,0.24981892248679016,0.4979189509524037,0.15745852086241668,0.055830228496271686,0.3640337953214828,0.4341504039826269,0.29304746562530987,0.026363254446933243
evolving,ice_mud_high,15dogs,42,0.0593444444444444,0.17999999999999997,0.0,0.03860470388672824,0.49255172172933676,0.7800230633711325,0.3449816333938232,0.07696386539422337,0.04154111111111105,0.12599999999999995,0.0,0.027023292720709746,0.5969067674552907,0.8690297890879602,0.2687243374053731,0.12400035062024091,0.24894767432125592,0.5191077786351981,0.15323496183352953,0.05967110919327364,0.3656118689885433,0.4330219169114442,0.2852892731394641,0.025939288419986672
evolving,ice_mud_high,15dogs,43,0.06099999999999994,0.17888888888888882,0.0,0.04000150036491033,0.49229147420064967,0.7774455943827038,0.35058662699494436,0.0741791935464244,0.042699999999999946,0.12522222222222218,0.0,0.028001050255437192,0.597065620418775,0.852132224320943,0.26511387292576716,0.12144523270607965,0.24753446402840568,0.5017399322391828,0.1571273979950571,0.05532346586245719,0.3652155766243503,0.4284834834749658,0.28657512651427974,0.026125301888825954
evolving,ice_mud_high,15dogs,44,0.061066666666666616,0.1844444444444444,0.00111111111111111,0.039807522951597465,0.4925148953851318,0.7798398151968686,0.3476256657933023,0.0777116890545916,0.04274666666666661,0.12911111111111104,0.000777777777777775,0.02786526606611821,0.5967376236245464,0.8429907568456594,0.25641347348804827,0.12307043406327703,0.251096203096638,0.5325791214407296,0.15641376067242246,0.06259130297608019,0.3649145279017122,0.43406451860288736,0.2879189966862355,0.026453276706922203
evolving,ice_mud_high,15dogs,45,0.059599999999999945,0.18888888888888883,0.0,0.04037978478782578,0.4951332469724772,0.7803687640895378,0.3507767179385074,0.07707309658991597,0.041719999999999945,0.13222222222222216,0.0,0.028265849351478013,0.5975616860263264,0.8574198680636551,0.2774430602464893,0.11731034377009404,0.25225982127481816,0.5136898997099222,0.15690016774024712,0.060119827707064435,0.36390033127432786,0.43524438391074466,0.2841866591841312,0.026449695703324682
evolving,ice_mud_high,15dogs,46,0.06101111111111105,0.17999999999999997,0.0,0.03896037022171001,0.4937905695072848,0.7860324629351403,0.3515787664409719,0.07397271262232949,0.04270777777777773,0.12599999999999995,0.0,0.027272259155196987,0.5959984103653757,0.8539519791566473,0.26299939478305656,0.11689198565220463,0.2484424033307356,0.5125564435942404,0.15820043239844334,0.05479241759915443,0.3650719988897974,0.44041547210373205,0.28522548840208645,0.026050188610791426
evolving,ice_mud_high,15dogs,47,0.058011111111111055,0.18111111111111106,0.0,0.03816119360111471,0.4931803142432626,0.7916026129749579,0.3574726482768388,0.07620558967558919,0.04060777777777773,0.1267777777777777,0.0,0.026712835520780277,0.5982830597041489,0.8452248353131054,0.2928476802379153,0.11650544149824393,0.25087026777662713,0.5276902562034345,0.15992466430429847,0.05895815913171439,0.36557286960214835,0.43244631211284956,0.2891516742151056,0.025581657390715516
evolving,ice_mud_high,15dogs,48,0.06025555555555551,0.18111111111111106,0.0,0.040190315136840564,0.4904005627800638,0.7939006583191209,0.3514898043852547,0.07862327734921153,0.04217888888888884,0.1267777777777777,0.0,0.02813322059578837,0.600739072429845,0.8481842261521806,0.27062664622894517,0.11876362563784408,0.2490703137326061,0.5359520704335128,0.15546464175103542,0.059176639591957424,0.3645837636843362,0.4310856058731294,0.2844016518348426,0.02648901054008701
evolving,ice_mud_high,15dogs,49,0.05989999999999994,0.18777777777777774,0.0,0.039067515807240334,0.4857570657035307,0.769378666175134,0.3440139458288254,0.06883066197836679,0.04192999999999995,0.1314444444444444,0.0,0.02734726106506822,0.609509844428229,0.8515295018180815,0.3181227562577622,0.11410488662856728,0.2448179032033122,0.4999155798772432,0.15783705974228007,0.050496371923258246,0.3652408900012497,0.4279223444315769,0.2959005599998544,0.024617359290525706
evolving,ice_mud_high,15dogs,50,0.06135555555555551,0.18888888888888883,0.0,0.039482169791329555,0.48478274719545694,0.7649317573706997,0.3432702397034292,0.06774269270418315,0.04294888888888885,0.13222222222222216,0.0,0.027637518853930683,0.6060573061054763,0.8668375973822122,0.297039744726356,0.11407929933940072,0.2438951354341687,0.499926937567324,0.16184839397821066,0.0512394846484065,0.366339244367037,0.43776955643571436,0.29206878563017646,0.02552014672730759
evolving,ice_mud_high,15dogs,51,0.05972222222222216,0.18111111111111108,0.0,0.03858715973101934,0.4857515391840687,0.7562110949680967,0.3492482129352063,0.0674738342863229,0.041805555555555506,0.1267777777777777,0.0,0.027011011811713503,0.6042807568331772,0.852517613264521,0.30676789132431254,0.11579211168785548,0.24458461707944285,0.4874293850497399,0.15459145875242053,0.05109885750571208,0.36599363190212075,0.43263135879101944,0.29355025866745776,0.025371799046504773
evolving,ice_mud_high,15dogs,52,0.060933333333333284,0.1833333333333333,0.0,0.04015877285992969,0.48180758441871746,0.7643530632966212,0.35827710369009946,0.06572283866617577,0.042653333333333286,0.12833333333333327,0.0,0.028111141001950772,0.6013020452425629,0.8508168999552647,0.2997459594825714,0.11560358800758763,0.24093563833563197,0.4779722220192493,0.16226103464598568,0.04730266211118758,0.368844078268561,0.43599903929015993,0.29620283531271296,0.024878214661654956
evolving,ice_mud_high,15dogs,53,0.06078888888888882,0.18777777777777774,0.0,0.03920644404303308,0.48477893069696576,0.7583492629160211,0.3555793583994149,0.06516326584055429,0.04255222222222217,0.1314444444444444,0.0,0.027444510830123132,0.6016413578961262,0.8318547380942277,0.28723054077238797,0.11543274551667941,0.24317217410602798,0.49676485554163363,0.16122515215514288,0.04932511080251142,0.3661774435009162,0.43177237435615207,0.295662687322842,0.02477379224195661
evolving,ice_mud_high,15dogs,54,0.06139999999999994,0.18222222222222217,0.0,0.039603611353328995,0.48776094847289625,0.7440489959983797,0.36249434630327954,0.06922670879526935,0.04297999999999994,0.12755555555555548,0.0,0.027722527947330267,0.604218021675295,0.8517752946597827,0.2976387046336254,0.114874073867962,0.24465485759349725,0.47711582669084757,0.16293627924279028,0.05175984981849689,0.36570509704782017,0.4355958623421364,0.29367333549569474,0.02569205222746255
evolving,ice_mud_high,15dogs,55,0.06127777777777772,0.18222222222222217,0.0,0.03928259383622639,0.48737283692035327,0.762614548341489,0.37073191368956804,0.0666269578299524,0.042894444444444395,0.12755555555555548,0.0,0.027497815685358466,0.6049303378095968,0.8391372704454099,0.2874714683814698,0.11234858156498462,0.24554728369056988,0.5009685393798333,0.17301469051248872,0.050563310199198186,0.36618148990608074,0.4369227746522665,0.29039488142711395,0.025756648178314873
evolving,ice_mud_high,15dogs,56,0.06152222222222216,0.17999999999999997,0.0,0.03877551909005035,0.4896167446664646,0.7709420638150668,0.3658657534460899,0.06954536981281233,0.04306555555555551,0.12599999999999995,0.0,0.027142863363035237,0.6014609877623289,0.8483909743103233,0.28725173346007243,0.11462218467114545,0.24596746677855622,0.5088487073245704,0.16423735367945402,0.051442343532872845,0.36554188163289114,0.4302748983802974,0.2891424602741094,0.024912326592156905
evolving,ice_mud_high,15dogs,57,0.06021111111111106,0.18222222222222217,0.0,0.039933412579085246,0.4861440179552858,0.7489990965736453,0.36434703880141917,0.06554092726598276,0.04214777777777773,0.12755555555555548,0.0,0.027953388805359653,0.6047891519668479,0.8436875762580807,0.27586862974784293,0.11304154122367312,0.24380095074235797,0.5007510141257334,0.16194439452548787,0.04941005610250025,0.3662683065762736,0.43491031658164003,0.2914397678219005,0.025268167143505514
evolving,ice_mud_high,15dogs,58,0.06041111111111106,0.18222222222222217,0.0,0.038430029869496896,0.4867313883830205,0.7746955616229428,0.36391232000477525,0.06813192079775275,0.04228777777777774,0.12755555555555548,0.0,0.0269010209086478,0.6100773299718678,0.846910713676128,0.29719939974217247,0.11438296781994761,0.24478769550700158,0.5025706082217336,0.16068168713264988,0.052850293225882604,0.36626828839260106,0.43221444451941,0.2857200262317604,0.025111633923672494
evolving,ice_mud_high,15dogs,59,0.060322222222222166,0.17777777777777776,0.0,0.039469648369410984,0.4883789542995281,0.7883551218218947,0.36754229736099636,0.07153040197172003,0.0422255555555555,0.12444444444444439,0.0,0.02762875385858767,0.6050172573652576,0.8494735959134154,0.2848105010755311,0.11493578467289285,0.24745587012958,0.5145371508894584,0.16187519378259496,0.053906995018528116,0.36625098320009924,0.43962358059652623,0.2935010636183805,0.025812054038057353
evolving,ice_mud_high,15dogs,60,0.060266666666666614,0.17777777777777773,0.0,0.039563430127662814,0.48749268081276237,0.7585101774123737,0.3649990686254966,0.06655741883031968,0.042186666666666615,0.12444444444444439,0.0,0.027694401089363947,0.6123396166512216,0.8402899268767354,0.29560039388018927,0.11416193975328422,0.24646923438601745,0.4709257102310865,0.17000281389974123,0.048279457127539234,0.3658417086151329,0.4366568489023862,0.2962005166836249,0.025328153328307297
evolving,ice_mud_high,15dogs,61,0.061722222222222164,0.19222222222222216,0.0,0.04127451888490967,0.48961762430635486,0.7634317075151102,0.3640348995284269,0.06858096274998768,0.04320555555555551,0.13455555555555548,0.0,0.028892163219436762,0.6109584563324362,0.8439841428787613,0.2962484292427817,0.11523425513324329,0.24709337858005523,0.5106213367538104,0.16530363953736132,0.05208037433159254,0.36524600565296356,0.4289436042752067,0.29106683828501967,0.02489816048798164
evolving,ice_mud_high,15dogs,62,0.060566666666666616,0.1866666666666666,0.0,0.03954531203592055,0.4937143000743026,0.7745830425119017,0.3703431530841793,0.07080495260489168,0.0423966666666666,0.13066666666666663,0.0,0.027681718425144365,0.6065531626382292,0.8466902682084319,0.2914475516137839,0.11737834764462159,0.2496763021511647,0.5316613646273506,0.16244881630568342,0.05846806716479276,0.36358259936135395,0.43357240227919897,0.28427413518326516,0.025760646889793192
evolving,ice_mud_high,15dogs,63,0.05927777777777773,0.18111111111111106,0.0,0.03845019330763029,0.49338812720209574,0.7606765149974076,0.36959663124168673,0.06850168331140646,0.04149444444444439,0.1267777777777777,0.0,0.026915135315341187,0.6058533256924006,0.8583014548041618,0.2818940918994942,0.12048911968215792,0.24889408794196255,0.5202569691385626,0.17057360146083933,0.052998056760024746,0.3653072677461887,0.43339215303752343,0.2902916263356694,0.02518941938603787
evolving,ice_mud_high,15dogs,64,0.06051111111111106,0.17999999999999997,0.0,0.039199805760542245,0.4919780187071339,0.7813334564908365,0.37205005658666823,0.07075997121465545,0.04235777777777773,0.12599999999999995,0.0,0.027439864032379545,0.6159574485103763,0.8697444581233693,0.2791368386463865,0.11601429691866456,0.24779500174845595,0.5102416006331124,0.16797372315829812,0.05287385465011176,0.364659263155393,0.4290012357126985,0.2893815510682364,0.025618448413319124
evolving,ice_mud_high,15dogs,65,0.05993333333333327,0.18777777777777774,0.0,0.04039277980634875,0.4922050753145834,0.7808685568420664,0.36954241505235624,0.06976824583954315,0.04195333333333328,0.1314444444444444,0.0,0.028274945864444102,0.6155051300037948,0.8485238933864105,0.2945031313072227,0.11658695375245054,0.24811602630626267,0.5147528124030518,0.1700407707858753,0.05349346929243089,0.3647788398830652,0.4340188683574234,0.28693121261261256,0.02547253944507712
evolving,ice_mud_high,15dogs,66,0.05987777777777773,0.18222222222222217,0.00111111111111111,0.03870925955619199,0.48934127997902266,0.7602715213612878,0.36835272440659916,0.0661642756205211,0.0419144444444444,0.12755555555555548,0.000777777777777775,0.02709648168933439,0.6072677431649603,0.8473115006703077,0.296925080244553,0.11828396249006652,0.24783250507228302,0.5088416347000566,0.16669849523839736,0.05047530697404993,0.3647761146456773,0.43258831049382634,0.28792557539405517,0.02548211542807694
evolving,ice_mud_high,15dogs,67,0.0595666666666666,0.1844444444444444,0.0,0.03902069930718235,0.4935885559824558,0.777595917776264,0.37010905920199844,0.06846886426514834,0.04169666666666662,0.12911111111111104,0.0,0.02731448951502763,0.6013904235759477,0.8463550044941168,0.28505589521680513,0.12123491616385781,0.2501906774670314,0.5218767144800773,0.16870731819232207,0.053698726246723616,0.36504754502043146,0.4285749785652547,0.2940141453244926,0.024829909977160086
evolving,ice_mud_high,15dogs,68,0.05871111111111105,0.17888888888888882,0.0,0.03895499067244865,0.4916341176106817,0.7757729064411525,0.370344976645838,0.06744841778022134,0.04109777777777772,0.12522222222222215,0.0,0.02726849347071404,0.6043797525329795,0.8554962142917107,0.2816561139002455,0.12443030457000362,0.24948759097882717,0.5102122179161074,0.165352485726514,0.05314515300289585,0.3652135547988811,0.4275764157731971,0.2891622086864269,0.02453401963597909
evolving,ice_mud_high,15dogs,69,0.06005555555555551,0.18666666666666662,0.0,0.03989057087565848,0.4929640607416513,0.7590371351530945,0.36956385267961656,0.06443378842455236,0.04203888888888885,0.1306666666666666,0.0,0.027923399612960913,0.6025046150462487,0.863472269357422,0.26009663866192456,0.12540934675670784,0.2495706164789618,0.5049762393983519,0.16886658620594694,0.05022454948869208,0.36451241886226404,0.43215844388472774,0.2948324254687694,0.024767105676340072
evolving,ice_mud_high,15dogs,70,0.061966666666666614,0.2033333333333333,0.0,0.040951624126314326,0.49095529885792927,0.7806558447073154,0.3736982776525514,0.06486987353471911,0.043376666666666626,0.14233333333333326,0.0,0.02866613688842002,0.601182026537849,0.8464632919805009,0.2945394552072486,0.12268316944121807,0.2480075677770747,0.5088309520522376,0.165557010003096,0.050445726850290015,0.3643432426952862,0.4307630687800219,0.2889850341892052,0.02472785061351322
evolving,ice_mud_high,15dogs,71,0.058288888888888835,0.1744444444444444,0.0,0.03723160624419956,0.4939936841195992,0.7745297233270183,0.3726872572732195,0.06991391187629245,0.04080222222222216,0.12211111111111106,0.0,0.02606212437093968,0.5959003156890489,0.8623075840457199,0.2693765773699354,0.12465186645724755,0.2509357427043525,0.5150718354968615,0.16955625433651977,0.055680335622772484,0.36465754196535755,0.4334321119631637,0.28804491153741607,0.025895940247118075
evolving,ice_mud_high,15dogs,72,0.060833333333333274,0.19222222222222216,0.0,0.04056485762735446,0.49457059707212075,0.7837153927509908,0.3705324278652709,0.07270697400068053,0.042583333333333286,0.13455555555555548,0.0,0.028395400339148103,0.6051877230172037,0.8727787928555326,0.27924880229143473,0.12639722042979373,0.25099552659339425,0.5214370267852919,0.16467022093832945,0.055921481500514424,0.36395110952822207,0.4260472734750442,0.29275266936246175,0.025470144194722127
evolving,ice_mud_high,15dogs,73,0.059577777777777716,0.19111111111111106,0.0,0.04045992127456533,0.49547398190782505,0.7632211247937836,0.36544636964954874,0.07129504435803999,0.04170444444444439,0.13377777777777772,0.0,0.028321944892195722,0.6026791929303242,0.868001767674613,0.2829781492977955,0.12322645589611021,0.25190796975803,0.509811264495334,0.16369390340245438,0.055386490305900836,0.3638244448592095,0.434990161892702,0.28465328876695134,0.026686717112730435
evolving,ice_mud_high,15dogs,74,0.060355555555555496,0.1766666666666666,0.0,0.03866931734263491,0.49157806741402144,0.7638343360546032,0.36628877775885965,0.0632951598469909,0.04224888888888885,0.12366666666666659,0.0,0.027068522139844408,0.6078768242603771,0.8654282300599823,0.2947486367916513,0.11967052633263138,0.24854511089452752,0.4970847484562625,0.16397896572521647,0.04806418011250911,0.36426020706688195,0.433447231558523,0.29193233758474946,0.025080732986130838
evolving,ice_mud_high,15dogs,75,0.06075555555555551,0.17333333333333328,0.0,0.03847414047507321,0.49129154043320045,0.7544521486667779,0.37693080830248515,0.06373612532657386,0.04252888888888884,0.12133333333333327,0.0,0.02693189833255123,0.6038534390804269,0.8527384742635412,0.2877507551035523,0.11784116473270922,0.24868929782522828,0.49332700193570966,0.1745950385560108,0.04797009742888857,0.3651375298151004,0.43355416176133466,0.29571414996867745,0.02436102464934376
evolving,ice_mud_high,15dogs,76,0.0614555555555555,0.17777777777777773,0.0,0.0405570579242079,0.49222230857929794,0.7763864044337149,0.38197455688770404,0.06535172179241601,0.04301888888888885,0.12444444444444439,0.0,0.02838994054694552,0.6037148579790473,0.864850446798987,0.29709161397377565,0.11420057033043232,0.24877345423151304,0.508026015286114,0.1742452582465204,0.0511199740311554,0.36464946090597306,0.43165488254832685,0.2889973443482181,0.025125714116627368
evolving,ice_mud_high,15dogs,77,0.06064444444444439,0.1766666666666666,0.0,0.03867727696786127,0.49415708841997574,0.7651936252454467,0.37935033569093296,0.07001910905874917,0.042451111111111065,0.12366666666666659,0.0,0.027074093877502863,0.596324729296388,0.8443557325102056,0.2721038913652773,0.1172879356058939,0.25047369556053933,0.5075871694694049,0.16651400586897985,0.05448414106062344,0.3647730423203507,0.43062206432478456,0.28755271809962235,0.025963776054891648
evolving,ice_mud_high,15dogs,78,0.06194444444444439,0.18444444444444438,0.0,0.04021167249073793,0.49053563465046884,0.7421465999415175,0.37798809558079666,0.06098981773574082,0.04336111111111106,0.12911111111111104,0.0,0.028148170743516533,0.5980959743099543,0.8418887474060057,0.315624044958509,0.11490224719649936,0.24674094516840625,0.48503095952031156,0.16757271255181197,0.04648352314942812,0.3659376991132295,0.43257093788738865,0.2896475271424796,0.024895223374319667
evolving,ice_mud_high,15dogs,79,0.0611555555555555,0.17888888888888885,0.0,0.04017291838210826,0.48950591187745507,0.7414373900629811,0.37114339911462535,0.06333527101362756,0.04280888888888885,0.12522222222222215,0.0,0.02812104286747575,0.5998383928293933,0.8364120402584387,0.2963577430060141,0.11248804496838001,0.24643093971751204,0.4771790485273174,0.17091199482739136,0.049043903390685525,0.36498576421802026,0.42885824656946997,0.29557245127281073,0.02498086154504097
evolving,ice_mud_high,15dogs,80,0.0613555555555555,0.19222222222222218,0.0,0.0405036655041724,0.4898809581919811,0.7590794422882048,0.3810630579820889,0.0636422472537452,0.042948888888888835,0.13455555555555548,0.0,0.028352565852920668,0.5997272388343948,0.8377883369560205,0.2918943759125786,0.11523534123728696,0.24644751595575035,0.4982693621144298,0.17018794517170327,0.048934068795563654,0.36503412765877546,0.43376663184949094,0.2935048366037369,0.025078469272812275
evolving,ice_mud_high,15dogs,81,0.06178888888888884,0.18666666666666662,0.0,0.03990227283101892,0.49232397312666876,0.7573270174261657,0.3749930244019017,0.06240344973213484,0.043252222222222164,0.1306666666666666,0.0,0.027931590981713217,0.5990851294325357,0.8549187986534772,0.2826011467101194,0.11702365571603504,0.24787493870839325,0.49306917974250136,0.1714001459385925,0.04888981949289316,0.36490322498611316,0.424555157234475,0.2934002356546083,0.02399838237275724
evolving,ice_mud_high,15dogs,82,0.06235555555555551,0.18555555555555553,0.0,0.04042021278926724,0.4944473938277736,0.7627388972703046,0.38036673731103227,0.06648501354962176,0.04364888888888884,0.1298888888888888,0.0,0.028294148952487046,0.6023748902316455,0.8597159771607658,0.26791168113333497,0.11661309705113791,0.24966486889517459,0.5097530839263963,0.16715600939485603,0.05194187485004864,0.3647614047544549,0.43032851270556505,0.290201658637118,0.025812168515126632
evolving,ice_mud_high,15dogs,83,0.060922222222222176,0.17777777777777773,0.0,0.03935779363565202,0.49199429340871825,0.7297767819748566,0.3782173963456949,0.060786058694489074,0.0426455555555555,0.12444444444444439,0.0,0.027550455544956394,0.6012836152276492,0.8492512905795764,0.2891979606007701,0.11420742952925458,0.2488670024275182,0.4756345591309109,0.17437787030985918,0.047115333022022234,0.3642307260832243,0.4332630600394897,0.29438026354378705,0.025202696343416688
evolving,ice_mud_high,15dogs,84,0.060077777777777716,0.18666666666666662,0.0,0.03856301462100503,0.4906761263760303,0.7484827483702478,0.3706163934957446,0.06169421702171894,0.042054444444444394,0.1306666666666666,0.0,0.026994110234703494,0.5994698741810571,0.855621309746821,0.2848120920299353,0.11249887006040307,0.2468182753166174,0.47907835661465575,0.17322564176404878,0.04694082086748331,0.3652295045216295,0.4326296623284628,0.2928025588934155,0.02426058512343093
evolving,ice_mud_high,15dogs,85,0.05759999999999994,0.17444444444444443,0.0,0.038527869302803996,0.49377334129503525,0.7761897464880059,0.3754902329330424,0.06805265108035595,0.04031999999999997,0.12211111111111106,0.0,0.026969508511962764,0.5999933940455036,0.8540944427435051,0.3008348143673001,0.11592888450665735,0.2499943986096859,0.5093475634471364,0.169762411143498,0.0517267197742601,0.36469412637590876,0.4326677818651639,0.28522246923016314,0.0257433386537555
evolving,ice_mud_high,15dogs,86,0.060644444444444404,0.17999999999999994,0.0,0.03950730062123359,0.49415219491705525,0.7805869164154022,0.37638680567470156,0.06945354443390428,0.042451111111111065,0.12599999999999995,0.0,0.027655110434863496,0.6042613038559559,0.8653728095090323,0.27985797922635897,0.11934592264241699,0.2503067091837519,0.5066051564296163,0.17780571801032297,0.052206291742360876,0.36411598027208336,0.42624588221490445,0.28438740368144266,0.025094474733091232
evolving,ice_mud_high,15dogs,87,0.06204444444444438,0.18222222222222217,0.0,0.03934453248972972,0.49480308433005743,0.7590060376042819,0.36571544938139855,0.06680404944124761,0.043431111111111066,0.1275555555555555,0.0,0.02754117274281078,0.6038280077942101,0.8506152127094591,0.280159212761475,0.11529305879857525,0.24907881456467865,0.52341057955818,0.17011892373061688,0.0525469117755341,0.36470387379894575,0.4283290097883682,0.287886187384327,0.02532268972339251
evolving,ice_mud_high,15dogs,88,0.06089999999999994,0.1766666666666666,0.0,0.039855248107842946,0.4965090237723503,0.7683163687868684,0.3771773672230857,0.06556874503352667,0.04262999999999995,0.12366666666666659,0.0,0.027898673675490027,0.6024028992320323,0.8548082858003008,0.30447088088252505,0.11439987309287583,0.2491832739472751,0.4901820234063815,0.16844095980592136,0.047235724015116165,0.36365337681619003,0.4259591227017901,0.29509275835090587,0.0242017566111346
evolving,ice_mud_high,15dogs,89,0.060522222222222165,0.18888888888888883,0.0,0.04042290880112763,0.4957963331058492,0.7618508215252802,0.37452366098136897,0.06953766957676981,0.042365555555555504,0.13222222222222216,0.0,0.028296036160789302,0.6075747666125085,0.8501498891339553,0.28513002239640783,0.11309832185569775,0.2518169175637861,0.5003523241423402,0.17130138451725724,0.05244664663398518,0.36288201664103964,0.42938796581324806,0.2824500608467889,0.025640678794679777
evolving,ice_mud_high,15dogs,90,0.05977777777777772,0.18222222222222217,0.0,0.03901412874588089,0.49646101631094036,0.7873272515014833,0.3722933964881804,0.06981692358791979,0.0418444444444444,0.12755555555555548,0.0,0.027309890122116605,0.6107757912687128,0.8480581663151714,0.28199734090537754,0.11312391592723614,0.2533703620099896,0.5086394596007248,0.17265578002462464,0.05379818014242162,0.36326777570973645,0.43038179877095273,0.2870847843824894,0.025959553514677103
evolving,ice_mud_high,15dogs,91,0.06191111111111105,0.1833333333333333,0.0,0.039327196667614875,0.49440041575345617,0.794655863647498,0.37460332320899614,0.06689148534891358,0.04333777777777774,0.12833333333333324,0.0,0.02752903766733041,0.6161945999469307,0.8593225469061518,0.30811337967358915,0.1134540864004027,0.25057688621033314,0.5323139189293186,0.1745759673767191,0.05435575587997501,0.36282252270671017,0.4269361345715267,0.2863011062141648,0.02541213850893454
evolving,ice_mud_high,15dogs,92,0.06024444444444439,0.1877777777777777,0.0,0.039283044323716945,0.49708100303501546,0.7837101280069548,0.37254156954045825,0.07229577792022719,0.04217111111111106,0.1314444444444444,0.0,0.027498131026601834,0.6076392219219773,0.8609879160529393,0.300838281800065,0.115392014640432,0.25187150628397004,0.5190477391127079,0.1702982490015365,0.054760733731658816,0.3629692529655356,0.42322040969203156,0.2835074827871376,0.025156098605714633
evolving,ice_mud_high,15dogs,93,0.05971111111111107,0.17999999999999997,0.0,0.03889706426902966,0.49731964504168114,0.775299047609834,0.37068425219268386,0.06914457686763253,0.04179777777777773,0.12599999999999995,0.0,0.02722794498832074,0.606603008238715,0.8467329103089133,0.2631910189916848,0.11621281312102294,0.2525164975773153,0.513406130878873,0.16763583679576405,0.05398268104533277,0.36355349922705876,0.4342848165590912,0.289571336988221,0.025202689573289472
evolving,ice_mud_high,15dogs,94,0.061088888888888825,0.1833333333333333,0.0,0.03973692669880503,0.4965077391377103,0.7752405268975885,0.37797061203935295,0.07039097054997576,0.04276222222222217,0.12833333333333324,0.0,0.027815848689163498,0.6042517589095422,0.8487677010014656,0.26948561946623434,0.11535776505975026,0.2518899879949743,0.5013985985923222,0.1718550480074194,0.05337079228686491,0.36416702488494834,0.4391905238004295,0.2887372602827754,0.026107553106936233
evolving,ice_mud_high,15dogs,95,0.05967777777777773,0.17999999999999994,0.0,0.04011065816676628,0.4962451682261584,0.7744629492327113,0.3795883576650972,0.06924784101028346,0.0417744444444444,0.12599999999999995,0.0,0.02807746071673638,0.6062480159435404,0.8578371510665941,0.2712296280198046,0.11767520258775485,0.25149858053144886,0.49973640297492555,0.1754258941541643,0.05300332331647274,0.36392624396108497,0.42998350903914534,0.2987173596906755,0.02463541434690478
evolving,ice_mud_high,15dogs,96,0.06059999999999995,0.18777777777777774,0.0,0.04040930076352254,0.4934437303612376,0.767277667033836,0.3745358974171685,0.06733105530209568,0.04241999999999995,0.1314444444444444,0.0,0.028286510534465754,0.6052347546588313,0.8392959966645772,0.2999027579252166,0.11156702198557425,0.2489790424038744,0.5115394296216286,0.1660748567437178,0.05357452936587984,0.3639993264345019,0.4271997787996593,0.28653744752577814,0.02518493138684782
evolving,ice_mud_high,15dogs,97,0.06291111111111106,0.19777777777777775,0.0,0.040479726665992755,0.49328038064373736,0.7727593404825124,0.3705891343179287,0.0695205066167259,0.04403777777777773,0.13844444444444437,0.0,0.028335808666194902,0.6051304704880247,0.8594280859924155,0.29640959697529734,0.11127515981244093,0.2503848809727655,0.5189749126260766,0.1698880972567199,0.05426075226790541,0.36521329487130555,0.4368474007146007,0.29089264563274025,0.025863605708698473
evolving,ice_mud_high,15dogs,98,0.06141111111111105,0.17999999999999994,0.00111111111111111,0.03917105886199872,0.4949747628705442,0.777139027820736,0.37319457583358306,0.0683833130741841,0.04298777777777773,0.12599999999999995,0.000777777777777775,0.027419741203399073,0.6026460944085597,0.8471805488981415,0.2866823795284782,0.11593949047553594,0.24978966624927446,0.5114822196858383,0.167626588056945,0.05323085550758997,0.36476300130436057,0.4291790843227531,0.2898756146183416,0.025222091904412457
evolving,ice_mud_high,15dogs,99,0.06031111111111106,0.17777777777777773,0.0,0.03904425310929367,0.496562471958121,0.7723465149488227,0.3778182570184355,0.07103142371582655,0.04221777777777773,0.12444444444444439,0.0,0.027330977176505546,0.597114325353487,0.8447640465755727,0.2743702653059207,0.11846091159685482,0.25195260890456683,0.5319701714823175,0.1736311127359355,0.05734489230423503,0.36354392538386326,0.4343814242520945,0.2789264352472022,0.026676441486245588
evolving,ice_mud_high,15dogs,100,0.060588888888888824,0.1944444444444444,0.0,0.0412391869635257,0.49453655046011996,0.786894438200725,0.3769514853513269,0.07029005778112836,0.04241222222222217,0.13611111111111104,0.0,0.02886743087446796,0.598801274618461,0.8353543264236658,0.2718235009748914,0.11645120777687512,0.2507835931242928,0.5009344121754494,0.1730229064455308,0.05201073324000242,0.363762805950637,0.4293988976614891,0.29006075764313366,0.024953302530796452
evolving,ice_mud_high,20dogs,1,0.03696666666666663,0.17499999999999996,0.0,0.03858579747566426,0.6331355822233224,0.786190741669753,0.2760607196537501,0.09293803402637915,0.025876666666666614,0.12249999999999994,0.0,0.027010058232964967,0.508029920109889,0.8422342021372022,0.16230935449028877,0.14963679873943958,0.49220102280678696,0.8226343821005809,0.11242678811606872,0.13067732805601867,0.3750859750899528,0.4740114121055467,0.30396950041325665,0.036062437248680426
evolving,ice_mud_high,20dogs,2,0.03986666666666662,0.1833333333333333,0.0,0.04031926308404688,0.6225557712845841,0.7884688008735339,0.2679526465409397,0.10795394363515783,0.027906666666666618,0.12833333333333324,0.0,0.028223484158832794,0.5137843422626298,0.855941649220628,0.17970779474914464,0.14884975352984792,0.45965566982608974,0.7737088106937047,0.10007985396777652,0.13507760715384318,0.3779101281368396,0.4808399974294469,0.29897598195708047,0.03638663637014648
evolving,ice_mud_high,20dogs,3,0.046616666666666605,0.19166666666666662,0.0,0.04426681044448237,0.6044130348609562,0.7872727549521221,0.26734524110741215,0.11822123332742152,0.03263166666666662,0.1341666666666666,0.0,0.030986767311137642,0.5208665728069113,0.844251453500082,0.18344834199010007,0.14542143045833297,0.4253852597584026,0.7312764233336011,0.09974736304724491,0.13962164502332036,0.3784617152616047,0.4826118964451388,0.3036641458942378,0.036823904247000966
evolving,ice_mud_high,20dogs,4,0.04939999999999994,0.2016666666666666,0.0,0.04574132948540263,0.5801612297695136,0.7824158274371443,0.2592528936653039,0.12747633172939526,0.03457999999999995,0.1411666666666666,0.0,0.03201893063978182,0.5298761821994535,0.8627234481214947,0.19047722911129356,0.14657923219299368,0.38909200685608636,0.6973589833455036,0.09185579279479084,0.14023352244251094,0.383567825825487,0.48474096743455997,0.30519581709253474,0.03739709729247227
evolving,ice_mud_high,20dogs,5,0.056383333333333285,0.22666666666666663,0.0,0.04928668942090463,0.5481155123774795,0.7745598668537345,0.24899500365054977,0.1306059958502656,0.039468333333333286,0.1586666666666666,0.0,0.03450068259463322,0.5425887973975996,0.8730952580587019,0.20801756578970446,0.14408784268822397,0.34998952527876953,0.6634911416960098,0.09349517651118687,0.14222992761493683,0.38711120382546593,0.4793521866262872,0.30382872332768973,0.037500443446207024
evolving,ice_mud_high,20dogs,6,0.060316666666666616,0.20999999999999996,0.0,0.048415600463006005,0.514815345667144,0.762535513923234,0.23220506775147554,0.13101818381773828,0.042221666666666616,0.14699999999999994,0.0,0.03389092032410418,0.5450666243996454,0.8833586422450675,0.20038799662163362,0.1453688021175628,0.3078307607471537,0.6013503548264829,0.08549915250327031,0.13269583210029068,0.3919273426001647,0.4819294797387763,0.309049255584087,0.03724002640108649
evolving,ice_mud_high,20dogs,7,0.06528333333333328,0.22833333333333333,0.0,0.05177880160954514,0.4984490910911842,0.7618723856841997,0.24031314289840036,0.12794098210213342,0.04569833333333328,0.15983333333333327,0.0,0.03624516112668158,0.5532162488173047,0.8652124908282953,0.1912734097632634,0.13898757046006693,0.286922603404002,0.5784529442682844,0.08759981014570342,0.12697637741685588,0.3952755857424254,0.48048019414967147,0.31078262795669953,0.036328201839874244
evolving,ice_mud_high,20dogs,8,0.06896666666666659,0.22666666666666663,0.0,0.05021311325475043,0.47622736739142857,0.74716482593232,0.2336883444103651,0.1217883399061503,0.04827666666666662,0.1586666666666666,0.0,0.03514917927832528,0.564153285562689,0.8577996237096999,0.22941893870955704,0.1339643192385789,0.26114997866650247,0.5547550637225093,0.0811164551197555,0.11706933598459916,0.3992217785683716,0.4811632567329787,0.3142147902710171,0.03504476439370911
evolving,ice_mud_high,20dogs,9,0.07269999999999996,0.2333333333333333,0.0,0.052992973814976585,0.4591110106687564,0.7367775256926936,0.23183748095254372,0.11727494690152507,0.050889999999999956,0.16333333333333327,0.0,0.03709508167048359,0.572482229137503,0.8651420621453184,0.2453501170983156,0.13245574911411087,0.24361455386257652,0.5467591372079293,0.0822344061703415,0.10883922765602087,0.40243464228245707,0.4832478057189463,0.31567704905794636,0.034680495208815804
evolving,ice_mud_high,20dogs,10,0.07094999999999996,0.21999999999999997,0.0,0.050191358154755186,0.4487672406281593,0.72673005758148,0.24322611530848498,0.11031810096533894,0.049664999999999945,0.15399999999999994,0.0,0.035133950708328615,0.576305633266915,0.8631494732667621,0.25717656267542816,0.1291650768165282,0.23437257430177874,0.5409705965285346,0.08667327281999469,0.10146410624551912,0.40357499606779046,0.4838624602727055,0.3193935676556341,0.03411455517928644
evolving,ice_mud_high,20dogs,11,0.07404999999999995,0.225,0.0,0.051780844223040634,0.444166724135883,0.7279936543321239,0.2529485732310513,0.10709514461861598,0.05183499999999995,0.15749999999999995,0.0,0.03624659095612843,0.5770905830993093,0.8512783662891836,0.2564173103159596,0.13145715586772805,0.22803916621061057,0.5232920326201262,0.09403191961054333,0.09713978604432999,0.40442716990198646,0.48624884143057195,0.31723755158371486,0.03393227761009848
evolving,ice_mud_high,20dogs,12,0.07693333333333327,0.2616666666666666,0.0,0.05419551262880853,0.4354839847111773,0.7156152822993511,0.2504537321848876,0.1037658319442776,0.053853333333333274,0.18316666666666662,0.0,0.03793685884016594,0.5775932312407738,0.844352570407905,0.23063269700201397,0.1298219120751865,0.22231915975138383,0.5286695082730296,0.0928688027588319,0.09165901525131026,0.40676699387656434,0.48341023068792366,0.32578530573590686,0.03223657592827661
evolving,ice_mud_high,20dogs,13,0.07754999999999994,0.24999999999999994,0.0,0.05325028492978491,0.42812670008550635,0.6956607953099065,0.2476823157671011,0.09920814491844795,0.05428499999999995,0.17499999999999996,0.0,0.037275199450849394,0.5797123436704859,0.8404616303705834,0.24445400120066257,0.12749385318131834,0.21393227965066525,0.49719826842421655,0.08837777215825944,0.08741340183457229,0.4072468127091022,0.48214795580203235,0.32178184509416435,0.03233330808767033
evolving,ice_mud_high,20dogs,14,0.07603333333333327,0.22666666666666663,0.0,0.05216479516991003,0.4253111631465522,0.6939123376939884,0.25504562897163935,0.09550442977652195,0.05322333333333329,0.1586666666666666,0.0,0.03651535661893702,0.5749327024664446,0.855331110627135,0.2698684672070822,0.1245771689854041,0.21270689373116655,0.48406521072238917,0.09714529000370901,0.08319835130622537,0.40857494979912057,0.4959421204300904,0.32741004102982496,0.032713575711196916
evolving,ice_mud_high,20dogs,15,0.07654999999999992,0.22833333333333333,0.0,0.051819005690831046,0.4184894341140109,0.6957873685951904,0.2514686029257115,0.09524668907235909,0.05358499999999996,0.15983333333333327,0.0,0.03627330398358171,0.5677807006066302,0.8364894410440232,0.25986957077542155,0.12120219315044785,0.20810031482741703,0.48167125134300964,0.09438087246465718,0.08092039444887003,0.4091403963079675,0.4897883062567372,0.3261484488341999,0.03202013493564035
evolving,ice_mud_high,20dogs,16,0.07831666666666662,0.23833333333333329,0.0,0.0524517796167576,0.41689729998817987,0.6960827348729313,0.25981025649602396,0.09553527324924205,0.054821666666666616,0.16683333333333325,0.0,0.03671624573173031,0.5688357224237974,0.8381568169081097,0.26144689044957115,0.12106955355541979,0.2067273673009223,0.49251411653036203,0.09677705100957734,0.08146092035228591,0.4087780685798771,0.4856739786237288,0.3252608331967499,0.030750089796605318
evolving,ice_mud_high,20dogs,17,0.08179999999999994,0.24333333333333332,0.0,0.05379927978111763,0.41355727010149607,0.7116605281578047,0.2526386653976602,0.09722031542132134,0.05725999999999994,0.17033333333333328,0.0,0.037659495846782326,0.5716444322733794,0.8244354235240106,0.262186812767743,0.11828298373090848,0.20357843092959543,0.5023006078202475,0.09297984979279349,0.08260890649176239,0.4106747943258049,0.4851670885641881,0.32519288274462255,0.03224536812271447
evolving,ice_mud_high,20dogs,18,0.07926666666666662,0.23833333333333329,0.0,0.0524904736858545,0.4085620513862496,0.7023176587358384,0.24812722472430285,0.09364206810829996,0.055486666666666615,0.1668333333333333,0.0,0.03674333158009814,0.5719339015016625,0.8307427191032998,0.256715979880107,0.11794463661266419,0.2010873297833306,0.4906874651996841,0.09253963261856835,0.07824031829489997,0.41106030035860186,0.4867436427762709,0.3315980902615494,0.0303156451281126
evolving,ice_mud_high,20dogs,19,0.07788333333333328,0.23666666666666664,0.0,0.051939409297185435,0.4065870501061533,0.7074314213164803,0.24812851678726466,0.09385946547369385,0.05451833333333328,0.1656666666666666,0.0,0.036357586508029796,0.5743599975516274,0.8332997563371227,0.2879464139325648,0.11466035021681183,0.1996362344896742,0.5139660218898595,0.09064495703146318,0.07950616681340635,0.41206231676244026,0.4907534209234273,0.3266471535976941,0.030791920691898615
evolving,ice_mud_high,20dogs,20,0.07979999999999995,0.23666666666666664,0.0,0.053818564483162676,0.40238756345425813,0.6996107729299611,0.24524172785245885,0.08812692311495132,0.055859999999999944,0.1656666666666666,0.0,0.037672995138213844,0.5764204752152533,0.8376414991689263,0.2971012736865031,0.11520967256191347,0.19823720411890436,0.48880603174397697,0.0917438971804645,0.0750009782113497,0.41176007290797445,0.4915297865361075,0.33005638664544606,0.02996804251602565
evolving,ice_mud_high,20dogs,21,0.07994999999999994,0.24499999999999997,0.0,0.05422548507970285,0.40470601213721225,0.7086646182793093,0.2535727115353489,0.09150007633243389,0.05596499999999995,0.17149999999999993,0.0,0.037957839555791975,0.5724594497627471,0.8422086222632131,0.2623940382528841,0.11830453556575757,0.19749894911550503,0.4976571354017937,0.08976270576381601,0.07815661836492196,0.4123213696466057,0.485986591304291,0.32633785942157684,0.03054079822267855
evolving,ice_mud_high,20dogs,22,0.07916666666666662,0.255,0.0,0.053693317347766875,0.4005275839135402,0.7124291028230554,0.257126406715703,0.08586969745438125,0.055416666666666614,0.17849999999999994,0.0,0.0375853221434368,0.5704778603364642,0.8309680839464961,0.2432972103290369,0.1189290393249706,0.19583521026476694,0.50974713411084,0.09500240815859226,0.07421372973555909,0.41217605340516916,0.48253277834514846,0.33262289211596485,0.029161608575789755
evolving,ice_mud_high,20dogs,23,0.08113333333333328,0.24333333333333332,0.0,0.052463043399761086,0.40037620299337,0.6857624835979779,0.25880504211272526,0.08216662906211172,0.056793333333333286,0.17033333333333328,0.0,0.03672413037983275,0.5648268063976962,0.8431802631391434,0.2477264355314622,0.11957813450735641,0.19551417623460238,0.4978830548415263,0.09517947157772014,0.07288713720107924,0.4128417700639756,0.48537966099208063,0.3330142017627712,0.02913229249464399
evolving,ice_mud_high,20dogs,24,0.08103333333333328,0.25666666666666665,0.0,0.054826111735348106,0.4041318531955283,0.7005787665678634,0.2550888094051141,0.0884672575570014,0.05672333333333329,0.1796666666666666,0.0,0.03837827821474364,0.567016842346086,0.8373384529838411,0.2415572201098842,0.11690578017884981,0.19808766766154823,0.5066039726861071,0.09611620941160884,0.07702404465643438,0.4114832833977191,0.4844360321833004,0.33159789461920164,0.02927716209660968
evolving,ice_mud_high,20dogs,25,0.0817166666666666,0.25166666666666665,0.0,0.05406648995082778,0.40042478319781677,0.6983114350367808,0.2520983006943192,0.08478555051702116,0.05720166666666661,0.17616666666666658,0.0,0.03784654296557943,0.5706724181652858,0.8158604625662449,0.2643964687040773,0.11578400043335971,0.19495835167826728,0.4863771286998726,0.09381781948903536,0.07125508091698861,0.41315488242799364,0.49255508838620743,0.33319423100845447,0.02927284974338133
evolving,ice_mud_high,20dogs,26,0.07969999999999995,0.23833333333333329,0.0,0.05261542815463005,0.39888128776044146,0.6934986286796854,0.25458410158889283,0.08371598469988567,0.05578999999999995,0.16683333333333328,0.0,0.03683079970824103,0.5753803478626833,0.8394563852593613,0.269396548395517,0.11684707130180941,0.19611257675931007,0.4914397429503218,0.09569742625777589,0.07237172924284442,0.41254656650254873,0.48927245119176604,0.32699533606519626,0.029536551519527415
evolving,ice_mud_high,20dogs,27,0.08181666666666662,0.24666666666666665,0.0,0.05453936207638553,0.39923771566427074,0.7046124343286719,0.25791886500912636,0.08804068268789553,0.057271666666666624,0.17266666666666658,0.0,0.03817755345346986,0.5714137884291204,0.8295014958959716,0.2570918324893787,0.11781492667582365,0.19554503782191152,0.505517304451085,0.0927234464120548,0.07363458361783169,0.41349081195852566,0.48539421045268094,0.33159962129455506,0.02961708607486089
evolving,ice_mud_high,20dogs,28,0.08098333333333328,0.2616666666666666,0.0,0.05433177460235189,0.3999197070085849,0.7000761127168321,0.2597910974346239,0.0865171040068217,0.0566883333333333,0.18316666666666662,0.0,0.03803224222164631,0.5747430328706196,0.8353000288011045,0.29184319808361847,0.11339999491536727,0.19661295782563337,0.4997233481868295,0.09702535269035668,0.07372849994136631,0.41337821432923294,0.48582972887105236,0.330789195548889,0.029262308114037273
evolving,ice_mud_high,20dogs,29,0.08199999999999995,0.23833333333333334,0.0,0.05378370591588949,0.4010844512532944,0.6989029846067215,0.2550084027383025,0.0875697386089444,0.05739999999999995,0.16683333333333328,0.0,0.03764859414112262,0.5726011220722632,0.8318590304890344,0.23913851362245636,0.11437712224255443,0.19976166454920294,0.4912107277241192,0.0952053665630205,0.07564729929390598,0.41233684492831857,0.4862339692801914,0.3312253859706126,0.029443358781162082
evolving,ice_mud_high,20dogs,30,0.08131666666666662,0.23833333333333329,0.0,0.05195786878658726,0.4003475739833743,0.6865223779777818,0.25714422290485617,0.08299887954904432,0.056921666666666614,0.16683333333333328,0.0,0.03637050815061106,0.5790332150844294,0.828421497303187,0.2714112338496643,0.11356070970279745,0.19911745927569036,0.4863933418958985,0.09452373239101652,0.07104816241339545,0.4131692252288711,0.4878718548833719,0.3315313086579893,0.028547993495293456
evolving,ice_mud_high,20dogs,31,0.08284999999999995,0.2583333333333333,0.0,0.05556502708730119,0.39781212969175145,0.6911910224870992,0.25805325479900876,0.08549849780793935,0.05799499999999996,0.18083333333333326,0.0,0.038895518961110806,0.57712161502816,0.8381195057496633,0.2680789099626587,0.11555193736685973,0.19687370144846048,0.48471763251234157,0.0957913947169477,0.07301841464860487,0.412854907392607,0.47819528247955684,0.33113982631171096,0.027945456776619
evolving,ice_mud_high,20dogs,32,0.08291666666666661,0.24,0.0,0.054544069952852416,0.3972281563840091,0.6975716414852318,0.25875924028756814,0.0851158682229903,0.058041666666666616,0.16799999999999995,0.0,0.038180848966996674,0.576509870998456,0.8351525372324609,0.2779373313271578,0.11635807230034437,0.19636536690885648,0.4830237539701791,0.09909372912858881,0.07254214848547526,0.41369152860262065,0.48417929546761196,0.33461167571656364,0.029297046790004423
evolving,ice_mud_high,20dogs,33,0.07928333333333329,0.24499999999999997,0.0,0.0537239768386397,0.3921233272172661,0.7097263989841006,0.26175253533800746,0.08502123620784377,0.055498333333333275,0.17149999999999993,0.0,0.03760678378704777,0.5774871870889533,0.8338743643994319,0.28134267015805003,0.11315813804175678,0.19410142001793768,0.5099005851459657,0.09588576732126902,0.07392642624581144,0.4137023919909943,0.48523732115688734,0.3317829024855786,0.028215403438718555
evolving,ice_mud_high,20dogs,34,0.08059999999999995,0.24499999999999997,0.0,0.054017801359087604,0.38735332252946697,0.6920165631558526,0.2556643180505694,0.08064002066735805,0.056419999999999956,0.17149999999999993,0.0,0.03781246095136133,0.5789782887285637,0.8378026417229696,0.2845144379264869,0.11459756681659075,0.1918579161413252,0.48053549631560044,0.09581196376323663,0.06699614690901927,0.41492005961519685,0.4862517158563642,0.3334103911534521,0.028773609208091598
evolving,ice_mud_high,20dogs,35,0.08339999999999995,0.255,0.0,0.05420333763524049,0.38462466665842543,0.6805248166382003,0.2625780678165556,0.07637924513447769,0.05837999999999995,0.17849999999999994,0.0,0.03794233634466833,0.5852164237313427,0.847867586863378,0.27015371839868674,0.11637187659055004,0.1881847948712561,0.4810310805186685,0.09810435883496202,0.06383230566173148,0.4161950463995926,0.48685809552668075,0.3404224326153386,0.027759168340963238
evolving,ice_mud_high,20dogs,36,0.08224999999999995,0.25999999999999995,0.0,0.05378073052459305,0.38199898779193897,0.6780927291857426,0.26239366961105287,0.07280747529390633,0.05757499999999995,0.18199999999999994,0.0,0.03764651136721511,0.5895153643752507,0.8347312608764744,0.29677627804813855,0.1142086296933913,0.18729498311606527,0.4651375915288753,0.09701872556377461,0.06207293076800465,0.41680187303388483,0.48882922326671396,0.3375646142544123,0.02668155179371174
evolving,ice_mud_high,20dogs,37,0.08461666666666662,0.2583333333333333,0.0,0.05502592457176582,0.3851419142797532,0.685445477758051,0.2669888650016182,0.07523982181662839,0.05923166666666661,0.18083333333333326,0.0,0.03851814720023605,0.5856239831052512,0.8481426994287699,0.292261985850606,0.11669324009950484,0.1903836417167057,0.4674227752044503,0.10104527364530067,0.06362597886918017,0.4160164588565373,0.48369806693774864,0.329319229797829,0.027440905407803327
evolving,ice_mud_high,20dogs,38,0.0821166666666666,0.255,0.0,0.05531802399558624,0.3810510461785968,0.6599426054017925,0.26265454978229685,0.0730955624810138,0.05748166666666662,0.17849999999999994,0.0,0.03872261679691035,0.5854880941983036,0.8321442514295854,0.29593277490544506,0.11282342431560093,0.18447217787691858,0.45005558924762956,0.09738624805151694,0.05985966333189001,0.41649756272311034,0.48651663686431945,0.33007541726467604,0.027721652559683185
evolving,ice_mud_high,20dogs,39,0.08364999999999995,0.24333333333333332,0.0,0.05456840489699192,0.37880101003529054,0.6651847010416202,0.25745694728309815,0.07227454609084968,0.058554999999999954,0.17033333333333328,0.0,0.03819788342789433,0.5824604949511236,0.8245678658808755,0.28843894351365706,0.1155283006901604,0.18367213341939323,0.46594302841931495,0.09587115724914681,0.061138807241262874,0.41672038345244067,0.48580325478353104,0.33361251809865367,0.027518737705394695
evolving,ice_mud_high,20dogs,40,0.08364999999999995,0.25666666666666665,0.0,0.05428939635648705,0.37840004631488544,0.6643262833370079,0.26303997137698715,0.07079941348474791,0.05855499999999995,0.17966666666666659,0.0,0.038002577449540914,0.5766924323743832,0.8351929996700646,0.28281727883578184,0.1166635764904653,0.18309099131658108,0.4397569494005868,0.09848784916700737,0.05663038010258007,0.41721440675741067,0.4866453871401523,0.3458462204311124,0.025533166296074404
evolving,ice_mud_high,20dogs,41,0.08266666666666661,0.24999999999999994,0.0,0.054266085370224,0.38067169751233254,0.702681454655708,0.2628190539119847,0.07366071134036581,0.057866666666666636,0.17499999999999996,0.0,0.037986259759156774,0.5759950468410432,0.8334424426158711,0.27507747587673437,0.11674011426862559,0.1844035355438026,0.48124019771542004,0.09873590807684197,0.0597279403877776,0.4171059735472301,0.4845270881543022,0.334817881351258,0.02611076567271368
evolving,ice_mud_high,20dogs,42,0.08309999999999995,0.2333333333333333,0.0,0.05272470352771959,0.3843667935509406,0.6893103717787276,0.26756971047956835,0.07385210394831407,0.058169999999999944,0.16333333333333327,0.0,0.0369072924694037,0.5734483534350738,0.8264149267868636,0.2822400180001995,0.1152569072585963,0.18691927604952885,0.49206506336170247,0.10488645846226641,0.05906685036570476,0.41634219161644365,0.4810022029056943,0.33323431301032397,0.026474845671849594
evolving,ice_mud_high,20dogs,43,0.08346666666666662,0.24666666666666665,0.0,0.05382157543590106,0.3814008085187162,0.701289686124906,0.26724589389804343,0.07162355299699155,0.05842666666666661,0.1726666666666666,0.0,0.037675102805130735,0.5757776407743301,0.827293286888489,0.2891937540302058,0.11195015174615204,0.18482897430779968,0.473526879041189,0.1000315144060699,0.0581592939698727,0.4170740835146084,0.48229704720383326,0.3373950617291636,0.026773142985045927
evolving,ice_mud_high,20dogs,44,0.08371666666666662,0.23499999999999996,0.0,0.05425364342169705,0.3836266442652175,0.6912154462736918,0.268900140128196,0.07365923549405404,0.05860166666666662,0.16449999999999992,0.0,0.03797755039518792,0.578315004379673,0.8393298637130785,0.2794285373581645,0.11676137049302122,0.18573357712553837,0.4737587311704544,0.11139527892209311,0.05852767257094164,0.41513566186737094,0.4864051661387608,0.33715748495309805,0.026625933547311752
evolving,ice_mud_high,20dogs,45,0.08433333333333329,0.23833333333333329,0.0,0.05365782185083555,0.3816254659181776,0.6673672926668831,0.2677555540264858,0.06782664828330434,0.059033333333333285,0.16683333333333328,0.0,0.037560475295584865,0.5838181270506876,0.8277164927816856,0.282358042216893,0.11294584603456348,0.18396895294853838,0.4501782234926986,0.11270061766814514,0.053613164565134985,0.41608648997769937,0.48464900234842145,0.33791531477731396,0.026235447179417438
evolving,ice_mud_high,20dogs,46,0.0836166666666666,0.24999999999999994,0.0,0.05488732177600255,0.3799388069436984,0.6819566267769195,0.26732870775182943,0.06976963932032669,0.058531666666666614,0.17499999999999993,0.0,0.038421125243201765,0.5837005490688448,0.8430851411347187,0.2850248318615368,0.11130443391407943,0.18372429473058968,0.47493786844854524,0.11162742716457515,0.05544676436106684,0.417231718045971,0.4868057014536478,0.33855254830977444,0.026337634874599107
evolving,ice_mud_high,20dogs,47,0.08196666666666662,0.24166666666666664,0.0,0.05318034970471983,0.3829771499928899,0.7021195962821445,0.27253774523437074,0.0716843247655646,0.05737666666666662,0.16916666666666663,0.0,0.037226244793303866,0.5745899682817048,0.8223598069121467,0.292938756043187,0.1146177669550533,0.1859241293984748,0.4979797856056365,0.11458436133092405,0.05880482946021787,0.41581755988589786,0.48639792884053873,0.32951787272289884,0.026477419101707273
evolving,ice_mud_high,20dogs,48,0.08526666666666663,0.2533333333333333,0.0,0.055032682675541754,0.3824013748267528,0.6881156447970047,0.2632265473627648,0.07046703582417345,0.059686666666666624,0.1773333333333333,0.0,0.03852287787287921,0.5737490040620365,0.8130264151868458,0.2941978736785153,0.11155690172495274,0.18622877539509225,0.4851076508090414,0.11145889857171291,0.05564138824950956,0.41636600354659814,0.48547757151327986,0.3359767694437423,0.02714338032121687
evolving,ice_mud_high,20dogs,49,0.08386666666666662,0.24666666666666665,0.0,0.055977831466060154,0.3847636350405532,0.6987072219952403,0.2643331264048806,0.07714967925835617,0.058706666666666615,0.1726666666666666,0.0,0.039184482026242105,0.5690630019862073,0.8239336676865954,0.2713600922007221,0.11535025325650843,0.18803847625188158,0.471493473376759,0.11389441708196121,0.061898291867639385,0.4165910220827591,0.48622414186843754,0.33448456336185123,0.027351898476277593
evolving,ice_mud_high,20dogs,50,0.08451666666666661,0.25999999999999995,0.0,0.05561523235587863,0.3807627643760213,0.6941497036528904,0.26936758850935855,0.0711060714636327,0.05916166666666661,0.18199999999999994,0.0,0.03893066264911503,0.5733545114593084,0.8241263104617047,0.26593111043111967,0.11334244417110995,0.1846168761827282,0.47900459982868215,0.1131090125616248,0.05678993984671549,0.41702376412417597,0.48934898674992483,0.3382274487090367,0.02636135572734851
evolving,ice_mud_high,20dogs,51,0.08389999999999996,0.24166666666666664,0.0,0.0550104703763052,0.38350337579157845,0.7145814347751412,0.25776166356716285,0.07587009585924136,0.05872999999999996,0.1691666666666666,0.0,0.03850732926341362,0.5748352345460347,0.8238558245350569,0.3008381922407992,0.11103505537446112,0.18711064812464745,0.5091045695545918,0.1106115507680873,0.061349725724213176,0.41655786458124255,0.48698803751204245,0.3358430439141009,0.026615072690255804
evolving,ice_mud_high,20dogs,52,0.08304999999999993,0.24333333333333332,0.0,0.05311258026838549,0.384709922703162,0.6919536742663681,0.26628796506047364,0.07518016795343233,0.05813499999999996,0.17033333333333328,0.0,0.03717880618786982,0.5784295444540145,0.8394620703785541,0.27704076243023235,0.11518305628794419,0.18940562140843492,0.4976175184640973,0.11141308342779206,0.06515896948504762,0.41529715085529206,0.486123308299259,0.3304679381847604,0.027429501900683932
evolving,ice_mud_high,20dogs,53,0.0832666666666666,0.255,0.0,0.05592455362275608,0.38187410772586927,0.699417409633462,0.26443253319262017,0.07472869215170924,0.05828666666666661,0.17849999999999994,0.0,0.03914718753592923,0.5800499988314104,0.8301492829200837,0.2923662064729746,0.1132400315264132,0.18551755552839505,0.4758608144404077,0.1107103312875521,0.05850848749169837,0.4167462185962171,0.4830965735414453,0.336711419461224,0.026621951930267083
evolving,ice_mud_high,20dogs,54,0.08383333333333329,0.24166666666666664,0.0,0.054990577024670806,0.3853462171477128,0.7187643028540424,0.26409911166691313,0.07639312221073946,0.058683333333333275,0.1691666666666666,0.0,0.03849340391726954,0.5786880138429016,0.8332189469333782,0.2659947088996638,0.1183530932935811,0.18814110474657514,0.5033490903176496,0.11181729044455861,0.0626943938920284,0.4157565675141412,0.48285569644390136,0.33494531027615315,0.026692792659058374
evolving,ice_mud_high,20dogs,55,0.08301666666666661,0.265,0.0,0.055099219780439426,0.3856790371179719,0.7063829580769057,0.2636109486978912,0.07615637448584009,0.05811166666666662,0.18549999999999994,0.0,0.03856945384630757,0.577609163080844,0.8266289924383337,0.25091309059919886,0.11909131677296614,0.18896903188851233,0.4928728197694935,0.11371408035486448,0.06137468413805103,0.41642736428300814,0.4850385900877706,0.33454201915763837,0.0267598657814516
evolving,ice_mud_high,20dogs,56,0.08123333333333328,0.24333333333333332,0.0,0.053482134081964304,0.38430313751903805,0.6861618046760901,0.26595539407759283,0.0736041360131658,0.05686333333333328,0.17033333333333328,0.0,0.037437493857375,0.5774275818832522,0.8380969821762493,0.2913281613377373,0.11622421657689586,0.18806711494966483,0.47524658362355654,0.10880216048690797,0.05970199528819383,0.4141340673580502,0.4838509012411243,0.3312995883800108,0.027201238963212537
evolving,ice_mud_high,20dogs,57,0.0842166666666666,0.26499999999999996,0.0,0.05515337052399173,0.38807665113535295,0.7005071777149264,0.2651169135342707,0.07572651605635514,0.05895166666666661,0.18549999999999994,0.0,0.03860735936679421,0.5701959306718651,0.8382526186049615,0.2710479548015129,0.11880098252847007,0.19053194454974426,0.4984267544659837,0.11193489145801323,0.060001819285382244,0.4153004478372232,0.48868773149406747,0.33213806058760365,0.02711706201121141
evolving,ice_mud_high,20dogs,58,0.08299999999999995,0.25666666666666665,0.0,0.055256541824103375,0.3868922031671782,0.7092434175326273,0.26786538294273593,0.07305050742746219,0.058099999999999964,0.1796666666666666,0.0,0.038679579276872336,0.5665858572041119,0.8229993774085396,0.2616358280533135,0.11923648942208627,0.19116610604691736,0.5201506991202819,0.1130731279722571,0.06013652274154273,0.4163828541232396,0.48733542740881236,0.33257087389100354,0.026861659897363083
evolving,ice_mud_high,20dogs,59,0.08203333333333328,0.25166666666666665,0.0,0.05406152073263866,0.38650713844548,0.6860619452602712,0.26044884582180444,0.07435606622817374,0.057423333333333285,0.1761666666666666,0.0,0.03784306451284705,0.5622122141340441,0.8170244424330727,0.25770872406194173,0.11618785767762778,0.1921995756109806,0.49358391942330276,0.11020298155697417,0.0625305123319159,0.415390190516169,0.4848124334244672,0.3390368129885737,0.027248619943478297
evolving,ice_mud_high,20dogs,60,0.08433333333333329,0.25999999999999995,0.0,0.0547170875177649,0.38756521936000937,0.7116432004990126,0.2672083047689864,0.07549177177523936,0.05903333333333327,0.18199999999999994,0.0,0.038301961262435416,0.5610545387751189,0.8081088567140856,0.2670734891886989,0.11484062382323401,0.19115902078166802,0.5077854697947551,0.11116229139885789,0.06202053665827484,0.4161856585791089,0.4912556446827961,0.33063098617641107,0.02664329267621554
evolving,ice_mud_high,20dogs,61,0.08309999999999994,0.24166666666666664,0.0,0.054230037595007864,0.38496129543485813,0.704207074304465,0.264625365760751,0.07408360225077601,0.058169999999999944,0.16916666666666663,0.0,0.0379610263165055,0.5658348501474706,0.8160698069800812,0.2802694935700719,0.1155382448821396,0.1903370550305093,0.5139611638320336,0.10965771217485387,0.062446077456450796,0.41561407528374295,0.48770082785430596,0.33437217503220007,0.027566542049547997
evolving,ice_mud_high,20dogs,62,0.08394999999999996,0.255,0.0,0.05519607607621142,0.38589042677638685,0.7136060411371402,0.26480264589429436,0.07679360054769221,0.05876499999999994,0.17849999999999994,0.0,0.038637253253347985,0.5689648791910004,0.8260840248061502,0.2610068783812237,0.11827527234262147,0.19121552956467747,0.5095882293867293,0.11080410557124384,0.06405505231133579,0.4156875427439921,0.4845043529634089,0.33353858098649314,0.027249029854221986
evolving,ice_mud_high,20dogs,63,0.08366666666666661,0.2516666666666666,0.0,0.05555203885244052,0.38481312465686146,0.678295071240828,0.26077985517322727,0.07433661823440924,0.058566666666666614,0.1761666666666666,0.0,0.038886427196708345,0.5684940243346055,0.8334292942248054,0.254669641352979,0.11771502513110547,0.1891813063611378,0.4726806578130961,0.10913097658977362,0.05837474361086468,0.41591329739635097,0.4815421335259322,0.3385524956602203,0.026675634733578674
evolving,ice_mud_high,20dogs,64,0.08331666666666662,0.24,0.0,0.05432134310549038,0.3843738737317879,0.6705793715053868,0.26749519071277555,0.07144912505168508,0.05832166666666664,0.16799999999999993,0.0,0.038024940173843266,0.5715210683349341,0.8357222733653579,0.2779437211983885,0.11767627510513705,0.18832828270395818,0.4849360246196822,0.11060722464069446,0.056941929898182475,0.4158597195680668,0.4815716877188664,0.3366682801383304,0.025832179550705946
evolving,ice_mud_high,20dogs,65,0.08229999999999994,0.24999999999999994,0.0,0.05459589907708601,0.3841409065817681,0.6922791854285046,0.262585321978587,0.07148694222380217,0.05760999999999995,0.17499999999999996,0.0,0.0382171293539602,0.5729312943181291,0.8260915515526612,0.25208257731189526,0.1197506997564172,0.18991793467609502,0.46282724592726854,0.11318819893111864,0.056435698292936175,0.41611397718607923,0.4838098530412749,0.3360248426522832,0.026190501992408338
evolving,ice_mud_high,20dogs,66,0.08389999999999995,0.2516666666666666,0.0,0.0542276967154854,0.38037256579128653,0.6951174149898659,0.2716553607374399,0.06945638027353752,0.05872999999999995,0.1761666666666666,0.0,0.03795938770083975,0.5730672347776247,0.828812019479242,0.2711049522047354,0.11549286415886828,0.1862185742296712,0.4898095914764279,0.11274313458549352,0.05560052853531018,0.416641199119468,0.4809011495416596,0.33648609830734705,0.02585012554222596
evolving,ice_mud_high,20dogs,67,0.08318333333333328,0.24333333333333332,0.0,0.05303460967693805,0.38305465485347623,0.7162814328758417,0.26666767489864474,0.07311329277723719,0.05822833333333329,0.17033333333333328,0.0,0.037124226773856614,0.5706810593013437,0.8235509928885003,0.24306070315525305,0.11546191532079182,0.18951658946861172,0.5237294439791709,0.11133705895032928,0.0641102190708149,0.4163734235035389,0.4795266430212271,0.3350035133657837,0.026510832355717207
evolving,ice_mud_high,20dogs,68,0.08636666666666662,0.24666666666666665,0.0,0.054321710958806856,0.38205094877428736,0.6997444705689999,0.27052641508910635,0.0696187935602369,0.06045666666666662,0.17266666666666663,0.0,0.03802519767116479,0.5734182903053655,0.8145738104704414,0.27558339252429687,0.10940116290891669,0.1875076636865836,0.49209426376362186,0.11460034014267442,0.05803622824045958,0.41640857461113995,0.4812450727267823,0.3329492643983937,0.02636443509806389
evolving,ice_mud_high,20dogs,69,0.08468333333333329,0.26666666666666666,0.0,0.056385215091992666,0.3812361160681834,0.6996567266905268,0.27222150454970057,0.0680456308327849,0.05927833333333328,0.1866666666666666,0.0,0.039469650564394845,0.5765450376359147,0.811818280784031,0.2718411935600714,0.11052377671390272,0.18646261070390147,0.48502837226847867,0.11761602788175732,0.0546542066939207,0.4162160164943792,0.4900095306234662,0.33499313526768926,0.02637838107541709
evolving,ice_mud_high,20dogs,70,0.08431666666666662,0.25999999999999995,0.0,0.05446079744667165,0.38073006642891544,0.6881599161181865,0.26867985456540433,0.06896366275866705,0.059021666666666625,0.18199999999999994,0.0,0.038122558212670125,0.5815628430043658,0.8155851190785904,0.27114134355837993,0.1100239946666353,0.18739155955715162,0.5084834699580523,0.1150342524851397,0.06142790650595457,0.4170031843551065,0.4838299831496344,0.33036973662059443,0.026683523781281738
evolving,ice_mud_high,20dogs,71,0.08559999999999995,0.24666666666666665,0.0,0.05546095482812472,0.3807252722477973,0.6878783845046956,0.2689513047019866,0.07206475432947668,0.05991999999999995,0.1726666666666666,0.0,0.03882266837968729,0.5808500690000873,0.8257421360435526,0.27977777385471486,0.11362695034819303,0.18691479845450468,0.49502450914869794,0.11386355117001887,0.059373013680443974,0.416177497917969,0.4820130161413429,0.33858478369192435,0.02588297759680494
evolving,ice_mud_high,20dogs,72,0.08178333333333328,0.25,0.0,0.05518915675408388,0.3839392826660586,0.6765072692719272,0.2693787679247607,0.073075480406621,0.05724833333333329,0.17499999999999993,0.0,0.038632409727858696,0.5772374697129932,0.8375835129886025,0.28866823899438193,0.112789791597952,0.18839989472674637,0.4502845628746714,0.11605829944837813,0.05794584298696949,0.41630412292436814,0.4873177523319696,0.33881069579300427,0.02629583028566033
evolving,ice_mud_high,20dogs,73,0.08431666666666662,0.25166666666666665,0.0,0.05427569199392135,0.38412193284552243,0.6844061746212649,0.27093888481885103,0.0720453125493651,0.059021666666666604,0.17616666666666664,0.0,0.03799298439574491,0.5725925020199358,0.8181710320397142,0.24883318774649946,0.11193506604848058,0.18673493763837443,0.47453697458902483,0.11461698627970025,0.057943194285744334,0.4161773905897078,0.48683283800940014,0.3359555627806057,0.026786105418418533
evolving,ice_mud_high,20dogs,74,0.08333333333333329,0.25166666666666665,0.0,0.05437043300159863,0.37974687982174454,0.6641544635784845,0.2745734095455728,0.06456168854457438,0.05833333333333328,0.1761666666666666,0.0,0.038059303101119026,0.5783890433075747,0.8302571337560953,0.2680998145234897,0.11049319683078676,0.18412556007453645,0.45582910010410416,0.11539749626681392,0.051872464115149765,0.41697584898993006,0.4845275896861523,0.33904470879878124,0.02569164080266263
evolving,ice_mud_high,20dogs,75,0.08541666666666661,0.255,0.0,0.05482793673329169,0.37833603021643214,0.6527186404897473,0.27230331186449086,0.06298815210671785,0.05979166666666662,0.17849999999999994,0.0,0.038379555713304175,0.5757211243894972,0.8240992182421737,0.28054063158898374,0.10934926727938736,0.1833000656583988,0.4388866511483808,0.11366876945110713,0.04994554011699946,0.416755519392784,0.48339863205570255,0.3403650663798272,0.025941038094219736
evolving,ice_mud_high,20dogs,76,0.08419999999999994,0.2583333333333333,0.0,0.05460953587512183,0.3833772526507154,0.6934912105573501,0.2672403294355777,0.07129346303298342,0.05893999999999996,0.18083333333333326,0.0,0.038226675112585255,0.5670242381215844,0.8112079934820795,0.2755234621678319,0.10968614942961977,0.1877315592227669,0.503068270726299,0.11570680480948428,0.059380991487841706,0.41612667266422276,0.4874968044912671,0.33691244097075407,0.02593563818925813
evolving,ice_mud_high,20dogs,77,0.08121666666666662,0.24499999999999997,0.0,0.05409364050282437,0.38495243188902273,0.6717190890915067,0.27451256669143825,0.0699077393277138,0.05685166666666662,0.17149999999999993,0.0,0.03786554835197703,0.5659558488109228,0.8199350573138748,0.2829416704117496,0.10935485187470095,0.18709737538887,0.4718408045365739,0.11696184245346293,0.05716821930539503,0.4158866652528019,0.47936516439487714,0.337816166975189,0.02587535480527952
evolving,ice_mud_high,20dogs,78,0.08389999999999995,0.23166666666666663,0.0,0.0521553976752109,0.3870755686769315,0.6806837867124316,0.26794029429661587,0.06804978166051538,0.05872999999999995,0.16216666666666663,0.0,0.03650877837264761,0.565608651972451,0.8131781399716662,0.28895447296505844,0.11096871066950116,0.18942036109477706,0.49683273785566334,0.11447930363989585,0.0560980103914559,0.4158021763252928,0.48177625825574033,0.34142489990128944,0.025885942726998845
evolving,ice_mud_high,20dogs,79,0.08354999999999994,0.24666666666666665,0.0,0.055693176627930094,0.3832238577869737,0.6971983981886819,0.2718496757119551,0.06905208937717563,0.05848499999999997,0.1726666666666666,0.0,0.03898522363955105,0.5744481223712598,0.826540484620012,0.2541416408446376,0.11252047910036941,0.1868088602566832,0.4870687196218924,0.11657964255982031,0.056996806457958536,0.4160552410609303,0.4811907571075517,0.34011739777627165,0.02597925256967819
evolving,ice_mud_high,20dogs,80,0.0831333333333333,0.24999999999999994,0.0,0.05471822535744421,0.3836711956351936,0.6651026920042299,0.2788188497074907,0.06575516949742014,0.058193333333333284,0.17499999999999996,0.0,0.03830275775021092,0.5729554678984042,0.8161738408690029,0.25834949424277076,0.11240842125145283,0.18719582033553137,0.46127561096107295,0.11723084178247448,0.05221901057311197,0.41618303277014235,0.4796728746594597,0.34571118525783734,0.02541597898411459
evolving,ice_mud_high,20dogs,81,0.08424999999999995,0.24999999999999994,0.0,0.0542440348812175,0.38449144852180966,0.6705421515690324,0.2724901658277998,0.07008106172768827,0.058974999999999944,0.17499999999999993,0.0,0.03797082441685222,0.5674254275159647,0.8082875566330688,0.27319899706452894,0.11210097093962139,0.18883319178779084,0.4936495183819981,0.11438257450636961,0.05937215381721361,0.41607412265522453,0.488051031836133,0.3360075096679903,0.027357737306483682
evolving,ice_mud_high,20dogs,82,0.08463333333333327,0.24999999999999994,0.0,0.05395131779124544,0.38788892623180093,0.6846016157928075,0.2715613786749148,0.07238022928903037,0.059243333333333294,0.17499999999999993,0.0,0.0377659224538718,0.5640843963810943,0.8097496782838546,0.2914597004393754,0.11296074552395152,0.19060104515944337,0.48060267746003776,0.11583250376096246,0.059830425499812635,0.41667861546935425,0.48514720068092937,0.33792405709686935,0.02721605293315992
evolving,ice_mud_high,20dogs,83,0.08281666666666661,0.26666666666666666,0.0,0.05483300709485296,0.3853054029641926,0.6692763867955265,0.2774939040935046,0.0696133650389876,0.05797166666666663,0.18666666666666662,0.0,0.03838310496639706,0.5669826816007972,0.8317546603834991,0.261980889846722,0.11112151729926012,0.18835561542497542,0.4596011381347611,0.11829406876749034,0.05780750929956624,0.41516036304777754,0.48077727485816163,0.3440871423277904,0.02513417209645698
evolving,ice_mud_high,20dogs,84,0.08201666666666661,0.24333333333333332,0.0,0.05355231337670703,0.385658202698964,0.7107508998113178,0.27575195030738786,0.07218566585072626,0.05741166666666662,0.17033333333333328,0.0,0.037486619363694906,0.5689037104340228,0.8130642313375944,0.26991616679086994,0.10894534339936776,0.18843067199268884,0.497334765250747,0.11657044833317987,0.05925596416448525,0.4156073650470031,0.4784244016520754,0.3333041495550361,0.025254071910617248
evolving,ice_mud_high,20dogs,85,0.08366666666666663,0.255,0.0,0.05409517414383056,0.385234056429422,0.6736850382982084,0.26967798693737066,0.07071695145133591,0.058566666666666614,0.17849999999999994,0.0,0.037866621900681366,0.5730266179342958,0.8079535691635709,0.27023960254202667,0.10772571488129463,0.18748757991044934,0.49927295646418085,0.11448431217367368,0.058786025093448734,0.41523417639996235,0.483898302422688,0.3335701340862881,0.026456934408951638
evolving,ice_mud_high,20dogs,86,0.08458333333333329,0.255,0.0,0.05438032023489779,0.3833630792836603,0.6874395152094356,0.27568854664612363,0.06666563364916736,0.05920833333333327,0.17849999999999994,0.0,0.03806622416442844,0.5709336513831087,0.8319836116264729,0.2783239556703308,0.10835892871792492,0.185388488919128,0.4756315024198375,0.11543167731393142,0.05210345988773672,0.41612440273141943,0.4828231773964197,0.33963534855096056,0.025649456932667902
evolving,ice_mud_high,20dogs,87,0.0826166666666666,0.23499999999999996,0.0,0.05348083750834476,0.38194759748052587,0.6490113158510257,0.27856377572017427,0.0639198664663335,0.057831666666666615,0.16449999999999995,0.0,0.03743658625584132,0.5705224920686252,0.8401576962170694,0.2860649662294582,0.10986692710606198,0.18582247896905285,0.455344219415646,0.11631666751044485,0.052547544473787414,0.4166354339868022,0.4819366511795707,0.3422588379421839,0.025920428536985694
evolving,ice_mud_high,20dogs,88,0.08439999999999995,0.255,0.0,0.055013902419895885,0.3821780992217768,0.6970875421322968,0.2754550477432969,0.06974567838700332,0.059079999999999945,0.17849999999999994,0.0,0.03850973169392709,0.5711617377700394,0.8327648889553274,0.2905022221066803,0.11174230748331367,0.18563800252014556,0.4887918011811518,0.11672264062354329,0.057543225909289245,0.4158512130170899,0.4823970862905482,0.33795267925733763,0.026011645040091774
evolving,ice_mud_high,20dogs,89,0.08181666666666662,0.2333333333333333,0.0,0.052717783588000666,0.38463544404462496,0.7136378388551147,0.2753269359887612,0.07463911309759087,0.057271666666666624,0.16333333333333327,0.0,0.03690244851160044,0.5676213907371951,0.8282827946338267,0.27298018985710915,0.11342647302779511,0.18846444302312068,0.48890658939306897,0.11517715768943448,0.06042754205989653,0.4167541190005042,0.48923535052421574,0.3353992288341755,0.026785589323177834
evolving,ice_mud_high,20dogs,90,0.08284999999999994,0.25666666666666665,0.0,0.054964364903236126,0.3833627743256755,0.6923327714016537,0.26459666482530403,0.07354814188113193,0.05799499999999994,0.1796666666666666,0.0,0.03847505543226528,0.5651815771019445,0.8171012697191156,0.28242696961721336,0.11119226855993743,0.18823840132972175,0.4907938934005299,0.11259207786545353,0.06019541468393036,0.4170440806491391,0.4850947843068232,0.3390632879599703,0.0261660802883913
evolving,ice_mud_high,20dogs,91,0.08339999999999995,0.2516666666666666,0.0,0.05553216061750323,0.38042013143917514,0.6750206465839544,0.2735648238197942,0.066408359393129,0.058379999999999946,0.1761666666666666,0.0,0.03887251243225225,0.5657413375852386,0.8101040601427156,0.2685755237466127,0.1055903945489383,0.18583550123536943,0.4628379271196481,0.11579161325552005,0.0542855747993772,0.41685931075221205,0.4869239430184284,0.3360554158378938,0.02658235696875604
evolving,ice_mud_high,20dogs,92,0.08498333333333327,0.2483333333333333,0.0,0.05463053929163535,0.38216014118788527,0.669690434864754,0.2742091634171515,0.06710174544917126,0.059488333333333296,0.17383333333333326,0.0,0.038241377504144726,0.5646992368089478,0.7996358723173659,0.24973813401006187,0.10653875659960224,0.18602297414885227,0.4565801248433745,0.11697881823608236,0.053483636369051554,0.4171236377745743,0.4889951807628033,0.33976548806559176,0.026526397520960216
evolving,ice_mud_high,20dogs,93,0.08571666666666662,0.2583333333333333,0.0,0.05578342186831033,0.379064599245604,0.67405337496604,0.27639610373391343,0.06624415199952746,0.060001666666666606,0.18083333333333326,0.0,0.039048395307817216,0.5662207513271158,0.8106984185472939,0.29952433207627405,0.10881188856687822,0.18400218669174753,0.46049816560806756,0.11542354536882019,0.05277648728000604,0.416936244357729,0.4845235623512153,0.33585874701027824,0.026049747570216254
evolving,ice_mud_high,20dogs,94,0.08239999999999995,0.24333333333333332,0.0,0.05327850729881931,0.38418122341213395,0.7024565959456156,0.2774696088313683,0.07438564591443965,0.057679999999999954,0.17033333333333328,0.0,0.03729495510917351,0.5609829710031263,0.7923976491578744,0.2805426343284473,0.10791776959536632,0.1873320372161162,0.49657349571211257,0.11580818865245798,0.05941504309404401,0.4160686378927255,0.48324673483117564,0.33671115382762096,0.02617316768954759
evolving,ice_mud_high,20dogs,95,0.08426666666666663,0.24333333333333332,0.0,0.05454876464493361,0.38242816123569723,0.699953688083172,0.2753467841224838,0.07053812581299798,0.05898666666666662,0.17033333333333328,0.0,0.03818413525145352,0.5651876754111587,0.819819268462815,0.2622747589296752,0.11303401747055072,0.18598849604115852,0.4783325063827009,0.1156223532792586,0.05588511971454464,0.4169335016737744,0.49277034524161467,0.33875938152904406,0.026977188591159385
evolving,ice_mud_high,20dogs,96,0.08418333333333329,0.24166666666666664,0.0,0.052952545313162305,0.3854357950592351,0.66940247951732,0.2784962685929449,0.06813881012088366,0.05892833333333327,0.1691666666666666,0.0,0.03706678171921359,0.5563523235465409,0.8274508050833331,0.26335381179129014,0.11416392789958492,0.1870294909125858,0.46404705397183327,0.11512980766386585,0.05513235183480771,0.4160625267775613,0.48475504403243325,0.33704179897763026,0.02614101436993014
evolving,ice_mud_high,20dogs,97,0.08273333333333327,0.24166666666666664,0.0,0.05373242425673193,0.38290600061724395,0.6999486337599617,0.2708611555495662,0.06819556079938141,0.057913333333333275,0.16916666666666663,0.0,0.037612696979712326,0.5525224688523713,0.8127593928140335,0.27329130162666543,0.11357479368660281,0.1860082639383101,0.4833378563900489,0.11562670337897225,0.05456928710569916,0.4164879738629173,0.4837721489519719,0.3360499253253919,0.025987375360064034
evolving,ice_mud_high,20dogs,98,0.08536666666666662,0.2483333333333333,0.0,0.05629126007009022,0.38498476257874426,0.7104086291710706,0.2755088912234915,0.07136413351740781,0.059756666666666625,0.17383333333333326,0.0,0.03940388204906312,0.5461557786171933,0.8120211576421885,0.26678695595506163,0.11570403635139366,0.18800369156702768,0.4964490081304457,0.11952316545241652,0.05867197042565503,0.416337895222164,0.4886544658473295,0.33751308936561475,0.026226450211691232
evolving,ice_mud_high,20dogs,99,0.08353333333333328,0.24666666666666665,0.0,0.054054802692687545,0.3859222367412468,0.6997588619232765,0.2728652033582727,0.07355933369033388,0.05847333333333329,0.1726666666666666,0.0,0.03783836188488128,0.5505350526704564,0.7962871682832575,0.2447230119252632,0.1163377921791445,0.188383183595003,0.48555464489229017,0.11338610448386632,0.06034253956840113,0.41631676094638,0.48865062987409774,0.3338036718915546,0.026885014809491674
evolving,ice_mud_high,20dogs,100,0.08298333333333327,0.2533333333333333,0.0,0.05450851413918888,0.3867325432918197,0.6980584481813102,0.27676819949313,0.07378107029318731,0.058088333333333284,0.1773333333333333,0.0,0.0381559598974322,0.5527494780378464,0.8040159147322129,0.24621479822395265,0.11799287668627012,0.1877826502240625,0.47781709932844557,0.11588576063552838,0.06011416827926217,0.4156230748519997,0.4791302791268337,0.3346269476581871,0.02696719651468446
evolving,ice_mud_low,15dogs,1,0.02662222222222217,0.1244444444444444,0.0,0.02771236825532126,0.7010143492919394,0.8632734406347442,0.31626743075170954,0.0974394685630007,0.0186355555555555,0.08711111111111106,0.0,0.019398657778724855,0.5034531878773028,0.8350772541227898,0.14818720747411637,0.14936881808345986,0.5011923521418667,0.8235321639218884,0.11118539309698565,0.13253213981429363,0.33539832919895357,0.4420107527046264,0.26559573043979345,0.03523403922027548
evolving,ice_mud_low,15dogs,2,0.029833333333333285,0.13666666666666663,0.0,0.02946113819524333,0.6899322364905027,0.8636504404810255,0.2999887694991247,0.11026293417963276,0.02088333333333327,0.0956666666666666,0.0,0.02062279673667031,0.5078666013729882,0.8421338180126698,0.15511022479936493,0.14931256852694047,0.4685664725435891,0.7971231594488682,0.10705282683052808,0.13707410725255087,0.3368359016766286,0.4425237171650907,0.2655719966107507,0.03566703027632549
evolving,ice_mud_low,15dogs,3,0.034366666666666615,0.13999999999999996,0.0,0.03167040877667537,0.6747117700562351,0.8563821961514625,0.2930964721892113,0.12061287997964402,0.024056666666666605,0.09799999999999995,0.0,0.022169286143672733,0.507490047105889,0.8266635000644056,0.13934049964855594,0.14687761537422356,0.43334163981301826,0.7402485296073639,0.10214201678480972,0.13918026958605145,0.3394192565132331,0.44154661181800803,0.2655576258872142,0.03583797815544841
evolving,ice_mud_low,15dogs,4,0.03738888888888884,0.14555555555555552,0.0,0.03215136109520397,0.6491426799946763,0.8590544640748929,0.29497084047954886,0.12932857298186035,0.02617222222222217,0.10188888888888883,0.0,0.02250595276664276,0.5190428870097912,0.8461359660307866,0.16801099713979778,0.1420729312790588,0.3947780297241052,0.6951136174795242,0.10000837049579,0.14083332031354193,0.3426515684644499,0.4411695600583817,0.2712448836705108,0.03674668691863509
evolving,ice_mud_low,15dogs,5,0.04152222222222217,0.1544444444444444,0.0,0.03496831921292213,0.6204785539090529,0.8510390768121956,0.3019407578951657,0.13461701076295776,0.02906555555555551,0.10811111111111105,0.0,0.024477823449045474,0.5294166643930616,0.8401940516976844,0.18983906084120214,0.13401644978940525,0.3523163702359561,0.6622997058195451,0.10681597974310539,0.1365486792691178,0.34714392517179155,0.44289920508886177,0.2720518157674772,0.036683392291770006
evolving,ice_mud_low,15dogs,6,0.04489999999999995,0.16444444444444442,0.0,0.03545647055977325,0.5935580284863412,0.8281339156828753,0.298196545735966,0.13118489335160746,0.03142999999999996,0.11511111111111105,0.0,0.02481952939184125,0.5333945305200998,0.8410461019072454,0.18862092732295918,0.13186060169151387,0.3213971003273587,0.6244654493110622,0.10111136585661384,0.13095020500785456,0.3520968870889913,0.4482779532098487,0.26925745456453176,0.0366210978149879
evolving,ice_mud_low,15dogs,7,0.04681111111111107,0.1666666666666666,0.0,0.03673683104883947,0.5689070058716512,0.8281201225727312,0.28847559707280107,0.1289117750260839,0.032767777777777736,0.11666666666666659,0.0,0.02571578173418761,0.5417231303255438,0.8323624126047413,0.1955740132277622,0.1310519813818434,0.29786221385351297,0.5974347268726163,0.09509385316857527,0.12073294411493063,0.35584191845487767,0.4435544866053645,0.27387580586153093,0.03609526220271923
evolving,ice_mud_low,15dogs,8,0.05212222222222218,0.16333333333333327,0.0,0.03720937768887913,0.5522751613625063,0.8091163078001784,0.28909890982945885,0.12397254916406766,0.03648555555555551,0.11433333333333329,0.0,0.02604656438221537,0.5543004187154561,0.8352065006214635,0.20205531504633267,0.12672061964312736,0.28350609490965406,0.5775330118282616,0.09799997778957895,0.1117374928227182,0.3583701934111871,0.44260281735473167,0.2727200986291781,0.035118742282168894
evolving,ice_mud_low,15dogs,9,0.0547555555555555,0.17555555555555552,0.0,0.03828996643412773,0.5418234018612665,0.8025045541235913,0.3039239341186098,0.11785423806676583,0.038328888888888836,0.12288888888888883,0.0,0.026802976503889398,0.5660395532140858,0.8594553609911928,0.22972865306973983,0.127259304148194,0.2715165989962673,0.5457095525919227,0.10251440016386067,0.10439084075583449,0.36021817380409404,0.43566282011511115,0.276389795346972,0.03410917903152848
evolving,ice_mud_low,15dogs,10,0.055522222222222174,0.16888888888888884,0.0,0.03816879562985832,0.530236718486909,0.792364752330254,0.3120509647440876,0.11069111093534416,0.0388655555555555,0.11822222222222216,0.0,0.026718156940900815,0.5694710842964665,0.8406929731098429,0.2526062817581841,0.12248940120518506,0.26215884111506516,0.5180972227795747,0.10353481041108661,0.09560807668242094,0.36219601765602033,0.4422201701947962,0.2774256921637961,0.0330990303001393
evolving,ice_mud_low,15dogs,11,0.055833333333333277,0.17444444444444437,0.0,0.03884709460571392,0.52916743828451,0.7929623747376794,0.32391958233404805,0.10800585159031637,0.03908333333333329,0.12211111111111106,0.0,0.027192966223999727,0.5740662686250927,0.8545561121885458,0.25490554508721075,0.12231077553776322,0.26415189754440105,0.5440043302541901,0.10717098985484601,0.09581403354670923,0.36246966355593524,0.4436333261503414,0.27659001581715714,0.03200327387929172
evolving,ice_mud_low,15dogs,12,0.055888888888888835,0.17222222222222217,0.00111111111111111,0.0383892086613126,0.520195501399038,0.784273170085173,0.3067615664690075,0.1057471292829116,0.03912222222222217,0.12055555555555549,0.000777777777777775,0.02687244606291881,0.5762925129941766,0.8525290449603107,0.255152197668167,0.12116999682884158,0.25714638119191,0.5394085065169383,0.09843158922133187,0.09302188427462903,0.3649031331195513,0.44260937657757643,0.2826769145283211,0.03154480018745775
evolving,ice_mud_low,15dogs,13,0.05838888888888886,0.16777777777777775,0.0,0.03841354197272898,0.5173411330879647,0.7880391706751665,0.3133175436199517,0.10065812168665904,0.040872222222222185,0.11744444444444438,0.0,0.026889479380910252,0.5831749325408901,0.8421104061033168,0.2619194382755228,0.12094315558033122,0.25356434502791597,0.5283230756930308,0.1020241915092138,0.08643007692701214,0.36474234668369876,0.4390479211093677,0.2867922246874462,0.030527855628272947
evolving,ice_mud_low,15dogs,14,0.06008888888888884,0.1766666666666666,0.0,0.03836286465158393,0.5133484153292898,0.7589495203415964,0.31612355884862886,0.09654233471737478,0.042062222222222174,0.12366666666666659,0.0,0.02685400525610873,0.5877437862411947,0.8568733210595477,0.26500479722621806,0.12344066893807389,0.24967728444632345,0.5000596226139382,0.10290566113696609,0.07905425887627793,0.365986023855015,0.443687647074175,0.28799628922188864,0.030745367928719774
evolving,ice_mud_low,15dogs,15,0.05971111111111106,0.17222222222222217,0.00111111111111111,0.038855915494881495,0.5127784515738354,0.7711146904319554,0.31315887686148053,0.09634496329995203,0.041797777777777725,0.12055555555555549,0.000777777777777775,0.02719914084641703,0.590226490372173,0.8556227589058285,0.24980557178551516,0.12370803253918898,0.24795817323017247,0.5174465818779498,0.11389734330320819,0.07748558844173674,0.3654146520387337,0.4375401016514111,0.2871504921900693,0.03015354941302901
evolving,ice_mud_low,15dogs,16,0.06081111111111106,0.18666666666666662,0.0,0.03990969945290769,0.5150189072101509,0.7776088684123286,0.3285578313422826,0.09379149050099393,0.04256777777777772,0.1306666666666666,0.0,0.027936789617035357,0.5923566537980008,0.8651945929612614,0.26961954082911027,0.12088019953123222,0.2484343587894186,0.5172171205139604,0.11639835469990045,0.07481596809811752,0.366272072858487,0.4427478867279607,0.29072308085748977,0.029537411923797597
evolving,ice_mud_low,15dogs,17,0.06261111111111105,0.19444444444444436,0.00111111111111111,0.04138780378628733,0.521502228871703,0.7816242965233375,0.330658458114384,0.09139796767147854,0.04382777777777773,0.13611111111111104,0.000777777777777775,0.028971462650401104,0.5921108943899962,0.8447065770691781,0.2745325496415958,0.11924784686570045,0.25300971122985993,0.5264188414465243,0.12586173420731062,0.07353147419175124,0.36325258584667147,0.44337510947029035,0.2874974038350271,0.029249265886346288
evolving,ice_mud_low,15dogs,18,0.060355555555555496,0.18111111111111106,0.0,0.038787587493876605,0.5140378585523003,0.7685451763261832,0.3427846889421697,0.08733707248065556,0.042248888888888836,0.1267777777777777,0.0,0.027151311245713607,0.5991558369408927,0.8500843192632264,0.2720781321496596,0.12035271433034327,0.24915389197027862,0.4935413795369694,0.13528444159598868,0.06860078656082406,0.3652690110126608,0.43766992740048194,0.28870256824098334,0.028572777029934167
evolving,ice_mud_low,15dogs,19,0.06167777777777772,0.1966666666666666,0.0,0.040677392517640715,0.5136746579901722,0.7796038980683451,0.3395160698324737,0.0844573930297966,0.04317444444444439,0.1376666666666666,0.0,0.02847417476234847,0.6029182463631166,0.8460622594142692,0.2746806104055973,0.1191048517028643,0.24918140136453698,0.4952325673532699,0.13471248555343718,0.06650341794777373,0.36497919282288394,0.43308774590402244,0.2948552423875576,0.027510761501363796
evolving,ice_mud_low,15dogs,20,0.061222222222222164,0.1833333333333333,0.0,0.03971267816807561,0.512669331357859,0.7720875190019726,0.34154281288455246,0.08221237229182464,0.042855555555555494,0.12833333333333327,0.0,0.02779887471765291,0.6029598272478108,0.8590492744834538,0.27223314785053077,0.12227204082581326,0.2494199160518474,0.5074193542854816,0.13772694344205821,0.06687005571725062,0.36539198957790125,0.43396064634061704,0.2898633483381587,0.0273354222184225
evolving,ice_mud_low,15dogs,21,0.0630555555555555,0.18777777777777774,0.00111111111111111,0.040369356908932556,0.5128592462966337,0.7769573740940978,0.35281711428884316,0.07913308492233377,0.044138888888888846,0.1314444444444444,0.000777777777777775,0.028258549836252762,0.6088570584203002,0.862863089910703,0.2861798368467338,0.11897940210816589,0.2493537897163244,0.4936014326456098,0.13892039653618418,0.06450182054328897,0.36587315139239673,0.4360299123881336,0.29077916308954826,0.0274163063751867
evolving,ice_mud_low,15dogs,22,0.06304444444444439,0.18555555555555553,0.0,0.03984686507294464,0.5149521731796038,0.7683447181857469,0.36344341998206586,0.07914590308101943,0.04413111111111107,0.1298888888888888,0.0,0.027892805551061228,0.6078464744747857,0.8507708940710051,0.2869119605453763,0.11773465648175878,0.24991956425939588,0.498281133768195,0.1473834918902723,0.06240315654437081,0.3650438649494988,0.43646768203062436,0.29350906892238615,0.027437513358811748
evolving,ice_mud_low,15dogs,23,0.06232222222222217,0.18999999999999995,0.0,0.04030085737345883,0.5130155865925368,0.7876333418222312,0.3641702545640928,0.07833527035069324,0.0436255555555555,0.13299999999999995,0.0,0.028210600161421164,0.6116444864396586,0.8671618757896045,0.2820804891188185,0.12022886537928623,0.24868997007985358,0.501038381223325,0.14336881114060496,0.06076615858444118,0.3643552021233485,0.4337443223374088,0.29233426961268505,0.02624532226357079
evolving,ice_mud_low,15dogs,24,0.06245555555555551,0.17888888888888882,0.0,0.039971734202154344,0.517036308326657,0.7678379112195513,0.36256837911943307,0.07648779502989153,0.043718888888888835,0.12522222222222218,0.0,0.027980213941508007,0.6057957508710196,0.860395346618368,0.28916821919531366,0.11952127988630186,0.2516875605081207,0.49940581817609,0.14349859446550361,0.06207226697452846,0.36324376472059117,0.4334073385828076,0.28902363951367693,0.026679448301652454
evolving,ice_mud_low,15dogs,25,0.06372222222222215,0.18111111111111106,0.0,0.04031687467081248,0.5175072938271457,0.7875109023538256,0.35834330181245316,0.0787308858555416,0.044605555555555496,0.1267777777777777,0.0,0.02822181226956872,0.609313681608392,0.8605016956442947,0.298237882153636,0.11903888517767292,0.2531906556768667,0.5197593635308645,0.14557212844648112,0.06451649267366598,0.3632333173567048,0.44029758572320565,0.2891254514935903,0.027930097059458057
evolving,ice_mud_low,15dogs,26,0.06197777777777772,0.17999999999999994,0.0,0.03891996557236372,0.5178617161155411,0.771824295481588,0.36082372958614234,0.07568077053868474,0.04338444444444439,0.12599999999999995,0.0,0.02724397590065459,0.6100521259428114,0.8689629547484656,0.26970015877189135,0.11880964982983588,0.25388130892221394,0.5225598605279022,0.14619443635578483,0.06226367809964861,0.36317622600248295,0.4354769685982117,0.2925351918686597,0.026687845450163995
evolving,ice_mud_low,15dogs,27,0.059755555555555506,0.1766666666666666,0.0,0.038299645142186436,0.5175029173109562,0.7773071782161226,0.3704226906502174,0.07477608614336805,0.041828888888888846,0.12366666666666659,0.0,0.026809751599530494,0.6093240371983334,0.8528245929612106,0.3051359925521324,0.11580804275737253,0.25373825510389336,0.5096860671169108,0.14205817884306865,0.06077819444457009,0.36369153576947016,0.43236868852345445,0.29296364726201796,0.02668514389438344
evolving,ice_mud_low,15dogs,28,0.061488888888888836,0.19222222222222218,0.0,0.04104870294904987,0.5138953800407542,0.7667964590820056,0.35611520313995365,0.0732899675672311,0.04304222222222217,0.13455555555555548,0.0,0.028734092064334887,0.6118488926625719,0.8644633837145577,0.3095953896924354,0.11861086459480755,0.25046046011170386,0.509056656014355,0.14037058078356007,0.060045241467693355,0.364355843256612,0.43443589521032167,0.2874911058857433,0.02703775944164514
evolving,ice_mud_low,15dogs,29,0.06517777777777774,0.18999999999999995,0.0,0.040785863570590566,0.514375771134526,0.7696655851676665,0.3660615473033518,0.07032127900127316,0.0456244444444444,0.13299999999999995,0.0,0.028550104499413392,0.6143330480727126,0.8454258630825638,0.29508383270938976,0.1160908135236131,0.25023722003969434,0.47764747556667153,0.14526768936258688,0.05497373419802589,0.3648309784952873,0.4340573549496038,0.29393335834012385,0.02594246061040355
evolving,ice_mud_low,15dogs,30,0.06377777777777772,0.18444444444444438,0.00111111111111111,0.04052777396054658,0.5137711991782041,0.7543081618907685,0.3653762878925741,0.06671324063659005,0.044644444444444396,0.12911111111111104,0.000777777777777775,0.028369441772382605,0.6129382335095962,0.8563113282776043,0.3110713289101592,0.11751002833988952,0.2509883979442177,0.4924131744618334,0.1447189795686892,0.054803913495884995,0.3642042334062806,0.4288261708649916,0.2922946337471338,0.025392940575202645
evolving,ice_mud_low,15dogs,31,0.06552222222222218,0.18999999999999995,0.0,0.04049282718323879,0.5135946109877133,0.766898462494735,0.37800654430796043,0.0638390411683477,0.04586555555555552,0.13299999999999995,0.0,0.028344979028267124,0.6133966848509131,0.8573718544884702,0.3040597061975691,0.11655210092179605,0.2488478865605693,0.4652972422833003,0.1493992226695346,0.050752475895218516,0.3652995368358401,0.4411630699366068,0.29466594329368073,0.025853020689300225
evolving,ice_mud_low,15dogs,32,0.06516666666666661,0.20111111111111107,0.0,0.04270489785017997,0.5128911478298298,0.7537849261071191,0.36465426841013754,0.06663782719485563,0.045616666666666625,0.14077777777777772,0.0,0.029893428495125957,0.6127631433535475,0.8535890115646098,0.30427226735614527,0.11682221795862953,0.2510159891228959,0.4817627448592717,0.15051323791348464,0.055002109018016145,0.3646840442149265,0.4323014463252469,0.2967995786739376,0.025213244740113626
evolving,ice_mud_low,15dogs,33,0.06216666666666663,0.19111111111111106,0.0,0.0401683058236106,0.5177884527042391,0.773725016629254,0.38250475950738216,0.07073116440322173,0.04351666666666661,0.13377777777777772,0.0,0.02811781407652738,0.6132277886452336,0.849274999498099,0.28327709734900947,0.11621710814138546,0.25336582405295804,0.4946368132363652,0.15602122314469685,0.058850588686937225,0.3639776200887762,0.43105794279286586,0.29030085505438186,0.026081855184988723
evolving,ice_mud_low,15dogs,34,0.06252222222222217,0.19888888888888884,0.0,0.04118755938438603,0.5172720015481194,0.7669574523114513,0.38404183619557936,0.07062275467525275,0.04376555555555551,0.13922222222222216,0.0,0.028831291569070217,0.6087047569071165,0.861488799054305,0.29314077377966197,0.11619396686958697,0.25160622368799335,0.48007364145236364,0.1563414663897319,0.057103422117071326,0.3638371409201634,0.42951234398389876,0.2910566866139028,0.02625788307933391
evolving,ice_mud_low,15dogs,35,0.06238888888888884,0.19333333333333327,0.0,0.04063585956509897,0.518012812229995,0.7724201667852942,0.3863679544823867,0.07177553423906043,0.043672222222222175,0.13533333333333328,0.0,0.02844510169556927,0.6081119999394401,0.8334903908282192,0.28757046569734956,0.11421053429389619,0.25236408184405545,0.5031692604425413,0.1568818895105321,0.058725516450630164,0.3631304552988174,0.4330791920264397,0.28920718139401075,0.02645101707114019
evolving,ice_mud_low,15dogs,36,0.06318888888888882,0.18111111111111106,0.0,0.0399079116128436,0.5161403322087759,0.7832308221423956,0.38424170911120503,0.07008610370878586,0.04423222222222217,0.1267777777777777,0.0,0.027935538128990512,0.6095289879510956,0.8482790635494052,0.27694065403981194,0.11866082931283595,0.24967708590622717,0.5238950393786411,0.15910062722497942,0.05998220533980751,0.3648276298552527,0.4335653645419034,0.2921329927744413,0.025659560997991715
evolving,ice_mud_low,15dogs,37,0.06247777777777772,0.1833333333333333,0.0,0.040399096229647706,0.5148027749493941,0.7792841374825951,0.3805354410226485,0.07165369590447404,0.043734444444444395,0.12833333333333324,0.0,0.02827936736075339,0.6087220075319358,0.8455398537405131,0.28587556203026876,0.11580028917778054,0.2495162577366548,0.50449590983474,0.15449064131037485,0.05954481491870682,0.3648379743144585,0.4333570171923492,0.2913813107726931,0.026515298359152395
evolving,ice_mud_low,15dogs,38,0.06223333333333327,0.17777777777777776,0.0,0.03953187007844164,0.5141775964494361,0.7735138571696889,0.38389514305320854,0.07088635720621075,0.04356333333333329,0.12444444444444439,0.0,0.02767230905490913,0.6078490743202656,0.8555115975337679,0.2795262339059446,0.12075866531982753,0.2498960370632013,0.5071285066416275,0.15760871186261907,0.05999512825139325,0.36399351395399404,0.43509638386500465,0.29204826054796595,0.02602458708437857
evolving,ice_mud_low,15dogs,39,0.06307777777777773,0.18999999999999995,0.0,0.03984958792906669,0.5118698887021174,0.7644309173208481,0.3830047272063757,0.06683083767018835,0.0441544444444444,0.13299999999999995,0.0,0.027894711550346663,0.6108674964507023,0.8493490687720584,0.2959036933391842,0.11671124194324436,0.2468249952870174,0.4819407882623736,0.15224997134745294,0.05675327895486415,0.3649582868353122,0.4303455984950967,0.29802669070024546,0.02485555378689405
evolving,ice_mud_low,15dogs,40,0.0642444444444444,0.1844444444444444,0.0,0.04054722783549696,0.5134793030921107,0.7643182931700986,0.3872688792278274,0.06766550895091757,0.044971111111111066,0.12911111111111104,0.0,0.02838305948484785,0.6064515607321288,0.8436226752583158,0.2951243360237997,0.11587331662699005,0.24937609474541733,0.49468456539502154,0.15548621374983096,0.05673039027360003,0.36442460162459184,0.43083500283024545,0.2930907371112629,0.02583282274034241
evolving,ice_mud_low,15dogs,41,0.06134444444444439,0.18999999999999995,0.00111111111111111,0.039719759253856415,0.5189229598871854,0.7735032716725926,0.3876337870003317,0.0713487126926292,0.04294111111111107,0.13299999999999992,0.000777777777777775,0.027803831477699475,0.599721602134055,0.8489127044019025,0.27564758498604575,0.1188564084475251,0.25334528676659696,0.5134053795493425,0.1569005568144863,0.060015191254478906,0.36340887300831903,0.43616898436312274,0.2891220686342248,0.02694412442291222
evolving,ice_mud_low,15dogs,42,0.0623555555555555,0.1833333333333333,0.0,0.03897237911642855,0.5186738812388796,0.7917990515853299,0.3897448406586054,0.07120927163321428,0.04364888888888885,0.12833333333333327,0.0,0.027280665381499963,0.6031794419276418,0.8580850417695313,0.2753615556265352,0.1193840417038596,0.2536284346318019,0.5290882005084144,0.15924066397294218,0.05992275378093488,0.3633690717178898,0.4286700724624718,0.29154452083699345,0.026032054345759843
evolving,ice_mud_low,15dogs,43,0.06368888888888882,0.1866666666666666,0.0,0.0391003220402452,0.5164335301949755,0.7594699028155352,0.3864219475565475,0.06629417460960212,0.044582222222222176,0.1306666666666666,0.0,0.027370225428171642,0.6030335988205175,0.8561350386153819,0.27696971424558386,0.12038136382178295,0.25159216417716496,0.504241918393676,0.15675211737509182,0.05682770055459815,0.36428677927445813,0.4334618530522623,0.2941720613690552,0.02590331331127878
evolving,ice_mud_low,15dogs,44,0.06275555555555551,0.18666666666666662,0.00111111111111111,0.03993879424340503,0.5194038921478887,0.7938882954858143,0.3922540964106431,0.07017733192175775,0.04392888888888884,0.1306666666666666,0.000777777777777775,0.02795715597038349,0.5959560770095406,0.8319035653004448,0.26830728352631394,0.12344827697524377,0.2546836031225631,0.5151864357431731,0.15897199957997765,0.061187183691747846,0.36287885486763255,0.43229450800241154,0.29026387296770256,0.025741239296199887
evolving,ice_mud_low,15dogs,45,0.061188888888888834,0.19999999999999996,0.0,0.04101724958213708,0.5171427709109357,0.7744262596272027,0.39279304469111515,0.0702417260252204,0.04283222222222217,0.13999999999999996,0.0,0.028712074707495934,0.5954926512914891,0.8498318779436568,0.2774716184795411,0.12173732596771976,0.25301282767708916,0.5265710788578983,0.15323261349635095,0.06316250949781926,0.36439758118882865,0.43356380940579414,0.296066495884702,0.025926705335826705
evolving,ice_mud_low,15dogs,46,0.06253333333333327,0.18222222222222217,0.0,0.0401294623221742,0.5169841624812685,0.7697190526382939,0.38632772754959593,0.07054664073286313,0.04377333333333329,0.12755555555555548,0.0,0.02809062362552191,0.5985539183171987,0.8654224026628425,0.2549071732006186,0.12030622295526601,0.25079076817705215,0.5104696072018216,0.1542038153602939,0.06094833165554338,0.36481310621982466,0.4304909507749137,0.2891857297523579,0.02617986018328474
evolving,ice_mud_low,15dogs,47,0.06275555555555551,0.1944444444444444,0.00111111111111111,0.040657159398853185,0.5140430465088046,0.763703736680305,0.38651264073486813,0.068707782665379,0.04392888888888882,0.13611111111111104,0.000777777777777775,0.028460011579197204,0.5906652073638996,0.8515401841789785,0.2784838060230818,0.11930725642345368,0.2485187364406527,0.48604500803839146,0.1602386149764075,0.05595267692971808,0.3642569244061523,0.42890677483028894,0.29242620262071106,0.02527483902347285
evolving,ice_mud_low,15dogs,48,0.0632444444444444,0.18555555555555553,0.0,0.04062684826886666,0.516804763846004,0.7653998680876718,0.3912349820361468,0.06736020404172996,0.04427111111111104,0.12988888888888883,0.0,0.02843879378820665,0.5891672928919995,0.839273943515936,0.27170000239079073,0.11784699127334974,0.25021944246710126,0.4871124008612263,0.15627440465833775,0.05625519518243542,0.364211940692005,0.43892887499569566,0.29217300176354427,0.025850854088228785
evolving,ice_mud_low,15dogs,49,0.06287777777777773,0.17777777777777773,0.0,0.03979190043609213,0.5178465157666317,0.7695448767053673,0.3901399549393601,0.06843544655899078,0.0440144444444444,0.12444444444444439,0.0,0.027854330305264456,0.5952918820674492,0.8421109287029036,0.2895789935728085,0.11812905107701147,0.25061836194925874,0.5033531437039496,0.15857678278399276,0.057137917471868215,0.3650318923495416,0.43437387360322877,0.2903877355587197,0.025612096669304966
evolving,ice_mud_low,15dogs,50,0.06308888888888883,0.18555555555555553,0.0,0.040662367878803285,0.5194699880092468,0.7750253688853151,0.38605197509069766,0.06922332682966931,0.04416222222222218,0.1298888888888888,0.0,0.028463657515162295,0.596337433751051,0.8485677883559545,0.2934154356928682,0.11699736621856294,0.2508235024277524,0.5266305429537819,0.15669832924125254,0.05908103332944962,0.36389290056759604,0.4311454721740547,0.29471986820401275,0.02504820922656688
evolving,ice_mud_low,15dogs,51,0.06211111111111105,0.17999999999999994,0.0,0.03916696785220977,0.522113597628908,0.7633271464848673,0.39252774715283767,0.07032368232599456,0.043477777777777726,0.12599999999999995,0.0,0.027416877496546817,0.5960836973352681,0.8599019581179078,0.28518436090122756,0.11725003901201647,0.2538103559490456,0.4961361674105219,0.15860445356663516,0.05845560579137239,0.36383728434313783,0.4297481144918634,0.28577682548864564,0.026462287628882697
evolving,ice_mud_low,15dogs,52,0.06387777777777773,0.17777777777777773,0.0,0.03925583610676361,0.5187500919573229,0.7687859755964445,0.38458383378727323,0.06990355498709822,0.0447144444444444,0.12444444444444439,0.0,0.02747908527473452,0.6000885636855722,0.8563374389257736,0.28491077821865846,0.11727872637084961,0.25157500265601473,0.5096690470633894,0.1596444667781433,0.05773453144687367,0.36457938088967246,0.4373209754578114,0.29624559463023736,0.02595584044099597
evolving,ice_mud_low,15dogs,53,0.06309999999999996,0.1844444444444444,0.0,0.04085148837176319,0.5207715127551726,0.7661286860971659,0.39601362213184627,0.06846396907699964,0.044169999999999945,0.12911111111111104,0.0,0.028596041860234213,0.5962316431941189,0.8662795283883431,0.27431253530827165,0.1186172282873313,0.2548071187895825,0.5260329455863995,0.15675122198778016,0.06149175818012287,0.3629609756159876,0.43219524158557104,0.29286082968616023,0.025253717710308106
evolving,ice_mud_low,15dogs,54,0.06358888888888883,0.18999999999999995,0.0,0.03991843573883132,0.5224928173144056,0.7656865800352256,0.38667888715480625,0.06945015066003093,0.04451222222222218,0.13299999999999995,0.0,0.027942905017181906,0.5907849009931156,0.8416752489762549,0.2825448108374162,0.11606268844172023,0.2533059732857089,0.4979808832574596,0.15425958949057755,0.060132085918506516,0.36309420698887684,0.4336026906731224,0.2907360906587241,0.02590665180770215
evolving,ice_mud_low,15dogs,55,0.06429999999999994,0.19111111111111106,0.0,0.0405621676465971,0.5228362385579581,0.7669983846302209,0.38648643549257145,0.07069493942466021,0.04500999999999995,0.13377777777777772,0.0,0.02839351735261793,0.5911568943706648,0.8546266715159213,0.2854004495429713,0.11925570682445936,0.25321028827675723,0.5058091862838169,0.1516435035994979,0.05993167955842473,0.36383093226287644,0.42931003273717405,0.2931183725534409,0.026166727569583187
evolving,ice_mud_low,15dogs,56,0.06536666666666661,0.19666666666666663,0.0,0.04150812142427882,0.5192861554420504,0.7781967669704383,0.3886960870035562,0.0676938305105594,0.04575666666666661,0.1376666666666666,0.0,0.029055684996995162,0.5862385736250694,0.8317230485432555,0.2755270179321673,0.11902121443998866,0.24969972716181746,0.4904021120926103,0.15369027521461254,0.055770187639465583,0.3635543594766687,0.4331670304361725,0.29466311509607956,0.025553958068163064
evolving,ice_mud_low,15dogs,57,0.06308888888888883,0.18444444444444438,0.0,0.039111517965869216,0.5204506884607852,0.7632326721287438,0.3898918320412572,0.06591404898739858,0.04416222222222216,0.12911111111111104,0.0,0.027378062576108437,0.5932760561080246,0.8490211880572041,0.3240987641339904,0.11412768194513787,0.2526565850678017,0.49102597650340707,0.15971745171897161,0.054136155007711975,0.3638518573606987,0.43194263074665773,0.2995096226675525,0.024700598495379474
evolving,ice_mud_low,15dogs,58,0.06541111111111106,0.19222222222222218,0.0,0.040703153432052844,0.5192478621822569,0.7601157663062971,0.3958905391966546,0.06447297554399913,0.045787777777777726,0.13455555555555548,0.0,0.02849220740243697,0.5951771173037905,0.8490748830205517,0.30464993533045887,0.11464162886806332,0.2506620472316533,0.47602024552428296,0.15544934745629102,0.052579606367421004,0.3636896438626015,0.43527880711107414,0.2989701699008782,0.02499266879751503
evolving,ice_mud_low,15dogs,59,0.06358888888888883,0.19222222222222218,0.0,0.040789272666701445,0.5187807864913129,0.7692282931696524,0.39341549904680984,0.06710213179612609,0.04451222222222217,0.13455555555555548,0.0,0.028552490866690993,0.5948857261233246,0.8578896819529842,0.280906651502028,0.11606500933639433,0.2514888985328276,0.48279545110829664,0.156225732236328,0.054506524168078795,0.3640981945706519,0.4346607527959831,0.29383491475554024,0.02480605467647139
evolving,ice_mud_low,15dogs,60,0.06376666666666661,0.18444444444444438,0.0,0.04051672391467182,0.5205558244586437,0.7791743057651253,0.37803799586175896,0.07114214116124543,0.044636666666666616,0.12911111111111104,0.0,0.02836170674027027,0.5951392081641272,0.86173085808697,0.2848865904678614,0.11729152291209835,0.25268352853942855,0.5152448699336373,0.1539012367635743,0.06048277152012778,0.363353538113631,0.43180680016809375,0.2875211886621009,0.025903491599427945
evolving,ice_mud_low,15dogs,61,0.06272222222222217,0.18888888888888883,0.0,0.039238861683560854,0.5244078436444074,0.7792776550270225,0.3840681334733238,0.07026040908747516,0.04390555555555549,0.13222222222222216,0.0,0.027467203178492584,0.5943713564733383,0.8350203269908276,0.2898682314084401,0.1140150748294922,0.2558193919551226,0.4883540377950091,0.15439909602669832,0.056500932117569215,0.3621310332075255,0.43235156584293294,0.2952011277738721,0.025446803094222196
evolving,ice_mud_low,15dogs,62,0.06311111111111106,0.18555555555555553,0.0,0.04039880269216377,0.5256113702283112,0.7659038629042512,0.3831293905111689,0.07052296701109428,0.04417777777777772,0.12988888888888883,0.0,0.028279161884514625,0.5962248066001803,0.8385166768916854,0.27185226722922595,0.114489035794535,0.25583102088224036,0.5054804593882785,0.1600997255237032,0.058143836523188906,0.3619804365504227,0.4293410349413004,0.2880357115572614,0.0252851918553652
evolving,ice_mud_low,15dogs,63,0.0638555555555555,0.18555555555555553,0.0,0.04029761499273867,0.524563564793106,0.776537820326066,0.39522999326735314,0.0700383745939734,0.04469888888888884,0.12988888888888883,0.0,0.028208330494917062,0.6023235793187882,0.8399532788344521,0.2865404813768322,0.11459934390106905,0.25554845942971227,0.49164935998995796,0.15825632559192632,0.05651359334853577,0.36232014996801937,0.4299186579863118,0.28937307924134203,0.025189766688339964
evolving,ice_mud_low,15dogs,64,0.06456666666666659,0.18999999999999995,0.0,0.040522807061401725,0.5256932789522123,0.7896161635344072,0.39460910650091846,0.07716653778014071,0.045196666666666614,0.13299999999999995,0.0,0.028365964942981187,0.602535942253683,0.8229739696171601,0.28441731494229217,0.1119161680422879,0.25565278560443944,0.5134144240651036,0.1566089326735613,0.06272845533862545,0.3626653685155103,0.4282734056536638,0.28774070205918123,0.0259674904161509
evolving,ice_mud_low,15dogs,65,0.06473333333333328,0.19111111111111106,0.0,0.041222340171272,0.5223312524737428,0.7848989027000933,0.38884258897019297,0.07302808891380708,0.045313333333333275,0.13377777777777772,0.0,0.028855638119890385,0.6025098688951429,0.826917038477944,0.29841442355397124,0.11180916862082027,0.25288400315733567,0.5255955680369728,0.15593036573789976,0.05998397399058024,0.3640176174019612,0.43402313142356547,0.2873070625625055,0.026288568377328264
evolving,ice_mud_low,15dogs,66,0.06403333333333326,0.1844444444444444,0.0,0.040470988566829756,0.5221498892203453,0.7741643096801306,0.38129058288389944,0.0720020662019458,0.04482333333333329,0.12911111111111104,0.0,0.028329691996780815,0.6002377715251973,0.8406349135881861,0.2961162837962657,0.1171026757010705,0.2548353777252963,0.510458238804228,0.15477086602026535,0.057600470874264044,0.36254215924538424,0.4291603986133382,0.2930222625392862,0.0251557760217918
evolving,ice_mud_low,15dogs,67,0.06278888888888884,0.19333333333333327,0.0,0.041298182736507164,0.5245096761052206,0.771585950595315,0.39191210555750633,0.06967689309322388,0.043952222222222184,0.13533333333333325,0.0,0.028908727915554995,0.6003920612712295,0.8450591208187088,0.2810488762285502,0.1173008418592403,0.2547244485514619,0.5026767871435447,0.1556308096553346,0.0573811881074993,0.36272034178622337,0.4297569633219479,0.2898595730121171,0.025829057718350163
evolving,ice_mud_low,15dogs,68,0.0628555555555555,0.1855555555555555,0.0,0.04002203965587967,0.5210571022080521,0.7677080743373212,0.39566154880852694,0.07025654372718716,0.04399888888888884,0.1298888888888888,0.0,0.028015427759115752,0.600090132084796,0.8609423856830611,0.2850788840080409,0.11683965611613314,0.25525843278692173,0.49399689141232256,0.16090198667843345,0.05772938210904653,0.36293063500505307,0.43147580921374945,0.2907470632473984,0.025497410335291976
evolving,ice_mud_low,15dogs,69,0.06403333333333328,0.19111111111111106,0.0,0.04030833256940733,0.5206452171217083,0.7849202302481786,0.3912130254730649,0.06710175880395501,0.04482333333333329,0.13377777777777772,0.0,0.0282158327985851,0.6030461579268996,0.860985465555889,0.28183556673904775,0.11952459124263644,0.25312618609781457,0.4903911339861716,0.16064963870424664,0.05386792111581453,0.3643696421841026,0.4322776626744994,0.2951113618167224,0.024882170999404447
evolving,ice_mud_low,15dogs,70,0.0632444444444444,0.18888888888888883,0.0,0.040584170413459256,0.5215403612619365,0.7896578755664467,0.3912058136435113,0.0719678206772352,0.04427111111111105,0.13222222222222216,0.0,0.02840891928942147,0.5959253650633289,0.8457217717602907,0.26885478971639787,0.11969343851937075,0.2544320055236772,0.5251672164205998,0.15879306165008814,0.06237421403228176,0.363764491622058,0.4379555112096726,0.29579389133333844,0.025283716727254102
evolving,ice_mud_low,15dogs,71,0.0637444444444444,0.18111111111111106,0.00111111111111111,0.04045477836544026,0.5197473601011,0.7836729082181277,0.39723745769310187,0.07080141347734081,0.04462111111111107,0.1267777777777777,0.000777777777777775,0.028318344855808163,0.5932327573823535,0.8437501746551301,0.2795972493542387,0.11716935389014041,0.25330215886860685,0.5173129939033265,0.15566725442496254,0.05994086688268406,0.36342017830743245,0.43123564349173193,0.2867118726688379,0.025932902829278005
evolving,ice_mud_low,15dogs,72,0.06423333333333328,0.18111111111111106,0.0,0.03950129724831356,0.5223778856501753,0.7839985470742173,0.39806848784825943,0.07137178821367948,0.044963333333333286,0.1267777777777777,0.0,0.02765090807381948,0.5887583703819291,0.8407044102270552,0.28616578543950977,0.11960002704901032,0.2541396929557234,0.5031429029835226,0.16446608944254665,0.06041374985471516,0.36328581024268536,0.4316383298253023,0.28640214089682675,0.025945802013243202
evolving,ice_mud_low,15dogs,73,0.06353333333333329,0.18666666666666662,0.0,0.04019447282528475,0.5182506067873593,0.7752216644862098,0.39606759630602256,0.0673619783180647,0.044473333333333295,0.1306666666666666,0.0,0.0281361309776993,0.5935074449706993,0.8361193275513278,0.2738810199537654,0.11883357780356374,0.25225234732491947,0.49493385645180304,0.16239156036930946,0.05531752675736027,0.36427963540881436,0.42904861644477793,0.28964307088807856,0.02505005889367249
evolving,ice_mud_low,15dogs,74,0.06382222222222217,0.19888888888888884,0.0,0.04130641128526956,0.5186824464883502,0.7748593083085449,0.3911124700362422,0.06755896113029713,0.04467555555555551,0.13922222222222216,0.0,0.028914487899688666,0.5848731046311588,0.8492215553208083,0.2807498695093818,0.11820226799704256,0.25202312694680423,0.5203961576106702,0.16148072163079177,0.05841551507085143,0.36340599402578655,0.4339148724949647,0.29323530603015074,0.02511376893672316
evolving,ice_mud_low,15dogs,75,0.06207777777777771,0.17333333333333328,0.0,0.040306222790584365,0.5227783448116925,0.7785510438439129,0.4006856725663284,0.0685282382164474,0.04345444444444439,0.12133333333333327,0.0,0.028214355953409043,0.5875788655243918,0.8534740765108871,0.2610213416712278,0.1195346658292833,0.25652472420181105,0.5130825827582814,0.16107966686914027,0.058466764535247864,0.3626894677572672,0.42695560276967087,0.283011036444176,0.025591015744522244
evolving,ice_mud_low,15dogs,76,0.0647444444444444,0.18666666666666662,0.0,0.04053391196829441,0.5228936911829883,0.7818748754803664,0.3990232076415615,0.0686782249340386,0.04532111111111105,0.1306666666666666,0.0,0.028373738377806067,0.5914376743894905,0.8493848926610298,0.303446192664501,0.11731356170036308,0.2551881956166918,0.5101840924768886,0.15948807421970415,0.055175861491742514,0.3627736143233446,0.43132801169947077,0.2904982663794847,0.025427730735470437
evolving,ice_mud_low,15dogs,77,0.0661555555555555,0.1955555555555555,0.00111111111111111,0.04078808930374235,0.522649024516611,0.7809848539518724,0.4021426198287987,0.0671827988636233,0.04630888888888884,0.1368888888888888,0.000777777777777775,0.028551662512619626,0.5939705750328504,0.8453123054189751,0.3089504234155473,0.11576915206545198,0.25587758577254915,0.5125174096262771,0.16250398591416476,0.05637364590727084,0.362667007955413,0.43040980417882935,0.28890899297191763,0.025419435065504266
evolving,ice_mud_low,15dogs,78,0.0642555555555555,0.18999999999999995,0.00111111111111111,0.040608126932271754,0.5227013958304952,0.7718494163335725,0.39495321303085584,0.06695942622298443,0.04497888888888884,0.13299999999999995,0.000777777777777775,0.028425688852590218,0.588782954065477,0.834116272327668,0.2798846148372821,0.11819818164991598,0.2546109302595392,0.4892110347518595,0.1601522670710009,0.053589026803265064,0.36291278194137017,0.42801665139963846,0.30160899178207085,0.024472597072407995
evolving,ice_mud_low,15dogs,79,0.06394444444444439,0.17888888888888885,0.0,0.04016023982114457,0.521297430774021,0.7778209733019261,0.3914959136200774,0.06523715492018782,0.044761111111111064,0.12522222222222215,0.0,0.028112167874801187,0.5906727145138396,0.8356569391908272,0.2740709664904946,0.11471572324372632,0.25235172821039975,0.5207357347012176,0.15622937812430102,0.05448112274171477,0.3631370284755438,0.43250157381159327,0.29310262737408327,0.02439716539550257
evolving,ice_mud_low,15dogs,80,0.06054444444444439,0.18111111111111106,0.0,0.03932932589203275,0.5233581437868573,0.7794802455840758,0.3965898244040997,0.06778391776927442,0.04238111111111106,0.1267777777777777,0.0,0.027530528124422908,0.5904896135635533,0.8388597439188054,0.2901576045046704,0.11524510044739604,0.2562356944212624,0.49775183748522334,0.15957509163089303,0.05556846193400385,0.3635132228875111,0.4277280695362875,0.2882129234556003,0.02484970667603291
evolving,ice_mud_low,15dogs,81,0.06354444444444439,0.19222222222222218,0.0,0.04017324484775757,0.5230433336415092,0.7747533811591947,0.4042513978582341,0.06686725528282558,0.04448111111111105,0.13455555555555548,0.0,0.028121271393430285,0.5948148738561614,0.8491068520835588,0.30572582346307986,0.11342508304812222,0.25581700931184315,0.5247223785551544,0.1594267544402131,0.05662000703937777,0.3627359391519416,0.4323787737701247,0.28872410499200873,0.025233057824138583
evolving,ice_mud_low,15dogs,82,0.06362222222222216,0.18555555555555553,0.0,0.0402146259006851,0.5202354778104715,0.7789415307056761,0.39161739652895783,0.06672176084875162,0.04453555555555551,0.12988888888888883,0.0,0.02815023813047955,0.5898842211952517,0.8420804726790989,0.28459370896215364,0.11533847332594502,0.2554149907854867,0.5227567810798343,0.1598909307410039,0.055591246440363354,0.36268750412981376,0.4307373523173732,0.29217499893283533,0.025264924562077275
evolving,ice_mud_low,15dogs,83,0.06093333333333327,0.17555555555555552,0.0,0.038457341351748955,0.5231505381509707,0.7612543479079802,0.3936062023734971,0.06940269742704594,0.04265333333333328,0.12288888888888883,0.0,0.02692013894622424,0.5907910190525503,0.8268903907438814,0.274977388468092,0.11459639451971852,0.2564362295749182,0.5131631454504918,0.1605236811991856,0.057752872554209134,0.3631121583463173,0.42689958896314373,0.2908879036142532,0.024996016351638065
evolving,ice_mud_low,15dogs,84,0.06231111111111106,0.18888888888888883,0.0,0.039537209061480776,0.5235684584876166,0.7813613271103185,0.3926846064248598,0.07246918695075369,0.04361777777777773,0.13222222222222216,0.0,0.027676046343036508,0.5944127851727379,0.8439757688540211,0.28404770252653555,0.116667981366716,0.25605412868148336,0.5135851646016718,0.1593055195292818,0.06015770494296703,0.36308319985064685,0.42745398084448744,0.29222384851857314,0.024838517302334814
evolving,ice_mud_low,15dogs,85,0.06288888888888883,0.18999999999999995,0.0,0.04055295615254027,0.5219365848803829,0.7786187552276653,0.4009871736001516,0.06976331685450107,0.044022222222222164,0.13299999999999995,0.0,0.02838706930677818,0.5964666892919432,0.8259045702116732,0.2739932785643451,0.11576052355837627,0.25438736614526325,0.5080954604890111,0.16245440526581562,0.0595005482947205,0.3622614919757118,0.4257293871446023,0.2871943392430013,0.02581915054365343
evolving,ice_mud_low,15dogs,86,0.06485555555555551,0.21444444444444438,0.0,0.043556755525870745,0.5224247490245773,0.7933646821118685,0.3997691313044649,0.0691306363318981,0.045398888888888836,0.15011111111111103,0.0,0.030489728868109495,0.5955427125096036,0.8415908222182548,0.26265020054741167,0.11953676305289955,0.256031918395347,0.5266223062950038,0.1600237765804779,0.05930406856396166,0.3625002409032761,0.43249420767218566,0.28868924364377824,0.026190298237423255
evolving,ice_mud_low,15dogs,87,0.06328888888888884,0.18999999999999995,0.00111111111111111,0.040018091515095576,0.5220649869203159,0.7741624356557263,0.3981916709085544,0.06778331147779859,0.04430222222222217,0.13299999999999995,0.000777777777777775,0.028012664060566888,0.5955811503703886,0.8434660858546641,0.26788950006933565,0.11652462419307667,0.2555738000270146,0.515955318691498,0.15736216679051265,0.05702115888175986,0.36229831148222597,0.43295534904201183,0.2857809523997442,0.02521895635261314
evolving,ice_mud_low,15dogs,88,0.06344444444444439,0.18222222222222215,0.0,0.03963605649794163,0.5217118515131396,0.7754622644335601,0.4025732207874328,0.0661010725871698,0.04441111111111106,0.12755555555555548,0.0,0.027745239548559127,0.5959980274752981,0.8432769622638322,0.2895698082600783,0.11309800894815655,0.25621457749610743,0.5032983968251561,0.16791252141602678,0.05378864833638649,0.3627259467479132,0.429185057116334,0.2930272922803053,0.02526895585806953
evolving,ice_mud_low,15dogs,89,0.06378888888888883,0.18999999999999995,0.0,0.039847772274308545,0.5196388436447588,0.792549491074678,0.3913887478753975,0.06580830021501535,0.044652222222222177,0.13299999999999995,0.0,0.027893440592015976,0.5999772967074204,0.8488946448849237,0.3034543352877638,0.10976816800636305,0.25335768949605714,0.49651483465240454,0.17016154989148538,0.05226848819738916,0.3643286993991676,0.43198028574627684,0.2918636598599738,0.02507263465198258
evolving,ice_mud_low,15dogs,90,0.06427777777777774,0.19222222222222218,0.0,0.04004529865433397,0.5214389323399017,0.7587943378331243,0.3912764218076175,0.06414161489345828,0.04499444444444439,0.13455555555555548,0.0,0.028031709058033753,0.598110519343783,0.8335787975110932,0.2989395022393707,0.11082450999533008,0.25473040149792336,0.4963586500318245,0.16850456739513625,0.052936490757879574,0.36307318179504866,0.42513343524894587,0.2920187996617393,0.02463946535879945
evolving,ice_mud_low,15dogs,91,0.0650555555555555,0.18111111111111106,0.00111111111111111,0.04073379575505809,0.5224676483181466,0.7510492788414659,0.3992386294981271,0.06580622581085119,0.04553888888888884,0.1267777777777777,0.000777777777777775,0.028513657028540647,0.5953166469597253,0.8489142941868119,0.3309464898059922,0.11153862999676709,0.25532781887782746,0.4936875037356467,0.16643245391073952,0.05356053916912503,0.3619927661594504,0.42412695733015465,0.29100439743315815,0.02522328936389473
evolving,ice_mud_low,15dogs,92,0.06567777777777772,0.19111111111111106,0.0,0.040536432650185014,0.5212352351657806,0.7578226461072659,0.402739853620389,0.061437490218065716,0.045974444444444394,0.13377777777777772,0.0,0.028375502855129485,0.5906228112682579,0.8451918915917835,0.309751407887359,0.11188751397790511,0.2535325170428669,0.4887353634326628,0.16952869891553562,0.04835016870803041,0.36308283177183465,0.4362322280413431,0.2986215927753918,0.02488489759901005
evolving,ice_mud_low,15dogs,93,0.06426666666666661,0.1966666666666666,0.0,0.04079749863972361,0.5198154263184277,0.7665505814731177,0.39810392865509636,0.0626986974690161,0.04498666666666661,0.1376666666666666,0.0,0.02855824904780651,0.5929861936588411,0.8451836770777433,0.2983388020439097,0.11444322224599823,0.25377999193113504,0.4673645314561618,0.17426461860057535,0.04782089755907964,0.3636613911512403,0.43340232199816275,0.3022080979022872,0.0239617106728222
evolving,ice_mud_low,15dogs,94,0.06298888888888883,0.18888888888888883,0.0,0.0407145921773035,0.5237373992387148,0.7689517198124984,0.3960283750406767,0.06775627205269769,0.04409222222222218,0.13222222222222216,0.0,0.028500214524112426,0.5919791444404278,0.8517864207607968,0.2745517052804113,0.11745578471802327,0.2558798923916063,0.5128017657089219,0.16646781637897254,0.05623794689723975,0.36337102556047673,0.42854146577217883,0.29366780368990103,0.02544683894189364
evolving,ice_mud_low,15dogs,95,0.06446666666666662,0.18555555555555553,0.0,0.040412959021676055,0.5236651917321289,0.783298302862679,0.40373685262153175,0.06836459931019162,0.04512666666666662,0.1298888888888888,0.0,0.028289071315173213,0.5910590827509867,0.8271732894737328,0.27786745666254176,0.11312897884877642,0.2553946193161501,0.5144879552468482,0.16548950545069352,0.05636489784916351,0.3630837433585009,0.431634882473188,0.2895916691741032,0.025663800588753387
evolving,ice_mud_low,15dogs,96,0.06432222222222217,0.18777777777777774,0.0,0.03986535712196933,0.5220987801232992,0.774792808323678,0.40342614292669987,0.0667279762877168,0.045025555555555506,0.1314444444444444,0.0,0.027905749985378515,0.5916546582197089,0.8214021099144789,0.28197295991636145,0.1153010722168621,0.2546773998277577,0.5039800343173958,0.1696340804475852,0.05344707934466721,0.36294634740262754,0.43093564919097177,0.28949749485765863,0.025670394405969466
evolving,ice_mud_low,15dogs,97,0.06393333333333326,0.18666666666666662,0.00111111111111111,0.03914865210328812,0.5189344213831146,0.7577145748837206,0.39363655231902267,0.06362766827316543,0.044753333333333284,0.1306666666666666,0.000777777777777775,0.027404056472301663,0.5937509473870481,0.8255571590541851,0.2956007922430341,0.11206311101041173,0.2532748850161472,0.4634754749654052,0.16767184049378625,0.04889992385994441,0.36357855123579697,0.4303041757235519,0.29336672445714507,0.024472894879184064
evolving,ice_mud_low,15dogs,98,0.06377777777777772,0.1822222222222222,0.0,0.04041472183250424,0.5221787842788157,0.7833641768790003,0.40512530357216525,0.06715223442961978,0.04464444444444439,0.12755555555555548,0.0,0.028290305282752955,0.588591180546621,0.817461953891879,0.27576961526013466,0.1125624532425655,0.2549330020698864,0.5008469028839257,0.163832875869516,0.05466839481335768,0.3625012812011085,0.42636252721169265,0.2892195997634193,0.024842158824908485
evolving,ice_mud_low,15dogs,99,0.06326666666666661,0.18888888888888886,0.0,0.040057563283610556,0.5187143838496995,0.7542039199417128,0.3960641423790644,0.06256529263432258,0.04428666666666661,0.13222222222222216,0.0,0.028040294298527356,0.5882418812892827,0.8347368402221121,0.2972429806119194,0.11324809534956767,0.25398467063244035,0.49460957783772397,0.17049973703102056,0.04954914562099133,0.3634460837894339,0.4308216350205888,0.29078615713833406,0.02495185551227487
evolving,ice_mud_low,15dogs,100,0.06269999999999995,0.19111111111111106,0.00111111111111111,0.04006235632595665,0.5176918628453466,0.7844804920223207,0.39502843199294047,0.06337436410223668,0.04388999999999996,0.13377777777777772,0.000777777777777775,0.028043649428169642,0.5883600935812313,0.8277448088143547,0.28090058890987096,0.11243752766380713,0.25411878649514136,0.5029313584412191,0.1723983090721274,0.05089392129665761,0.36389189223770135,0.4327146969350145,0.293345993184445,0.02473177357563184
evolving,ice_mud_low,20dogs,1,0.03856666666666663,0.1783333333333333,0.0,0.03997959526280568,0.6349304276158214,0.7907034064258932,0.2881973031240181,0.08846627414880166,0.026996666666666624,0.12483333333333327,0.0,0.027985716683963956,0.5022512220700007,0.838524038424653,0.15930476195290916,0.15205851138329457,0.49433012037068236,0.8309623493119946,0.11974755281893017,0.13198709717667778,0.3759703771412598,0.4828965179569707,0.3050807183650518,0.03493430599313134
evolving,ice_mud_low,20dogs,2,0.04146666666666661,0.19166666666666662,0.0,0.04389593392687503,0.6252866506312282,0.7818855083515411,0.2879670233422388,0.09630180560473099,0.02902666666666661,0.1341666666666666,0.0,0.030727153748812512,0.5120830223402013,0.8552747891521921,0.1587932989163131,0.1563529519227746,0.4609035312260369,0.7759711066970457,0.11460813775544862,0.13223462287161342,0.37735862348601884,0.4822491867076283,0.30325042375013683,0.03617366408237273
evolving,ice_mud_low,20dogs,3,0.047549999999999946,0.19999999999999998,0.0,0.04506493912217818,0.6058321436769654,0.7832102008151185,0.2705244884323502,0.10592567684113993,0.03328499999999994,0.13999999999999993,0.0,0.0315454573855247,0.524418635444792,0.8670026519688376,0.15592237229181197,0.15526482022592808,0.41867364633679943,0.7348605921612302,0.10336432478749207,0.13481437269445992,0.38066739300515423,0.47216555130900284,0.3063203194945097,0.03578165326749789
evolving,ice_mud_low,20dogs,4,0.0523666666666666,0.19999999999999996,0.0,0.04568872941978239,0.5894346410209346,0.7698721214146168,0.26980161721192786,0.11148557770804055,0.03665666666666663,0.13999999999999993,0.0,0.031982110593847646,0.5267130539773598,0.8669649005454746,0.16307714255926173,0.1496907128691134,0.3812950055301704,0.6845498971401686,0.10258173473559315,0.12785916208372067,0.3819057919087706,0.47462630238057174,0.30428279927094704,0.035171787210293085
evolving,ice_mud_low,20dogs,5,0.05709999999999995,0.22166666666666662,0.0,0.048230214132010965,0.5716924691997576,0.768983643910772,0.2692811359200129,0.11571193832291178,0.03996999999999995,0.1551666666666666,0.0,0.03376114989240765,0.5346242993517856,0.8614343775947886,0.17993798805237518,0.153792182381819,0.35427230143078114,0.6317846791666277,0.10306981115087269,0.12821621390887522,0.38433513179173756,0.47363024818119337,0.30701396937346825,0.03509494134255521
evolving,ice_mud_low,20dogs,6,0.06261666666666663,0.22166666666666662,0.0,0.050572285383507484,0.5567236799863877,0.765392723148149,0.25961372319677,0.11962885179701963,0.04383166666666661,0.15516666666666662,0.0,0.035400599768455235,0.5388637080931812,0.8614402012671487,0.1562923480885726,0.1507096130582761,0.32970671481452285,0.6055413701872827,0.0963231384689024,0.1258277244607184,0.38857513621996614,0.48397976766762296,0.3118540891672783,0.035095263951640865
evolving,ice_mud_low,20dogs,7,0.06744999999999997,0.25666666666666665,0.0,0.055431355803930105,0.5362534874563958,0.7650145052931033,0.26331263652708425,0.11919125006839615,0.04721499999999995,0.17966666666666659,0.0,0.03880194906275106,0.5479076730845982,0.8623608495863311,0.16675227553239072,0.1419180749165735,0.3023652617235709,0.5755773409249085,0.09530218554290451,0.11892569778694051,0.3921433428686078,0.4773850288988049,0.3147061145073763,0.03465710613589269
evolving,ice_mud_low,20dogs,8,0.07078333333333328,0.24499999999999997,0.0,0.05374706480559717,0.5200292417249924,0.7477618466393168,0.26931797075957564,0.11486816914224476,0.049548333333333285,0.17149999999999993,0.0,0.037622945363918,0.5547588658300737,0.8408126764529916,0.17665143184098783,0.14100548063197021,0.2863546932183535,0.5796899092830863,0.0990377013098532,0.11684684038763718,0.39308265064989556,0.4784792883139105,0.3182078423997743,0.03361566660404068
evolving,ice_mud_low,20dogs,9,0.07559999999999996,0.24499999999999997,0.0,0.05484734310428337,0.5084320182226154,0.7349084243848985,0.26808638182951283,0.11019689119315416,0.052919999999999946,0.17149999999999993,0.0,0.038393140172998344,0.569683683601977,0.852670606584209,0.21170037052965265,0.13842145464263575,0.26964967923836525,0.5521843570044933,0.09974671958922245,0.10519116576002172,0.394992307181534,0.48007949591740057,0.31943982254958225,0.032281850836525704
evolving,ice_mud_low,20dogs,10,0.07934999999999995,0.24666666666666665,0.0,0.05518068386864718,0.5012937971057259,0.7335348285866148,0.26438625439603186,0.10910084120782633,0.055544999999999956,0.1726666666666666,0.0,0.038626478708053,0.5820707039987537,0.8682455439660368,0.24222655455827663,0.13433852005992789,0.26059751729475594,0.5361850760804541,0.09377940875136896,0.09879602445986498,0.397036870081414,0.4791437665115369,0.3192368818104315,0.033044043528607264
evolving,ice_mud_low,20dogs,11,0.08093333333333327,0.2483333333333333,0.0,0.056241239085894804,0.4994558635820363,0.7276216138087201,0.27882870101730345,0.10634705935158681,0.05665333333333329,0.17383333333333328,0.0,0.03936886736012635,0.587421449652248,0.8682169853760244,0.23758163530749643,0.13216389351387453,0.25922008532233604,0.5183511308527831,0.10442460896309949,0.09870146675062971,0.3962371679808429,0.47829200406201255,0.3230886696930074,0.03142922407921989
evolving,ice_mud_low,20dogs,12,0.08464999999999993,0.2583333333333333,0.0,0.055404927772085846,0.4960719089905058,0.7277998536388127,0.28588652831335826,0.10444628534718292,0.05925499999999995,0.18083333333333326,0.0,0.03878344944046006,0.5921932127952755,0.8734366758189254,0.26450331602061083,0.12788785120812504,0.25581146934158605,0.5271506909508487,0.10931224859343847,0.09721556654783806,0.3961807469476696,0.4725216493643031,0.3230534452110096,0.03052636928019787
evolving,ice_mud_low,20dogs,13,0.0847666666666666,0.2633333333333333,0.0,0.05719051964372218,0.48957269850909135,0.716401260172851,0.29086294562231974,0.10204779548272766,0.05933666666666663,0.18433333333333327,0.0,0.04003336375060551,0.5960282027792354,0.8639004820047174,0.2830483178236616,0.12396399413335128,0.24679001009564594,0.5038046125079592,0.10674228102229348,0.09235123192243264,0.3969993045931136,0.4765962170401198,0.3230937288216064,0.030575335318212483
evolving,ice_mud_low,20dogs,14,0.08496666666666662,0.2616666666666666,0.0,0.05628197526004802,0.4794395380565623,0.7300067589275847,0.28624256694416644,0.10188219812230034,0.05947666666666662,0.18316666666666662,0.0,0.039397382682033584,0.594871297855683,0.8691067938184146,0.25721084975881237,0.12656400360326084,0.2374090983039062,0.5050600699707447,0.10511082772874694,0.09083078151306968,0.3994780595509516,0.4788250726349772,0.32196357513951707,0.03215073549772278
evolving,ice_mud_low,20dogs,15,0.08806666666666661,0.2633333333333333,0.0,0.05789516861860655,0.47160647772276565,0.7270355166466291,0.2910294727047928,0.09521783534456922,0.061646666666666614,0.1843333333333333,0.0,0.04052661803302456,0.5978512891686519,0.8671462363514255,0.2766667969233497,0.12414411448164438,0.22899270644603947,0.5096437704316844,0.10618930492208349,0.08703140029223869,0.3999473973516684,0.47697090700758693,0.32301274581732353,0.029949900930598117
evolving,ice_mud_low,20dogs,16,0.08891666666666662,0.2516666666666666,0.0,0.057666738225566214,0.4677986236916249,0.7172934087180369,0.2934464501975088,0.09171140411532,0.06224166666666662,0.1761666666666666,0.0,0.04036671675789633,0.6005311014070117,0.8594865563570332,0.26867071479895355,0.12423872894196808,0.22429920731922953,0.5071866456087482,0.10695474813425636,0.08197201873963574,0.4001570485396327,0.47923337218381395,0.32102377522191816,0.030115945560223782
evolving,ice_mud_low,20dogs,17,0.09263333333333329,0.2683333333333333,0.0,0.057899660898868076,0.460527553808595,0.7080994219239976,0.30042054156866616,0.08292492826748817,0.06484333333333328,0.18783333333333327,0.0,0.04052976262920762,0.601825141250868,0.8553224666296616,0.2902836137904457,0.1199793482572397,0.21637094093821543,0.4858405373486746,0.110529982077329,0.07316237636109517,0.40191000321429826,0.47041894253502664,0.3315341155676511,0.027556621332066378
evolving,ice_mud_low,20dogs,18,0.09139999999999995,0.265,0.0,0.05721376212792119,0.45574225320631206,0.7048871016338174,0.301810911125446,0.07838875573951957,0.06397999999999995,0.18549999999999994,0.0,0.0400496334895448,0.604228934130565,0.8633606890572084,0.28845487160406424,0.12156097665650656,0.21497776316228062,0.49743976034273957,0.11234635322578737,0.0719709086068325,0.4025135334699986,0.47725550978209785,0.3312143057130137,0.027768107198482307
evolving,ice_mud_low,20dogs,19,0.09358333333333328,0.2683333333333333,0.0016666666666666648,0.05731468422873866,0.4542676309754879,0.7028578418615445,0.31548944814888474,0.072810379284839,0.06550833333333328,0.18783333333333327,0.001166666666666665,0.04012027896011704,0.6030156068538732,0.8744825124782192,0.2883247799052212,0.11847064221189678,0.21179683968876536,0.5069002803236575,0.12282724526172692,0.06571042800735613,0.4028340670962825,0.47951475716546976,0.33244256938980354,0.02844408652421701
evolving,ice_mud_low,20dogs,20,0.09254999999999998,0.2683333333333333,0.0,0.05765988676063712,0.4547745269431317,0.7000646828564185,0.31648258373510274,0.07449136391036507,0.06478499999999995,0.1878333333333333,0.0,0.04036192073244597,0.5986906520440252,0.8484769216136143,0.2856879290557748,0.11680025180547764,0.21174929070365284,0.4801931294088229,0.11828612021777318,0.06434633156809519,0.40246224855092566,0.4745525763260205,0.3301083382741058,0.027883589215708632
evolving,ice_mud_low,20dogs,21,0.09459999999999995,0.2783333333333333,0.0,0.061062778648885506,0.4503152369294818,0.7064724389112931,0.3221449704895058,0.07229158491181645,0.06621999999999995,0.19483333333333328,0.0,0.04274394505421983,0.5997614159558358,0.8584999965372958,0.27039850383705033,0.11777961938443585,0.20778801015460777,0.48022956408233347,0.11807322093885583,0.06371384687355253,0.4032487212525832,0.47465565682183924,0.33282624260029625,0.02716104687967233
evolving,ice_mud_low,20dogs,22,0.09394999999999995,0.26999999999999996,0.0,0.058447254618900935,0.44679631526902036,0.6971578281293217,0.3221041530429144,0.07070197105256097,0.06576499999999995,0.18899999999999995,0.0,0.040913078233230635,0.6008361226848233,0.8500331202969725,0.27010779311941546,0.11977246876061112,0.20501611646623533,0.4867062478271382,0.11958820250455489,0.06405420135357784,0.4046170502911471,0.47714998960515675,0.3332917065444364,0.02726849018043249
evolving,ice_mud_low,20dogs,23,0.09656666666666662,0.2733333333333333,0.0,0.05913755859369585,0.44143613493009576,0.7012061273121043,0.3260588515154369,0.06928545783492547,0.06759666666666661,0.19133333333333327,0.0,0.04139629101558708,0.6036576038816334,0.8590278733190109,0.29471458197166045,0.11385387803662102,0.2012282389671603,0.4868523086440911,0.11556182515438465,0.061626792373673155,0.4050577719088982,0.48294828696505593,0.3304107112841021,0.02750209611724288
evolving,ice_mud_low,20dogs,24,0.09341666666666662,0.2683333333333333,0.0,0.05765037023686206,0.43772699075146476,0.6962259018516278,0.31878715675758523,0.06670790622028076,0.06539166666666663,0.18783333333333327,0.0,0.04035525916580343,0.6055913064813487,0.8507303220303953,0.29758004668152305,0.11477624399209616,0.19812321916161021,0.48013064025543084,0.11908633090397533,0.05817400945199831,0.4061637042439403,0.47982903309152436,0.33086974858606394,0.026645805269191063
evolving,ice_mud_low,20dogs,25,0.09471666666666662,0.2633333333333333,0.0,0.058367425528788444,0.4333397162540247,0.6707258299813174,0.32093803717345415,0.06033782274208277,0.06630166666666662,0.1843333333333333,0.0,0.0408571978701519,0.602508898776767,0.8529660571714839,0.2997703016378547,0.11439266761420201,0.19471639137819483,0.4449149502964616,0.12385529391051157,0.05091346122397448,0.40561480038081366,0.47438116585507084,0.33606899469495444,0.02550688208092621
evolving,ice_mud_low,20dogs,26,0.09598333333333328,0.26999999999999996,0.0,0.05819916347912899,0.43829054042788834,0.7055581782618481,0.3268365385388282,0.06658960435359904,0.0671883333333333,0.18899999999999995,0.0,0.04073941443539028,0.5974205389557451,0.8550778366722918,0.2822263396486172,0.11726338883566376,0.1985896148687633,0.5017082437541027,0.12345818872457934,0.060792539044652226,0.4055625535918141,0.478341791917072,0.33073291736872995,0.02684538223668461
evolving,ice_mud_low,20dogs,27,0.09593333333333327,0.27999999999999997,0.0,0.05867225694251732,0.4374885937607977,0.6940310134210363,0.3218941646386762,0.06496280441847105,0.06715333333333329,0.19599999999999995,0.0,0.041070579859762105,0.5976397380949495,0.8551204314754364,0.3059412210283289,0.11658827931629798,0.19816601461064498,0.47749715417719185,0.12565854355705647,0.055869306153603714,0.40590060869672506,0.47476982460293,0.33127855114979315,0.026237784835795093
evolving,ice_mud_low,20dogs,28,0.09641666666666662,0.2766666666666666,0.0,0.059344819534074625,0.4368743459041153,0.6802417519198543,0.3222397445465593,0.06341890909825068,0.06749166666666662,0.1936666666666666,0.0,0.04154137367385223,0.5972206090499639,0.8407972304417408,0.3013493007455813,0.11595043051881233,0.19707987499835436,0.47493598539288995,0.12335365702023146,0.055515443484975016,0.40605374553257423,0.4800888012955949,0.3360864311901927,0.025489329286434093
evolving,ice_mud_low,20dogs,29,0.09496666666666662,0.27999999999999997,0.0,0.05900468897305662,0.4353523619597516,0.7013797702909155,0.32303848234321636,0.06754490315349544,0.06647666666666661,0.19599999999999995,0.0,0.041303282281139594,0.5993605657234811,0.833525800400538,0.29199013857279843,0.11419372478833231,0.1969623161726713,0.4995273317842336,0.11905521581666885,0.05961799764829993,0.4057427256182756,0.47583547809447096,0.33032782105267283,0.026220475591898572
evolving,ice_mud_low,20dogs,30,0.0951166666666666,0.2716666666666666,0.0,0.05875315815764899,0.43287425412642444,0.685164970523759,0.3225082175924377,0.06326003716252324,0.06658166666666662,0.19016666666666662,0.0,0.04112721071035426,0.5999611687849024,0.8335855083648948,0.2900500070033981,0.11588174804293642,0.19532910529666597,0.45555340728588367,0.11871794101197167,0.054543686880454335,0.40583078678495194,0.4779833600712936,0.33479160098669464,0.026145765580610915
evolving,ice_mud_low,20dogs,31,0.0968666666666666,0.2783333333333333,0.0,0.06013627590001387,0.434355896315094,0.6928995698539364,0.32207122355750706,0.06389787568659813,0.0678066666666666,0.19483333333333328,0.0,0.04209539313000969,0.5970821177836887,0.8376397489426521,0.27249932697259394,0.1181087439692237,0.1962166276765061,0.48206786953378966,0.11841995581228293,0.05668661721735428,0.40649907502456817,0.4766071219808346,0.33066755007932447,0.026584511309124807
evolving,ice_mud_low,20dogs,32,0.09786666666666663,0.2783333333333333,0.0016666666666666648,0.05892887158315631,0.43483234681464183,0.6971772138174602,0.335176870605499,0.06340522539600174,0.06850666666666662,0.19483333333333328,0.001166666666666665,0.041250210108209395,0.5996635132075964,0.826133568397305,0.27674690848188616,0.1175054796721329,0.19703179031047632,0.4772536084237882,0.12513963766691394,0.05703053964506159,0.40693943126410037,0.4753298356336268,0.33665526018762515,0.025950051656355878
evolving,ice_mud_low,20dogs,33,0.09613333333333327,0.2716666666666666,0.0016666666666666648,0.059884455797974676,0.4377650768221045,0.7105308354939293,0.33249830282888626,0.06585430008463095,0.06729333333333327,0.19016666666666662,0.001166666666666665,0.041919119058582255,0.5999783317161798,0.842214801135234,0.261668723208465,0.12007311798027043,0.19926191232224397,0.5008588679756211,0.12872255343095462,0.060684552907155985,0.40621625145960805,0.47761092859001375,0.3302953984442948,0.02676016954412285
evolving,ice_mud_low,20dogs,34,0.09813333333333328,0.2783333333333333,0.0,0.05864876688116079,0.4345213533324033,0.6864439598137855,0.3377961856914946,0.05883372596806694,0.06869333333333329,0.19483333333333328,0.0,0.04105413681681254,0.5989157089356741,0.8422117940320982,0.29800318164850925,0.11633658837375534,0.197050907301828,0.47289603101560845,0.12717988512453485,0.052722145849184845,0.4074733933991582,0.47998833125547613,0.33990218831747104,0.02562127213703628
evolving,ice_mud_low,20dogs,35,0.09646666666666662,0.26666666666666666,0.0,0.0592214391343584,0.437966913309665,0.7250226394979825,0.33685379666139686,0.06590808689614616,0.06752666666666661,0.1866666666666666,0.0,0.041455007394050856,0.5932765417674327,0.8316014843825977,0.27546692269440953,0.11686423741485936,0.1991803917415996,0.5076649802033094,0.12652029114439678,0.061051110189689825,0.40585432959571194,0.4757877844986379,0.3280489341248678,0.026621813916569904
evolving,ice_mud_low,20dogs,36,0.09516666666666661,0.2683333333333333,0.0,0.05717000179008071,0.4426144025776737,0.7226441369625334,0.33470261310316385,0.0677536811152111,0.06661666666666662,0.18783333333333327,0.0,0.04001900125305648,0.5924770348252439,0.829728601607275,0.26465981017585194,0.11792717853879564,0.2019387959525437,0.5174440700594574,0.12785550055628087,0.0625594927125421,0.4058808412747953,0.47521702290997797,0.33328467469799106,0.026569511514111088
evolving,ice_mud_low,20dogs,37,0.09383333333333327,0.26666666666666666,0.0,0.05717007247215037,0.4387957461863536,0.713600316243103,0.33485852459941035,0.06617415388083567,0.06568333333333327,0.1866666666666666,0.0,0.04001905073050524,0.5955363858688391,0.8601050698815088,0.281335764836958,0.11750850302873221,0.19999465809287922,0.5194983906087237,0.128577509052981,0.06268782157681599,0.40653595593022906,0.48472329410056264,0.32989896348446907,0.026608057696299196
evolving,ice_mud_low,20dogs,38,0.09751666666666664,0.2633333333333333,0.0,0.05804795646453158,0.4355463421319537,0.7077782800138486,0.34266494349743015,0.05991408065905661,0.06826166666666664,0.1843333333333333,0.0,0.04063356952517209,0.5954768130469864,0.8447537935321352,0.27597639995338485,0.11759615425173361,0.1960545249164187,0.4864175873698108,0.12921322810167038,0.053665490818930586,0.406514481795108,0.4752304749896804,0.3332462288080887,0.024845457879587467
evolving,ice_mud_low,20dogs,39,0.09656666666666663,0.26499999999999996,0.0,0.05811847365152369,0.4323571936744678,0.6709811300319256,0.3395372230838262,0.05490579866920361,0.06759666666666661,0.18549999999999994,0.0,0.04068293155606657,0.5904020904891258,0.8214975796807865,0.2962643314209745,0.11885141251551497,0.19468385413053815,0.4653286832884054,0.12985270516002126,0.05019807922004561,0.406315939353609,0.47637014702673336,0.33270302361325016,0.025567245959087374
evolving,ice_mud_low,20dogs,40,0.09501666666666661,0.295,0.0,0.060249637638109865,0.43582375106127474,0.6877936218709624,0.3383325122082542,0.06154950219744491,0.06651166666666664,0.20649999999999996,0.0,0.042174746346676895,0.5859146407537965,0.8255010219635833,0.27701158128023806,0.12145357994275072,0.1997552669796358,0.5030128272232088,0.13040032519819292,0.05992692774864496,0.40583278846610105,0.477272099155715,0.336149549019877,0.025868904801680703
evolving,ice_mud_low,20dogs,41,0.09699999999999995,0.2816666666666666,0.0016666666666666648,0.059568006851993746,0.4299550739460353,0.6928950305067566,0.3280553298620038,0.05694802748380533,0.06789999999999995,0.1971666666666666,0.001166666666666665,0.04169760479639559,0.5939023904217787,0.8447469965739434,0.2829139390517351,0.12308231286388475,0.1945993610885765,0.4621715403252546,0.12387800735732053,0.05086611486247182,0.40678180978978373,0.4762833754253927,0.33450303834469386,0.02606293160065341
evolving,ice_mud_low,20dogs,42,0.09624999999999993,0.26499999999999996,0.0,0.057739568171122066,0.43149754006815816,0.6987085327528632,0.33471684191484596,0.05820569686960605,0.06737499999999993,0.18549999999999994,0.0,0.04041769771978543,0.5942431664754285,0.825139450415735,0.2808457603079926,0.12278987947438433,0.1952060449971295,0.4936261004387446,0.12757335693348332,0.055200063447149915,0.4064904375676982,0.4834594342860082,0.32960513519494655,0.026835574592980277
evolving,ice_mud_low,20dogs,43,0.09719999999999994,0.2683333333333333,0.0016666666666666648,0.05920407390820337,0.43323115206651774,0.6948276234699879,0.3328437924208346,0.06120512629692174,0.06803999999999995,0.18783333333333327,0.001166666666666665,0.04144285173574234,0.5951886891411753,0.8252506015136298,0.2560267374312105,0.12243758617312968,0.19607121503082445,0.48053101909069734,0.12412202179586299,0.055135748282733134,0.40635010310821845,0.48617645038553814,0.32703461973348846,0.026688355417355047
evolving,ice_mud_low,20dogs,44,0.09454999999999994,0.2683333333333333,0.0,0.05870633266947376,0.4350105144332924,0.7137799243840508,0.3368485648570415,0.06114217724098223,0.06618499999999995,0.18783333333333327,0.0,0.04109443286863161,0.5947934674800717,0.8361839866512559,0.2516576057887258,0.12308360062890564,0.19711827932139106,0.480324537998981,0.12404351112973067,0.055893358767648296,0.4068060297995103,0.4759598302758987,0.3370946073051325,0.025809766785232148
evolving,ice_mud_low,20dogs,45,0.09599999999999995,0.27999999999999997,0.0,0.05899700414575063,0.43456896420320773,0.7033451417852853,0.3379954672137683,0.05985659352247047,0.06719999999999995,0.19599999999999992,0.0,0.04129790290202542,0.5872060357634064,0.8316816439881061,0.2880370759410843,0.12092047371361056,0.1981925744089513,0.4988442170656442,0.12543917902651097,0.058427054480369355,0.40584959103540197,0.47389973231185734,0.3333505298179592,0.026321306768942686
evolving,ice_mud_low,20dogs,46,0.09813333333333327,0.265,0.0,0.0588482257008812,0.43146160062017047,0.6823945087548102,0.33718741108030925,0.05577389830141327,0.06869333333333327,0.18549999999999994,0.0,0.041193757990616815,0.5899950131586453,0.8364922832310666,0.2842272560161036,0.11697076714649794,0.19510212427571427,0.47728602192523456,0.12129504884004347,0.05197865015335283,0.4068391201797067,0.47650520233641014,0.3376057869544816,0.025057180670696688
evolving,ice_mud_low,20dogs,47,0.09566666666666661,0.25999999999999995,0.0033333333333333296,0.05784456726191267,0.43452696996084006,0.6993104791787402,0.32935196575497183,0.05897208134559835,0.06696666666666663,0.18199999999999994,0.00233333333333333,0.04049119708333885,0.589236614615312,0.8320390487118636,0.26837414458604286,0.11933712303052224,0.19690774074819903,0.488600884635449,0.12734943426302567,0.05588695704532496,0.4069507208917848,0.4785797197967307,0.3290488606710268,0.02580965840869548
evolving,ice_mud_low,20dogs,48,0.09581666666666662,0.26499999999999996,0.0,0.05820083784558204,0.43349059117635597,0.6970821166297446,0.33386547815456125,0.05853403895692884,0.06707166666666661,0.18549999999999994,0.0,0.04074058649190739,0.5894600419562618,0.8417884242265694,0.26586469824357745,0.117200463585388,0.19588366777091512,0.4776726417095628,0.12525794059778117,0.055127362187603446,0.40679115459736337,0.4764070257903036,0.33152817691457287,0.025700098416966806
evolving,ice_mud_low,20dogs,49,0.09524999999999995,0.285,0.0,0.059388203033641486,0.4335802510137242,0.7054657380545069,0.3366464515084945,0.05969493957211527,0.06667499999999996,0.19949999999999993,0.0,0.04157174212354903,0.5888071432589795,0.8282437040806675,0.24076847532706172,0.1177960915389951,0.19698700841326758,0.48191563226988865,0.12721166431111025,0.054701105994621135,0.40647039411193076,0.4777317598012476,0.33109849981929185,0.026338155965118758
evolving,ice_mud_low,20dogs,50,0.09613333333333327,0.2616666666666666,0.0,0.05821649383998369,0.43086286480440633,0.6870198276611549,0.3360451833994925,0.05667494249677969,0.06729333333333329,0.18316666666666662,0.0,0.04075154568798857,0.5889849172482047,0.8383648343519695,0.26643966221746135,0.11680161949973966,0.1928859078255494,0.4640836764443487,0.12405908697865922,0.04990348721465019,0.40800484557740735,0.47259060399260877,0.33746154310316967,0.025256923787209267
evolving,ice_mud_low,20dogs,51,0.09841666666666661,0.2533333333333333,0.0,0.05811733650044234,0.43146067513506503,0.6863979677147031,0.33299145520157286,0.056513801192830504,0.06889166666666661,0.1773333333333333,0.0,0.04068213555030962,0.590100413290935,0.8301004154812048,0.28232843307448346,0.1138705596663393,0.19364257057215256,0.46556045536572394,0.12498844196657108,0.047887383391071285,0.40635188316462634,0.4776482844321678,0.33810202872969053,0.025262044950938655
evolving,ice_mud_low,20dogs,52,0.09683333333333327,0.26999999999999996,0.0,0.05921207255704456,0.4314531823386994,0.6870949687484682,0.33047068535236657,0.05861978530242801,0.06778333333333329,0.18899999999999997,0.0,0.04144845078993117,0.5942648060438701,0.8279122456800817,0.2890160346911826,0.11287705407423591,0.19522327314912868,0.4696486871260281,0.12632737845720096,0.051552329712874254,0.40719425082734473,0.4807129244655336,0.3375174787292761,0.02596215048321242
evolving,ice_mud_low,20dogs,53,0.09413333333333328,0.26999999999999996,0.0,0.05825729311785079,0.4334116893861121,0.6933965375558613,0.335697366948414,0.05879471604056759,0.06589333333333329,0.18899999999999995,0.0,0.040780105182495544,0.5880896871500354,0.8377660001276164,0.2700397125815203,0.11751855402424524,0.19501489152970333,0.46895898789017954,0.12715440301933031,0.05264314182194182,0.40669069197486235,0.4791191051525766,0.33462422968463407,0.02586581705510737
evolving,ice_mud_low,20dogs,54,0.09498333333333328,0.2633333333333333,0.0016666666666666648,0.056650047758123635,0.4292063154842123,0.6657874956265131,0.33425249345002245,0.05461794957693048,0.06648833333333327,0.1843333333333333,0.001166666666666665,0.03965503343068653,0.5931560979593999,0.8477571144619189,0.2955198761297242,0.11647166961027197,0.1926070406590667,0.43468289235860763,0.12559097051348642,0.04779886997979683,0.4075344239377407,0.4770927195228188,0.3369847848445921,0.024938988044317836
evolving,ice_mud_low,20dogs,55,0.09433333333333328,0.26499999999999996,0.0,0.05896636425955135,0.43427752611731546,0.7062592766586095,0.33309363150647164,0.06315785214506894,0.06603333333333329,0.18549999999999994,0.0,0.04127645498168591,0.5901376525995979,0.8462623435210392,0.2767049739235006,0.11628538384566275,0.19730562409035793,0.48568966207158565,0.12737886996285397,0.05762190885414407,0.4066874504961359,0.47820209036678635,0.331868463249086,0.02616808092814757
evolving,ice_mud_low,20dogs,56,0.09413333333333328,0.2799999999999999,0.0,0.060449373787810956,0.4337947841747045,0.6927216518937885,0.3341207722821936,0.06164460636380501,0.06589333333333329,0.19599999999999992,0.0,0.04231456165146766,0.5883990433929873,0.8336318260549247,0.24262067211449218,0.11933426464264693,0.19763016571663067,0.487839507719911,0.12478710852440482,0.058144306720239056,0.4057055441879954,0.4765392728027981,0.32921391115274784,0.026704703523461066
evolving,ice_mud_low,20dogs,57,0.09569999999999994,0.2766666666666666,0.0016666666666666648,0.05834324683265964,0.4321580029934699,0.6947474626236372,0.3345578648600405,0.0586860833309573,0.06698999999999995,0.1936666666666666,0.001166666666666665,0.04084027278286174,0.5909848513976832,0.8381104953767139,0.2689062199686034,0.11506155974748182,0.19583291199330416,0.4928894323812304,0.12875496399113875,0.055447254486904705,0.406301361422494,0.4760117745160892,0.33175152727478247,0.025974230274009764
evolving,ice_mud_low,20dogs,58,0.09639999999999994,0.26666666666666666,0.0,0.05893796999742499,0.4316120639344499,0.6698419594634879,0.3375134607708582,0.056426189360682014,0.06747999999999994,0.1866666666666666,0.0,0.04125657899819746,0.5832851958685329,0.8344887612484511,0.2827858797587709,0.11305965912614421,0.19479251931311473,0.4595892242833717,0.12666235683332053,0.05287901256299156,0.40628580388789437,0.47711784311554134,0.33886040599335604,0.02560748592421655
evolving,ice_mud_low,20dogs,59,0.09619999999999995,0.2683333333333333,0.0,0.05703414773807612,0.4316771468336949,0.6971683764276538,0.33201086105173305,0.06016556587794284,0.06733999999999994,0.18783333333333327,0.0,0.03992390341665325,0.5816767822129789,0.8302366326709816,0.2871038560526419,0.11519810636779912,0.19582766114030808,0.4816787087106239,0.12606470806847075,0.05437358652579113,0.4072923404356007,0.4756904163087909,0.3330675247741039,0.026352256506835293
evolving,ice_mud_low,20dogs,60,0.09474999999999993,0.2616666666666666,0.0,0.057143729224458636,0.43124806294720325,0.6733072687846338,0.34017406056107347,0.05572234238299088,0.06632499999999995,0.18316666666666662,0.0,0.040000610457121014,0.5866985278612105,0.8397855944401383,0.2873471212439266,0.11516229759281664,0.19526676233769275,0.4686954120342951,0.12842802938341036,0.05157777920797888,0.4065774299097864,0.4710655389093891,0.33937151814676225,0.025068653485069797
evolving,ice_mud_low,20dogs,61,0.09501666666666661,0.2716666666666666,0.0,0.057849522466537615,0.4317099872367118,0.6972448574160661,0.33416242729532625,0.060002447613682154,0.06651166666666662,0.19016666666666662,0.0,0.040494665726576305,0.5942995294319828,0.83446423299147,0.29720257100463426,0.11665159389354511,0.19424708323841194,0.5044440280440637,0.12595699661441578,0.05443012248477576,0.4078168910080864,0.4709940408416034,0.331325894954716,0.025587132904881637
evolving,ice_mud_low,20dogs,62,0.09643333333333326,0.2816666666666666,0.0,0.05892595990678442,0.4317942579132553,0.7072059481007595,0.33997364314855555,0.05692416135225746,0.06750333333333328,0.1971666666666666,0.0,0.04124817193474907,0.5968455664339852,0.8389921335425452,0.2840145494758091,0.11398854711353654,0.19345487589635146,0.513252640757233,0.1250419703292346,0.05241755039833014,0.4072190486672175,0.47957755794912343,0.33310914235122496,0.02596889152687684
evolving,ice_mud_low,20dogs,63,0.09648333333333328,0.2783333333333333,0.0,0.059221739532863006,0.4332038907419161,0.7095110548953503,0.3318700893450247,0.06102392929804411,0.06753833333333328,0.19483333333333328,0.0,0.04145521767300409,0.5931909767022725,0.8457875125782583,0.26913344492762803,0.11800414998165046,0.19594650920029558,0.49731989818201194,0.12406991498131056,0.0560805070145869,0.40670218720537815,0.4783142627369975,0.3305671522462065,0.026763588514505405
evolving,ice_mud_low,20dogs,64,0.09546666666666662,0.2733333333333333,0.0,0.059526278977912704,0.4303660608560289,0.67726103344318,0.3349491769984611,0.05538479387765083,0.0668266666666666,0.19133333333333327,0.0,0.04166839528453888,0.6009376310067888,0.8460538418930751,0.2955438824419303,0.11500995491874666,0.193321644580167,0.47659032043792776,0.1271159483277143,0.050898598574091666,0.4081911560814849,0.4832868182889918,0.3348157605037188,0.026272912074948872
evolving,ice_mud_low,20dogs,65,0.09414999999999994,0.2783333333333333,0.0,0.05801372616761511,0.4330702080540284,0.721575374341265,0.3393899419448228,0.06365589961644089,0.06590499999999996,0.19483333333333328,0.0,0.040609608317330556,0.5937990936868711,0.8212747970378154,0.2942134635588688,0.11131992831799711,0.19640009783547588,0.5060055730201387,0.12303081559713444,0.060212724913313455,0.40534652745969996,0.47217849445852317,0.3306353878729448,0.025315898732425936
evolving,ice_mud_low,20dogs,66,0.10056666666666662,0.2733333333333333,0.0016666666666666648,0.058669851285485394,0.4323024237568777,0.694824442279206,0.3391879694966383,0.05674353284323945,0.07039666666666664,0.1913333333333333,0.001166666666666665,0.04106889589983975,0.596534978527318,0.8294969939729124,0.29055985292655345,0.11049964649828356,0.1944050122167001,0.4940191713081331,0.12640995666745894,0.05396960296238794,0.4062421549673732,0.47592336839335525,0.33330482267892614,0.02572758631155563
evolving,ice_mud_low,20dogs,67,0.09466666666666662,0.26666666666666666,0.0,0.05858453231841369,0.4297920766861537,0.6869619874256133,0.3355021883863988,0.056459556153474234,0.06626666666666663,0.1866666666666666,0.0,0.04100917262288957,0.6005204874595156,0.8416213871665239,0.29695696240530495,0.1111065485463099,0.19437066968850486,0.4721393511000641,0.1256685306693967,0.052745761688717266,0.406816779278018,0.4783720248425863,0.3354505406547212,0.026285452251043118
evolving,ice_mud_low,20dogs,68,0.09624999999999995,0.2683333333333333,0.0,0.05713974950423058,0.42998948696218725,0.6993458197564774,0.3359034386257572,0.05782524158652671,0.06737499999999993,0.18783333333333327,0.0,0.039997824652961395,0.5993575437475718,0.8379021222223736,0.3092882879855189,0.11186016032227078,0.19427600754812005,0.4923514775533252,0.12414131899427656,0.05348853037211103,0.4075805333704469,0.4767707617320701,0.3379443648416172,0.02537008642202863
evolving,ice_mud_low,20dogs,69,0.0972666666666666,0.2666666666666666,0.0,0.05853806756968534,0.4309700021825688,0.6892952807871376,0.3383092569095457,0.057204193594690644,0.06808666666666661,0.1866666666666666,0.0,0.04097664729877972,0.5977915626252285,0.848474933768921,0.2723744711837922,0.11517755455630371,0.19372661464981605,0.4721889900189612,0.12365672890976706,0.05191078662205077,0.407311910501811,0.4815469455081449,0.3363491339297882,0.025982155700356717
evolving,ice_mud_low,20dogs,70,0.09674999999999995,0.27666666666666667,0.0,0.05690821598120306,0.43222620750845664,0.6828291667491333,0.33250997301171753,0.056788264303824186,0.06772499999999995,0.1936666666666666,0.0,0.03983575118684211,0.5993254906144904,0.8337294660991483,0.30238088856668643,0.10967577025150096,0.19555241684125807,0.46823640876084394,0.12555956241823532,0.05053961662751501,0.4076730185643318,0.4741463592640091,0.33928788848516456,0.02560901343197731
evolving,ice_mud_low,20dogs,71,0.0955666666666666,0.2716666666666666,0.0016666666666666648,0.059429476422777364,0.430171652004726,0.6828683645342727,0.3363371193301846,0.05464965215555791,0.06689666666666662,0.1901666666666666,0.001166666666666665,0.04160063349594413,0.6025359003891866,0.850713233339653,0.3112655511476465,0.1100506878087757,0.19278316442482288,0.4541056227497129,0.12208832383147299,0.04898702860359801,0.40718573749102693,0.47791650163315147,0.3368081626427874,0.025547641211326168
evolving,ice_mud_low,20dogs,72,0.09691666666666661,0.27666666666666667,0.0,0.05968286983650382,0.4310347809970955,0.7038233652035129,0.3353287295621026,0.057433430228129634,0.06784166666666662,0.1936666666666666,0.0,0.04177800888555266,0.5932931854550632,0.8215475949416972,0.2853461452229909,0.11159874644634822,0.19479982644795096,0.4877124746700131,0.12501433091067524,0.05389156317375356,0.40601060044122556,0.4742922825758292,0.3289116473628181,0.02583733492386469
evolving,ice_mud_low,20dogs,73,0.09558333333333327,0.2733333333333333,0.0,0.05778703430868446,0.4353985408776305,0.68941573083939,0.33766818247934416,0.05932703073168964,0.06690833333333328,0.1913333333333333,0.0,0.040450924016079096,0.590938105635132,0.8298623895744986,0.24905664972220273,0.11568402640702438,0.19738193167612503,0.4852806286623637,0.12810003994933095,0.05579566184907232,0.40600314061416987,0.4766472367781297,0.33695139426863097,0.025792565784488204
evolving,ice_mud_low,20dogs,74,0.09668333333333327,0.2616666666666666,0.0,0.05860463777584578,0.4340036708714804,0.7050277554664113,0.33639212972533045,0.06197729069498833,0.0676783333333333,0.18316666666666662,0.0,0.04102324644309202,0.591532200387463,0.8285625365553096,0.2520780443052046,0.11749391671820922,0.19663820655129233,0.4939645719528899,0.12445745731937188,0.056680630888196706,0.40613719781244095,0.47917104889533507,0.3294506735595847,0.026283667244396382
evolving,ice_mud_low,20dogs,75,0.09761666666666662,0.27833333333333327,0.0,0.059086383523102116,0.4337563819168871,0.713729764850138,0.3336931951930129,0.06355137422555539,0.06833166666666661,0.19483333333333328,0.0,0.04136046846617146,0.5932675224534012,0.8464414837140474,0.2542901360757517,0.11761353260386245,0.19690514193134165,0.5181135394991034,0.12655447941909687,0.058382856823184545,0.40674019972628644,0.47334775256933115,0.3298821621389486,0.026304477947380174
evolving,ice_mud_low,20dogs,76,0.0965666666666666,0.26666666666666666,0.0,0.059388900660217736,0.4362206921955189,0.7028797618327844,0.33448854211082424,0.06209551827705758,0.06759666666666661,0.18666666666666662,0.0,0.0415722304621524,0.5854185531372155,0.8425741681622284,0.25271990583610826,0.1183324075310559,0.19739769845274963,0.49783682447385136,0.12588505937719396,0.05774928148567201,0.40546991562461426,0.4786214665723015,0.33232132159065253,0.026416476329300147
evolving,ice_mud_low,20dogs,77,0.09629999999999996,0.26666666666666666,0.0,0.05871933738114712,0.4381856448360376,0.7273858254334905,0.3324040032855865,0.0668991912287876,0.06740999999999994,0.1866666666666666,0.0,0.041103536166802956,0.5830129990159658,0.8304156988359013,0.25649643966934155,0.120686602759749,0.20073450549528413,0.5192701754980775,0.1256897270197929,0.06454844402011664,0.4054642596030032,0.47813137699270164,0.32425925418761936,0.02718923426319241
evolving,ice_mud_low,20dogs,78,0.0958166666666666,0.2733333333333333,0.0,0.05902432601801666,0.4379580269664192,0.7081165256474683,0.3335858679806795,0.06361175548073944,0.06707166666666661,0.19133333333333327,0.0,0.04131702821261165,0.5854020040761515,0.8303482829402477,0.2797323481534637,0.11389357253168601,0.1977144227205131,0.4924689979241088,0.12629326799827909,0.05939861534371216,0.40603444667100497,0.47660207655760106,0.33403811769567343,0.025520589051324278
evolving,ice_mud_low,20dogs,79,0.09479999999999993,0.2783333333333333,0.0016666666666666648,0.05842049995184893,0.43534744923729907,0.6759780298862373,0.3327544157339227,0.05706171178072787,0.06635999999999995,0.19483333333333328,0.001166666666666665,0.04089434996629422,0.5844327815992312,0.8244600090765127,0.27233615144229045,0.1151615097075183,0.19581095870485915,0.4493246341414002,0.12335146786436146,0.051216021585191264,0.40657238753051256,0.47101652273880773,0.33704424849956305,0.025285938163605796
evolving,ice_mud_low,20dogs,80,0.09461666666666661,0.25666666666666665,0.0,0.05779413272087004,0.4337765890381734,0.6607361091681156,0.3375664967346793,0.05616261227779691,0.06623166666666662,0.17966666666666659,0.0,0.040455892904609,0.589754629913337,0.8464728104945957,0.27221032031322034,0.11619983723148661,0.19439582285358864,0.4407771790041036,0.12888806541413947,0.04912160379900772,0.4066382074553279,0.47654665743730096,0.3412879116626013,0.02538688812301243
evolving,ice_mud_low,20dogs,81,0.09684999999999995,0.27666666666666667,0.0,0.059293926465076294,0.4357634223685117,0.6792645169386871,0.3322742327049403,0.061709228816020145,0.06779499999999995,0.1936666666666666,0.0,0.0415057485255534,0.5915466237808401,0.8378486607514155,0.2884736764680613,0.11532169003852452,0.19675501842566612,0.4700849338637518,0.12254675942279977,0.05395491600894855,0.40591816960631083,0.47349363135965367,0.3313815454423047,0.025797353887538742
evolving,ice_mud_low,20dogs,82,0.09411666666666661,0.265,0.0016666666666666648,0.05959285356907261,0.436655762574062,0.7219744444771178,0.32832417916961815,0.06535913841735136,0.06588166666666663,0.18549999999999994,0.001166666666666665,0.04171499749835081,0.5936768758507485,0.8561184561094954,0.27499203483123924,0.12193191551775369,0.1969387840737464,0.5160236814439646,0.1255947360943745,0.058532619338796735,0.40617874428349043,0.47528779267823174,0.3342514687275969,0.026131349406719722
evolving,ice_mud_low,20dogs,83,0.09483333333333328,0.2733333333333333,0.0,0.05949063882777054,0.43455995307676887,0.6918823205184399,0.3402853180555226,0.060434487521733485,0.0663833333333333,0.19133333333333327,0.0,0.04164344717943935,0.5949693500680207,0.858257350834875,0.2857040838660731,0.12093979969092243,0.19566252870514314,0.4743844817958349,0.12597804916782215,0.054278487079366146,0.4056260569800636,0.4712894788747889,0.32393804713380236,0.026705862563514687
evolving,ice_mud_low,20dogs,84,0.09726666666666663,0.27833333333333327,0.0,0.06007970873463795,0.43471691229886017,0.6940837774021811,0.3355649378121285,0.06046798386266559,0.06808666666666661,0.19483333333333328,0.0,0.04205579611424655,0.5936234439432495,0.8527043415073894,0.27914941407486216,0.1215717117452066,0.1966644612230997,0.48710843921326585,0.1287356465363419,0.054300374228856405,0.40634278456919254,0.47536994979668146,0.33578940577563504,0.02587683067075771
evolving,ice_mud_low,20dogs,85,0.09424999999999996,0.26999999999999996,0.0,0.05807978065182625,0.4368021411860566,0.7070640103364754,0.3310284222989367,0.06264701454237961,0.06597499999999995,0.18899999999999995,0.0,0.04065584645627837,0.5899912593568231,0.8575269481770125,0.25343717787793973,0.1224011164387645,0.19793552923716848,0.46481419953074266,0.12343115487391143,0.05528941889875866,0.4053522552130328,0.47351461716107685,0.33107792134570285,0.025729072056374775
evolving,ice_mud_low,20dogs,86,0.0944833333333333,0.2716666666666666,0.0,0.05892720333283308,0.43685594957401797,0.7067978368022013,0.33693584128318893,0.06220637947789477,0.0661383333333333,0.19016666666666662,0.0,0.04124904233298313,0.5903937910528886,0.8462700509690697,0.2759229717173882,0.12164808124849336,0.19817360889281072,0.5141350279360796,0.1246709918783669,0.05778837280951511,0.40604884661097174,0.4690853085392833,0.3315574529909709,0.02546303518003911
evolving,ice_mud_low,20dogs,87,0.09784999999999996,0.275,0.0,0.06000600881988229,0.43490182024546165,0.6997484076800403,0.33701173123466366,0.060485874126424796,0.06849499999999994,0.19249999999999995,0.0,0.04200420617391758,0.5912519120824413,0.8337764400872985,0.28747201167614744,0.11465636306342646,0.19639419382930673,0.4873310968188845,0.1267824355097552,0.05516259979114909,0.4066098139574564,0.4734279764795201,0.33226825350803674,0.02654155152428077
evolving,ice_mud_low,20dogs,88,0.09529999999999995,0.25999999999999995,0.0,0.057581245672062034,0.43125265797879286,0.6779292353807842,0.3374150264401813,0.05606316752324456,0.06670999999999995,0.18199999999999994,0.0,0.0403068719704434,0.5916264435960528,0.828456431369782,0.2939430972085137,0.1165175477349728,0.19382091094632178,0.45248107439849594,0.12370482208267894,0.049683455060560336,0.4072467537820633,0.48082500775037607,0.3341129666662816,0.02661383633882954
evolving,ice_mud_low,20dogs,89,0.09668333333333326,0.25666666666666665,0.0,0.05753159672894207,0.43044070058341477,0.6713374533757239,0.3375327680441181,0.053156791520835536,0.06767833333333328,0.1796666666666666,0.0,0.040272117710259424,0.5904892399565267,0.8371530906842868,0.28559150748496487,0.11814536013989027,0.1924662101877468,0.43632365290057396,0.12638197534925605,0.0464757272014137,0.4061425042163395,0.4781144868144301,0.3396553564156582,0.025364452159319754
evolving,ice_mud_low,20dogs,90,0.09641666666666661,0.2733333333333333,0.0,0.05930617228085766,0.4329319898304781,0.7156618050798049,0.33406899850921684,0.060877812867107264,0.0674916666666666,0.1913333333333333,0.0,0.04151432059660035,0.5908241591356977,0.8523557682098268,0.26726537869222045,0.11716169260649137,0.19455129791573417,0.48747277908666825,0.12244519664594652,0.053920444015940316,0.4067517815499969,0.4806850586551237,0.33483241008039416,0.02627270568212391
evolving,ice_mud_low,20dogs,91,0.09628333333333328,0.26666666666666666,0.0,0.05862555353793342,0.4364112890792855,0.668751493424088,0.33520281656053824,0.059520070627301705,0.06739833333333328,0.1866666666666666,0.0,0.04103788747655336,0.5910875805214741,0.8461561370154975,0.29016081385200454,0.11678368848217377,0.19740277932944497,0.46297442703593294,0.12178674604034712,0.05513420430333652,0.40558701285993043,0.4735378853655366,0.3323904462516887,0.026053056025979543
evolving,ice_mud_low,20dogs,92,0.09641666666666662,0.26666666666666666,0.0,0.05757339293112214,0.43223633947588713,0.7058649985933936,0.33381039352353653,0.056746346857513265,0.06749166666666662,0.1866666666666666,0.0,0.04030137505178548,0.5893719184514283,0.8576230763960677,0.28440829316856536,0.11794094576652552,0.19453594210900715,0.47249609794980574,0.12586688106951463,0.05104116253252714,0.40611535538227195,0.4745569967936988,0.3346092461471405,0.02515710630303732
evolving,ice_mud_low,20dogs,93,0.09538333333333328,0.26999999999999996,0.0,0.0593897189272652,0.43315552532344315,0.6904021953856732,0.33583449340402516,0.05925396108737346,0.06676833333333329,0.18899999999999995,0.0,0.04157280324908561,0.583390511886831,0.8354290838770227,0.2489719028336498,0.12005128619559033,0.1958091685130332,0.4821114230415118,0.1241299869519106,0.05417937645326424,0.4076594455206761,0.4779065339237253,0.3333182529538109,0.026606776274726
evolving,ice_mud_low,20dogs,94,0.09538333333333329,0.2583333333333333,0.0,0.05722144981080246,0.4341355252514186,0.6889720870077799,0.3325101721032255,0.062203613124670556,0.06676833333333328,0.18083333333333326,0.0,0.0400550148675617,0.5817413660000538,0.841102579384034,0.2613766568026844,0.11887313105726822,0.197425344037228,0.4883542608304453,0.12631068028961479,0.05634653725304378,0.4059892007428597,0.4786327331099495,0.3389225268702836,0.02576656755326066
evolving,ice_mud_low,20dogs,95,0.09599999999999995,0.27499999999999997,0.0,0.06002727218868127,0.4360755221601167,0.6958808819226138,0.3350173838027338,0.06258664615624687,0.06719999999999995,0.19249999999999995,0.0,0.04201909053207688,0.5850748803231312,0.8400994037094331,0.2790530864323114,0.1178868252070245,0.19833202202282607,0.48909568659696134,0.1264648496254589,0.057681255037844624,0.40622995517800914,0.4771926681055274,0.33609000294748437,0.02605204163322829
evolving,ice_mud_low,20dogs,96,0.09226666666666662,0.27499999999999997,0.0,0.058211030296704394,0.43376733807417767,0.6783634035528847,0.3390924104696494,0.058231647412412865,0.06458666666666661,0.19249999999999995,0.0,0.04074772120769306,0.5979742866804464,0.8441943040580376,0.27172806422313167,0.11396984217865358,0.19590876953004174,0.46846877839367024,0.127389000104207,0.052895179575463934,0.40710585044037384,0.48035476261625,0.3390868594729429,0.025576706826742974
evolving,ice_mud_low,20dogs,97,0.09404999999999994,0.2666666666666666,0.0,0.05884740973899977,0.42997122347598704,0.6725893218303891,0.3353114608411859,0.054219205001728096,0.06583499999999995,0.1866666666666666,0.0,0.04119318681729982,0.5998577943690119,0.8464600191574826,0.2986770042697023,0.11424369769787608,0.19325367597841062,0.4541245108999152,0.12498497011346044,0.04982362131389967,0.4072999434719602,0.47802691059672114,0.3344383499978175,0.025944652707927757
evolving,ice_mud_low,20dogs,98,0.09473333333333327,0.2633333333333333,0.0,0.057490442547219286,0.43119391009772456,0.6642397740188665,0.33844490069679944,0.05480955497745221,0.06631333333333328,0.1843333333333333,0.0,0.040243309783053495,0.5995154732227126,0.8344131646073055,0.28712386856071176,0.1136073290566372,0.19380955806358596,0.4524475619784032,0.12415533816376667,0.04944403965026638,0.40612288600734,0.4726453667287571,0.3342709877052593,0.02526516789352507
evolving,ice_mud_low,20dogs,99,0.09251666666666661,0.2633333333333333,0.0016666666666666648,0.05816042384874801,0.43482513726742367,0.7192782826038445,0.33494159465842505,0.06180711496937288,0.0647616666666666,0.1843333333333333,0.001166666666666665,0.040712296694123594,0.5944772349062523,0.8362388813067299,0.28044851702268975,0.1169927348972953,0.1971721701231665,0.49972772433841206,0.12847916720772767,0.05742057679845321,0.4065871226298345,0.4726125087207199,0.33327556218541676,0.025876691889464648
evolving,ice_mud_low,20dogs,100,0.09466666666666661,0.2716666666666666,0.0,0.05842274115620858,0.4347822263947595,0.7088688840662967,0.33221963880792726,0.06138846693144721,0.06626666666666661,0.1901666666666666,0.0,0.04089591880934599,0.5971933733796633,0.8608331187523639,0.25984360911712223,0.12338717311467344,0.19730688253242348,0.5024103114328579,0.12460089865412718,0.05686145256294249,0.4067640201063017,0.4776022222041293,0.3336947733425717,0.026324830731500142
evolving,mud,15dogs,1,0.026599999999999936,0.12777777777777774,0.0,0.028246791551246497,0.6979143821884554,0.8632458572295076,0.3444847487261836,0.09262632777627657,0.01861999999999995,0.08944444444444438,0.0,0.019772754085872542,0.4966668804622613,0.828479431211103,0.15074116131954327,0.1478174996363893,0.49422949489617773,0.814681186641357,0.11723807440004938,0.13156896484003738,0.3352213410239845,0.4359022758993672,0.26737675179282705,0.034647716051188215
evolving,mud,15dogs,2,0.029955555555555506,0.1444444444444444,0.0,0.030458826886669687,0.693601169510867,0.8588863306996248,0.34848398453107843,0.0991053725950285,0.02096888888888884,0.10111111111111107,0.0,0.021321178820668786,0.49773206345847204,0.8095573065286485,0.17989871540229124,0.13823270801297236,0.46092599131144124,0.7898486759177291,0.12147778853827962,0.12978932540572471,0.3363495677916499,0.43903952412079617,0.2699942205948608,0.03410854696133431
evolving,mud,15dogs,3,0.034411111111111066,0.1544444444444444,0.0,0.03337360831505033,0.6813335072729753,0.8624623799659041,0.3442205564012407,0.10689233376893122,0.024087777777777736,0.10811111111111105,0.0,0.02336152582053522,0.5056018415393043,0.8330575001247201,0.1643091127560799,0.1424115773614243,0.43080077791893173,0.7420430961875588,0.12719831484937177,0.12676358903961474,0.33764052847910875,0.43165244521243185,0.27052499509882433,0.03314682126119218
evolving,mud,15dogs,4,0.039788888888888846,0.14777777777777773,0.0,0.034432030116871036,0.6590262797555333,0.8571691743774593,0.34620544856451524,0.11421140636639826,0.027852222222222178,0.10344444444444438,0.0,0.024102421081809718,0.510464006523569,0.8302010643089044,0.1857919045989721,0.13902775221742852,0.3932938623207559,0.6776693010889085,0.12280357364410392,0.1248122598148963,0.3399697391919402,0.4348866224407598,0.265326250679461,0.03521459838721329
evolving,mud,15dogs,5,0.0425555555555555,0.1688888888888888,0.0,0.03600623767384045,0.63890658837998,0.8431405294966334,0.34279259743360685,0.1148373997451353,0.029788888888888837,0.11822222222222215,0.0,0.02520436637168828,0.5140629923539086,0.8380292487504626,0.17771400569708867,0.13784211189293577,0.3659547178876158,0.6101975798712943,0.12663873455519503,0.11724947722323516,0.34221237918913916,0.4358718772317786,0.2707668844433519,0.035333181562536384
evolving,mud,15dogs,6,0.04708888888888886,0.16888888888888884,0.0,0.037608588799729704,0.6207594796177557,0.8410410165236275,0.33436169734761945,0.11473393009839553,0.032962222222222164,0.11822222222222215,0.0,0.026326012159810785,0.5253131062176848,0.839025062799808,0.1918111297423106,0.13291062099825235,0.34391778161000747,0.602885269469571,0.12554641757565113,0.11208771944970482,0.34470113019274895,0.43543534858160066,0.2697806160463204,0.03434112056515397
evolving,mud,15dogs,7,0.050499999999999955,0.17333333333333328,0.0,0.03806129722503405,0.6009249822198166,0.8333932282740324,0.33272849024407625,0.1100721035537094,0.035349999999999944,0.12133333333333327,0.0,0.0266429080575238,0.5325905970635645,0.8458813592029708,0.23503249487311248,0.12949411753954015,0.32086694688875517,0.5692863943409359,0.12822103461538165,0.10252257385630233,0.3474869880699939,0.42975576949683925,0.2727138217404145,0.03317006903543514
evolving,mud,15dogs,8,0.05202222222222217,0.1744444444444444,0.0,0.038554785703033174,0.5867212366307976,0.8222362702531447,0.3372027343456935,0.10626227219850012,0.036415555555555514,0.12211111111111103,0.0,0.02698834999212322,0.5383916454339654,0.8573268089490499,0.22039987024661997,0.13210566332754398,0.3049702855688559,0.5630102318501479,0.12585095829768667,0.09591558335355234,0.35046876828988943,0.4309232118178876,0.2765338665855449,0.03286601858739541
evolving,mud,15dogs,9,0.056677777777777716,0.1933333333333333,0.0,0.040871013961625825,0.5783819297698304,0.8129525250184763,0.35522268528883355,0.10123012660649458,0.03967444444444441,0.13533333333333328,0.0,0.028609709773138054,0.5526648152080201,0.8337974807917121,0.2404718094575355,0.1257621824641137,0.29714533515508823,0.5361027865406747,0.12527693530606546,0.08950571501711169,0.35085493364824955,0.436606086854872,0.27288695656299666,0.03274380963965891
evolving,mud,15dogs,10,0.05999999999999993,0.19555555555555554,0.0,0.04170365879523977,0.5748868503296516,0.8044397009040578,0.35631124838230627,0.09404860446885309,0.041999999999999954,0.13688888888888884,0.0,0.029192561156667803,0.5603462467673974,0.8478105804686595,0.25568411848261396,0.12219213726457626,0.2928284210094384,0.519645631816977,0.1331436364686512,0.08104437849063444,0.35110012026911774,0.42970139920103934,0.278441070808834,0.031025660709495372
evolving,mud,15dogs,11,0.062299999999999946,0.18777777777777774,0.0,0.04094280196799141,0.5729884766214492,0.7975764346260922,0.35593972655838974,0.09064747401634558,0.043609999999999954,0.1314444444444444,0.0,0.028659961377593975,0.5676752050973757,0.8415174444965269,0.25765075017229455,0.122522616266232,0.29053877818420903,0.5265234941931032,0.13265393855679644,0.08006274942672255,0.3513208512563263,0.43353624725802964,0.2774288408735943,0.03073963581190147
evolving,mud,15dogs,12,0.06306666666666662,0.20222222222222216,0.0,0.04197058950893003,0.5712715178338235,0.7872286236417193,0.35511014045762657,0.08859774956815471,0.04414666666666662,0.1415555555555555,0.0,0.029379412656251002,0.5748503702278099,0.8571054407867724,0.23926137440858897,0.12511388015789132,0.29042233020397423,0.5151702266745486,0.13200857465944382,0.07841053382833713,0.35177879546354146,0.43117608549316316,0.2764076752579244,0.030615951398122586
evolving,mud,15dogs,13,0.06438888888888883,0.20333333333333328,0.0,0.043005003856910654,0.5709093660872171,0.8019879722138612,0.37428842983994437,0.08797601864143342,0.045072222222222166,0.14233333333333326,0.0,0.030103502699837432,0.5801253891244921,0.8450108959891942,0.26261354277289856,0.12183391359684789,0.2889907026192144,0.5183759112093715,0.15092807027597865,0.0740604271949511,0.35149209196535325,0.4315664144483204,0.278517996822884,0.030522069840381007
evolving,mud,15dogs,14,0.06451111111111105,0.19777777777777775,0.0,0.042308140437289476,0.570217040778959,0.786719336582228,0.3746957191467642,0.08499381190815607,0.04515777777777772,0.1384444444444444,0.0,0.02961569830610261,0.5817748876578135,0.8571512582601899,0.2532903970685959,0.12113918950314624,0.28742574216918065,0.5221683002907358,0.14447186132604675,0.0726839526123397,0.3507766159172224,0.4387102946722572,0.2813448059295376,0.030327859602054967
evolving,mud,15dogs,15,0.06491111111111107,0.21222222222222217,0.0,0.042719204695245074,0.5690467071005374,0.798952738003632,0.3838608208174562,0.07930191870041148,0.04543777777777773,0.1485555555555555,0.0,0.029903443286671532,0.5788093353722411,0.8418692279065899,0.2421079891186506,0.12262974204808355,0.2841651465512514,0.5234700247838691,0.15290806450522346,0.06720313133271724,0.35012160696535016,0.4311932748216313,0.2835737298454686,0.028638340178152553
evolving,mud,15dogs,16,0.0646555555555555,0.18666666666666662,0.0,0.04054574266057422,0.5704731393285785,0.7851630525191842,0.39539639013611655,0.07701046263665616,0.045258888888888835,0.1306666666666666,0.0,0.028382019862401943,0.578517343194243,0.8408863546326485,0.24273917213689317,0.12204783250220738,0.2858361465406029,0.49903089837331943,0.17038808602701488,0.06425352336393234,0.3498251129620318,0.42889610340827344,0.28147109024828587,0.027970748068333783
evolving,mud,15dogs,17,0.06517777777777772,0.19111111111111106,0.0,0.041579385616538296,0.5712034162498035,0.7966651131278282,0.41004031078017855,0.07573456817878292,0.04562444444444441,0.13377777777777772,0.0,0.029105569931576775,0.5707498669149237,0.856179372127998,0.23640670115754486,0.12426839299420951,0.28679928180131486,0.538991386001437,0.17161525446786083,0.06791452752557017,0.3500100661351149,0.43162268564626843,0.2753425257504733,0.029038526256364793
evolving,mud,15dogs,18,0.06468888888888882,0.1933333333333333,0.00111111111111111,0.042543045700424345,0.5656268391091404,0.7884192554456193,0.4167970345756946,0.07012883448339838,0.045282222222222175,0.13533333333333325,0.000777777777777775,0.029780131990297026,0.5698157556794394,0.8373332300282172,0.24905140738629913,0.1205865542400613,0.2836109003573385,0.5131903287687429,0.17610072209710245,0.06119550942639025,0.35117915754859197,0.4285885589895836,0.28174667608231674,0.027467638069169194
evolving,mud,15dogs,19,0.06396666666666662,0.18777777777777774,0.0,0.04044778708606769,0.5606215628287197,0.7805141984910481,0.4108213082012485,0.07101789542628449,0.044776666666666604,0.1314444444444444,0.0,0.028313450960247365,0.5758336518057099,0.8310386821031501,0.28977936606268406,0.11842143327354408,0.2802072546773421,0.5083364646613395,0.1752576465294624,0.061414840043165234,0.3514256034735047,0.4287849381100662,0.2823565888469689,0.02828780078177298
evolving,mud,15dogs,20,0.06643333333333326,0.20555555555555555,0.0,0.042350455504402994,0.564006969174587,0.7799589893508936,0.39411007561530226,0.07539250307698095,0.04650333333333327,0.14388888888888882,0.0,0.02964531885308207,0.5735309117743772,0.8364949112577982,0.27644388494322103,0.12135478152625818,0.2841463751678627,0.5152517524276591,0.17428569434434796,0.06505571793708075,0.3494678011616432,0.4270705481488066,0.27998198951766734,0.028039995011094238
evolving,mud,15dogs,21,0.06629999999999994,0.18888888888888883,0.0,0.04191515819040478,0.5623304648628885,0.7918782501226208,0.40582929684409175,0.0732248134226283,0.04640999999999996,0.13222222222222216,0.0,0.029340610733283323,0.5733079710378081,0.839842736611273,0.2497603267611101,0.12265977000640882,0.28288368390967966,0.5347318141459818,0.17332915979033675,0.06710734863228367,0.3506558419906226,0.4282172315992775,0.27797372592003877,0.02773196853503776
evolving,mud,15dogs,22,0.06741111111111106,0.19888888888888884,0.0,0.042261279639396424,0.5640304987422076,0.7890168450792716,0.40753948906993076,0.07078999898047372,0.04718777777777773,0.13922222222222216,0.0,0.02958289574757748,0.5745870066998269,0.8329994032051775,0.28836007847021905,0.11573119821571942,0.284619402702897,0.5239170174915682,0.16987267572851653,0.06378887632102218,0.35005565805394745,0.4249927702088573,0.28114015890682437,0.02772654170233647
evolving,mud,15dogs,23,0.06683333333333327,0.20111111111111107,0.0,0.04274971474562701,0.5626097691370265,0.7707310319835161,0.399738155334452,0.0694345870822168,0.04678333333333329,0.14077777777777772,0.0,0.029924800321938883,0.578851643473444,0.8285912200135641,0.2728670396548536,0.11474112622290952,0.2873724958097966,0.5054885012983751,0.1726308197072314,0.062042912118375274,0.349201073041678,0.4282220226239345,0.28374783518698315,0.027387921491759597
evolving,mud,15dogs,24,0.0688666666666666,0.21111111111111108,0.0,0.04326692502828047,0.5660571088113591,0.7928400897282936,0.41037778590070834,0.0683561541156135,0.04820666666666661,0.14777777777777773,0.0,0.030286847519796312,0.5763436339220034,0.8365579082496197,0.24726966071559361,0.12069208307012036,0.29125386995515307,0.5137564273250896,0.17271587145647554,0.06015319332239192,0.3467800613918115,0.4237544752402457,0.2823011198724002,0.02704325239526038
evolving,mud,15dogs,25,0.06996666666666662,0.19666666666666663,0.0,0.04203066761772504,0.5623761188717733,0.7814344181071744,0.3998192721509238,0.07044664926240966,0.04897666666666661,0.1376666666666666,0.0,0.029421467332407504,0.5760781534827795,0.8236762289928707,0.263504903712246,0.1149807432602162,0.2886945418681253,0.5043698199902378,0.1737261552676797,0.05919077786230183,0.34725896971105447,0.4213980267949675,0.2813310283589409,0.026833842134229197
evolving,mud,15dogs,26,0.06942222222222216,0.19999999999999998,0.0,0.04295096408401071,0.5620543146596481,0.7715061183893109,0.40874843038639447,0.07115704361226885,0.0485955555555555,0.13999999999999996,0.0,0.030065674858807467,0.5794450156665305,0.8246774750718806,0.246984918982626,0.11624520075194308,0.2900896156410815,0.505359691974231,0.17565571511056835,0.06220265336786581,0.3478665898175296,0.4249475548007786,0.2818878494759141,0.0273430684910483
evolving,mud,15dogs,27,0.06811111111111105,0.19111111111111106,0.0,0.04156013216183305,0.5613640482795962,0.7830798944366114,0.40952995906868883,0.07174726805004963,0.04767777777777774,0.13377777777777772,0.0,0.029092092513283107,0.5809117868829343,0.8312838948316376,0.2688544218175969,0.11524289195906037,0.2890700345663715,0.502070275425985,0.17411036156077278,0.06062588977057577,0.34749183810250067,0.4216879941252902,0.28036573619759764,0.02673317261805768
evolving,mud,15dogs,28,0.06948888888888885,0.19888888888888884,0.0,0.04319906312612026,0.5650288749070573,0.7918899001719912,0.3995370878953698,0.07058699080065603,0.04864222222222218,0.13922222222222216,0.0,0.030239344188284167,0.5820856892993944,0.8299158918326326,0.2710501333197085,0.11348490169671129,0.2921235270625312,0.5109001743960896,0.1715424314263657,0.060491995081267035,0.34767376924447657,0.42304181564537124,0.2766828527130153,0.027422171214336218
evolving,mud,15dogs,29,0.07023333333333327,0.19999999999999996,0.0,0.04264956689366766,0.5673015738588667,0.7923270449682362,0.41012141144971076,0.06855259237637493,0.0491633333333333,0.13999999999999996,0.0,0.02985469682556735,0.5845018513730809,0.847825005473615,0.266933847129492,0.11424029235053516,0.2935908587794308,0.507667196002115,0.1810666632873607,0.057845051816475215,0.346617650487487,0.42423396872631314,0.2838686167582144,0.02659100458810294
evolving,mud,15dogs,30,0.06952222222222218,0.20666666666666664,0.0,0.0436873283276535,0.5658602624437721,0.7863000642833823,0.41549730523166134,0.06767436772701185,0.048665555555555504,0.1446666666666666,0.0,0.03058112982935744,0.5855032947007752,0.8288475082155158,0.2548654404678137,0.1164431923959538,0.2900346918591593,0.508152630527,0.18337065622021625,0.05677005875288658,0.34822998745870665,0.42629099742000587,0.27611490820653667,0.02655319983634196
evolving,mud,15dogs,31,0.06983333333333328,0.19666666666666663,0.0,0.043402656232743815,0.5647103947137088,0.7651120758651487,0.41649439256794984,0.06465564286290272,0.04888333333333327,0.1376666666666666,0.0,0.03038185936292064,0.5799778308037962,0.8245558357616588,0.2870647928093975,0.11580322947867268,0.29079110931501406,0.49338406743003504,0.19587631359353913,0.052480757787581336,0.3482064786415402,0.41984254920577574,0.28607943807822,0.025791874476985464
evolving,mud,15dogs,32,0.07068888888888883,0.19888888888888884,0.0,0.04252134308903053,0.5650371150491497,0.7617320267975101,0.42154385985254805,0.0622846396200855,0.04948222222222218,0.13922222222222214,0.0,0.029764940162321334,0.5878489486456405,0.8389847385993321,0.25554843015189566,0.11589729160614712,0.2910680134199974,0.48455349934940406,0.19111684332718606,0.052914550248950296,0.34842853366175175,0.42837453946249904,0.28415772046367466,0.0268242664601095
evolving,mud,15dogs,33,0.07051111111111105,0.19666666666666663,0.0,0.04327262414934174,0.5671458112338654,0.7826430500900232,0.4358934388229662,0.06327331956261519,0.04935777777777773,0.1376666666666666,0.0,0.03029083690453922,0.5846946966295479,0.8479615364978287,0.27085386148514917,0.11645479181421588,0.2937702872100526,0.4940774448421371,0.19786109605775437,0.05256749170462609,0.3464316868544441,0.4270595250907582,0.2770594091380641,0.026498285421135387
evolving,mud,15dogs,34,0.06939999999999993,0.19666666666666663,0.0,0.042558242601805615,0.5695817135204854,0.7909221085074386,0.42673369792416543,0.06431778409805683,0.04857999999999994,0.1376666666666666,0.0,0.029790769821263906,0.5840434271760432,0.838791465564422,0.27452961874594933,0.11796429662594861,0.2963049297715156,0.5199185231659937,0.1919468236986452,0.05557799821857799,0.34558847584155994,0.41542748405157254,0.2835312808659066,0.025429901350220697
evolving,mud,15dogs,35,0.07099999999999994,0.20777777777777776,0.00111111111111111,0.04374025182261306,0.5695138746792721,0.7661586881225998,0.4263030171531973,0.060264085352212324,0.04969999999999995,0.1454444444444444,0.000777777777777775,0.030618176275829124,0.5819062175269114,0.8381478110961635,0.26994614791804744,0.11823424184014589,0.29650005687730197,0.5138891726306982,0.1927164657722658,0.05099120561254713,0.34689986170501114,0.41858017519606483,0.2774378311198246,0.025832405757714328
evolving,mud,15dogs,36,0.07029999999999995,0.19777777777777775,0.00111111111111111,0.04364609924596626,0.5696780778298567,0.7532451501418949,0.4285104059087971,0.05862333160100477,0.04920999999999994,0.13844444444444437,0.000777777777777775,0.030552269472176367,0.5766241422445598,0.8286700949201696,0.26881641189413447,0.11764387255206712,0.2963494293050187,0.47435706222987833,0.19233320441785423,0.04690315209816569,0.34632596240533725,0.4182719378861706,0.28660012112773686,0.024729300848732
evolving,mud,15dogs,37,0.07043333333333328,0.19444444444444442,0.0,0.042616233206987444,0.570715472337039,0.7806475792752013,0.4355618406372712,0.06009558461587379,0.04930333333333328,0.13611111111111104,0.0,0.029831363244891197,0.5719235913875387,0.8277572278619238,0.2764747876534935,0.1176242232401106,0.29649788153339857,0.5028624835365909,0.21017706413729562,0.0493074342928966,0.34547006564497657,0.41694292502618746,0.283635364852832,0.025865252241867254
evolving,mud,15dogs,38,0.07037777777777773,0.20444444444444437,0.0,0.04278011038482936,0.5727841495846943,0.7811904576259752,0.43662264971263226,0.06113288264063317,0.04926444444444438,0.14311111111111105,0.0,0.029946077269380533,0.5706749224694898,0.8299610398027643,0.25253477469176033,0.1194518799494386,0.2999816295104476,0.4987048465733661,0.2111702681483915,0.048663499064735195,0.3454866561355864,0.41861432729790726,0.2824619475769117,0.025075656752791237
evolving,mud,15dogs,39,0.06878888888888882,0.21444444444444438,0.0,0.04326906452251236,0.5741837576663109,0.7888069067019736,0.4271115258541065,0.06262951182362027,0.04815222222222217,0.15011111111111106,0.0,0.030288345165758634,0.5731431922296276,0.835562778303899,0.2259646467569234,0.12401560048370856,0.30238010921678266,0.5217647450371317,0.2050309736567594,0.05259785069277219,0.3449985946151938,0.4245706439444746,0.2790520638140823,0.025969754405924556
evolving,mud,15dogs,40,0.0702555555555555,0.19666666666666663,0.0,0.04297120839573243,0.5717850116587989,0.8051438777795175,0.44432429252994493,0.060084410787988186,0.04917888888888884,0.1376666666666666,0.0,0.030079845877012686,0.5814195360287466,0.8425675827222507,0.2487196783423137,0.12554192477430764,0.30060710301098226,0.5268008869784903,0.2160157179078611,0.04919071915603295,0.3461346963258972,0.41896772576912256,0.279528384780289,0.025202633082526498
evolving,mud,15dogs,41,0.06858888888888884,0.19888888888888884,0.0,0.04283007080057442,0.5731747494963462,0.7868525957050123,0.44482559266827987,0.06108081764990865,0.04801222222222216,0.13922222222222216,0.0,0.02998104956040206,0.5840952650975665,0.8461860984058298,0.24013385810352764,0.12272879901653796,0.30160703431267283,0.5258843142245234,0.2086863721179144,0.05122524242641021,0.3456554673066866,0.4169074911514256,0.2809703865479805,0.025618945199000986
evolving,mud,15dogs,42,0.07153333333333328,0.20444444444444443,0.0,0.04389105172559232,0.5727695873086411,0.788135172348231,0.44751296859962847,0.06124883881517655,0.05007333333333328,0.14311111111111105,0.0,0.030723736207914604,0.5869999451652423,0.8304507033431134,0.2478359505731146,0.12098066451214576,0.30134986781542883,0.5109651970823037,0.2133921771379068,0.05083875210861468,0.3444491679788384,0.41157094722881615,0.2804984072456436,0.02509177796417018
evolving,mud,15dogs,43,0.07053333333333327,0.19222222222222218,0.0,0.041892818344779155,0.5702386291784697,0.7818898314644104,0.4447113449071079,0.05610565196047699,0.04937333333333327,0.13455555555555548,0.0,0.029324972841345394,0.5884811395831073,0.8377539134359855,0.25365440864874905,0.12017697315548721,0.2979936018717072,0.5214904411279851,0.2098519350385042,0.04746739760802971,0.3456031347377993,0.41463316222961694,0.2872714234607253,0.02392836821174031
evolving,mud,15dogs,44,0.07202222222222218,0.20222222222222216,0.0,0.04470664355206945,0.5702126034147457,0.7823230451918919,0.4445314631070308,0.059382288527268165,0.050415555555555505,0.1415555555555555,0.0,0.031294650486448604,0.5854814587655249,0.8425798434721299,0.27792107708530517,0.11786020061877592,0.300238839602715,0.5078873566765788,0.21713830992586464,0.04993041182949466,0.3460802524016716,0.4188187402590824,0.2839595286681693,0.024809579950599785
evolving,mud,15dogs,45,0.06999999999999995,0.1933333333333333,0.0,0.04243892185695221,0.567797328313105,0.7637112981389143,0.4511652178363913,0.05491270635342327,0.048999999999999946,0.13533333333333328,0.0,0.029707245299866535,0.5909351381816899,0.8472449179854067,0.3090201983632822,0.11436884585737765,0.29526037620681234,0.47744504148213335,0.21028358315217224,0.0435907716745574,0.34469412635207286,0.4161969964063033,0.2806327698598632,0.024367828144100052
evolving,mud,15dogs,46,0.07057777777777771,0.20111111111111107,0.00111111111111111,0.0430008975943647,0.5711313748796696,0.7947171868573087,0.4454627782115006,0.060208460492607606,0.04940444444444438,0.14077777777777772,0.000777777777777775,0.030100628316055277,0.5873540542094843,0.8342910520323252,0.277590337568657,0.11358640045266807,0.2978486148318067,0.5212432384597273,0.2108271695776947,0.050628018698171205,0.34552945602015034,0.4219411940628679,0.27438816059475585,0.025408137865211112
evolving,mud,15dogs,47,0.07056666666666662,0.1966666666666666,0.0,0.04239841764861661,0.5704919328457143,0.7837953606258947,0.4457423523900387,0.061517678723513124,0.04939666666666661,0.1376666666666666,0.0,0.0296788923540316,0.5836687198186202,0.8348974978621714,0.26558720422919185,0.11715830218346215,0.3004604064741233,0.5049806319547845,0.21183198978773854,0.05162088897430663,0.3460642121114295,0.41708271258620605,0.27831317997601657,0.026111018109090677
evolving,mud,15dogs,48,0.07155555555555551,0.21444444444444438,0.0,0.04458686826961122,0.5714527146141078,0.7692469744267803,0.44981572848264817,0.060526895436571616,0.05008888888888885,0.15011111111111103,0.0,0.03121080778872784,0.5838124208185279,0.8187168439500929,0.2841096959134648,0.11484356584677129,0.2998792674637368,0.4905300280856256,0.21451571479261528,0.04852567836809824,0.3458557313265005,0.42281744499725366,0.281765295908243,0.025495636805887317
evolving,mud,15dogs,49,0.07061111111111106,0.18999999999999995,0.0,0.04278713083706223,0.571210220367858,0.7781666802499386,0.4447466797036711,0.05913280433289827,0.049427777777777716,0.13299999999999992,0.0,0.029950991585943543,0.5819207204658756,0.8318402230750624,0.27017293026390077,0.11868785542139763,0.29890367653759037,0.5119416972983833,0.21290108413543773,0.04873088497565953,0.3444616352381835,0.416695751487658,0.2801021447566119,0.025288789106760363
evolving,mud,15dogs,50,0.07129999999999995,0.19555555555555554,0.00111111111111111,0.04376594913327613,0.5687014710105989,0.7727243231433949,0.4515210408532174,0.05691718607736636,0.04990999999999995,0.13688888888888884,0.000777777777777775,0.03063616439329327,0.5873254861958982,0.8285068730819543,0.29120699072800255,0.11194211519286212,0.29836253510594496,0.5075066381087777,0.21028507796911483,0.04658696907256416,0.34577384518086235,0.4174118375914569,0.28158859739758835,0.024606149855061286
evolving,mud,15dogs,51,0.07248888888888884,0.20111111111111107,0.0,0.04345046930352179,0.5738422694251567,0.7980220037755816,0.453390267481195,0.06059686729991709,0.05074222222222217,0.14077777777777772,0.0,0.03041532851246525,0.5872345054034762,0.8222270953843628,0.2782739685016626,0.1169048876149383,0.3024495664352151,0.528903552048762,0.21532692571267936,0.0517463570492223,0.34497328085969026,0.41932698500591403,0.28034039033936536,0.025278704008281232
evolving,mud,15dogs,52,0.07176666666666662,0.21111111111111108,0.0,0.04536500949811686,0.569548967424822,0.7833531116838781,0.45495868451505866,0.0579370295937031,0.05023666666666662,0.14777777777777773,0.0,0.03175550664868179,0.5890273720704374,0.8347593044949315,0.2861078801260456,0.11586609788412502,0.2979187122529275,0.5101659088420473,0.22027050343461324,0.04850476631988712,0.3454727313930262,0.41235737447946696,0.276742202188167,0.025344740501196006
evolving,mud,15dogs,53,0.07074444444444439,0.18888888888888883,0.0,0.042142892786723965,0.5699248764760134,0.793362359903315,0.45124122159804436,0.05675679778760591,0.04952111111111105,0.13222222222222216,0.0,0.029500024950706777,0.5890531387952823,0.8288192098969042,0.26278254295493564,0.11716781477008689,0.2959905982216227,0.516610366496406,0.21433255136738366,0.04765204984568479,0.3456940279910745,0.41351544754337716,0.278809061926281,0.024400809279085577
evolving,mud,15dogs,54,0.0707555555555555,0.20999999999999996,0.0,0.043365023637410086,0.5686262694951176,0.7723888498116049,0.4512856047873462,0.05591653745713661,0.04952888888888883,0.14699999999999994,0.0,0.03035551654618704,0.5904024577764196,0.8374598003917972,0.25622548292107633,0.11772573621437432,0.2974060340434443,0.5311179038329261,0.2136901241070694,0.050675856414376566,0.3463699480626178,0.4174258105958046,0.27978687841313965,0.02468454641660659
evolving,mud,15dogs,55,0.06855555555555551,0.18999999999999997,0.0,0.042433319632667714,0.5695083435948916,0.7885515565950263,0.44714945122641153,0.05847307730167288,0.047988888888888845,0.13299999999999995,0.0,0.02970332374286739,0.5920791652880453,0.8305517064085691,0.2757790475380423,0.11529641373529428,0.29730923126351066,0.5130142735186511,0.21357533945027388,0.050563523246553166,0.3459593532548638,0.4164328631090356,0.2854359306272503,0.02387314597167648
evolving,mud,15dogs,56,0.07132222222222218,0.19555555555555554,0.00111111111111111,0.04243414734422747,0.5697743196506485,0.7748121503919645,0.450681142302916,0.0551352456680959,0.049925555555555494,0.1368888888888888,0.000777777777777775,0.02970390314095921,0.5955493496158704,0.812986617593961,0.27367636245641414,0.11258901518359007,0.29755960149276967,0.4896210120449149,0.21249802615960398,0.04593399902494584,0.3452192775412649,0.4149015327850812,0.2870396364475538,0.023639884429120274
evolving,mud,15dogs,57,0.07372222222222216,0.21999999999999997,0.00111111111111111,0.044875033345716,0.5672160297097193,0.7737031539248409,0.44605922881748256,0.05510235158117197,0.0516055555555555,0.15399999999999994,0.000777777777777775,0.03141252334200117,0.5941481266977975,0.8293952785023114,0.2911325330607625,0.11516291150426343,0.2956340079126189,0.47401650643978704,0.21602534704331583,0.0448552165104865,0.345101770408122,0.41655717709116297,0.28382662400893877,0.024793896583156026
evolving,mud,15dogs,58,0.07181111111111105,0.2211111111111111,0.0,0.04475556487116735,0.5683828946257823,0.7827996174260805,0.45013877474579234,0.05623299841819059,0.05026777777777773,0.15477777777777774,0.0,0.03132889540981713,0.5958615632095449,0.8424428322011291,0.28802025080404503,0.11782950051671182,0.2973906887514345,0.4898817436317334,0.21571729249371976,0.04627052976936854,0.3462780730316465,0.4204275561926827,0.28328042410547416,0.023985725692922996
evolving,mud,15dogs,59,0.07153333333333328,0.19111111111111106,0.0,0.042821188003894305,0.5715622559111515,0.7773171951114655,0.455189746530469,0.05828190594013668,0.05007333333333327,0.13377777777777772,0.0,0.029974831602726005,0.6009734190518603,0.8450214809726674,0.2814648111113313,0.11634840018189288,0.29940850649716066,0.5097476189042283,0.21916302273545457,0.04969163273201676,0.3462665044200902,0.41770083930460694,0.2845629872879428,0.02523701457035337
evolving,mud,15dogs,60,0.07113333333333327,0.20888888888888885,0.00111111111111111,0.04377881501692489,0.569155012182126,0.7636056949012888,0.4522083780220926,0.05423689674983754,0.049793333333333294,0.14622222222222217,0.000777777777777775,0.030645170511847404,0.6009798633454835,0.8334952417801722,0.288521506337209,0.11222261457292151,0.298697178309665,0.4962155452168959,0.2083711150704489,0.04592374483093725,0.34458761317848713,0.41413747825209235,0.28104369696883613,0.024592634685137654
evolving,mud,15dogs,61,0.07067777777777771,0.20333333333333328,0.0,0.04290318256729627,0.5705076436824184,0.7782930335246518,0.4564644682046917,0.05571018819189585,0.0494744444444444,0.14233333333333326,0.0,0.03003222779710738,0.6026757603012477,0.8428702537851549,0.29310328854842654,0.11413610459817965,0.2986618134670418,0.5352092159851262,0.210861393245537,0.049255748609413,0.34583937807704357,0.4225038688026549,0.28546536740589656,0.024632450510650276
evolving,mud,15dogs,62,0.06827777777777773,0.18666666666666662,0.0,0.04249075035680387,0.5675630906769402,0.7687233681505325,0.45364054105118495,0.05555769010958815,0.047794444444444396,0.1306666666666666,0.0,0.029743525249762703,0.6042478802713347,0.8464570662204716,0.3047781337864324,0.11111485204680141,0.2969780487757346,0.5092150300264083,0.21186452606618872,0.046621906965880956,0.34664255562548374,0.4207088656317334,0.28166528544243125,0.02523342911234062
evolving,mud,15dogs,63,0.07016666666666663,0.20222222222222216,0.0,0.04256562179953157,0.5708980245478918,0.7888195128808642,0.44358494755772737,0.060955045691026534,0.04911666666666662,0.1415555555555555,0.0,0.029795935259672075,0.6013893815152836,0.8462795265581236,0.304599873954087,0.11319082386689698,0.29988114901469654,0.5264626802569892,0.215247282951866,0.050214138470492165,0.3444808884340052,0.41310844516296774,0.2800312968453443,0.02459947985730163
evolving,mud,15dogs,64,0.07185555555555552,0.19999999999999996,0.00111111111111111,0.043432694904914096,0.5719653507855409,0.7669561531484453,0.44443054486258166,0.058074985979146856,0.050298888888888824,0.13999999999999996,0.000777777777777775,0.03040288643343984,0.6036174570641264,0.8393181875540204,0.2851541308642048,0.11376364753450581,0.30243121008331897,0.4882456090119362,0.21836766452972026,0.046492850018030926,0.345467540726074,0.41814250217094423,0.28109226619249583,0.02481808734535822
evolving,mud,15dogs,65,0.07023333333333329,0.20111111111111107,0.0,0.04209454053611903,0.5718582825071988,0.7720023831283288,0.45557308691579507,0.05349433153444875,0.04916333333333329,0.14077777777777772,0.0,0.029466178375283304,0.6093754290970919,0.8407110211806972,0.3121130933633231,0.11006895951249951,0.29847178575131456,0.4935103022993955,0.22071942311389692,0.04264718121841935,0.3459656299670026,0.4141889732919579,0.28635134732323386,0.023982304690080607
evolving,mud,15dogs,66,0.07022222222222216,0.21111111111111108,0.0,0.044413635947065,0.5692527736269846,0.7669708722472566,0.4539067594860621,0.0551546103376192,0.0491555555555555,0.14777777777777773,0.0,0.031089545162945487,0.6080133730575398,0.8314545247019154,0.32536764017552994,0.10894136767599746,0.2994295414913294,0.49338908301869633,0.2189804638244659,0.04374650441302387,0.34552066584853924,0.41525544177505996,0.27977369294478804,0.024873932289306917
evolving,mud,15dogs,67,0.07066666666666661,0.1955555555555555,0.0,0.043558584138805874,0.5700416276547645,0.7676203287511005,0.45230381375734996,0.05752101338824557,0.04946666666666661,0.1368888888888888,0.0,0.030491008897164107,0.6062417188009024,0.8410888369067162,0.28748054547403246,0.11536194277844365,0.2992625044380012,0.4997425636429642,0.21938111692476459,0.04595190263871464,0.34578066416961206,0.42549938997608017,0.28336020284404145,0.02555742056017545
evolving,mud,15dogs,68,0.07049999999999994,0.2055555555555555,0.0,0.04319196154280821,0.5711387126523754,0.7851873796209389,0.451741805323825,0.05729538818403198,0.049349999999999956,0.14388888888888882,0.0,0.030234373079965737,0.6101572205408642,0.84501210025829,0.2894864816662246,0.11496208180696033,0.3004730198706543,0.4988512116637979,0.2165853967845659,0.045347299786607384,0.34532018661437963,0.4103758955889204,0.2821305468400254,0.024576451821848106
evolving,mud,15dogs,69,0.07044444444444439,0.19777777777777775,0.0,0.042345121263553095,0.570852247261847,0.7673513093980225,0.4568060970865959,0.05548208120943897,0.04931111111111105,0.13844444444444437,0.0,0.02964158488448715,0.6055678830818809,0.8415480457827369,0.28309266326493143,0.11470479213752131,0.2990267415410382,0.505568443361741,0.21745827043117907,0.047407187523222566,0.34629076253493823,0.4166191000544722,0.28170516826834624,0.02453703097023445
evolving,mud,15dogs,70,0.0708444444444444,0.20333333333333328,0.0,0.04291431001801423,0.5716657531799976,0.7733571827875505,0.45309731841562895,0.05773359833230353,0.049591111111111044,0.14233333333333326,0.0,0.030040017012609943,0.6041622385835246,0.8448873010293395,0.28501071897845665,0.11626452496052693,0.30063176416383397,0.4966348809367407,0.21579333229490416,0.04704538422038891,0.34641156421257163,0.41817920903818784,0.28258542989106705,0.025374907231204318
evolving,mud,15dogs,71,0.06966666666666661,0.20777777777777776,0.0,0.04286814757964405,0.571095863665018,0.7817989842410356,0.4610636906275413,0.05596896598444383,0.04876666666666661,0.1454444444444444,0.0,0.03000770330575082,0.6031203728687217,0.8372429506904927,0.2714197244415945,0.11703782976638352,0.3025162355968506,0.5046402028173583,0.21878206786834156,0.047189730150424394,0.34565532668566784,0.41891272262553947,0.2775963469784387,0.02527763693567986
evolving,mud,15dogs,72,0.07138888888888882,0.20999999999999996,0.0,0.04353100895974831,0.5708731991535189,0.763423244912711,0.4550799214719328,0.05474955074794754,0.04997222222222218,0.14699999999999994,0.0,0.030471706271823794,0.6051057096566538,0.8444715287423105,0.27647989356491254,0.11507101538197002,0.30046044193716026,0.4913238626826987,0.22211635222975476,0.04493235618969717,0.3447664582161932,0.4171336527803601,0.27811668352216123,0.024275204919523456
evolving,mud,15dogs,73,0.07096666666666661,0.19111111111111106,0.0,0.04294602150258332,0.571569782949266,0.7780376341062888,0.453216584726868,0.05919399120233857,0.049676666666666626,0.13377777777777772,0.0,0.030062215051808318,0.60258991229356,0.8353564477645552,0.2598142587681666,0.11526959703200271,0.30039172254078406,0.5044840646988826,0.21863510472492628,0.047524834632801445,0.3453647735570774,0.41244948410827814,0.28217616141581037,0.02484405198025077
evolving,mud,15dogs,74,0.07155555555555551,0.20777777777777776,0.00111111111111111,0.04365675820976596,0.57090206503771,0.751596891022156,0.4478024876621153,0.05399806850496182,0.05008888888888883,0.14544444444444438,0.000777777777777775,0.030559730746836156,0.6047065041351698,0.8453754799682027,0.29363925044695705,0.11279804634148986,0.2986442864160287,0.48222451923306,0.22179633162652634,0.042351877421372426,0.34622397591093856,0.4157045786778223,0.2839171899723979,0.02470840395702786
evolving,mud,15dogs,75,0.0701555555555555,0.20222222222222216,0.0,0.04261664684600043,0.5704746658050395,0.7849257884361164,0.4457207572622928,0.058017380741521775,0.04910888888888883,0.1415555555555555,0.0,0.02983165279220028,0.6052999198084918,0.844261291384756,0.29309227323200476,0.11419603776641458,0.2981506905666166,0.5078828968353296,0.21875948654150273,0.04535599495730747,0.34506919598153424,0.41018040009864737,0.2783852555252936,0.024724265543980762
evolving,mud,15dogs,76,0.07007777777777772,0.1833333333333333,0.0,0.042111416423795615,0.570638457658766,0.7629948747070311,0.4586946497381872,0.05540644327455767,0.049054444444444394,0.12833333333333327,0.0,0.02947799149665691,0.6037337783593493,0.8349377375564344,0.30963506535628205,0.11128294022351723,0.2988654748574657,0.4723078146807314,0.22280267672835752,0.041489348869597896,0.3462410328776488,0.4175744454194885,0.2865455121303423,0.02464236045861626
evolving,mud,15dogs,77,0.06979999999999995,0.20555555555555555,0.0,0.043845043709783066,0.5728997053428591,0.7889037350626293,0.4542637438805491,0.056466490460851525,0.04885999999999995,0.14388888888888882,0.0,0.030691530596848114,0.6019319099602684,0.8316846268155057,0.28759488498280766,0.11244191376785521,0.3005286503682327,0.5075220437861134,0.21982539022270617,0.045508274037204824,0.34458419048907574,0.4109077046130126,0.2851911497458776,0.0238725051399426
evolving,mud,15dogs,78,0.07126666666666662,0.20888888888888885,0.0,0.04349885072204433,0.5719466568071035,0.7803316195340955,0.45589050949495513,0.05786661294647942,0.049886666666666614,0.14622222222222217,0.0,0.030449195505431022,0.6028654832399784,0.8359083249796775,0.2878474871149562,0.11094324596027305,0.30049139513224665,0.5065115075880976,0.2202500164724793,0.047374960140177766,0.34577455445911215,0.41489972689458343,0.28184983173450373,0.02501049266556742
evolving,mud,15dogs,79,0.07048888888888885,0.19222222222222218,0.0,0.041766137192315554,0.5698723026709763,0.7564563498944294,0.4453456273164206,0.05346303343941894,0.04934222222222219,0.13455555555555548,0.0,0.029236296034620874,0.5990163707989209,0.8353857026326127,0.2960862696324025,0.10922653617091334,0.2991054930306583,0.479605595206338,0.22161202398405142,0.04303523599852216,0.34627802873028235,0.4161760459369117,0.282147107216154,0.024478463173237923
evolving,mud,15dogs,80,0.07299999999999993,0.20666666666666664,0.00222222222222222,0.04316900620797332,0.5711653178851492,0.7763567355788633,0.4508868851411127,0.054160762727950576,0.05109999999999996,0.14466666666666658,0.00155555555555555,0.030218304345581305,0.6009223485208486,0.8342776716183307,0.31895513999321445,0.10828288781601336,0.2996004677820676,0.48123712813451824,0.22124238711315547,0.04320698585477518,0.3455014047456732,0.41916369252726204,0.28712812235038443,0.023643628988971814
evolving,mud,15dogs,81,0.07133333333333328,0.1955555555555555,0.00111111111111111,0.042309121374834,0.5689848037754893,0.7819263854724285,0.4551512324526373,0.05456298311052278,0.04993333333333328,0.1368888888888888,0.000777777777777775,0.02961638496238379,0.5993972132158796,0.8259009582215985,0.2978596455336002,0.11229963928540772,0.2988656252145415,0.5042648497877189,0.2184251262412384,0.04465552949130404,0.3455989454097861,0.41628066548041864,0.2847589196533441,0.023843954877486466
evolving,mud,15dogs,82,0.07126666666666662,0.20111111111111107,0.00111111111111111,0.04379184041389407,0.5706225033574268,0.7630755971334912,0.4553555404049704,0.05502064547613729,0.04988666666666662,0.14077777777777772,0.000777777777777775,0.03065428828972582,0.599643465463956,0.8255895247671663,0.26043202119635045,0.11286253620909928,0.29870250676539467,0.49030438143403704,0.22061238934961117,0.04437355770280307,0.346001024709816,0.4190348013879192,0.28184815093093085,0.02489434744608337
evolving,mud,15dogs,83,0.07182222222222216,0.21222222222222217,0.0,0.04368444730179885,0.5679619044435823,0.7758483129316593,0.4511939987931319,0.055671999018080495,0.050275555555555504,0.1485555555555555,0.0,0.030579113111259177,0.6030625926816231,0.8353276726683033,0.26833583071687883,0.11453605043216623,0.2981682493543566,0.49861431275847706,0.21789684042183516,0.045239631076132276,0.3472925054647261,0.4241081223522836,0.2856245126960289,0.025216279928199564
evolving,mud,15dogs,84,0.07064444444444438,0.2133333333333333,0.00111111111111111,0.04367566184727105,0.5688382682750996,0.7861849550583292,0.44964557153842916,0.05693518338619678,0.04945111111111107,0.14933333333333326,0.000777777777777775,0.03057296329308972,0.5982044996699736,0.8399745046698956,0.2803341777117323,0.11558075116722881,0.29818412831054725,0.5106014823711809,0.21500314429496054,0.04743644043121918,0.34664308241317177,0.41652471203501334,0.2780022621176769,0.02482024442065675
evolving,mud,15dogs,85,0.06935555555555552,0.20222222222222216,0.0,0.04510509289519112,0.5704003375974166,0.784785885538838,0.4543959641045684,0.05675625242488582,0.04854888888888883,0.1415555555555555,0.0,0.03157356502663376,0.5953033241583462,0.8349366599666999,0.26622508801964295,0.11501122982498528,0.29927626007827424,0.50752914360006,0.2128672096255456,0.048213584767309206,0.345170342683914,0.4124533994282328,0.2798068966404689,0.024467548093791723
evolving,mud,15dogs,86,0.07216666666666662,0.21888888888888886,0.00111111111111111,0.044118008724781076,0.5712707735395819,0.7895657347647662,0.44394198528817014,0.059120702218736464,0.05051666666666661,0.15322222222222215,0.000777777777777775,0.03088260610734673,0.5939578328131377,0.8358168524808598,0.27449193096839897,0.11523711395948255,0.2992215753562336,0.49687882857174975,0.21329757276800398,0.046957404952721174,0.34677088945327367,0.4156118438664219,0.28337031863814965,0.02445844381226999
evolving,mud,15dogs,87,0.07071111111111106,0.1933333333333333,0.0,0.04320300906535728,0.5712161611372679,0.7900539159009514,0.44608601761289635,0.05953368143518617,0.049497777777777724,0.13533333333333325,0.0,0.030242106345750086,0.587955051672715,0.8377187493646291,0.26173099648740183,0.11882558318402384,0.29982668044407995,0.5272001746381718,0.22239410385365216,0.05001435123615559,0.34504250324667984,0.41381626259560206,0.2817134946791539,0.024781057675106185
evolving,mud,15dogs,88,0.07099999999999994,0.20999999999999996,0.0,0.044209513618647174,0.5709697508041972,0.7778349722407664,0.45065081475450947,0.057933162896636636,0.04969999999999994,0.14699999999999996,0.0,0.030946659533053023,0.587780602426829,0.8322188762437641,0.26457742280583174,0.11612556957059512,0.3008924817171586,0.5111176366412445,0.21945144203147518,0.04880154858276394,0.34520336222873593,0.4195859678457716,0.27985176055126687,0.024886763253996524
evolving,mud,15dogs,89,0.07229999999999993,0.21999999999999992,0.0,0.044412558674162925,0.5704897345144925,0.7816987100332146,0.4517208012608778,0.05719812397753895,0.050609999999999954,0.15399999999999994,0.0,0.031088791071914028,0.5842765993403268,0.8383221223895744,0.27495864184861457,0.11664755172829547,0.3005646040483715,0.5054232622380574,0.21929441380699358,0.04760687093789277,0.3452868524110656,0.4170058957112578,0.28320708685437807,0.02483246659434128
evolving,mud,15dogs,90,0.07146666666666661,0.19222222222222218,0.0,0.04357521153457872,0.5685263179763282,0.7641503607375951,0.45948744967973465,0.05409346458403032,0.05002666666666661,0.13455555555555548,0.0,0.030502648074205087,0.5841660603542109,0.836698659624639,0.2529447482640836,0.11626212443652324,0.29812699780925,0.4917223156150313,0.21928952524615303,0.04482675404889478,0.3454173734333602,0.41819842864305334,0.2818719955740805,0.024834410198747714
evolving,mud,15dogs,91,0.07107777777777773,0.1944444444444444,0.0,0.04269626943817169,0.5699208491783408,0.7731573089205875,0.44991322791533933,0.05522752757330786,0.04975444444444439,0.13611111111111104,0.0,0.02988738860672017,0.585469788571084,0.8320071071938319,0.2628235573159669,0.11400543529508814,0.300302052165844,0.5030976372964651,0.2183761034734141,0.045218556571757426,0.3453707913456917,0.41319290849245904,0.28016063932212976,0.02462862371220273
evolving,mud,15dogs,92,0.07041111111111106,0.20222222222222216,0.0,0.04420624789637547,0.5702858359726284,0.7697043048810759,0.4564240461239545,0.05414961854549092,0.04928777777777773,0.1415555555555555,0.0,0.03094437352746281,0.5874344511922144,0.8248948184142655,0.2849220442441268,0.1115376897089175,0.3005669828325793,0.4943401429921096,0.22085073194363888,0.04500722607128173,0.34666087367095744,0.4188775194644842,0.2851161594328954,0.0244413563159597
evolving,mud,15dogs,93,0.07184444444444438,0.19888888888888884,0.0,0.04346463190257381,0.5708316013491561,0.7816252070189991,0.4536509630664945,0.05606734114041719,0.050291111111111064,0.13922222222222216,0.0,0.030425242331801643,0.5885001063797962,0.8189144442997678,0.28015907936173656,0.10715786098615328,0.3001752261129444,0.5198249598114965,0.2198734078167505,0.046114042924768284,0.3466899368685802,0.4181894836547184,0.2805168991239383,0.02501726382401519
evolving,mud,15dogs,94,0.07086666666666662,0.2055555555555555,0.00111111111111111,0.04254299401354365,0.5695880476800805,0.7799301975823109,0.45280778810865313,0.054911791153891484,0.049606666666666605,0.14388888888888884,0.000777777777777775,0.029780095809480534,0.5906521478006184,0.8205754828755264,0.2797313034579162,0.11051670794101816,0.2983957221615696,0.5048600469686584,0.220244420018162,0.04528482150614487,0.3454016361283792,0.41744277575993066,0.28102087456216995,0.024518231034413404
evolving,mud,15dogs,95,0.07248888888888885,0.21444444444444438,0.00111111111111111,0.04518496593633957,0.5697134300321844,0.7811169360896429,0.45318772186372824,0.05623147417005327,0.05074222222222217,0.15011111111111106,0.000777777777777775,0.031629476155437666,0.5915292605079293,0.8215351477126506,0.25213353393717386,0.10988967888957371,0.29885230606534924,0.5083832675221168,0.21733382432077658,0.04798352036773487,0.3467434058503899,0.4123021323803192,0.2825890193141174,0.024325559379467555
evolving,mud,15dogs,96,0.0732555555555555,0.20444444444444443,0.0,0.04322930855005412,0.5693611737837868,0.7826612832093798,0.4469758230783909,0.057866518710059454,0.05127888888888883,0.14311111111111105,0.0,0.030260515985037872,0.5923368538994086,0.8297431170047898,0.2933577556133976,0.1108218012692678,0.29935245606321426,0.5061911822480007,0.21590503283159318,0.04774027350074635,0.3458667012154072,0.4206001281888322,0.28181016829258604,0.02410828473812977
evolving,mud,15dogs,97,0.07047777777777772,0.19666666666666663,0.00111111111111111,0.04289704335098417,0.5680621894420195,0.7810809837549606,0.45639952406667533,0.05678224960882398,0.04933444444444439,0.1376666666666666,0.000777777777777775,0.030027930345688895,0.5941759314864196,0.8454927027485993,0.2884569411705499,0.1172317761303251,0.297755134084658,0.50976661116507,0.21873150672950564,0.0486149512286185,0.3456463877873976,0.41208164209984666,0.28061837453094285,0.024419022326369826
evolving,mud,15dogs,98,0.07313333333333327,0.20666666666666664,0.0,0.04520066652707556,0.5686021618734023,0.7787169353109357,0.4521319847404193,0.054252335572883545,0.05119333333333329,0.1446666666666666,0.0,0.03164046656895288,0.5945878691524242,0.83072004873337,0.26942961565410106,0.11689250970690931,0.2994898661879897,0.4873987226300425,0.21696928515152064,0.04424496102971812,0.34535721886495546,0.40854295382495465,0.2822988249024739,0.02440620197212649
evolving,mud,15dogs,99,0.06973333333333327,0.2055555555555555,0.00111111111111111,0.043434998200922795,0.569875273865756,0.7708270646243701,0.4480761199382621,0.05706453695837575,0.0488133333333333,0.14388888888888882,0.000777777777777775,0.030404498740645942,0.5871732750597789,0.8355957433311867,0.27618276036591005,0.11415576791574578,0.2990685941187225,0.4988780145893257,0.21755075523953854,0.046191451564852964,0.3463237742719773,0.4259356173254728,0.27919953643382245,0.02584642219516873
evolving,mud,15dogs,100,0.07152222222222217,0.20555555555555555,0.00222222222222222,0.04321555898981118,0.5682861223806197,0.7684442145489401,0.4583452646404247,0.054517893375480964,0.050065555555555495,0.14388888888888882,0.00155555555555555,0.03025089129286781,0.5876738292782402,0.8219113075009826,0.2859492348755996,0.10997620361022595,0.2972501454140021,0.4743222810066386,0.22006141619771338,0.04206175502656441,0.34673594312572265,0.41794908899133765,0.2800683120713986,0.024922177846986117
evolving,mud,20dogs,1,0.037716666666666634,0.1783333333333333,0.0,0.03988373512476749,0.6434869211014902,0.791442151035682,0.32416150652400255,0.0859673039117858,0.02640166666666663,0.12483333333333327,0.0,0.027918614587337222,0.48250048573814197,0.8656022710606713,0.15065261047390788,0.1509930682192931,0.5002126484820297,0.8219039904602139,0.12909733167376933,0.12524634564789888,0.3736020326207633,0.4740834433377195,0.30257286217952284,0.03481567651936481
evolving,mud,20dogs,2,0.03921666666666662,0.1783333333333333,0.0,0.04039847538514381,0.6355460015857287,0.7784800198776306,0.33162918315004497,0.09042265847883287,0.027451666666666614,0.12483333333333327,0.0,0.02827893276960063,0.48294583713543265,0.8377812648760088,0.15351092586981144,0.15239187170796958,0.470286630548938,0.7671297111342549,0.13594403270371963,0.12193956718003081,0.37490348390588857,0.4735115281729428,0.30193873760757994,0.03516969378111703
evolving,mud,20dogs,3,0.0438166666666666,0.19999999999999996,0.0,0.04412799288463297,0.6208665069940988,0.7901669543960337,0.317763662629939,0.1005183911276342,0.030671666666666614,0.13999999999999993,0.0,0.030889595019243044,0.4855949000462837,0.8375542882031717,0.14879751761097681,0.1498804222452424,0.4430256120210789,0.7368186549644797,0.1366964144554736,0.12443421363022693,0.37542726003134597,0.4766369341481343,0.3039490242773736,0.03511863636017715
evolving,mud,20dogs,4,0.051099999999999944,0.20833333333333331,0.0,0.04567877140359921,0.6015996142501623,0.7824691012878848,0.3042146083637613,0.11308321437317333,0.035769999999999955,0.14583333333333326,0.0,0.03197513998251943,0.4917217272680253,0.8172405749116903,0.16038081924687692,0.14701527304974485,0.41240354070770097,0.6850017389762465,0.12863616524730329,0.1301612981134322,0.37846206130286003,0.4731453001587883,0.30539974104046885,0.03542496337139405
evolving,mud,20dogs,5,0.05408333333333328,0.21666666666666665,0.0,0.048272437928677865,0.5774040808096051,0.779528200785897,0.2934600784101322,0.11733454441484055,0.037858333333333286,0.1516666666666666,0.0,0.03379070655007448,0.5040060576269318,0.8339942160806955,0.17864363144045353,0.14245610712455214,0.3761255276397473,0.6369707031133125,0.12420378617893599,0.12699876858754938,0.3817280740755614,0.4733773749041794,0.304786244536282,0.03646047533935145
evolving,mud,20dogs,6,0.05871666666666662,0.20999999999999996,0.0,0.04770417285035453,0.5566692727029832,0.7779260433454322,0.28615921835314234,0.12117216086772786,0.04110166666666661,0.14699999999999994,0.0,0.033392920995248154,0.5053168497877452,0.8201079822771643,0.17761282766130268,0.14090868153973063,0.35106226416734415,0.6307999640860459,0.12182208449909229,0.12777812359531934,0.38427322299940886,0.47768844414637524,0.3022494388338209,0.036374618517268295
evolving,mud,20dogs,7,0.06251666666666662,0.24666666666666665,0.0,0.05253862468574354,0.5369911742130496,0.7773789439139451,0.27653295957626467,0.11693645510363068,0.04376166666666663,0.17266666666666658,0.0,0.036777037280020464,0.5110436990437606,0.8261221381177866,0.19415221552918524,0.13366611972358042,0.3277747400483771,0.6006572080382717,0.11180108034350433,0.11785503309786256,0.3871425492617344,0.47724926873738865,0.3004193287612866,0.03669545466528372
evolving,mud,20dogs,8,0.06838333333333327,0.24166666666666664,0.0,0.052629556553237554,0.5201154598904079,0.7569319435687606,0.282665329102365,0.11423169199955423,0.047868333333333284,0.1691666666666666,0.0,0.03684068958726626,0.5209513833591336,0.8140290641217692,0.20067100083030645,0.1281485636211915,0.30986791285408044,0.5715567906655266,0.11658152803417572,0.11313756756089388,0.38881557884117235,0.4827989665309924,0.30323171769569585,0.03632621518670166
evolving,mud,20dogs,9,0.07418333333333327,0.2516666666666666,0.0,0.05651048887352186,0.5071299317483129,0.7363061560140192,0.2805475336562274,0.1088744844343513,0.05192833333333328,0.17616666666666658,0.0,0.0395573422114653,0.5245039303837161,0.8232316673251019,0.2063782245336546,0.12477869480484316,0.2968154837872701,0.5541067627955971,0.11395163327724163,0.10557911307963556,0.39084998682409033,0.47759922057378895,0.30606420669854156,0.03567592810346469
evolving,mud,20dogs,10,0.08091666666666661,0.2616666666666666,0.0,0.057700198998543714,0.4989326042297043,0.7433968434151138,0.2892260958281087,0.10647557360676166,0.056641666666666625,0.18316666666666662,0.0,0.04039013929898059,0.5320093641144568,0.8222202942259293,0.20825822786521964,0.1241781825024209,0.288172480919109,0.5540318978209171,0.11443434560837477,0.10035195702174016,0.38990920975956966,0.4771060163125765,0.3047928855957016,0.03494539119100133
evolving,mud,20dogs,11,0.08148333333333327,0.2733333333333333,0.0,0.056727481727643234,0.4941196924457575,0.7242592225997131,0.2809100310019763,0.10689949845524893,0.05703833333333328,0.1913333333333333,0.0,0.039709237209350254,0.5452792971254207,0.8215973840690568,0.2256006851876108,0.1219473754072196,0.2844454370959395,0.5387999816155313,0.11146987107648383,0.0982893139587085,0.39049367800174106,0.47034327982082075,0.30785754049147573,0.03435443531859246
evolving,mud,20dogs,12,0.08558333333333329,0.24,0.0016666666666666648,0.05481490222177472,0.49030084742328883,0.7292512685970937,0.2832297269261934,0.10240705540596229,0.059908333333333286,0.16799999999999993,0.001166666666666665,0.03837043155524229,0.5531162728678435,0.8287523652250404,0.2277691737773655,0.12146207955846719,0.2803296482985656,0.5198076106404995,0.11229713239468384,0.09206604686169634,0.3893635280312961,0.4752284102164121,0.3071144505790679,0.03395724354376078
evolving,mud,20dogs,13,0.08533333333333329,0.25166666666666665,0.0,0.05685859032025668,0.4880731822783222,0.7186610385203996,0.2859078811484399,0.09546565837481766,0.059733333333333284,0.1761666666666666,0.0,0.03980101322417967,0.552277922819062,0.8337251728073213,0.26256831894867994,0.11794065306162271,0.27721608501241773,0.5053999611631198,0.11546275726929449,0.08342004129995885,0.3886579263420161,0.472465068940091,0.3109115795160814,0.031990690303063896
evolving,mud,20dogs,14,0.08934999999999996,0.2633333333333333,0.0,0.05791990594829046,0.48459980343129566,0.7250277623973991,0.2989306735156083,0.09335018509321982,0.06254499999999993,0.1843333333333333,0.0,0.04054393416380331,0.5478770976562664,0.8278483399385166,0.2550428553249151,0.11799867188797504,0.27382792223069935,0.5087055558518353,0.12336529628421392,0.07903294265151047,0.3907726764459359,0.47077297609466856,0.3115835600714675,0.031287836083023934
evolving,mud,20dogs,15,0.08809999999999994,0.2833333333333333,0.0,0.058719507751008836,0.48078506579011826,0.712843423046885,0.30753663305008944,0.08965654710198244,0.06166999999999997,0.19833333333333328,0.0,0.04110365542570617,0.5538216674117188,0.8240886736608353,0.24449742772303806,0.11861753307534814,0.272577426504792,0.49989568936027473,0.1266252374422186,0.07503283615739739,0.39176238829512366,0.4735878640800529,0.3160395400940447,0.030938229927781908
evolving,mud,20dogs,16,0.08849999999999995,0.2716666666666666,0.0,0.05685368137856241,0.4784481980000943,0.7293275771345514,0.31408274596747826,0.08926322275391517,0.06194999999999995,0.1901666666666666,0.0,0.039797576964993656,0.5549194850294676,0.8395365246558374,0.2384965144048507,0.11931942457915001,0.27159158809620787,0.5257141717919999,0.16130112521431894,0.0735054489117665,0.3907417260185827,0.46749615996799215,0.3084340748338307,0.03023468381223211
evolving,mud,20dogs,17,0.09068333333333328,0.25999999999999995,0.0,0.05800532430487838,0.47447611145888063,0.7056855571388301,0.3229515540914362,0.08482134656109239,0.06347833333333328,0.18199999999999994,0.0,0.040603727013414845,0.5581519204405503,0.8447210201603393,0.24118311126834527,0.12116317793541889,0.2680288779761803,0.4906287699644084,0.16296386298205037,0.06702867967266556,0.39095191580056315,0.4676719510764369,0.31417989597015317,0.030194698805468555
evolving,mud,20dogs,18,0.09024999999999996,0.26166666666666666,0.0,0.05686825812117193,0.4768329500935996,0.70820128385361,0.32725563177102485,0.08436266278100826,0.06317499999999995,0.18316666666666662,0.0,0.039807780684820326,0.5558516317734119,0.8198718086814761,0.24770652603079996,0.12240032589555469,0.2713075156030956,0.5065492520102988,0.16188370045324302,0.069110382374549,0.39020410155683644,0.4691432543259698,0.31685428632566726,0.029547361672383653
evolving,mud,20dogs,19,0.09178333333333329,0.2733333333333333,0.0,0.0582461561844431,0.4739211683867053,0.7109705861190077,0.3200080437889061,0.08262273556711981,0.06424833333333327,0.1913333333333333,0.0,0.04077230932911014,0.5606642815833043,0.817887623433934,0.2461679732581934,0.11841113483320646,0.2678581293373642,0.5130487840991582,0.16539328375937626,0.0660306754354709,0.3917983155368092,0.4727435718103953,0.31812402265248724,0.02954457549027175
evolving,mud,20dogs,20,0.09313333333333329,0.26499999999999996,0.0016666666666666648,0.05723077012369583,0.46843324441778167,0.711663606077458,0.32632687804513744,0.0797408449820137,0.06519333333333328,0.18549999999999994,0.001166666666666665,0.04006153908658705,0.5615788157822246,0.8233442548482367,0.2634526927500448,0.1166393954735981,0.2656894102923482,0.5131731103177068,0.16867093999160485,0.06494812558453647,0.39139900471896955,0.4636778143753384,0.3194575418005289,0.02806409640228885
evolving,mud,20dogs,21,0.09244999999999995,0.25999999999999995,0.0,0.057726026468182236,0.46340934826468816,0.6914656557602445,0.3271096380155748,0.07681974175971468,0.06471499999999995,0.18199999999999994,0.0,0.04040821852772754,0.5613718578444236,0.829038423192906,0.25108081750837596,0.12086117679417314,0.2612946708492548,0.4834737272995352,0.16930507103921794,0.062398457050733845,0.3923316122987494,0.475232253681278,0.31773784821887857,0.02890646985196721
evolving,mud,20dogs,22,0.0931833333333333,0.2533333333333333,0.0,0.05858203720499348,0.4618210494366137,0.7200064027375467,0.32061809585235435,0.08185542336609994,0.06522833333333326,0.1773333333333333,0.0,0.04100742604349543,0.561930022221398,0.8375208991819847,0.24929425780804687,0.11881091167611198,0.2619801112800603,0.5110453490140162,0.168583653481403,0.0651399776235095,0.3909802936293311,0.46386020849452886,0.3193702597700121,0.027748483792494782
evolving,mud,20dogs,23,0.09408333333333327,0.26499999999999996,0.0016666666666666648,0.057922927064983754,0.4608364356555983,0.7074459515974736,0.32159702459057715,0.07640973563757954,0.06585833333333327,0.18549999999999994,0.001166666666666665,0.040546048945488605,0.5605881631090528,0.8317288472212425,0.23737052228917924,0.12023340386403425,0.2613254209078576,0.4997412903774018,0.16971612103758033,0.060844659213388795,0.39179083614249643,0.4741349863544661,0.3181640988301462,0.02837250912085934
evolving,mud,20dogs,24,0.09393333333333329,0.27499999999999997,0.0016666666666666648,0.0600179206793521,0.45726159429265956,0.6934565849088946,0.32903813698639817,0.07500235034504873,0.06575333333333329,0.19249999999999995,0.001166666666666665,0.04201254447554644,0.567513438134597,0.8441414927923658,0.21281717412305107,0.12059835308648321,0.2602693828234602,0.4863559711768846,0.16935067943330165,0.05961437150446145,0.3929252088127658,0.46727720191420624,0.3210645568586142,0.028162694161013392
evolving,mud,20dogs,25,0.0920833333333333,0.2716666666666666,0.0016666666666666648,0.0588147924175052,0.4581005667911853,0.7154839840504442,0.32611496912779736,0.07873096000156417,0.06445833333333328,0.19016666666666662,0.001166666666666665,0.04117035469225362,0.5724632451636316,0.8500703996367941,0.2597313081536753,0.12022460045072528,0.2615579075965115,0.5030448500052822,0.17057606006531095,0.06252572631688065,0.3923399050601487,0.4729101458060282,0.3156500121499751,0.028599515291858217
evolving,mud,20dogs,26,0.09154999999999995,0.27499999999999997,0.0,0.05815701337674843,0.456689606812765,0.6984126647185085,0.32508917238670776,0.07416530549289585,0.06408499999999996,0.19249999999999995,0.0,0.04070990936372388,0.5745199439367248,0.8466154292156715,0.2651409663614111,0.12029674539148241,0.2604744140709246,0.5053891752947559,0.1696842846744675,0.05795031733054742,0.39242610586664783,0.4688320997717385,0.3208147691815722,0.027747564221049292
evolving,mud,20dogs,27,0.09418333333333329,0.265,0.0,0.05806246508713333,0.4567315086937582,0.7103636230394523,0.33254485878369433,0.07502238993668311,0.0659283333333333,0.18549999999999994,0.0,0.04064372556099333,0.5765863943006634,0.8414629410205651,0.24828174864159597,0.12321652365861122,0.26338066025762064,0.5002538784802699,0.16906279364329557,0.05980929828996442,0.3918171051310348,0.47079432145859873,0.319795815802965,0.027992729893839448
evolving,mud,20dogs,28,0.09333333333333328,0.265,0.0,0.057403655227451854,0.45561008425735255,0.7080605409564313,0.3270438476166654,0.07327061029549857,0.06533333333333327,0.18549999999999994,0.0,0.040182558659216286,0.5778833054815966,0.861524628344015,0.25374213842226634,0.1254644685994431,0.26262843715095074,0.5043329801394318,0.17364243372422106,0.05721157389501895,0.3918454785355185,0.4705244705345349,0.3214522009393227,0.02825959735147971
evolving,mud,20dogs,29,0.09364999999999994,0.27499999999999997,0.0,0.06014107168561848,0.4561176914698836,0.7060264436197341,0.3260354079020194,0.07511706173979946,0.06555499999999995,0.19249999999999995,0.0,0.042098750179932934,0.5738035889811737,0.8455415345956405,0.2380975208013027,0.12681025634260917,0.26544252478718894,0.49203643784840356,0.17224453956421687,0.05932670148446394,0.3911111928325511,0.46754601632529835,0.3180266077217929,0.02771530862964871
evolving,mud,20dogs,30,0.09239999999999995,0.2583333333333333,0.0,0.05712316004995097,0.4545641638013308,0.7054945284532044,0.3276636532569521,0.07147526168334459,0.06467999999999995,0.1808333333333333,0.0,0.03998621203496567,0.5798703872835195,0.846160562765857,0.2306456453793991,0.12574926270158002,0.2639287522047313,0.49851357764501963,0.17537940994851348,0.05487019960037688,0.39100426120304105,0.4602970584532226,0.31853689034720956,0.027495456434830527
evolving,mud,20dogs,31,0.09243333333333328,0.27666666666666667,0.0016666666666666648,0.05959399882437312,0.45471980978007576,0.7160249597456178,0.32681814427953776,0.07414410465916872,0.06470333333333328,0.1936666666666666,0.001166666666666665,0.04171579917706117,0.5801346133581177,0.8495767048430197,0.22893483971161888,0.12702315395922165,0.2641734838713452,0.5072763140303544,0.17370721428590133,0.05508494282647826,0.39203458933515944,0.46117220752622384,0.32224278118400224,0.027420943485613462
evolving,mud,20dogs,32,0.0960166666666666,0.27999999999999997,0.0,0.05995711918018012,0.4528794525754417,0.6902407325645743,0.3358613015226152,0.06835876753771956,0.06721166666666661,0.19599999999999995,0.0,0.041969983426126053,0.583403856496692,0.8301457311698515,0.2663162876577069,0.1208502599932092,0.2623584178254835,0.4833469850985823,0.17693067660005696,0.04843985520491153,0.3911450414964973,0.4662426081761706,0.32283787166724387,0.027806961029833294
evolving,mud,20dogs,33,0.09673333333333327,0.2716666666666666,0.0,0.05950600287805915,0.452354803181234,0.6940325391383726,0.3300234087381873,0.06961221929333791,0.06771333333333328,0.19016666666666662,0.0,0.041654202014641394,0.5825459819392689,0.8307262387020495,0.27105305253041595,0.11761328534940434,0.2651854177009919,0.4962521148736913,0.1841043063534951,0.052191630014269005,0.3914185469305332,0.46100400244991435,0.32246123841260077,0.02674566865082939
evolving,mud,20dogs,34,0.09439999999999996,0.2766666666666666,0.0,0.058954725436366075,0.4552210097131552,0.7111286137101147,0.32956303112951574,0.07277527954392723,0.06607999999999994,0.1936666666666666,0.0,0.04126830780545623,0.5812668061893669,0.8407829098963097,0.28194745717592695,0.12066135132766549,0.2658814318365307,0.5122041192129642,0.184774827278766,0.055036589245527734,0.39025290594592416,0.46573514246210035,0.3151863096298908,0.027309847059705544
evolving,mud,20dogs,35,0.09078333333333329,0.26499999999999996,0.0,0.05833264242949108,0.4569599936581873,0.6991562900579634,0.3328461887977999,0.0710455831017014,0.06354833333333329,0.18549999999999994,0.0,0.04083284970064373,0.5809196730059486,0.8430777414077953,0.24715102207784945,0.12206453082774157,0.26685136937172815,0.5160528724560592,0.1850896035133988,0.05600014643729877,0.3907655647998246,0.46959180707163056,0.31176599952940476,0.028236311398409042
evolving,mud,20dogs,36,0.09246666666666663,0.26666666666666666,0.0,0.06001079902592234,0.46219281966992404,0.7240560632690509,0.33461990392004104,0.0766885395608388,0.06472666666666661,0.1866666666666666,0.0,0.0420075593181456,0.5803968656406172,0.8540393144042687,0.2376309474506772,0.12252920792596973,0.2702625788810652,0.5170417908179973,0.18546748391993123,0.059126246895501736,0.38919909319897095,0.4610742832072757,0.31407559408444985,0.028309598033082257
evolving,mud,20dogs,37,0.09551666666666661,0.2716666666666666,0.0,0.059189808685563026,0.4587898697830994,0.6969304766649199,0.3272840956297237,0.07236016133094561,0.06686166666666662,0.19016666666666662,0.0,0.04143286607989409,0.5810316573582428,0.8414244698082118,0.23587690715575485,0.12248559992330466,0.2658639682942107,0.5002342215430665,0.18511043804154506,0.051978413928321456,0.39084786739962596,0.4648610385766436,0.31825598345326717,0.028207271838168613
evolving,mud,20dogs,38,0.09229999999999997,0.29,0.0,0.05941458311968123,0.4595322762670405,0.705044542519724,0.32992605912560585,0.07240315849546781,0.06460999999999995,0.20299999999999993,0.0,0.04159020818377683,0.5739156021301213,0.8330117536108779,0.25664692988231097,0.12112640362192247,0.2677261175449537,0.5116914559157978,0.1872467075186936,0.05504363382875711,0.38966753852375957,0.468164991810556,0.31590752006266587,0.028172723822296068
evolving,mud,20dogs,39,0.09361666666666661,0.2783333333333333,0.0,0.061096608875858896,0.45945609532249776,0.716202510447048,0.3333503736616703,0.07440028993505705,0.06553166666666661,0.19483333333333328,0.0,0.04276762621310121,0.5756300316819141,0.8342538420391215,0.24838263134425437,0.12393463123316024,0.26726901929011043,0.5242576107326372,0.18471829679970592,0.05816627093870215,0.3904892189803131,0.4609548791756706,0.3169204795235703,0.02810303938504378
evolving,mud,20dogs,40,0.09406666666666662,0.26666666666666666,0.0,0.0589510883389429,0.46166597688802835,0.7093740562411588,0.33563225424458615,0.07104646401874704,0.06584666666666662,0.1866666666666666,0.0,0.04126576183726001,0.5785333411927259,0.8430901776272155,0.26360565922343143,0.12116173814640667,0.2687983935060972,0.5181800211171232,0.19015239959187438,0.05438904670630843,0.3892789976888496,0.45985485821368755,0.32170053924891856,0.027358032584385412
evolving,mud,20dogs,41,0.09444999999999995,0.2833333333333333,0.0016666666666666648,0.06057889883285764,0.4616882157225587,0.7126291551761558,0.3353226389119418,0.07174934389254797,0.06611499999999995,0.19833333333333325,0.001166666666666665,0.04240522918300034,0.5819803743152474,0.8448775165490645,0.24492863080540275,0.12501176341472703,0.2688090754622451,0.517345079313248,0.19190620187940316,0.05419433802322995,0.3885716443520849,0.46243296003875256,0.31429597216458816,0.027134068117389425
evolving,mud,20dogs,42,0.09563333333333326,0.2733333333333333,0.0016666666666666648,0.05885353525596766,0.45637462142939017,0.7027514275957943,0.32303063691478523,0.06806048582946858,0.06694333333333329,0.19133333333333327,0.001166666666666665,0.04119747467917734,0.5831652289334054,0.8383591844350763,0.26282445003983723,0.1223165798492299,0.2654613579639796,0.49778518403077826,0.18780127872612246,0.05029915820434573,0.38850693635450984,0.46246742655746037,0.317975924458762,0.027010262567989513
evolving,mud,20dogs,43,0.09418333333333327,0.26833333333333326,0.0,0.057923597280287176,0.45685176003171557,0.7001082379844915,0.33258239355623653,0.06761808428150418,0.06592833333333328,0.18783333333333327,0.0,0.04054651809620101,0.5844108935711735,0.835007152981684,0.22764305492199882,0.12694154759078194,0.26460487112153785,0.494554209736744,0.19074487202394114,0.049535281212343775,0.3889368095380936,0.4607225755935659,0.31966842215389907,0.027098702187732682
evolving,mud,20dogs,44,0.09421666666666662,0.26499999999999996,0.0,0.05814738788680859,0.4550357523327365,0.6895806865463551,0.33632974475515043,0.06633556939014937,0.0659516666666666,0.18549999999999994,0.0,0.04070317152076599,0.5866906715819216,0.8360807565033623,0.24470478809208557,0.12263379041033898,0.26421309204964244,0.4795813004226025,0.18849071518605903,0.04961852004533855,0.39118016509611236,0.46557880011883296,0.31675444951114523,0.02770890513308913
evolving,mud,20dogs,45,0.09459999999999993,0.2783333333333333,0.0,0.05938833861159811,0.45518429734427635,0.7082142458146811,0.3290752660952916,0.06799071081973532,0.06621999999999995,0.19483333333333328,0.0,0.041571837028118654,0.5857397717705806,0.8369007272323369,0.25488686818653183,0.12350229174540746,0.26461339798793115,0.5126292537047682,0.19050169500759592,0.051898737191694896,0.39133436853372283,0.47251616562145404,0.3215103022645062,0.027789945681593025
evolving,mud,20dogs,46,0.09486666666666663,0.2716666666666666,0.0,0.05872575053402388,0.45460014746866867,0.6861583949961889,0.3257120925175815,0.06320187415262991,0.06640666666666663,0.19016666666666662,0.0,0.0411080253738167,0.5872601171161043,0.8407102047060958,0.2520097421666359,0.1207114972801671,0.2638455294803653,0.4906246068288621,0.18840448648018474,0.047729373180739235,0.3893667527593748,0.4723288357442203,0.3218850840945204,0.027421714226178468
evolving,mud,20dogs,47,0.09498333333333328,0.2583333333333333,0.0,0.05905591419176444,0.45798099881731974,0.702004417511487,0.3306409323586209,0.06725071786848931,0.06648833333333329,0.18083333333333326,0.0,0.041339139934235096,0.5881860903950907,0.8382363925130184,0.25709955876508805,0.11738602562213396,0.2666677888369837,0.48435123404836816,0.19250835220205914,0.04950028323951196,0.39039118759308156,0.46349149586284905,0.32082753242621875,0.027746042788767605
evolving,mud,20dogs,48,0.09401666666666662,0.2633333333333333,0.0,0.059411624846197275,0.45820246033984696,0.6970960371020777,0.3311112775849022,0.0653827939988201,0.06581166666666663,0.1843333333333333,0.0,0.04158813739233809,0.5933554402811241,0.8511119866541732,0.24980460360567602,0.12279102735068129,0.26728787451778185,0.5164412289723527,0.1867634721446029,0.05332762874672686,0.38942128679367677,0.46224280779622484,0.31656268360218315,0.026942653064476747
evolving,mud,20dogs,49,0.09424999999999994,0.265,0.0,0.05796345979344895,0.45614825983366014,0.6877605407979079,0.3332012330540199,0.0652837069782557,0.06597499999999995,0.18549999999999994,0.0,0.040574421855414246,0.5974524537059913,0.8490054375706129,0.27592559456196025,0.12423517178195391,0.26571362473923876,0.4868234554781761,0.18787270712962567,0.05036589817106477,0.3891141618406429,0.4617745831759422,0.31923066390121513,0.02731462469771067
evolving,mud,20dogs,50,0.09269999999999996,0.26499999999999996,0.0,0.057841200407281426,0.4517226849114738,0.6944124205310024,0.3327302522192525,0.0643339652821238,0.06488999999999993,0.18549999999999994,0.0,0.04048884028509698,0.603704118678694,0.8460419423824751,0.26091347163008355,0.12061117179952241,0.26387375613222397,0.5021595722061837,0.1859614779689897,0.05054919103694131,0.3908430478775132,0.4638792807662896,0.3187907050381984,0.027113194917714627
evolving,mud,20dogs,51,0.09513333333333329,0.26666666666666666,0.0,0.05879144815291994,0.4505084454036751,0.6854671426976388,0.3297200863100215,0.06075294036411738,0.06659333333333328,0.1866666666666666,0.0,0.04115401370704395,0.6020695150112834,0.8545291287018,0.26946629487157575,0.12037842371303334,0.2618879563326248,0.4854468301125994,0.18881862493868123,0.046207025601159385,0.39101773000806056,0.4757526487547407,0.3163620469337481,0.027488791571941933
evolving,mud,20dogs,52,0.0963833333333333,0.2733333333333333,0.0016666666666666648,0.0597582214771045,0.4495110529121492,0.6954612631826662,0.3334795983359286,0.06005993005943187,0.06746833333333327,0.1913333333333333,0.001166666666666665,0.041830755033973134,0.595951782607098,0.8592334790728987,0.2674740958821729,0.12120859300161331,0.26202822513778956,0.4923546212017157,0.19119629115504883,0.04628723051004848,0.39102250647114206,0.4661894377858317,0.32456903091188427,0.026260092816521984
evolving,mud,20dogs,53,0.09289999999999995,0.25666666666666665,0.0016666666666666648,0.05817603819335014,0.4535877044108082,0.7051705670618712,0.3449813782413032,0.06348980886603131,0.06502999999999995,0.1796666666666666,0.001166666666666665,0.0407232267353451,0.5933270550159435,0.839992368546891,0.2745053951390555,0.11978448808566008,0.26311284718731354,0.5018609108800199,0.19634441813558595,0.04792372452018818,0.39023334265013065,0.46508485466962685,0.31769842904309364,0.02680213638670311
evolving,mud,20dogs,54,0.09603333333333328,0.29333333333333333,0.0033333333333333296,0.05956254918315499,0.45422964686385753,0.6948561754911395,0.3422472536622078,0.062411814926661244,0.06722333333333327,0.20533333333333328,0.00233333333333333,0.04169378442820849,0.5921708732018252,0.8492403341235635,0.26248915876110834,0.12249864403672257,0.2631613972071545,0.47453142119433833,0.19564626357862153,0.04771913395403689,0.38958633472392534,0.469242359087474,0.3174855656713541,0.027458819919993514
evolving,mud,20dogs,55,0.09723333333333328,0.2833333333333333,0.0016666666666666648,0.05887343163178742,0.4541282622385932,0.6946319124279992,0.35003980147724395,0.06000695940637785,0.06806333333333328,0.19833333333333328,0.001166666666666665,0.041211402142251184,0.5982439401742212,0.8388773351756518,0.2669859223693253,0.12008411051193672,0.2644858835332756,0.5163914750409184,0.19717799497660954,0.04829070839120235,0.38984530867276673,0.46364684410373264,0.31945138542351814,0.026122936357028077
evolving,mud,20dogs,56,0.09543333333333329,0.26666666666666666,0.0,0.05797704372200443,0.45421099414135996,0.6873747457722198,0.35010244140504637,0.05892757887888045,0.06680333333333327,0.1866666666666666,0.0,0.04058393060540308,0.5948430106844376,0.8406089171091032,0.2762510313773182,0.12012280314540599,0.2624681685130647,0.5024401989568744,0.1944283961272521,0.04542219719417545,0.3903137697080544,0.46768468988153716,0.3187582829193624,0.02655176106830908
evolving,mud,20dogs,57,0.09339999999999996,0.26999999999999996,0.0016666666666666648,0.05975933228220286,0.45472727779019256,0.6886652764491457,0.34789916504067664,0.06013607532159061,0.06537999999999995,0.18899999999999992,0.001166666666666665,0.041831532597541986,0.6052199353805532,0.8566952035232334,0.28525987897486654,0.11852986372300933,0.2631318110198521,0.5056840487901402,0.19754479857299215,0.046025318015898355,0.38995814189360817,0.46430265219732797,0.31787200709760016,0.026656683869479364
evolving,mud,20dogs,58,0.09638333333333327,0.2883333333333333,0.0,0.06056013807791797,0.45414465688039324,0.6815254461204157,0.34252417340817376,0.06192939846592145,0.0674683333333333,0.20183333333333325,0.0,0.04239209665454256,0.6095577468413244,0.8548532693700241,0.2840688496152701,0.11929467564272007,0.2625305217888337,0.48538389259666453,0.1990104653664712,0.04682294143537398,0.38980955866438904,0.4653191552951249,0.31757456213944596,0.027086279517851624
evolving,mud,20dogs,59,0.09343333333333328,0.25999999999999995,0.0016666666666666648,0.05804983658978209,0.4524488320833009,0.6870881142953218,0.34266284688814663,0.06107729507771424,0.06540333333333329,0.1819999999999999,0.001166666666666665,0.04063488561284744,0.6111708411068812,0.8600519948387619,0.28863056534447135,0.12047533611976861,0.2642448515810167,0.48234251364242364,0.1975776146505066,0.047906426297757806,0.38967834395227935,0.46362570616609966,0.3219382725927415,0.026700818302075602
evolving,mud,20dogs,60,0.09703333333333328,0.27999999999999997,0.0016666666666666648,0.060539333548013816,0.4542666705611884,0.7003181628466184,0.3464816701961815,0.06263478198164,0.06792333333333328,0.19599999999999992,0.001166666666666665,0.04237753348360964,0.6161586198377492,0.8598910088188159,0.28319122315148126,0.11520104260174477,0.2635769289997782,0.5121726932743884,0.19276191622632224,0.049758672599235616,0.38934319041813537,0.4623303234289045,0.3139753109237079,0.027323316050120026
evolving,mud,20dogs,61,0.09381666666666662,0.26999999999999996,0.0,0.05904681820448822,0.45533556107423767,0.6963023411596587,0.3483711433553958,0.06145565211503155,0.06567166666666661,0.18899999999999995,0.0,0.04133277274314172,0.6159219901284125,0.8623014523083702,0.29311141276055963,0.11672952010555449,0.26424936007667804,0.496927593625327,0.19815109722820312,0.04845631013604097,0.3900825983417088,0.46769450358107917,0.3197904716517527,0.026839859119604192
evolving,mud,20dogs,62,0.09359999999999995,0.2683333333333333,0.0,0.0587883209339136,0.45402186210098144,0.7029791196033438,0.34949156058024167,0.06044549533746888,0.06551999999999994,0.18783333333333327,0.0,0.0411518246537395,0.6139560103457703,0.8567630979554133,0.2976561633318708,0.11797314619355974,0.263662264124393,0.5273222296624472,0.19839243312994004,0.049615236545799614,0.39069067971130983,0.4588432788002451,0.3159166840875588,0.02680010238066661
evolving,mud,20dogs,63,0.09574999999999995,0.2866666666666666,0.0,0.06026274646934711,0.45321242485966884,0.6934937659323939,0.3466334711341942,0.06174167165535693,0.06702499999999995,0.2006666666666666,0.0,0.042183922528542944,0.6179903353649031,0.8731664316004535,0.2982969720643023,0.11676591490686913,0.26354283117937427,0.489732759086756,0.1941854125539704,0.04856887372290902,0.38963704166885293,0.46633135663815245,0.3239332888519021,0.026379138404941983
evolving,mud,20dogs,64,0.0965666666666666,0.28833333333333333,0.0,0.05915648248670456,0.4544441273126547,0.6934322689810266,0.3483060008986486,0.060752496815141964,0.06759666666666661,0.20183333333333325,0.0,0.041409537740693184,0.6186676941786995,0.8616555593116371,0.3212323257550618,0.11611363834937319,0.26236478228404997,0.5016582664435018,0.19757661962462625,0.046524846687438726,0.39053849189750095,0.4642327410362651,0.3198207622770244,0.027450980155761445
evolving,mud,20dogs,65,0.09499999999999995,0.2733333333333333,0.0,0.060007792354771806,0.45514903790503797,0.7006742566215259,0.3518696511898857,0.06217586997675856,0.06649999999999996,0.19133333333333327,0.0,0.04200545464834024,0.6159118227644812,0.8450463417809286,0.2869460793275998,0.11702939597561912,0.26239037369248563,0.5064972069579745,0.20156230187992197,0.04733990083451367,0.3897425220844514,0.470300060450596,0.31955963145169375,0.027048650459947515
evolving,mud,20dogs,66,0.09478333333333328,0.2816666666666666,0.0,0.058792277739240964,0.4541183746270397,0.6901926938340542,0.34095060107523356,0.06089384311301136,0.06634833333333327,0.19716666666666663,0.0,0.04115459441746865,0.6234809131907622,0.8552494344492526,0.29523637790096136,0.11859555063713775,0.26228438062034,0.4940605059886864,0.1986475033833016,0.04531574346659303,0.38963353373568693,0.4651128196312116,0.31892988406078493,0.026817200123132674
evolving,mud,20dogs,67,0.09591666666666662,0.26999999999999996,0.0,0.05874621019296359,0.4556471458722128,0.672096020392585,0.3485149235437348,0.059831477579492795,0.06714166666666663,0.18899999999999995,0.0,0.04112234713507449,0.6165536353728854,0.8573791871785079,0.2946689391469214,0.11700407171498113,0.26285823965368665,0.4771393935685991,0.1975417198451761,0.044893992163526186,0.38923776123831866,0.4665090004791471,0.32486915298152735,0.026523265372645387
evolving,mud,20dogs,68,0.09674999999999996,0.26666666666666666,0.0,0.06038107742188038,0.4550083705508959,0.6691338564247867,0.3456878424974665,0.05763993680182764,0.06772499999999995,0.18666666666666662,0.0,0.042266754195316246,0.6196770713567922,0.847000327336574,0.30845566016143505,0.11456186758517317,0.26235575675125034,0.45474363185481226,0.19713730091378007,0.04160827359146738,0.3890805913334617,0.46663291477601093,0.3252855773725889,0.026635018364458928
evolving,mud,20dogs,69,0.09424999999999994,0.26666666666666666,0.0016666666666666648,0.059336555728917925,0.45677750230410946,0.6840775190547631,0.3511324372477314,0.06178128223842322,0.06597499999999995,0.1866666666666666,0.001166666666666665,0.04153558901024253,0.6196455311019557,0.8407234080160648,0.2681020880652739,0.11489924498789968,0.2642574260584288,0.485089559688593,0.19868382513272206,0.047737898131719,0.3892488772681082,0.4639953305119372,0.3179750240284202,0.027786924478357632
evolving,mud,20dogs,70,0.09401666666666661,0.26999999999999996,0.0016666666666666648,0.05737652517945531,0.4555374498842486,0.6910444178529098,0.35503538213026464,0.05910056322552616,0.06581166666666662,0.18899999999999995,0.001166666666666665,0.04016356762561871,0.6171745893396222,0.8477688629159061,0.28092225735491144,0.11732253768001136,0.2641534743867023,0.4947921073994042,0.1998428652647552,0.04651247266876368,0.39011815360488605,0.4577729905536917,0.3266702049283507,0.026265313656823698
evolving,mud,20dogs,71,0.09533333333333327,0.2533333333333333,0.0016666666666666648,0.0575056373533809,0.4530602888106384,0.6886750848117184,0.35240789194169375,0.05822337811220903,0.06673333333333328,0.1773333333333333,0.001166666666666665,0.040253946147366604,0.6209182723043525,0.8471968144577762,0.30342328833913956,0.11497241434560945,0.26260954316564933,0.4942318705650376,0.19908456265741872,0.04451780833965656,0.38949525737709345,0.46406467748611363,0.3177607476500534,0.026615665990624128
evolving,mud,20dogs,72,0.09883333333333329,0.285,0.0016666666666666648,0.06012541972081063,0.4534315767252991,0.6798124904798877,0.3468822225601775,0.05607157341672895,0.06918333333333329,0.19949999999999996,0.001166666666666665,0.042087793804567425,0.6198098099112054,0.8426479669408558,0.2947541346828924,0.1160028484123482,0.2608172276866105,0.466819430294623,0.20012200790502538,0.040412607155679486,0.3902848635151269,0.4649919044445946,0.31772102204537,0.026057819122938364
evolving,mud,20dogs,73,0.09561666666666661,0.27499999999999997,0.0,0.059779278249831494,0.45300262959770177,0.6786615539221804,0.3483922403691383,0.05558619798727012,0.06693166666666663,0.19249999999999995,0.0,0.04184549477488202,0.6219229037310052,0.8481422986352882,0.3180500381606605,0.11594133097749468,0.2614892570972548,0.4733558105375866,0.200980528664156,0.04070267307918364,0.39016867475325706,0.46001828764861513,0.3233548417633224,0.026229904359331695
evolving,mud,20dogs,74,0.09299999999999994,0.26999999999999996,0.0,0.05880122368172184,0.45327924639270617,0.6797006361812403,0.3468958851161679,0.0588824212271807,0.06509999999999996,0.18899999999999995,0.0,0.041160856577205265,0.6198145943994405,0.8632671304998836,0.30770183674241913,0.1217658212018982,0.26291371069245256,0.4827972097135354,0.1970904868301445,0.044103735954267906,0.39018267155055797,0.45817006814582406,0.32017274510893473,0.025820466173880875
evolving,mud,20dogs,75,0.09521666666666663,0.2733333333333333,0.0016666666666666648,0.05974253085097242,0.4538108484735677,0.6653666324872117,0.3500871732784258,0.056086238126865993,0.06665166666666661,0.1913333333333333,0.001166666666666665,0.041819771595680684,0.6174451424861929,0.8562245072000911,0.2838476749309593,0.11902807900794717,0.2621172512996458,0.46822006086427886,0.19947844922114893,0.04219155598126501,0.3901647751384574,0.4635505620479788,0.32614505976736996,0.026107031819313554
evolving,mud,20dogs,76,0.09591666666666661,0.2866666666666666,0.0016666666666666648,0.05899434521557791,0.4541825666071876,0.6731854010723815,0.3496351047443673,0.057301502058365275,0.06714166666666661,0.2006666666666666,0.001166666666666665,0.04129604165090453,0.6182891666788414,0.860953520980277,0.2973407621896845,0.11669440381357257,0.26210897773874936,0.4695395171342841,0.1973189977426692,0.042938674915889805,0.38993710813747334,0.46007645464696456,0.3201405221263699,0.026777195401395587
evolving,mud,20dogs,77,0.09483333333333328,0.2716666666666666,0.0,0.05969992876149719,0.45601739533365687,0.7031832820738806,0.3446627561180617,0.06282553732106441,0.0663833333333333,0.1901666666666666,0.0,0.04178995013304802,0.614702453161083,0.8477637226308372,0.27964609449389505,0.11881853167525354,0.2642765305132896,0.4849883322938271,0.20004286791649184,0.048323674012359506,0.3898365411635468,0.46463237401735447,0.3142741380998351,0.027505760597286204
evolving,mud,20dogs,78,0.09533333333333328,0.2866666666666666,0.0,0.059742744514666435,0.4539660391262331,0.6888309948408411,0.3432758477777341,0.06047588854529991,0.06673333333333328,0.2006666666666666,0.0,0.04181992116026649,0.6170926738250393,0.843672372139352,0.2564295309439571,0.11521950894908442,0.2624950175575421,0.49025341753669893,0.19496288243368334,0.04560399668302329,0.3900069656695876,0.4621068679531827,0.3259053146626867,0.026037414625987066
evolving,mud,20dogs,79,0.09588333333333328,0.2633333333333333,0.0,0.05793172679612139,0.4559223396642623,0.692663375275706,0.34983999519947584,0.0608095275383421,0.06711833333333328,0.1843333333333333,0.0,0.04055220875728495,0.6163372143982011,0.8579628112224207,0.2693588615453121,0.11436903098149909,0.2636734398818331,0.48843696746487175,0.19567016281458255,0.0470830222058792,0.39022145503874256,0.4720629085066975,0.32191022721450874,0.026911361127495564
evolving,mud,20dogs,80,0.09466666666666662,0.26666666666666666,0.0,0.059617844617089855,0.4538598264856949,0.689623267137956,0.34215225444070707,0.0580202618856281,0.06626666666666661,0.1866666666666666,0.0,0.04173249123196289,0.6188661029575424,0.859550861370723,0.27687192431909124,0.11118139889811218,0.2624975955494841,0.47969637194661285,0.20275184347382114,0.04227664997176336,0.39009746537624995,0.4654558088515716,0.32547451326314975,0.026132114916744376
evolving,mud,20dogs,81,0.09493333333333329,0.2716666666666666,0.0,0.05904822966376013,0.45398782580037267,0.6868986550971469,0.3523752887816068,0.061114283575287046,0.06645333333333328,0.19016666666666662,0.0,0.04133376076463208,0.621401553823299,0.8541549745308175,0.33659338602680167,0.11193754161947071,0.26340726848239976,0.5058511907551887,0.19846666279463637,0.04879909549491235,0.38974071293177964,0.4583345583653859,0.3173411584782725,0.0264186349240145
evolving,mud,20dogs,82,0.0942333333333333,0.26999999999999996,0.0,0.05951308827850897,0.45303610949356965,0.7157997534523715,0.349919685377001,0.06312464338663401,0.06596333333333329,0.18899999999999995,0.0,0.04165916179495626,0.6184560371605888,0.8681328262451732,0.2943181018412316,0.11722922730032748,0.2633645062335592,0.523293896918094,0.19891395924058436,0.050699676156684914,0.3897335939477428,0.46291228038547005,0.31282936139278494,0.026674322074901002
evolving,mud,20dogs,83,0.09553333333333328,0.26999999999999996,0.0,0.05838567217832678,0.4502860108667739,0.688317730974751,0.3482454627763186,0.05793734134826336,0.06687333333333328,0.18899999999999995,0.0,0.04086997052482873,0.6217601854442455,0.8645366819184213,0.3093896455843985,0.11427990513552136,0.2607593977934004,0.4819970533193071,0.19517154395318465,0.0445453297037287,0.39117304812596904,0.46227569338094343,0.3263989696196654,0.026319046432641165
evolving,mud,20dogs,84,0.09438333333333328,0.2683333333333333,0.0,0.05949092391921816,0.4529360840250849,0.6933199051205966,0.3456629538322769,0.059918172705085426,0.0660683333333333,0.18783333333333327,0.0,0.04164364674345269,0.6186566394524486,0.8604576310353085,0.29368500829733013,0.11766032363200829,0.2631257577062147,0.5036703182078927,0.19856080914196042,0.04669758337478967,0.39033329354272783,0.4653714399354529,0.31760236963485616,0.027011285561492782
evolving,mud,20dogs,85,0.0943833333333333,0.29,0.0016666666666666648,0.06014857912700705,0.4531261460169647,0.699977813077491,0.35377845615339987,0.06017381019217046,0.0660683333333333,0.20299999999999993,0.001166666666666665,0.04210400538890491,0.618522650824078,0.8544375457328209,0.28012729998052216,0.1188556530324045,0.2630519673281678,0.5044321659061659,0.19591033144104797,0.0481600774293366,0.39080493462157,0.470086808831388,0.32001836462354405,0.027238896680825332
evolving,mud,20dogs,86,0.09603333333333328,0.26999999999999996,0.0,0.05881782178701217,0.45144762399376626,0.707818417586846,0.34895057883431313,0.0594802354133878,0.06722333333333326,0.18899999999999992,0.0,0.04117247525090846,0.6169540648138447,0.8594861493862889,0.2435033828957017,0.12260964500263269,0.2621682088938836,0.49027956851359383,0.19702701008672116,0.046038170855381914,0.3903694676735644,0.46835417982687816,0.3171835424527345,0.027375696236412533
evolving,mud,20dogs,87,0.09626666666666663,0.2816666666666666,0.0,0.060432988948395626,0.45424114517323994,0.6904576586475563,0.3495335337911984,0.058551313046603506,0.06738666666666662,0.19716666666666663,0.0,0.04230309226387693,0.6135920841193745,0.8576352456067531,0.2738104743885203,0.1198230381054057,0.26255521274933097,0.4895785561834044,0.19713438594507662,0.04561550403598194,0.38993122038210315,0.46098312718317896,0.320442671853096,0.025917360661569605
evolving,mud,20dogs,88,0.09531666666666662,0.275,0.0016666666666666648,0.05918196836739005,0.4544989344438396,0.7069691454032474,0.3489980377474816,0.062280315943589314,0.06672166666666662,0.19249999999999995,0.001166666666666665,0.04142737785717304,0.610321895294471,0.8520381649628626,0.2738431521605429,0.12340423896149222,0.2625687763973711,0.5012646470724722,0.1963306453924744,0.0480363250749261,0.39028999494535466,0.4712421124498877,0.3215311942086523,0.02707838613749387
evolving,mud,20dogs,89,0.09583333333333328,0.2783333333333333,0.0,0.06023321408209185,0.44994042064191586,0.6541265165965031,0.3507833887085531,0.05545753695280944,0.06708333333333329,0.19483333333333328,0.0,0.04216324985746428,0.6094858159880909,0.8475987883626394,0.29955830707864123,0.11619211724487366,0.2598665090210846,0.44473398872990816,0.1958443121867644,0.04109884351311549,0.3905805030770747,0.46183413849017396,0.32192070714278004,0.025923354005935227
evolving,mud,20dogs,90,0.09689999999999996,0.26999999999999996,0.0,0.06008924743587981,0.4524685998191266,0.7010884828738871,0.34754026066502675,0.058778026862659837,0.06782999999999995,0.18899999999999992,0.0,0.042062473205115844,0.6101897289262194,0.8604376749622549,0.25490336237643824,0.11960766439294288,0.2617270534227708,0.5071275571284326,0.19883142038281337,0.04597011874015608,0.3895074953371245,0.4716693244019976,0.32000544744803056,0.026993187495155647
evolving,mud,20dogs,91,0.09221666666666661,0.27999999999999997,0.0,0.05878374699198367,0.4527728684595097,0.6945636215434637,0.3519523609078826,0.058247560093783166,0.06455166666666662,0.19599999999999995,0.0,0.04114862289438854,0.6176225789144538,0.86035344929688,0.270831510199776,0.11869961998174286,0.26295783871466055,0.507933999658914,0.2007881108739634,0.045638228531046765,0.3902558317075252,0.4653605775041042,0.32011097885092266,0.02704035587386277
evolving,mud,20dogs,92,0.09563333333333328,0.26999999999999996,0.0,0.05854263537218437,0.4534562692591958,0.6928687481011717,0.352631440686081,0.057194405196785446,0.06694333333333329,0.18899999999999995,0.0,0.040979844760529065,0.6200455226112747,0.8682003532124055,0.26926378287622893,0.1196517194870742,0.262957221079499,0.5208434868912895,0.19917065057617772,0.04614368476624155,0.3904783802699915,0.45782663208585417,0.3193765715495214,0.02594834944016347
evolving,mud,20dogs,93,0.09559999999999995,0.25666666666666665,0.0,0.057820429613687906,0.45126541190487546,0.6887161070715194,0.35211726138681754,0.05788303019252541,0.06691999999999995,0.17966666666666659,0.0,0.04047430072958151,0.6184963164168608,0.8639539679134259,0.28673088676322,0.12023744845456182,0.2605040229094261,0.4793641931384582,0.195132488080694,0.043855360400783666,0.39070618870934964,0.4620789456617498,0.3212975464532355,0.026496696143858706
evolving,mud,20dogs,94,0.09424999999999996,0.2716666666666666,0.0,0.05864081151391008,0.45306380773555227,0.6751087756691228,0.3481585111745419,0.05798168889383289,0.06597499999999995,0.19016666666666662,0.0,0.04104856805973703,0.6242379992708134,0.868163077887063,0.33270485821182405,0.11584923347531048,0.26217155612108334,0.4596430724375639,0.1995669602362836,0.04435374150603969,0.39087126420160734,0.461756287804609,0.32253734567851056,0.02621977000750137
evolving,mud,20dogs,95,0.09594999999999995,0.2833333333333333,0.0,0.06025952014290218,0.4498250900916183,0.668536713507293,0.3471462522515148,0.05539306099995729,0.06716499999999995,0.19833333333333328,0.0,0.042181664100031505,0.6303836811744774,0.8692576572139789,0.31382594152020493,0.11597719371838015,0.26035825489134445,0.4795137598955702,0.1986659710818695,0.041958680608900026,0.38999940560903457,0.46380655004085475,0.3230353857551759,0.02649333870710894
evolving,mud,20dogs,96,0.0950666666666666,0.2716666666666666,0.0,0.0593146872382163,0.4512507265094726,0.6835567340820617,0.3464815725167233,0.05881416393933183,0.06654666666666662,0.1901666666666666,0.0,0.04152028106675141,0.6331294095546219,0.862491429983591,0.3085569846502739,0.11699085647265398,0.26105770633118996,0.4965375812935397,0.19740044016734531,0.044360543784854496,0.39086151186071316,0.4671922290751713,0.326766227459676,0.026719566541307183
evolving,mud,20dogs,97,0.0950666666666666,0.25999999999999995,0.0,0.059268721056281296,0.4537009401413575,0.6888412313853575,0.34895291436999687,0.057864664131817276,0.06654666666666662,0.18199999999999994,0.0,0.04148810473939689,0.6336902644176897,0.8666482932388027,0.3207323908186846,0.11454325521137396,0.26194620378257555,0.4603765571145389,0.20091219276261993,0.04290409748731537,0.39106219756397065,0.4708287987996969,0.3242150961052075,0.026920872676551806
evolving,mud,20dogs,98,0.09666666666666661,0.295,0.0033333333333333296,0.05861006867472932,0.45238163878745075,0.6723100990073554,0.3554497437620251,0.05653816801877607,0.06766666666666661,0.20649999999999996,0.00233333333333333,0.04102704807231052,0.6340122049463819,0.855695039079665,0.33637471426214804,0.11269828428414015,0.261292513289641,0.4737838274280005,0.19615432498844007,0.04448052764661199,0.3894825685103757,0.46714278298422396,0.32292829404333623,0.025855109174475956
evolving,mud,20dogs,99,0.09564999999999994,0.2683333333333333,0.0016666666666666648,0.05891705830028247,0.45340883214523464,0.6940342512604212,0.34785346086592805,0.05680985317873399,0.06695499999999996,0.18783333333333327,0.001166666666666665,0.0412419408101977,0.6254874053816899,0.8619813173617814,0.3037920142156193,0.11681610017297954,0.2617854083744547,0.4805123361515825,0.1978499041762827,0.04300194881139449,0.39016357720662065,0.4692053992963053,0.3231800115948802,0.026301867233376935
evolving,mud,20dogs,100,0.09498333333333328,0.2516666666666666,0.0,0.05748124817869129,0.451158204383914,0.6927272161910155,0.3513084205889998,0.05786384040841027,0.06648833333333329,0.1761666666666666,0.0,0.04023687372508388,0.626776838389239,0.8583320652050295,0.3024117238875144,0.11342016731157048,0.2609314443659149,0.49158382169589043,0.1974490561770894,0.04403144404542762,0.38991388122815135,0.4685824409090734,0.31920581776043205,0.027165970752894907
